                                      1 ;--------------------------------------------------------
                                      2 ; File Created by SDCC : free open source ISO C Compiler
                                      3 ; Version 4.5.1 #15267 (MINGW64)
                                      4 ;--------------------------------------------------------
                                      5 	.module boss_song
                                      6 	
                                      7 ;--------------------------------------------------------
                                      8 ; Public variables in this module
                                      9 ;--------------------------------------------------------
                                     10 	.globl _boss_theme
                                     11 ;--------------------------------------------------------
                                     12 ; special function registers
                                     13 ;--------------------------------------------------------
                                     14 	.area _HRAM
                                     15 ;--------------------------------------------------------
                                     16 ; ram data
                                     17 ;--------------------------------------------------------
                                     18 	.area _DATA
                                     19 ;--------------------------------------------------------
                                     20 ; ram data
                                     21 ;--------------------------------------------------------
                                     22 	.area _INITIALIZED
                                     23 ;--------------------------------------------------------
                                     24 ; absolute external ram data
                                     25 ;--------------------------------------------------------
                                     26 	.area _DABS (ABS)
                                     27 ;--------------------------------------------------------
                                     28 ; global & static initialisations
                                     29 ;--------------------------------------------------------
                                     30 	.area _HOME
                                     31 	.area _GSINIT
                                     32 	.area _GSFINAL
                                     33 	.area _GSINIT
                                     34 ;--------------------------------------------------------
                                     35 ; Home
                                     36 ;--------------------------------------------------------
                                     37 	.area _HOME
                                     38 	.area _HOME
                                     39 ;--------------------------------------------------------
                                     40 ; code
                                     41 ;--------------------------------------------------------
                                     42 	.area _CODE_4
                                     43 	.area _CODE_4
    00000000                         44 _order_cnt:
    00000000 34                      45 	.db #0x34	; 52	'4'
    00000001                         46 _P0:
    00000001 1D                      47 	.db #0x1d	; 29
    00000002 10                      48 	.db #0x10	; 16
    00000003 00                      49 	.db #0x00	; 0
    00000004 5A                      50 	.db #0x5a	; 90	'Z'
    00000005 00                      51 	.db #0x00	; 0
    00000006 00                      52 	.db #0x00	; 0
    00000007 18                      53 	.db #0x18	; 24
    00000008 10                      54 	.db #0x10	; 16
    00000009 00                      55 	.db #0x00	; 0
    0000000A 5A                      56 	.db #0x5a	; 90	'Z'
    0000000B 00                      57 	.db #0x00	; 0
    0000000C 00                      58 	.db #0x00	; 0
    0000000D 14                      59 	.db #0x14	; 20
    0000000E 10                      60 	.db #0x10	; 16
    0000000F 00                      61 	.db #0x00	; 0
    00000010 5A                      62 	.db #0x5a	; 90	'Z'
    00000011 00                      63 	.db #0x00	; 0
    00000012 00                      64 	.db #0x00	; 0
    00000013 11                      65 	.db #0x11	; 17
    00000014 10                      66 	.db #0x10	; 16
    00000015 00                      67 	.db #0x00	; 0
    00000016 5A                      68 	.db #0x5a	; 90	'Z'
    00000017 00                      69 	.db #0x00	; 0
    00000018 00                      70 	.db #0x00	; 0
    00000019 18                      71 	.db #0x18	; 24
    0000001A 10                      72 	.db #0x10	; 16
    0000001B 00                      73 	.db #0x00	; 0
    0000001C 5A                      74 	.db #0x5a	; 90	'Z'
    0000001D 00                      75 	.db #0x00	; 0
    0000001E 00                      76 	.db #0x00	; 0
    0000001F 14                      77 	.db #0x14	; 20
    00000020 10                      78 	.db #0x10	; 16
    00000021 00                      79 	.db #0x00	; 0
    00000022 5A                      80 	.db #0x5a	; 90	'Z'
    00000023 00                      81 	.db #0x00	; 0
    00000024 00                      82 	.db #0x00	; 0
    00000025 11                      83 	.db #0x11	; 17
    00000026 10                      84 	.db #0x10	; 16
    00000027 00                      85 	.db #0x00	; 0
    00000028 5A                      86 	.db #0x5a	; 90	'Z'
    00000029 00                      87 	.db #0x00	; 0
    0000002A 00                      88 	.db #0x00	; 0
    0000002B 0C                      89 	.db #0x0c	; 12
    0000002C 10                      90 	.db #0x10	; 16
    0000002D 00                      91 	.db #0x00	; 0
    0000002E 5A                      92 	.db #0x5a	; 90	'Z'
    0000002F 00                      93 	.db #0x00	; 0
    00000030 00                      94 	.db #0x00	; 0
    00000031 1D                      95 	.db #0x1d	; 29
    00000032 10                      96 	.db #0x10	; 16
    00000033 00                      97 	.db #0x00	; 0
    00000034 5A                      98 	.db #0x5a	; 90	'Z'
    00000035 00                      99 	.db #0x00	; 0
    00000036 00                     100 	.db #0x00	; 0
    00000037 18                     101 	.db #0x18	; 24
    00000038 10                     102 	.db #0x10	; 16
    00000039 00                     103 	.db #0x00	; 0
    0000003A 5A                     104 	.db #0x5a	; 90	'Z'
    0000003B 00                     105 	.db #0x00	; 0
    0000003C 00                     106 	.db #0x00	; 0
    0000003D 14                     107 	.db #0x14	; 20
    0000003E 10                     108 	.db #0x10	; 16
    0000003F 00                     109 	.db #0x00	; 0
    00000040 5A                     110 	.db #0x5a	; 90	'Z'
    00000041 00                     111 	.db #0x00	; 0
    00000042 00                     112 	.db #0x00	; 0
    00000043 11                     113 	.db #0x11	; 17
    00000044 10                     114 	.db #0x10	; 16
    00000045 00                     115 	.db #0x00	; 0
    00000046 5A                     116 	.db #0x5a	; 90	'Z'
    00000047 00                     117 	.db #0x00	; 0
    00000048 00                     118 	.db #0x00	; 0
    00000049 18                     119 	.db #0x18	; 24
    0000004A 10                     120 	.db #0x10	; 16
    0000004B 00                     121 	.db #0x00	; 0
    0000004C 5A                     122 	.db #0x5a	; 90	'Z'
    0000004D 00                     123 	.db #0x00	; 0
    0000004E 00                     124 	.db #0x00	; 0
    0000004F 14                     125 	.db #0x14	; 20
    00000050 10                     126 	.db #0x10	; 16
    00000051 00                     127 	.db #0x00	; 0
    00000052 5A                     128 	.db #0x5a	; 90	'Z'
    00000053 00                     129 	.db #0x00	; 0
    00000054 00                     130 	.db #0x00	; 0
    00000055 11                     131 	.db #0x11	; 17
    00000056 10                     132 	.db #0x10	; 16
    00000057 00                     133 	.db #0x00	; 0
    00000058 5A                     134 	.db #0x5a	; 90	'Z'
    00000059 00                     135 	.db #0x00	; 0
    0000005A 00                     136 	.db #0x00	; 0
    0000005B 0C                     137 	.db #0x0c	; 12
    0000005C 10                     138 	.db #0x10	; 16
    0000005D 00                     139 	.db #0x00	; 0
    0000005E 5A                     140 	.db #0x5a	; 90	'Z'
    0000005F 00                     141 	.db #0x00	; 0
    00000060 00                     142 	.db #0x00	; 0
    00000061 18                     143 	.db #0x18	; 24
    00000062 10                     144 	.db #0x10	; 16
    00000063 00                     145 	.db #0x00	; 0
    00000064 5A                     146 	.db #0x5a	; 90	'Z'
    00000065 00                     147 	.db #0x00	; 0
    00000066 00                     148 	.db #0x00	; 0
    00000067 13                     149 	.db #0x13	; 19
    00000068 10                     150 	.db #0x10	; 16
    00000069 00                     151 	.db #0x00	; 0
    0000006A 5A                     152 	.db #0x5a	; 90	'Z'
    0000006B 00                     153 	.db #0x00	; 0
    0000006C 00                     154 	.db #0x00	; 0
    0000006D 0F                     155 	.db #0x0f	; 15
    0000006E 10                     156 	.db #0x10	; 16
    0000006F 00                     157 	.db #0x00	; 0
    00000070 5A                     158 	.db #0x5a	; 90	'Z'
    00000071 00                     159 	.db #0x00	; 0
    00000072 00                     160 	.db #0x00	; 0
    00000073 0C                     161 	.db #0x0c	; 12
    00000074 10                     162 	.db #0x10	; 16
    00000075 00                     163 	.db #0x00	; 0
    00000076 5A                     164 	.db #0x5a	; 90	'Z'
    00000077 00                     165 	.db #0x00	; 0
    00000078 00                     166 	.db #0x00	; 0
    00000079 13                     167 	.db #0x13	; 19
    0000007A 10                     168 	.db #0x10	; 16
    0000007B 00                     169 	.db #0x00	; 0
    0000007C 5A                     170 	.db #0x5a	; 90	'Z'
    0000007D 00                     171 	.db #0x00	; 0
    0000007E 00                     172 	.db #0x00	; 0
    0000007F 0F                     173 	.db #0x0f	; 15
    00000080 10                     174 	.db #0x10	; 16
    00000081 00                     175 	.db #0x00	; 0
    00000082 5A                     176 	.db #0x5a	; 90	'Z'
    00000083 00                     177 	.db #0x00	; 0
    00000084 00                     178 	.db #0x00	; 0
    00000085 0C                     179 	.db #0x0c	; 12
    00000086 10                     180 	.db #0x10	; 16
    00000087 00                     181 	.db #0x00	; 0
    00000088 5A                     182 	.db #0x5a	; 90	'Z'
    00000089 00                     183 	.db #0x00	; 0
    0000008A 00                     184 	.db #0x00	; 0
    0000008B 07                     185 	.db #0x07	; 7
    0000008C 10                     186 	.db #0x10	; 16
    0000008D 00                     187 	.db #0x00	; 0
    0000008E 5A                     188 	.db #0x5a	; 90	'Z'
    0000008F 00                     189 	.db #0x00	; 0
    00000090 00                     190 	.db #0x00	; 0
    00000091 18                     191 	.db #0x18	; 24
    00000092 10                     192 	.db #0x10	; 16
    00000093 00                     193 	.db #0x00	; 0
    00000094 5A                     194 	.db #0x5a	; 90	'Z'
    00000095 00                     195 	.db #0x00	; 0
    00000096 00                     196 	.db #0x00	; 0
    00000097 13                     197 	.db #0x13	; 19
    00000098 10                     198 	.db #0x10	; 16
    00000099 00                     199 	.db #0x00	; 0
    0000009A 5A                     200 	.db #0x5a	; 90	'Z'
    0000009B 00                     201 	.db #0x00	; 0
    0000009C 00                     202 	.db #0x00	; 0
    0000009D 0F                     203 	.db #0x0f	; 15
    0000009E 10                     204 	.db #0x10	; 16
    0000009F 00                     205 	.db #0x00	; 0
    000000A0 5A                     206 	.db #0x5a	; 90	'Z'
    000000A1 00                     207 	.db #0x00	; 0
    000000A2 00                     208 	.db #0x00	; 0
    000000A3 0C                     209 	.db #0x0c	; 12
    000000A4 10                     210 	.db #0x10	; 16
    000000A5 00                     211 	.db #0x00	; 0
    000000A6 5A                     212 	.db #0x5a	; 90	'Z'
    000000A7 00                     213 	.db #0x00	; 0
    000000A8 00                     214 	.db #0x00	; 0
    000000A9 13                     215 	.db #0x13	; 19
    000000AA 10                     216 	.db #0x10	; 16
    000000AB 00                     217 	.db #0x00	; 0
    000000AC 5A                     218 	.db #0x5a	; 90	'Z'
    000000AD 00                     219 	.db #0x00	; 0
    000000AE 00                     220 	.db #0x00	; 0
    000000AF 0F                     221 	.db #0x0f	; 15
    000000B0 10                     222 	.db #0x10	; 16
    000000B1 00                     223 	.db #0x00	; 0
    000000B2 5A                     224 	.db #0x5a	; 90	'Z'
    000000B3 00                     225 	.db #0x00	; 0
    000000B4 00                     226 	.db #0x00	; 0
    000000B5 0C                     227 	.db #0x0c	; 12
    000000B6 10                     228 	.db #0x10	; 16
    000000B7 00                     229 	.db #0x00	; 0
    000000B8 5A                     230 	.db #0x5a	; 90	'Z'
    000000B9 00                     231 	.db #0x00	; 0
    000000BA 00                     232 	.db #0x00	; 0
    000000BB 07                     233 	.db #0x07	; 7
    000000BC 10                     234 	.db #0x10	; 16
    000000BD 00                     235 	.db #0x00	; 0
    000000BE 5A                     236 	.db #0x5a	; 90	'Z'
    000000BF 00                     237 	.db #0x00	; 0
    000000C0 00                     238 	.db #0x00	; 0
    000000C1                        239 _P1:
    000000C1 5A                     240 	.db #0x5a	; 90	'Z'
    000000C2 0E                     241 	.db #0x0e	; 14
    000000C3 00                     242 	.db #0x00	; 0
    000000C4 5A                     243 	.db #0x5a	; 90	'Z'
    000000C5 00                     244 	.db #0x00	; 0
    000000C6 00                     245 	.db #0x00	; 0
    000000C7 5A                     246 	.db #0x5a	; 90	'Z'
    000000C8 00                     247 	.db #0x00	; 0
    000000C9 00                     248 	.db #0x00	; 0
    000000CA 5A                     249 	.db #0x5a	; 90	'Z'
    000000CB 00                     250 	.db #0x00	; 0
    000000CC 00                     251 	.db #0x00	; 0
    000000CD 5A                     252 	.db #0x5a	; 90	'Z'
    000000CE 00                     253 	.db #0x00	; 0
    000000CF 00                     254 	.db #0x00	; 0
    000000D0 5A                     255 	.db #0x5a	; 90	'Z'
    000000D1 00                     256 	.db #0x00	; 0
    000000D2 00                     257 	.db #0x00	; 0
    000000D3 5A                     258 	.db #0x5a	; 90	'Z'
    000000D4 00                     259 	.db #0x00	; 0
    000000D5 00                     260 	.db #0x00	; 0
    000000D6 5A                     261 	.db #0x5a	; 90	'Z'
    000000D7 00                     262 	.db #0x00	; 0
    000000D8 00                     263 	.db #0x00	; 0
    000000D9 5A                     264 	.db #0x5a	; 90	'Z'
    000000DA 00                     265 	.db #0x00	; 0
    000000DB 00                     266 	.db #0x00	; 0
    000000DC 5A                     267 	.db #0x5a	; 90	'Z'
    000000DD 00                     268 	.db #0x00	; 0
    000000DE 00                     269 	.db #0x00	; 0
    000000DF 5A                     270 	.db #0x5a	; 90	'Z'
    000000E0 00                     271 	.db #0x00	; 0
    000000E1 00                     272 	.db #0x00	; 0
    000000E2 5A                     273 	.db #0x5a	; 90	'Z'
    000000E3 00                     274 	.db #0x00	; 0
    000000E4 00                     275 	.db #0x00	; 0
    000000E5 5A                     276 	.db #0x5a	; 90	'Z'
    000000E6 00                     277 	.db #0x00	; 0
    000000E7 00                     278 	.db #0x00	; 0
    000000E8 5A                     279 	.db #0x5a	; 90	'Z'
    000000E9 00                     280 	.db #0x00	; 0
    000000EA 00                     281 	.db #0x00	; 0
    000000EB 5A                     282 	.db #0x5a	; 90	'Z'
    000000EC 00                     283 	.db #0x00	; 0
    000000ED 00                     284 	.db #0x00	; 0
    000000EE 5A                     285 	.db #0x5a	; 90	'Z'
    000000EF 00                     286 	.db #0x00	; 0
    000000F0 00                     287 	.db #0x00	; 0
    000000F1 5A                     288 	.db #0x5a	; 90	'Z'
    000000F2 00                     289 	.db #0x00	; 0
    000000F3 00                     290 	.db #0x00	; 0
    000000F4 5A                     291 	.db #0x5a	; 90	'Z'
    000000F5 00                     292 	.db #0x00	; 0
    000000F6 00                     293 	.db #0x00	; 0
    000000F7 5A                     294 	.db #0x5a	; 90	'Z'
    000000F8 00                     295 	.db #0x00	; 0
    000000F9 00                     296 	.db #0x00	; 0
    000000FA 5A                     297 	.db #0x5a	; 90	'Z'
    000000FB 00                     298 	.db #0x00	; 0
    000000FC 00                     299 	.db #0x00	; 0
    000000FD 5A                     300 	.db #0x5a	; 90	'Z'
    000000FE 00                     301 	.db #0x00	; 0
    000000FF 00                     302 	.db #0x00	; 0
    00000100 5A                     303 	.db #0x5a	; 90	'Z'
    00000101 00                     304 	.db #0x00	; 0
    00000102 00                     305 	.db #0x00	; 0
    00000103 5A                     306 	.db #0x5a	; 90	'Z'
    00000104 00                     307 	.db #0x00	; 0
    00000105 00                     308 	.db #0x00	; 0
    00000106 5A                     309 	.db #0x5a	; 90	'Z'
    00000107 00                     310 	.db #0x00	; 0
    00000108 00                     311 	.db #0x00	; 0
    00000109 5A                     312 	.db #0x5a	; 90	'Z'
    0000010A 00                     313 	.db #0x00	; 0
    0000010B 00                     314 	.db #0x00	; 0
    0000010C 5A                     315 	.db #0x5a	; 90	'Z'
    0000010D 00                     316 	.db #0x00	; 0
    0000010E 00                     317 	.db #0x00	; 0
    0000010F 5A                     318 	.db #0x5a	; 90	'Z'
    00000110 00                     319 	.db #0x00	; 0
    00000111 00                     320 	.db #0x00	; 0
    00000112 5A                     321 	.db #0x5a	; 90	'Z'
    00000113 00                     322 	.db #0x00	; 0
    00000114 00                     323 	.db #0x00	; 0
    00000115 5A                     324 	.db #0x5a	; 90	'Z'
    00000116 00                     325 	.db #0x00	; 0
    00000117 00                     326 	.db #0x00	; 0
    00000118 5A                     327 	.db #0x5a	; 90	'Z'
    00000119 00                     328 	.db #0x00	; 0
    0000011A 00                     329 	.db #0x00	; 0
    0000011B 5A                     330 	.db #0x5a	; 90	'Z'
    0000011C 00                     331 	.db #0x00	; 0
    0000011D 00                     332 	.db #0x00	; 0
    0000011E 5A                     333 	.db #0x5a	; 90	'Z'
    0000011F 00                     334 	.db #0x00	; 0
    00000120 00                     335 	.db #0x00	; 0
    00000121 5A                     336 	.db #0x5a	; 90	'Z'
    00000122 00                     337 	.db #0x00	; 0
    00000123 00                     338 	.db #0x00	; 0
    00000124 5A                     339 	.db #0x5a	; 90	'Z'
    00000125 00                     340 	.db #0x00	; 0
    00000126 00                     341 	.db #0x00	; 0
    00000127 5A                     342 	.db #0x5a	; 90	'Z'
    00000128 00                     343 	.db #0x00	; 0
    00000129 00                     344 	.db #0x00	; 0
    0000012A 5A                     345 	.db #0x5a	; 90	'Z'
    0000012B 00                     346 	.db #0x00	; 0
    0000012C 00                     347 	.db #0x00	; 0
    0000012D 5A                     348 	.db #0x5a	; 90	'Z'
    0000012E 00                     349 	.db #0x00	; 0
    0000012F 00                     350 	.db #0x00	; 0
    00000130 5A                     351 	.db #0x5a	; 90	'Z'
    00000131 00                     352 	.db #0x00	; 0
    00000132 00                     353 	.db #0x00	; 0
    00000133 5A                     354 	.db #0x5a	; 90	'Z'
    00000134 00                     355 	.db #0x00	; 0
    00000135 00                     356 	.db #0x00	; 0
    00000136 5A                     357 	.db #0x5a	; 90	'Z'
    00000137 00                     358 	.db #0x00	; 0
    00000138 00                     359 	.db #0x00	; 0
    00000139 5A                     360 	.db #0x5a	; 90	'Z'
    0000013A 00                     361 	.db #0x00	; 0
    0000013B 00                     362 	.db #0x00	; 0
    0000013C 5A                     363 	.db #0x5a	; 90	'Z'
    0000013D 00                     364 	.db #0x00	; 0
    0000013E 00                     365 	.db #0x00	; 0
    0000013F 5A                     366 	.db #0x5a	; 90	'Z'
    00000140 00                     367 	.db #0x00	; 0
    00000141 00                     368 	.db #0x00	; 0
    00000142 5A                     369 	.db #0x5a	; 90	'Z'
    00000143 00                     370 	.db #0x00	; 0
    00000144 00                     371 	.db #0x00	; 0
    00000145 5A                     372 	.db #0x5a	; 90	'Z'
    00000146 00                     373 	.db #0x00	; 0
    00000147 00                     374 	.db #0x00	; 0
    00000148 5A                     375 	.db #0x5a	; 90	'Z'
    00000149 00                     376 	.db #0x00	; 0
    0000014A 00                     377 	.db #0x00	; 0
    0000014B 5A                     378 	.db #0x5a	; 90	'Z'
    0000014C 00                     379 	.db #0x00	; 0
    0000014D 00                     380 	.db #0x00	; 0
    0000014E 5A                     381 	.db #0x5a	; 90	'Z'
    0000014F 00                     382 	.db #0x00	; 0
    00000150 00                     383 	.db #0x00	; 0
    00000151 5A                     384 	.db #0x5a	; 90	'Z'
    00000152 00                     385 	.db #0x00	; 0
    00000153 00                     386 	.db #0x00	; 0
    00000154 5A                     387 	.db #0x5a	; 90	'Z'
    00000155 00                     388 	.db #0x00	; 0
    00000156 00                     389 	.db #0x00	; 0
    00000157 5A                     390 	.db #0x5a	; 90	'Z'
    00000158 00                     391 	.db #0x00	; 0
    00000159 00                     392 	.db #0x00	; 0
    0000015A 5A                     393 	.db #0x5a	; 90	'Z'
    0000015B 00                     394 	.db #0x00	; 0
    0000015C 00                     395 	.db #0x00	; 0
    0000015D 5A                     396 	.db #0x5a	; 90	'Z'
    0000015E 00                     397 	.db #0x00	; 0
    0000015F 00                     398 	.db #0x00	; 0
    00000160 5A                     399 	.db #0x5a	; 90	'Z'
    00000161 00                     400 	.db #0x00	; 0
    00000162 00                     401 	.db #0x00	; 0
    00000163 5A                     402 	.db #0x5a	; 90	'Z'
    00000164 00                     403 	.db #0x00	; 0
    00000165 00                     404 	.db #0x00	; 0
    00000166 5A                     405 	.db #0x5a	; 90	'Z'
    00000167 00                     406 	.db #0x00	; 0
    00000168 00                     407 	.db #0x00	; 0
    00000169 5A                     408 	.db #0x5a	; 90	'Z'
    0000016A 00                     409 	.db #0x00	; 0
    0000016B 00                     410 	.db #0x00	; 0
    0000016C 5A                     411 	.db #0x5a	; 90	'Z'
    0000016D 00                     412 	.db #0x00	; 0
    0000016E 00                     413 	.db #0x00	; 0
    0000016F 5A                     414 	.db #0x5a	; 90	'Z'
    00000170 00                     415 	.db #0x00	; 0
    00000171 00                     416 	.db #0x00	; 0
    00000172 5A                     417 	.db #0x5a	; 90	'Z'
    00000173 00                     418 	.db #0x00	; 0
    00000174 00                     419 	.db #0x00	; 0
    00000175 5A                     420 	.db #0x5a	; 90	'Z'
    00000176 00                     421 	.db #0x00	; 0
    00000177 00                     422 	.db #0x00	; 0
    00000178 5A                     423 	.db #0x5a	; 90	'Z'
    00000179 00                     424 	.db #0x00	; 0
    0000017A 00                     425 	.db #0x00	; 0
    0000017B 5A                     426 	.db #0x5a	; 90	'Z'
    0000017C 00                     427 	.db #0x00	; 0
    0000017D 00                     428 	.db #0x00	; 0
    0000017E 5A                     429 	.db #0x5a	; 90	'Z'
    0000017F 00                     430 	.db #0x00	; 0
    00000180 00                     431 	.db #0x00	; 0
    00000181                        432 _P2:
    00000181 11                     433 	.db #0x11	; 17
    00000182 10                     434 	.db #0x10	; 16
    00000183 00                     435 	.db #0x00	; 0
    00000184 5A                     436 	.db #0x5a	; 90	'Z'
    00000185 00                     437 	.db #0x00	; 0
    00000186 00                     438 	.db #0x00	; 0
    00000187 5A                     439 	.db #0x5a	; 90	'Z'
    00000188 00                     440 	.db #0x00	; 0
    00000189 00                     441 	.db #0x00	; 0
    0000018A 5A                     442 	.db #0x5a	; 90	'Z'
    0000018B 00                     443 	.db #0x00	; 0
    0000018C 00                     444 	.db #0x00	; 0
    0000018D 11                     445 	.db #0x11	; 17
    0000018E C0                     446 	.db #0xc0	; 192
    0000018F 00                     447 	.db #0x00	; 0
    00000190 5A                     448 	.db #0x5a	; 90	'Z'
    00000191 00                     449 	.db #0x00	; 0
    00000192 00                     450 	.db #0x00	; 0
    00000193 5A                     451 	.db #0x5a	; 90	'Z'
    00000194 00                     452 	.db #0x00	; 0
    00000195 00                     453 	.db #0x00	; 0
    00000196 5A                     454 	.db #0x5a	; 90	'Z'
    00000197 00                     455 	.db #0x00	; 0
    00000198 00                     456 	.db #0x00	; 0
    00000199 11                     457 	.db #0x11	; 17
    0000019A 20                     458 	.db #0x20	; 32
    0000019B 00                     459 	.db #0x00	; 0
    0000019C 5A                     460 	.db #0x5a	; 90	'Z'
    0000019D 00                     461 	.db #0x00	; 0
    0000019E 00                     462 	.db #0x00	; 0
    0000019F 5A                     463 	.db #0x5a	; 90	'Z'
    000001A0 00                     464 	.db #0x00	; 0
    000001A1 00                     465 	.db #0x00	; 0
    000001A2 5A                     466 	.db #0x5a	; 90	'Z'
    000001A3 00                     467 	.db #0x00	; 0
    000001A4 00                     468 	.db #0x00	; 0
    000001A5 11                     469 	.db #0x11	; 17
    000001A6 E0                     470 	.db #0xe0	; 224
    000001A7 00                     471 	.db #0x00	; 0
    000001A8 5A                     472 	.db #0x5a	; 90	'Z'
    000001A9 00                     473 	.db #0x00	; 0
    000001AA 00                     474 	.db #0x00	; 0
    000001AB 5A                     475 	.db #0x5a	; 90	'Z'
    000001AC 00                     476 	.db #0x00	; 0
    000001AD 00                     477 	.db #0x00	; 0
    000001AE 5A                     478 	.db #0x5a	; 90	'Z'
    000001AF 00                     479 	.db #0x00	; 0
    000001B0 00                     480 	.db #0x00	; 0
    000001B1 20                     481 	.db #0x20	; 32
    000001B2 50                     482 	.db #0x50	; 80	'P'
    000001B3 00                     483 	.db #0x00	; 0
    000001B4 11                     484 	.db #0x11	; 17
    000001B5 30                     485 	.db #0x30	; 48	'0'
    000001B6 00                     486 	.db #0x00	; 0
    000001B7 5A                     487 	.db #0x5a	; 90	'Z'
    000001B8 00                     488 	.db #0x00	; 0
    000001B9 00                     489 	.db #0x00	; 0
    000001BA 5A                     490 	.db #0x5a	; 90	'Z'
    000001BB 00                     491 	.db #0x00	; 0
    000001BC 00                     492 	.db #0x00	; 0
    000001BD 1D                     493 	.db #0x1d	; 29
    000001BE C0                     494 	.db #0xc0	; 192
    000001BF 00                     495 	.db #0x00	; 0
    000001C0 1D                     496 	.db #0x1d	; 29
    000001C1 B0                     497 	.db #0xb0	; 176
    000001C2 00                     498 	.db #0x00	; 0
    000001C3 1D                     499 	.db #0x1d	; 29
    000001C4 E0                     500 	.db #0xe0	; 224
    000001C5 00                     501 	.db #0x00	; 0
    000001C6 20                     502 	.db #0x20	; 32
    000001C7 10                     503 	.db #0x10	; 16
    000001C8 00                     504 	.db #0x00	; 0
    000001C9 11                     505 	.db #0x11	; 17
    000001CA 40                     506 	.db #0x40	; 64
    000001CB 00                     507 	.db #0x00	; 0
    000001CC 5A                     508 	.db #0x5a	; 90	'Z'
    000001CD 00                     509 	.db #0x00	; 0
    000001CE 00                     510 	.db #0x00	; 0
    000001CF 5A                     511 	.db #0x5a	; 90	'Z'
    000001D0 00                     512 	.db #0x00	; 0
    000001D1 00                     513 	.db #0x00	; 0
    000001D2 5A                     514 	.db #0x5a	; 90	'Z'
    000001D3 00                     515 	.db #0x00	; 0
    000001D4 00                     516 	.db #0x00	; 0
    000001D5 11                     517 	.db #0x11	; 17
    000001D6 E0                     518 	.db #0xe0	; 224
    000001D7 00                     519 	.db #0x00	; 0
    000001D8 5A                     520 	.db #0x5a	; 90	'Z'
    000001D9 00                     521 	.db #0x00	; 0
    000001DA 00                     522 	.db #0x00	; 0
    000001DB 5A                     523 	.db #0x5a	; 90	'Z'
    000001DC 00                     524 	.db #0x00	; 0
    000001DD 00                     525 	.db #0x00	; 0
    000001DE 5A                     526 	.db #0x5a	; 90	'Z'
    000001DF 00                     527 	.db #0x00	; 0
    000001E0 00                     528 	.db #0x00	; 0
    000001E1 0C                     529 	.db #0x0c	; 12
    000001E2 50                     530 	.db #0x50	; 80	'P'
    000001E3 00                     531 	.db #0x00	; 0
    000001E4 5A                     532 	.db #0x5a	; 90	'Z'
    000001E5 00                     533 	.db #0x00	; 0
    000001E6 00                     534 	.db #0x00	; 0
    000001E7 5A                     535 	.db #0x5a	; 90	'Z'
    000001E8 00                     536 	.db #0x00	; 0
    000001E9 00                     537 	.db #0x00	; 0
    000001EA 5A                     538 	.db #0x5a	; 90	'Z'
    000001EB 00                     539 	.db #0x00	; 0
    000001EC 00                     540 	.db #0x00	; 0
    000001ED 0C                     541 	.db #0x0c	; 12
    000001EE C0                     542 	.db #0xc0	; 192
    000001EF 00                     543 	.db #0x00	; 0
    000001F0 5A                     544 	.db #0x5a	; 90	'Z'
    000001F1 00                     545 	.db #0x00	; 0
    000001F2 00                     546 	.db #0x00	; 0
    000001F3 5A                     547 	.db #0x5a	; 90	'Z'
    000001F4 00                     548 	.db #0x00	; 0
    000001F5 00                     549 	.db #0x00	; 0
    000001F6 5A                     550 	.db #0x5a	; 90	'Z'
    000001F7 00                     551 	.db #0x00	; 0
    000001F8 00                     552 	.db #0x00	; 0
    000001F9 0C                     553 	.db #0x0c	; 12
    000001FA 60                     554 	.db #0x60	; 96
    000001FB 00                     555 	.db #0x00	; 0
    000001FC 5A                     556 	.db #0x5a	; 90	'Z'
    000001FD 00                     557 	.db #0x00	; 0
    000001FE 00                     558 	.db #0x00	; 0
    000001FF 5A                     559 	.db #0x5a	; 90	'Z'
    00000200 00                     560 	.db #0x00	; 0
    00000201 00                     561 	.db #0x00	; 0
    00000202 5A                     562 	.db #0x5a	; 90	'Z'
    00000203 00                     563 	.db #0x00	; 0
    00000204 00                     564 	.db #0x00	; 0
    00000205 0C                     565 	.db #0x0c	; 12
    00000206 E0                     566 	.db #0xe0	; 224
    00000207 00                     567 	.db #0x00	; 0
    00000208 5A                     568 	.db #0x5a	; 90	'Z'
    00000209 00                     569 	.db #0x00	; 0
    0000020A 00                     570 	.db #0x00	; 0
    0000020B 5A                     571 	.db #0x5a	; 90	'Z'
    0000020C 00                     572 	.db #0x00	; 0
    0000020D 00                     573 	.db #0x00	; 0
    0000020E 5A                     574 	.db #0x5a	; 90	'Z'
    0000020F 00                     575 	.db #0x00	; 0
    00000210 00                     576 	.db #0x00	; 0
    00000211 1F                     577 	.db #0x1f	; 31
    00000212 50                     578 	.db #0x50	; 80	'P'
    00000213 00                     579 	.db #0x00	; 0
    00000214 0C                     580 	.db #0x0c	; 12
    00000215 70                     581 	.db #0x70	; 112	'p'
    00000216 00                     582 	.db #0x00	; 0
    00000217 5A                     583 	.db #0x5a	; 90	'Z'
    00000218 00                     584 	.db #0x00	; 0
    00000219 00                     585 	.db #0x00	; 0
    0000021A 5A                     586 	.db #0x5a	; 90	'Z'
    0000021B 00                     587 	.db #0x00	; 0
    0000021C 00                     588 	.db #0x00	; 0
    0000021D 18                     589 	.db #0x18	; 24
    0000021E C0                     590 	.db #0xc0	; 192
    0000021F 00                     591 	.db #0x00	; 0
    00000220 18                     592 	.db #0x18	; 24
    00000221 B0                     593 	.db #0xb0	; 176
    00000222 00                     594 	.db #0x00	; 0
    00000223 18                     595 	.db #0x18	; 24
    00000224 E0                     596 	.db #0xe0	; 224
    00000225 00                     597 	.db #0x00	; 0
    00000226 1F                     598 	.db #0x1f	; 31
    00000227 60                     599 	.db #0x60	; 96
    00000228 00                     600 	.db #0x00	; 0
    00000229 0C                     601 	.db #0x0c	; 12
    0000022A 80                     602 	.db #0x80	; 128
    0000022B 00                     603 	.db #0x00	; 0
    0000022C 5A                     604 	.db #0x5a	; 90	'Z'
    0000022D 00                     605 	.db #0x00	; 0
    0000022E 00                     606 	.db #0x00	; 0
    0000022F 5A                     607 	.db #0x5a	; 90	'Z'
    00000230 00                     608 	.db #0x00	; 0
    00000231 00                     609 	.db #0x00	; 0
    00000232 5A                     610 	.db #0x5a	; 90	'Z'
    00000233 00                     611 	.db #0x00	; 0
    00000234 00                     612 	.db #0x00	; 0
    00000235 0C                     613 	.db #0x0c	; 12
    00000236 E0                     614 	.db #0xe0	; 224
    00000237 00                     615 	.db #0x00	; 0
    00000238 5A                     616 	.db #0x5a	; 90	'Z'
    00000239 00                     617 	.db #0x00	; 0
    0000023A 00                     618 	.db #0x00	; 0
    0000023B 5A                     619 	.db #0x5a	; 90	'Z'
    0000023C 00                     620 	.db #0x00	; 0
    0000023D 00                     621 	.db #0x00	; 0
    0000023E 5A                     622 	.db #0x5a	; 90	'Z'
    0000023F 00                     623 	.db #0x00	; 0
    00000240 00                     624 	.db #0x00	; 0
    00000241                        625 _P3:
    00000241 5A                     626 	.db #0x5a	; 90	'Z'
    00000242 0E                     627 	.db #0x0e	; 14
    00000243 00                     628 	.db #0x00	; 0
    00000244 5A                     629 	.db #0x5a	; 90	'Z'
    00000245 00                     630 	.db #0x00	; 0
    00000246 00                     631 	.db #0x00	; 0
    00000247 5A                     632 	.db #0x5a	; 90	'Z'
    00000248 00                     633 	.db #0x00	; 0
    00000249 00                     634 	.db #0x00	; 0
    0000024A 5A                     635 	.db #0x5a	; 90	'Z'
    0000024B 00                     636 	.db #0x00	; 0
    0000024C 00                     637 	.db #0x00	; 0
    0000024D 5A                     638 	.db #0x5a	; 90	'Z'
    0000024E 00                     639 	.db #0x00	; 0
    0000024F 00                     640 	.db #0x00	; 0
    00000250 5A                     641 	.db #0x5a	; 90	'Z'
    00000251 00                     642 	.db #0x00	; 0
    00000252 00                     643 	.db #0x00	; 0
    00000253 5A                     644 	.db #0x5a	; 90	'Z'
    00000254 00                     645 	.db #0x00	; 0
    00000255 00                     646 	.db #0x00	; 0
    00000256 5A                     647 	.db #0x5a	; 90	'Z'
    00000257 00                     648 	.db #0x00	; 0
    00000258 00                     649 	.db #0x00	; 0
    00000259 5A                     650 	.db #0x5a	; 90	'Z'
    0000025A 00                     651 	.db #0x00	; 0
    0000025B 00                     652 	.db #0x00	; 0
    0000025C 5A                     653 	.db #0x5a	; 90	'Z'
    0000025D 00                     654 	.db #0x00	; 0
    0000025E 00                     655 	.db #0x00	; 0
    0000025F 5A                     656 	.db #0x5a	; 90	'Z'
    00000260 00                     657 	.db #0x00	; 0
    00000261 00                     658 	.db #0x00	; 0
    00000262 5A                     659 	.db #0x5a	; 90	'Z'
    00000263 00                     660 	.db #0x00	; 0
    00000264 00                     661 	.db #0x00	; 0
    00000265 5A                     662 	.db #0x5a	; 90	'Z'
    00000266 00                     663 	.db #0x00	; 0
    00000267 00                     664 	.db #0x00	; 0
    00000268 5A                     665 	.db #0x5a	; 90	'Z'
    00000269 00                     666 	.db #0x00	; 0
    0000026A 00                     667 	.db #0x00	; 0
    0000026B 5A                     668 	.db #0x5a	; 90	'Z'
    0000026C 00                     669 	.db #0x00	; 0
    0000026D 00                     670 	.db #0x00	; 0
    0000026E 5A                     671 	.db #0x5a	; 90	'Z'
    0000026F 00                     672 	.db #0x00	; 0
    00000270 00                     673 	.db #0x00	; 0
    00000271 5A                     674 	.db #0x5a	; 90	'Z'
    00000272 00                     675 	.db #0x00	; 0
    00000273 00                     676 	.db #0x00	; 0
    00000274 5A                     677 	.db #0x5a	; 90	'Z'
    00000275 00                     678 	.db #0x00	; 0
    00000276 00                     679 	.db #0x00	; 0
    00000277 5A                     680 	.db #0x5a	; 90	'Z'
    00000278 00                     681 	.db #0x00	; 0
    00000279 00                     682 	.db #0x00	; 0
    0000027A 5A                     683 	.db #0x5a	; 90	'Z'
    0000027B 00                     684 	.db #0x00	; 0
    0000027C 00                     685 	.db #0x00	; 0
    0000027D 5A                     686 	.db #0x5a	; 90	'Z'
    0000027E 00                     687 	.db #0x00	; 0
    0000027F 00                     688 	.db #0x00	; 0
    00000280 5A                     689 	.db #0x5a	; 90	'Z'
    00000281 00                     690 	.db #0x00	; 0
    00000282 00                     691 	.db #0x00	; 0
    00000283 5A                     692 	.db #0x5a	; 90	'Z'
    00000284 00                     693 	.db #0x00	; 0
    00000285 00                     694 	.db #0x00	; 0
    00000286 5A                     695 	.db #0x5a	; 90	'Z'
    00000287 00                     696 	.db #0x00	; 0
    00000288 00                     697 	.db #0x00	; 0
    00000289 5A                     698 	.db #0x5a	; 90	'Z'
    0000028A 00                     699 	.db #0x00	; 0
    0000028B 00                     700 	.db #0x00	; 0
    0000028C 5A                     701 	.db #0x5a	; 90	'Z'
    0000028D 00                     702 	.db #0x00	; 0
    0000028E 00                     703 	.db #0x00	; 0
    0000028F 5A                     704 	.db #0x5a	; 90	'Z'
    00000290 00                     705 	.db #0x00	; 0
    00000291 00                     706 	.db #0x00	; 0
    00000292 5A                     707 	.db #0x5a	; 90	'Z'
    00000293 00                     708 	.db #0x00	; 0
    00000294 00                     709 	.db #0x00	; 0
    00000295 5A                     710 	.db #0x5a	; 90	'Z'
    00000296 00                     711 	.db #0x00	; 0
    00000297 00                     712 	.db #0x00	; 0
    00000298 5A                     713 	.db #0x5a	; 90	'Z'
    00000299 00                     714 	.db #0x00	; 0
    0000029A 00                     715 	.db #0x00	; 0
    0000029B 5A                     716 	.db #0x5a	; 90	'Z'
    0000029C 00                     717 	.db #0x00	; 0
    0000029D 00                     718 	.db #0x00	; 0
    0000029E 5A                     719 	.db #0x5a	; 90	'Z'
    0000029F 00                     720 	.db #0x00	; 0
    000002A0 00                     721 	.db #0x00	; 0
    000002A1 5A                     722 	.db #0x5a	; 90	'Z'
    000002A2 00                     723 	.db #0x00	; 0
    000002A3 00                     724 	.db #0x00	; 0
    000002A4 5A                     725 	.db #0x5a	; 90	'Z'
    000002A5 00                     726 	.db #0x00	; 0
    000002A6 00                     727 	.db #0x00	; 0
    000002A7 5A                     728 	.db #0x5a	; 90	'Z'
    000002A8 00                     729 	.db #0x00	; 0
    000002A9 00                     730 	.db #0x00	; 0
    000002AA 5A                     731 	.db #0x5a	; 90	'Z'
    000002AB 00                     732 	.db #0x00	; 0
    000002AC 00                     733 	.db #0x00	; 0
    000002AD 5A                     734 	.db #0x5a	; 90	'Z'
    000002AE 00                     735 	.db #0x00	; 0
    000002AF 00                     736 	.db #0x00	; 0
    000002B0 5A                     737 	.db #0x5a	; 90	'Z'
    000002B1 00                     738 	.db #0x00	; 0
    000002B2 00                     739 	.db #0x00	; 0
    000002B3 5A                     740 	.db #0x5a	; 90	'Z'
    000002B4 00                     741 	.db #0x00	; 0
    000002B5 00                     742 	.db #0x00	; 0
    000002B6 5A                     743 	.db #0x5a	; 90	'Z'
    000002B7 00                     744 	.db #0x00	; 0
    000002B8 00                     745 	.db #0x00	; 0
    000002B9 5A                     746 	.db #0x5a	; 90	'Z'
    000002BA 00                     747 	.db #0x00	; 0
    000002BB 00                     748 	.db #0x00	; 0
    000002BC 5A                     749 	.db #0x5a	; 90	'Z'
    000002BD 00                     750 	.db #0x00	; 0
    000002BE 00                     751 	.db #0x00	; 0
    000002BF 5A                     752 	.db #0x5a	; 90	'Z'
    000002C0 00                     753 	.db #0x00	; 0
    000002C1 00                     754 	.db #0x00	; 0
    000002C2 5A                     755 	.db #0x5a	; 90	'Z'
    000002C3 00                     756 	.db #0x00	; 0
    000002C4 00                     757 	.db #0x00	; 0
    000002C5 5A                     758 	.db #0x5a	; 90	'Z'
    000002C6 00                     759 	.db #0x00	; 0
    000002C7 00                     760 	.db #0x00	; 0
    000002C8 5A                     761 	.db #0x5a	; 90	'Z'
    000002C9 00                     762 	.db #0x00	; 0
    000002CA 00                     763 	.db #0x00	; 0
    000002CB 5A                     764 	.db #0x5a	; 90	'Z'
    000002CC 00                     765 	.db #0x00	; 0
    000002CD 00                     766 	.db #0x00	; 0
    000002CE 5A                     767 	.db #0x5a	; 90	'Z'
    000002CF 00                     768 	.db #0x00	; 0
    000002D0 00                     769 	.db #0x00	; 0
    000002D1 18                     770 	.db #0x18	; 24
    000002D2 E0                     771 	.db #0xe0	; 224
    000002D3 00                     772 	.db #0x00	; 0
    000002D4 5A                     773 	.db #0x5a	; 90	'Z'
    000002D5 00                     774 	.db #0x00	; 0
    000002D6 00                     775 	.db #0x00	; 0
    000002D7 5A                     776 	.db #0x5a	; 90	'Z'
    000002D8 00                     777 	.db #0x00	; 0
    000002D9 00                     778 	.db #0x00	; 0
    000002DA 5A                     779 	.db #0x5a	; 90	'Z'
    000002DB 00                     780 	.db #0x00	; 0
    000002DC 00                     781 	.db #0x00	; 0
    000002DD 5A                     782 	.db #0x5a	; 90	'Z'
    000002DE 00                     783 	.db #0x00	; 0
    000002DF 00                     784 	.db #0x00	; 0
    000002E0 5A                     785 	.db #0x5a	; 90	'Z'
    000002E1 00                     786 	.db #0x00	; 0
    000002E2 00                     787 	.db #0x00	; 0
    000002E3 5A                     788 	.db #0x5a	; 90	'Z'
    000002E4 00                     789 	.db #0x00	; 0
    000002E5 00                     790 	.db #0x00	; 0
    000002E6 5A                     791 	.db #0x5a	; 90	'Z'
    000002E7 00                     792 	.db #0x00	; 0
    000002E8 00                     793 	.db #0x00	; 0
    000002E9 5A                     794 	.db #0x5a	; 90	'Z'
    000002EA 00                     795 	.db #0x00	; 0
    000002EB 00                     796 	.db #0x00	; 0
    000002EC 5A                     797 	.db #0x5a	; 90	'Z'
    000002ED 00                     798 	.db #0x00	; 0
    000002EE 00                     799 	.db #0x00	; 0
    000002EF 5A                     800 	.db #0x5a	; 90	'Z'
    000002F0 00                     801 	.db #0x00	; 0
    000002F1 00                     802 	.db #0x00	; 0
    000002F2 5A                     803 	.db #0x5a	; 90	'Z'
    000002F3 00                     804 	.db #0x00	; 0
    000002F4 00                     805 	.db #0x00	; 0
    000002F5 5A                     806 	.db #0x5a	; 90	'Z'
    000002F6 00                     807 	.db #0x00	; 0
    000002F7 00                     808 	.db #0x00	; 0
    000002F8 5A                     809 	.db #0x5a	; 90	'Z'
    000002F9 00                     810 	.db #0x00	; 0
    000002FA 00                     811 	.db #0x00	; 0
    000002FB 5A                     812 	.db #0x5a	; 90	'Z'
    000002FC 00                     813 	.db #0x00	; 0
    000002FD 00                     814 	.db #0x00	; 0
    000002FE 5A                     815 	.db #0x5a	; 90	'Z'
    000002FF 00                     816 	.db #0x00	; 0
    00000300 00                     817 	.db #0x00	; 0
    00000301                        818 _P5:
    00000301 5A                     819 	.db #0x5a	; 90	'Z'
    00000302 00                     820 	.db #0x00	; 0
    00000303 00                     821 	.db #0x00	; 0
    00000304 5A                     822 	.db #0x5a	; 90	'Z'
    00000305 00                     823 	.db #0x00	; 0
    00000306 00                     824 	.db #0x00	; 0
    00000307 5A                     825 	.db #0x5a	; 90	'Z'
    00000308 00                     826 	.db #0x00	; 0
    00000309 00                     827 	.db #0x00	; 0
    0000030A 5A                     828 	.db #0x5a	; 90	'Z'
    0000030B 00                     829 	.db #0x00	; 0
    0000030C 00                     830 	.db #0x00	; 0
    0000030D 5A                     831 	.db #0x5a	; 90	'Z'
    0000030E 00                     832 	.db #0x00	; 0
    0000030F 00                     833 	.db #0x00	; 0
    00000310 5A                     834 	.db #0x5a	; 90	'Z'
    00000311 00                     835 	.db #0x00	; 0
    00000312 00                     836 	.db #0x00	; 0
    00000313 5A                     837 	.db #0x5a	; 90	'Z'
    00000314 00                     838 	.db #0x00	; 0
    00000315 00                     839 	.db #0x00	; 0
    00000316 5A                     840 	.db #0x5a	; 90	'Z'
    00000317 00                     841 	.db #0x00	; 0
    00000318 00                     842 	.db #0x00	; 0
    00000319 5A                     843 	.db #0x5a	; 90	'Z'
    0000031A 00                     844 	.db #0x00	; 0
    0000031B 00                     845 	.db #0x00	; 0
    0000031C 5A                     846 	.db #0x5a	; 90	'Z'
    0000031D 00                     847 	.db #0x00	; 0
    0000031E 00                     848 	.db #0x00	; 0
    0000031F 5A                     849 	.db #0x5a	; 90	'Z'
    00000320 00                     850 	.db #0x00	; 0
    00000321 00                     851 	.db #0x00	; 0
    00000322 5A                     852 	.db #0x5a	; 90	'Z'
    00000323 00                     853 	.db #0x00	; 0
    00000324 00                     854 	.db #0x00	; 0
    00000325 5A                     855 	.db #0x5a	; 90	'Z'
    00000326 00                     856 	.db #0x00	; 0
    00000327 00                     857 	.db #0x00	; 0
    00000328 5A                     858 	.db #0x5a	; 90	'Z'
    00000329 00                     859 	.db #0x00	; 0
    0000032A 00                     860 	.db #0x00	; 0
    0000032B 5A                     861 	.db #0x5a	; 90	'Z'
    0000032C 00                     862 	.db #0x00	; 0
    0000032D 00                     863 	.db #0x00	; 0
    0000032E 5A                     864 	.db #0x5a	; 90	'Z'
    0000032F 00                     865 	.db #0x00	; 0
    00000330 00                     866 	.db #0x00	; 0
    00000331 5A                     867 	.db #0x5a	; 90	'Z'
    00000332 00                     868 	.db #0x00	; 0
    00000333 00                     869 	.db #0x00	; 0
    00000334 5A                     870 	.db #0x5a	; 90	'Z'
    00000335 00                     871 	.db #0x00	; 0
    00000336 00                     872 	.db #0x00	; 0
    00000337 5A                     873 	.db #0x5a	; 90	'Z'
    00000338 00                     874 	.db #0x00	; 0
    00000339 00                     875 	.db #0x00	; 0
    0000033A 5A                     876 	.db #0x5a	; 90	'Z'
    0000033B 00                     877 	.db #0x00	; 0
    0000033C 00                     878 	.db #0x00	; 0
    0000033D 5A                     879 	.db #0x5a	; 90	'Z'
    0000033E 00                     880 	.db #0x00	; 0
    0000033F 00                     881 	.db #0x00	; 0
    00000340 5A                     882 	.db #0x5a	; 90	'Z'
    00000341 00                     883 	.db #0x00	; 0
    00000342 00                     884 	.db #0x00	; 0
    00000343 5A                     885 	.db #0x5a	; 90	'Z'
    00000344 00                     886 	.db #0x00	; 0
    00000345 00                     887 	.db #0x00	; 0
    00000346 5A                     888 	.db #0x5a	; 90	'Z'
    00000347 00                     889 	.db #0x00	; 0
    00000348 00                     890 	.db #0x00	; 0
    00000349 5A                     891 	.db #0x5a	; 90	'Z'
    0000034A 00                     892 	.db #0x00	; 0
    0000034B 00                     893 	.db #0x00	; 0
    0000034C 5A                     894 	.db #0x5a	; 90	'Z'
    0000034D 00                     895 	.db #0x00	; 0
    0000034E 00                     896 	.db #0x00	; 0
    0000034F 5A                     897 	.db #0x5a	; 90	'Z'
    00000350 00                     898 	.db #0x00	; 0
    00000351 00                     899 	.db #0x00	; 0
    00000352 5A                     900 	.db #0x5a	; 90	'Z'
    00000353 00                     901 	.db #0x00	; 0
    00000354 00                     902 	.db #0x00	; 0
    00000355 5A                     903 	.db #0x5a	; 90	'Z'
    00000356 00                     904 	.db #0x00	; 0
    00000357 00                     905 	.db #0x00	; 0
    00000358 5A                     906 	.db #0x5a	; 90	'Z'
    00000359 00                     907 	.db #0x00	; 0
    0000035A 00                     908 	.db #0x00	; 0
    0000035B 5A                     909 	.db #0x5a	; 90	'Z'
    0000035C 00                     910 	.db #0x00	; 0
    0000035D 00                     911 	.db #0x00	; 0
    0000035E 5A                     912 	.db #0x5a	; 90	'Z'
    0000035F 00                     913 	.db #0x00	; 0
    00000360 00                     914 	.db #0x00	; 0
    00000361 5A                     915 	.db #0x5a	; 90	'Z'
    00000362 00                     916 	.db #0x00	; 0
    00000363 00                     917 	.db #0x00	; 0
    00000364 5A                     918 	.db #0x5a	; 90	'Z'
    00000365 00                     919 	.db #0x00	; 0
    00000366 00                     920 	.db #0x00	; 0
    00000367 5A                     921 	.db #0x5a	; 90	'Z'
    00000368 00                     922 	.db #0x00	; 0
    00000369 00                     923 	.db #0x00	; 0
    0000036A 5A                     924 	.db #0x5a	; 90	'Z'
    0000036B 00                     925 	.db #0x00	; 0
    0000036C 00                     926 	.db #0x00	; 0
    0000036D 5A                     927 	.db #0x5a	; 90	'Z'
    0000036E 00                     928 	.db #0x00	; 0
    0000036F 00                     929 	.db #0x00	; 0
    00000370 5A                     930 	.db #0x5a	; 90	'Z'
    00000371 00                     931 	.db #0x00	; 0
    00000372 00                     932 	.db #0x00	; 0
    00000373 5A                     933 	.db #0x5a	; 90	'Z'
    00000374 00                     934 	.db #0x00	; 0
    00000375 00                     935 	.db #0x00	; 0
    00000376 5A                     936 	.db #0x5a	; 90	'Z'
    00000377 00                     937 	.db #0x00	; 0
    00000378 00                     938 	.db #0x00	; 0
    00000379 5A                     939 	.db #0x5a	; 90	'Z'
    0000037A 00                     940 	.db #0x00	; 0
    0000037B 00                     941 	.db #0x00	; 0
    0000037C 5A                     942 	.db #0x5a	; 90	'Z'
    0000037D 00                     943 	.db #0x00	; 0
    0000037E 00                     944 	.db #0x00	; 0
    0000037F 5A                     945 	.db #0x5a	; 90	'Z'
    00000380 00                     946 	.db #0x00	; 0
    00000381 00                     947 	.db #0x00	; 0
    00000382 5A                     948 	.db #0x5a	; 90	'Z'
    00000383 00                     949 	.db #0x00	; 0
    00000384 00                     950 	.db #0x00	; 0
    00000385 5A                     951 	.db #0x5a	; 90	'Z'
    00000386 00                     952 	.db #0x00	; 0
    00000387 00                     953 	.db #0x00	; 0
    00000388 5A                     954 	.db #0x5a	; 90	'Z'
    00000389 00                     955 	.db #0x00	; 0
    0000038A 00                     956 	.db #0x00	; 0
    0000038B 5A                     957 	.db #0x5a	; 90	'Z'
    0000038C 00                     958 	.db #0x00	; 0
    0000038D 00                     959 	.db #0x00	; 0
    0000038E 5A                     960 	.db #0x5a	; 90	'Z'
    0000038F 00                     961 	.db #0x00	; 0
    00000390 00                     962 	.db #0x00	; 0
    00000391 5A                     963 	.db #0x5a	; 90	'Z'
    00000392 00                     964 	.db #0x00	; 0
    00000393 00                     965 	.db #0x00	; 0
    00000394 5A                     966 	.db #0x5a	; 90	'Z'
    00000395 00                     967 	.db #0x00	; 0
    00000396 00                     968 	.db #0x00	; 0
    00000397 5A                     969 	.db #0x5a	; 90	'Z'
    00000398 00                     970 	.db #0x00	; 0
    00000399 00                     971 	.db #0x00	; 0
    0000039A 5A                     972 	.db #0x5a	; 90	'Z'
    0000039B 00                     973 	.db #0x00	; 0
    0000039C 00                     974 	.db #0x00	; 0
    0000039D 5A                     975 	.db #0x5a	; 90	'Z'
    0000039E 00                     976 	.db #0x00	; 0
    0000039F 00                     977 	.db #0x00	; 0
    000003A0 5A                     978 	.db #0x5a	; 90	'Z'
    000003A1 00                     979 	.db #0x00	; 0
    000003A2 00                     980 	.db #0x00	; 0
    000003A3 5A                     981 	.db #0x5a	; 90	'Z'
    000003A4 00                     982 	.db #0x00	; 0
    000003A5 00                     983 	.db #0x00	; 0
    000003A6 5A                     984 	.db #0x5a	; 90	'Z'
    000003A7 00                     985 	.db #0x00	; 0
    000003A8 00                     986 	.db #0x00	; 0
    000003A9 5A                     987 	.db #0x5a	; 90	'Z'
    000003AA 00                     988 	.db #0x00	; 0
    000003AB 00                     989 	.db #0x00	; 0
    000003AC 5A                     990 	.db #0x5a	; 90	'Z'
    000003AD 00                     991 	.db #0x00	; 0
    000003AE 00                     992 	.db #0x00	; 0
    000003AF 5A                     993 	.db #0x5a	; 90	'Z'
    000003B0 00                     994 	.db #0x00	; 0
    000003B1 00                     995 	.db #0x00	; 0
    000003B2 5A                     996 	.db #0x5a	; 90	'Z'
    000003B3 00                     997 	.db #0x00	; 0
    000003B4 00                     998 	.db #0x00	; 0
    000003B5 5A                     999 	.db #0x5a	; 90	'Z'
    000003B6 00                    1000 	.db #0x00	; 0
    000003B7 00                    1001 	.db #0x00	; 0
    000003B8 5A                    1002 	.db #0x5a	; 90	'Z'
    000003B9 00                    1003 	.db #0x00	; 0
    000003BA 00                    1004 	.db #0x00	; 0
    000003BB 5A                    1005 	.db #0x5a	; 90	'Z'
    000003BC 00                    1006 	.db #0x00	; 0
    000003BD 00                    1007 	.db #0x00	; 0
    000003BE 5A                    1008 	.db #0x5a	; 90	'Z'
    000003BF 00                    1009 	.db #0x00	; 0
    000003C0 00                    1010 	.db #0x00	; 0
    000003C1                       1011 _P7:
    000003C1 5A                    1012 	.db #0x5a	; 90	'Z'
    000003C2 00                    1013 	.db #0x00	; 0
    000003C3 00                    1014 	.db #0x00	; 0
    000003C4 5A                    1015 	.db #0x5a	; 90	'Z'
    000003C5 00                    1016 	.db #0x00	; 0
    000003C6 00                    1017 	.db #0x00	; 0
    000003C7 5A                    1018 	.db #0x5a	; 90	'Z'
    000003C8 00                    1019 	.db #0x00	; 0
    000003C9 00                    1020 	.db #0x00	; 0
    000003CA 5A                    1021 	.db #0x5a	; 90	'Z'
    000003CB 00                    1022 	.db #0x00	; 0
    000003CC 00                    1023 	.db #0x00	; 0
    000003CD 5A                    1024 	.db #0x5a	; 90	'Z'
    000003CE 00                    1025 	.db #0x00	; 0
    000003CF 00                    1026 	.db #0x00	; 0
    000003D0 5A                    1027 	.db #0x5a	; 90	'Z'
    000003D1 00                    1028 	.db #0x00	; 0
    000003D2 00                    1029 	.db #0x00	; 0
    000003D3 5A                    1030 	.db #0x5a	; 90	'Z'
    000003D4 00                    1031 	.db #0x00	; 0
    000003D5 00                    1032 	.db #0x00	; 0
    000003D6 5A                    1033 	.db #0x5a	; 90	'Z'
    000003D7 00                    1034 	.db #0x00	; 0
    000003D8 00                    1035 	.db #0x00	; 0
    000003D9 5A                    1036 	.db #0x5a	; 90	'Z'
    000003DA 00                    1037 	.db #0x00	; 0
    000003DB 00                    1038 	.db #0x00	; 0
    000003DC 5A                    1039 	.db #0x5a	; 90	'Z'
    000003DD 00                    1040 	.db #0x00	; 0
    000003DE 00                    1041 	.db #0x00	; 0
    000003DF 5A                    1042 	.db #0x5a	; 90	'Z'
    000003E0 00                    1043 	.db #0x00	; 0
    000003E1 00                    1044 	.db #0x00	; 0
    000003E2 5A                    1045 	.db #0x5a	; 90	'Z'
    000003E3 00                    1046 	.db #0x00	; 0
    000003E4 00                    1047 	.db #0x00	; 0
    000003E5 5A                    1048 	.db #0x5a	; 90	'Z'
    000003E6 00                    1049 	.db #0x00	; 0
    000003E7 00                    1050 	.db #0x00	; 0
    000003E8 5A                    1051 	.db #0x5a	; 90	'Z'
    000003E9 00                    1052 	.db #0x00	; 0
    000003EA 00                    1053 	.db #0x00	; 0
    000003EB 5A                    1054 	.db #0x5a	; 90	'Z'
    000003EC 00                    1055 	.db #0x00	; 0
    000003ED 00                    1056 	.db #0x00	; 0
    000003EE 5A                    1057 	.db #0x5a	; 90	'Z'
    000003EF 00                    1058 	.db #0x00	; 0
    000003F0 00                    1059 	.db #0x00	; 0
    000003F1 5A                    1060 	.db #0x5a	; 90	'Z'
    000003F2 00                    1061 	.db #0x00	; 0
    000003F3 00                    1062 	.db #0x00	; 0
    000003F4 5A                    1063 	.db #0x5a	; 90	'Z'
    000003F5 00                    1064 	.db #0x00	; 0
    000003F6 00                    1065 	.db #0x00	; 0
    000003F7 5A                    1066 	.db #0x5a	; 90	'Z'
    000003F8 00                    1067 	.db #0x00	; 0
    000003F9 00                    1068 	.db #0x00	; 0
    000003FA 5A                    1069 	.db #0x5a	; 90	'Z'
    000003FB 00                    1070 	.db #0x00	; 0
    000003FC 00                    1071 	.db #0x00	; 0
    000003FD 5A                    1072 	.db #0x5a	; 90	'Z'
    000003FE 00                    1073 	.db #0x00	; 0
    000003FF 00                    1074 	.db #0x00	; 0
    00000400 5A                    1075 	.db #0x5a	; 90	'Z'
    00000401 00                    1076 	.db #0x00	; 0
    00000402 00                    1077 	.db #0x00	; 0
    00000403 5A                    1078 	.db #0x5a	; 90	'Z'
    00000404 00                    1079 	.db #0x00	; 0
    00000405 00                    1080 	.db #0x00	; 0
    00000406 5A                    1081 	.db #0x5a	; 90	'Z'
    00000407 00                    1082 	.db #0x00	; 0
    00000408 00                    1083 	.db #0x00	; 0
    00000409 5A                    1084 	.db #0x5a	; 90	'Z'
    0000040A 00                    1085 	.db #0x00	; 0
    0000040B 00                    1086 	.db #0x00	; 0
    0000040C 5A                    1087 	.db #0x5a	; 90	'Z'
    0000040D 00                    1088 	.db #0x00	; 0
    0000040E 00                    1089 	.db #0x00	; 0
    0000040F 5A                    1090 	.db #0x5a	; 90	'Z'
    00000410 00                    1091 	.db #0x00	; 0
    00000411 00                    1092 	.db #0x00	; 0
    00000412 5A                    1093 	.db #0x5a	; 90	'Z'
    00000413 00                    1094 	.db #0x00	; 0
    00000414 00                    1095 	.db #0x00	; 0
    00000415 5A                    1096 	.db #0x5a	; 90	'Z'
    00000416 00                    1097 	.db #0x00	; 0
    00000417 00                    1098 	.db #0x00	; 0
    00000418 5A                    1099 	.db #0x5a	; 90	'Z'
    00000419 00                    1100 	.db #0x00	; 0
    0000041A 00                    1101 	.db #0x00	; 0
    0000041B 5A                    1102 	.db #0x5a	; 90	'Z'
    0000041C 00                    1103 	.db #0x00	; 0
    0000041D 00                    1104 	.db #0x00	; 0
    0000041E 5A                    1105 	.db #0x5a	; 90	'Z'
    0000041F 00                    1106 	.db #0x00	; 0
    00000420 00                    1107 	.db #0x00	; 0
    00000421 5A                    1108 	.db #0x5a	; 90	'Z'
    00000422 00                    1109 	.db #0x00	; 0
    00000423 00                    1110 	.db #0x00	; 0
    00000424 5A                    1111 	.db #0x5a	; 90	'Z'
    00000425 00                    1112 	.db #0x00	; 0
    00000426 00                    1113 	.db #0x00	; 0
    00000427 5A                    1114 	.db #0x5a	; 90	'Z'
    00000428 00                    1115 	.db #0x00	; 0
    00000429 00                    1116 	.db #0x00	; 0
    0000042A 5A                    1117 	.db #0x5a	; 90	'Z'
    0000042B 00                    1118 	.db #0x00	; 0
    0000042C 00                    1119 	.db #0x00	; 0
    0000042D 5A                    1120 	.db #0x5a	; 90	'Z'
    0000042E 00                    1121 	.db #0x00	; 0
    0000042F 00                    1122 	.db #0x00	; 0
    00000430 5A                    1123 	.db #0x5a	; 90	'Z'
    00000431 00                    1124 	.db #0x00	; 0
    00000432 00                    1125 	.db #0x00	; 0
    00000433 5A                    1126 	.db #0x5a	; 90	'Z'
    00000434 00                    1127 	.db #0x00	; 0
    00000435 00                    1128 	.db #0x00	; 0
    00000436 5A                    1129 	.db #0x5a	; 90	'Z'
    00000437 00                    1130 	.db #0x00	; 0
    00000438 00                    1131 	.db #0x00	; 0
    00000439 5A                    1132 	.db #0x5a	; 90	'Z'
    0000043A 00                    1133 	.db #0x00	; 0
    0000043B 00                    1134 	.db #0x00	; 0
    0000043C 5A                    1135 	.db #0x5a	; 90	'Z'
    0000043D 00                    1136 	.db #0x00	; 0
    0000043E 00                    1137 	.db #0x00	; 0
    0000043F 5A                    1138 	.db #0x5a	; 90	'Z'
    00000440 00                    1139 	.db #0x00	; 0
    00000441 00                    1140 	.db #0x00	; 0
    00000442 5A                    1141 	.db #0x5a	; 90	'Z'
    00000443 00                    1142 	.db #0x00	; 0
    00000444 00                    1143 	.db #0x00	; 0
    00000445 5A                    1144 	.db #0x5a	; 90	'Z'
    00000446 00                    1145 	.db #0x00	; 0
    00000447 00                    1146 	.db #0x00	; 0
    00000448 5A                    1147 	.db #0x5a	; 90	'Z'
    00000449 00                    1148 	.db #0x00	; 0
    0000044A 00                    1149 	.db #0x00	; 0
    0000044B 5A                    1150 	.db #0x5a	; 90	'Z'
    0000044C 00                    1151 	.db #0x00	; 0
    0000044D 00                    1152 	.db #0x00	; 0
    0000044E 5A                    1153 	.db #0x5a	; 90	'Z'
    0000044F 00                    1154 	.db #0x00	; 0
    00000450 00                    1155 	.db #0x00	; 0
    00000451 5A                    1156 	.db #0x5a	; 90	'Z'
    00000452 00                    1157 	.db #0x00	; 0
    00000453 00                    1158 	.db #0x00	; 0
    00000454 5A                    1159 	.db #0x5a	; 90	'Z'
    00000455 00                    1160 	.db #0x00	; 0
    00000456 00                    1161 	.db #0x00	; 0
    00000457 5A                    1162 	.db #0x5a	; 90	'Z'
    00000458 00                    1163 	.db #0x00	; 0
    00000459 00                    1164 	.db #0x00	; 0
    0000045A 5A                    1165 	.db #0x5a	; 90	'Z'
    0000045B 00                    1166 	.db #0x00	; 0
    0000045C 00                    1167 	.db #0x00	; 0
    0000045D 5A                    1168 	.db #0x5a	; 90	'Z'
    0000045E 00                    1169 	.db #0x00	; 0
    0000045F 00                    1170 	.db #0x00	; 0
    00000460 5A                    1171 	.db #0x5a	; 90	'Z'
    00000461 00                    1172 	.db #0x00	; 0
    00000462 00                    1173 	.db #0x00	; 0
    00000463 5A                    1174 	.db #0x5a	; 90	'Z'
    00000464 00                    1175 	.db #0x00	; 0
    00000465 00                    1176 	.db #0x00	; 0
    00000466 5A                    1177 	.db #0x5a	; 90	'Z'
    00000467 00                    1178 	.db #0x00	; 0
    00000468 00                    1179 	.db #0x00	; 0
    00000469 18                    1180 	.db #0x18	; 24
    0000046A 30                    1181 	.db #0x30	; 48	'0'
    0000046B 00                    1182 	.db #0x00	; 0
    0000046C 5A                    1183 	.db #0x5a	; 90	'Z'
    0000046D 00                    1184 	.db #0x00	; 0
    0000046E 00                    1185 	.db #0x00	; 0
    0000046F 17                    1186 	.db #0x17	; 23
    00000470 30                    1187 	.db #0x30	; 48	'0'
    00000471 00                    1188 	.db #0x00	; 0
    00000472 5A                    1189 	.db #0x5a	; 90	'Z'
    00000473 00                    1190 	.db #0x00	; 0
    00000474 00                    1191 	.db #0x00	; 0
    00000475 16                    1192 	.db #0x16	; 22
    00000476 30                    1193 	.db #0x30	; 48	'0'
    00000477 00                    1194 	.db #0x00	; 0
    00000478 5A                    1195 	.db #0x5a	; 90	'Z'
    00000479 00                    1196 	.db #0x00	; 0
    0000047A 00                    1197 	.db #0x00	; 0
    0000047B 15                    1198 	.db #0x15	; 21
    0000047C 30                    1199 	.db #0x30	; 48	'0'
    0000047D 00                    1200 	.db #0x00	; 0
    0000047E 5A                    1201 	.db #0x5a	; 90	'Z'
    0000047F 00                    1202 	.db #0x00	; 0
    00000480 00                    1203 	.db #0x00	; 0
    00000481                       1204 _P8:
    00000481 1D                    1205 	.db #0x1d	; 29
    00000482 B0                    1206 	.db #0xb0	; 176
    00000483 00                    1207 	.db #0x00	; 0
    00000484 1D                    1208 	.db #0x1d	; 29
    00000485 10                    1209 	.db #0x10	; 16
    00000486 00                    1210 	.db #0x00	; 0
    00000487 18                    1211 	.db #0x18	; 24
    00000488 10                    1212 	.db #0x10	; 16
    00000489 00                    1213 	.db #0x00	; 0
    0000048A 5A                    1214 	.db #0x5a	; 90	'Z'
    0000048B 00                    1215 	.db #0x00	; 0
    0000048C 00                    1216 	.db #0x00	; 0
    0000048D 14                    1217 	.db #0x14	; 20
    0000048E 10                    1218 	.db #0x10	; 16
    0000048F 00                    1219 	.db #0x00	; 0
    00000490 5A                    1220 	.db #0x5a	; 90	'Z'
    00000491 00                    1221 	.db #0x00	; 0
    00000492 00                    1222 	.db #0x00	; 0
    00000493 11                    1223 	.db #0x11	; 17
    00000494 10                    1224 	.db #0x10	; 16
    00000495 00                    1225 	.db #0x00	; 0
    00000496 5A                    1226 	.db #0x5a	; 90	'Z'
    00000497 00                    1227 	.db #0x00	; 0
    00000498 00                    1228 	.db #0x00	; 0
    00000499 1D                    1229 	.db #0x1d	; 29
    0000049A 10                    1230 	.db #0x10	; 16
    0000049B 00                    1231 	.db #0x00	; 0
    0000049C 5A                    1232 	.db #0x5a	; 90	'Z'
    0000049D 00                    1233 	.db #0x00	; 0
    0000049E 00                    1234 	.db #0x00	; 0
    0000049F 18                    1235 	.db #0x18	; 24
    000004A0 10                    1236 	.db #0x10	; 16
    000004A1 00                    1237 	.db #0x00	; 0
    000004A2 5A                    1238 	.db #0x5a	; 90	'Z'
    000004A3 00                    1239 	.db #0x00	; 0
    000004A4 00                    1240 	.db #0x00	; 0
    000004A5 14                    1241 	.db #0x14	; 20
    000004A6 10                    1242 	.db #0x10	; 16
    000004A7 00                    1243 	.db #0x00	; 0
    000004A8 5A                    1244 	.db #0x5a	; 90	'Z'
    000004A9 00                    1245 	.db #0x00	; 0
    000004AA 00                    1246 	.db #0x00	; 0
    000004AB 11                    1247 	.db #0x11	; 17
    000004AC 10                    1248 	.db #0x10	; 16
    000004AD 00                    1249 	.db #0x00	; 0
    000004AE 5A                    1250 	.db #0x5a	; 90	'Z'
    000004AF 00                    1251 	.db #0x00	; 0
    000004B0 00                    1252 	.db #0x00	; 0
    000004B1 1D                    1253 	.db #0x1d	; 29
    000004B2 B0                    1254 	.db #0xb0	; 176
    000004B3 00                    1255 	.db #0x00	; 0
    000004B4 1D                    1256 	.db #0x1d	; 29
    000004B5 10                    1257 	.db #0x10	; 16
    000004B6 00                    1258 	.db #0x00	; 0
    000004B7 18                    1259 	.db #0x18	; 24
    000004B8 10                    1260 	.db #0x10	; 16
    000004B9 00                    1261 	.db #0x00	; 0
    000004BA 5A                    1262 	.db #0x5a	; 90	'Z'
    000004BB 00                    1263 	.db #0x00	; 0
    000004BC 00                    1264 	.db #0x00	; 0
    000004BD 14                    1265 	.db #0x14	; 20
    000004BE 10                    1266 	.db #0x10	; 16
    000004BF 00                    1267 	.db #0x00	; 0
    000004C0 5A                    1268 	.db #0x5a	; 90	'Z'
    000004C1 00                    1269 	.db #0x00	; 0
    000004C2 00                    1270 	.db #0x00	; 0
    000004C3 11                    1271 	.db #0x11	; 17
    000004C4 10                    1272 	.db #0x10	; 16
    000004C5 00                    1273 	.db #0x00	; 0
    000004C6 5A                    1274 	.db #0x5a	; 90	'Z'
    000004C7 00                    1275 	.db #0x00	; 0
    000004C8 00                    1276 	.db #0x00	; 0
    000004C9 1D                    1277 	.db #0x1d	; 29
    000004CA 10                    1278 	.db #0x10	; 16
    000004CB 00                    1279 	.db #0x00	; 0
    000004CC 5A                    1280 	.db #0x5a	; 90	'Z'
    000004CD 00                    1281 	.db #0x00	; 0
    000004CE 00                    1282 	.db #0x00	; 0
    000004CF 18                    1283 	.db #0x18	; 24
    000004D0 10                    1284 	.db #0x10	; 16
    000004D1 00                    1285 	.db #0x00	; 0
    000004D2 5A                    1286 	.db #0x5a	; 90	'Z'
    000004D3 00                    1287 	.db #0x00	; 0
    000004D4 00                    1288 	.db #0x00	; 0
    000004D5 14                    1289 	.db #0x14	; 20
    000004D6 10                    1290 	.db #0x10	; 16
    000004D7 00                    1291 	.db #0x00	; 0
    000004D8 5A                    1292 	.db #0x5a	; 90	'Z'
    000004D9 00                    1293 	.db #0x00	; 0
    000004DA 00                    1294 	.db #0x00	; 0
    000004DB 11                    1295 	.db #0x11	; 17
    000004DC 10                    1296 	.db #0x10	; 16
    000004DD 00                    1297 	.db #0x00	; 0
    000004DE 5A                    1298 	.db #0x5a	; 90	'Z'
    000004DF 00                    1299 	.db #0x00	; 0
    000004E0 00                    1300 	.db #0x00	; 0
    000004E1 1D                    1301 	.db #0x1d	; 29
    000004E2 B0                    1302 	.db #0xb0	; 176
    000004E3 00                    1303 	.db #0x00	; 0
    000004E4 18                    1304 	.db #0x18	; 24
    000004E5 10                    1305 	.db #0x10	; 16
    000004E6 00                    1306 	.db #0x00	; 0
    000004E7 13                    1307 	.db #0x13	; 19
    000004E8 10                    1308 	.db #0x10	; 16
    000004E9 00                    1309 	.db #0x00	; 0
    000004EA 5A                    1310 	.db #0x5a	; 90	'Z'
    000004EB 00                    1311 	.db #0x00	; 0
    000004EC 00                    1312 	.db #0x00	; 0
    000004ED 0F                    1313 	.db #0x0f	; 15
    000004EE 10                    1314 	.db #0x10	; 16
    000004EF 00                    1315 	.db #0x00	; 0
    000004F0 5A                    1316 	.db #0x5a	; 90	'Z'
    000004F1 00                    1317 	.db #0x00	; 0
    000004F2 00                    1318 	.db #0x00	; 0
    000004F3 0C                    1319 	.db #0x0c	; 12
    000004F4 10                    1320 	.db #0x10	; 16
    000004F5 00                    1321 	.db #0x00	; 0
    000004F6 5A                    1322 	.db #0x5a	; 90	'Z'
    000004F7 00                    1323 	.db #0x00	; 0
    000004F8 00                    1324 	.db #0x00	; 0
    000004F9 18                    1325 	.db #0x18	; 24
    000004FA 10                    1326 	.db #0x10	; 16
    000004FB 00                    1327 	.db #0x00	; 0
    000004FC 5A                    1328 	.db #0x5a	; 90	'Z'
    000004FD 00                    1329 	.db #0x00	; 0
    000004FE 00                    1330 	.db #0x00	; 0
    000004FF 13                    1331 	.db #0x13	; 19
    00000500 10                    1332 	.db #0x10	; 16
    00000501 00                    1333 	.db #0x00	; 0
    00000502 5A                    1334 	.db #0x5a	; 90	'Z'
    00000503 00                    1335 	.db #0x00	; 0
    00000504 00                    1336 	.db #0x00	; 0
    00000505 0F                    1337 	.db #0x0f	; 15
    00000506 10                    1338 	.db #0x10	; 16
    00000507 00                    1339 	.db #0x00	; 0
    00000508 5A                    1340 	.db #0x5a	; 90	'Z'
    00000509 00                    1341 	.db #0x00	; 0
    0000050A 00                    1342 	.db #0x00	; 0
    0000050B 0C                    1343 	.db #0x0c	; 12
    0000050C 10                    1344 	.db #0x10	; 16
    0000050D 00                    1345 	.db #0x00	; 0
    0000050E 5A                    1346 	.db #0x5a	; 90	'Z'
    0000050F 00                    1347 	.db #0x00	; 0
    00000510 00                    1348 	.db #0x00	; 0
    00000511 1D                    1349 	.db #0x1d	; 29
    00000512 B0                    1350 	.db #0xb0	; 176
    00000513 00                    1351 	.db #0x00	; 0
    00000514 18                    1352 	.db #0x18	; 24
    00000515 10                    1353 	.db #0x10	; 16
    00000516 00                    1354 	.db #0x00	; 0
    00000517 13                    1355 	.db #0x13	; 19
    00000518 10                    1356 	.db #0x10	; 16
    00000519 00                    1357 	.db #0x00	; 0
    0000051A 5A                    1358 	.db #0x5a	; 90	'Z'
    0000051B 00                    1359 	.db #0x00	; 0
    0000051C 00                    1360 	.db #0x00	; 0
    0000051D 0F                    1361 	.db #0x0f	; 15
    0000051E 10                    1362 	.db #0x10	; 16
    0000051F 00                    1363 	.db #0x00	; 0
    00000520 5A                    1364 	.db #0x5a	; 90	'Z'
    00000521 00                    1365 	.db #0x00	; 0
    00000522 00                    1366 	.db #0x00	; 0
    00000523 0C                    1367 	.db #0x0c	; 12
    00000524 10                    1368 	.db #0x10	; 16
    00000525 00                    1369 	.db #0x00	; 0
    00000526 5A                    1370 	.db #0x5a	; 90	'Z'
    00000527 00                    1371 	.db #0x00	; 0
    00000528 00                    1372 	.db #0x00	; 0
    00000529 18                    1373 	.db #0x18	; 24
    0000052A 10                    1374 	.db #0x10	; 16
    0000052B 00                    1375 	.db #0x00	; 0
    0000052C 5A                    1376 	.db #0x5a	; 90	'Z'
    0000052D 00                    1377 	.db #0x00	; 0
    0000052E 00                    1378 	.db #0x00	; 0
    0000052F 13                    1379 	.db #0x13	; 19
    00000530 10                    1380 	.db #0x10	; 16
    00000531 00                    1381 	.db #0x00	; 0
    00000532 5A                    1382 	.db #0x5a	; 90	'Z'
    00000533 00                    1383 	.db #0x00	; 0
    00000534 00                    1384 	.db #0x00	; 0
    00000535 0F                    1385 	.db #0x0f	; 15
    00000536 10                    1386 	.db #0x10	; 16
    00000537 00                    1387 	.db #0x00	; 0
    00000538 5A                    1388 	.db #0x5a	; 90	'Z'
    00000539 00                    1389 	.db #0x00	; 0
    0000053A 00                    1390 	.db #0x00	; 0
    0000053B 0C                    1391 	.db #0x0c	; 12
    0000053C 10                    1392 	.db #0x10	; 16
    0000053D 00                    1393 	.db #0x00	; 0
    0000053E 5A                    1394 	.db #0x5a	; 90	'Z'
    0000053F 00                    1395 	.db #0x00	; 0
    00000540 00                    1396 	.db #0x00	; 0
    00000541                       1397 _P9:
    00000541 1D                    1398 	.db #0x1d	; 29
    00000542 80                    1399 	.db #0x80	; 128
    00000543 00                    1400 	.db #0x00	; 0
    00000544 5A                    1401 	.db #0x5a	; 90	'Z'
    00000545 00                    1402 	.db #0x00	; 0
    00000546 00                    1403 	.db #0x00	; 0
    00000547 5A                    1404 	.db #0x5a	; 90	'Z'
    00000548 00                    1405 	.db #0x00	; 0
    00000549 00                    1406 	.db #0x00	; 0
    0000054A 5A                    1407 	.db #0x5a	; 90	'Z'
    0000054B 00                    1408 	.db #0x00	; 0
    0000054C 00                    1409 	.db #0x00	; 0
    0000054D 5A                    1410 	.db #0x5a	; 90	'Z'
    0000054E 00                    1411 	.db #0x00	; 0
    0000054F 00                    1412 	.db #0x00	; 0
    00000550 5A                    1413 	.db #0x5a	; 90	'Z'
    00000551 00                    1414 	.db #0x00	; 0
    00000552 00                    1415 	.db #0x00	; 0
    00000553 5A                    1416 	.db #0x5a	; 90	'Z'
    00000554 00                    1417 	.db #0x00	; 0
    00000555 00                    1418 	.db #0x00	; 0
    00000556 5A                    1419 	.db #0x5a	; 90	'Z'
    00000557 00                    1420 	.db #0x00	; 0
    00000558 00                    1421 	.db #0x00	; 0
    00000559 5A                    1422 	.db #0x5a	; 90	'Z'
    0000055A 00                    1423 	.db #0x00	; 0
    0000055B 00                    1424 	.db #0x00	; 0
    0000055C 5A                    1425 	.db #0x5a	; 90	'Z'
    0000055D 00                    1426 	.db #0x00	; 0
    0000055E 00                    1427 	.db #0x00	; 0
    0000055F 5A                    1428 	.db #0x5a	; 90	'Z'
    00000560 00                    1429 	.db #0x00	; 0
    00000561 00                    1430 	.db #0x00	; 0
    00000562 5A                    1431 	.db #0x5a	; 90	'Z'
    00000563 00                    1432 	.db #0x00	; 0
    00000564 00                    1433 	.db #0x00	; 0
    00000565 5A                    1434 	.db #0x5a	; 90	'Z'
    00000566 00                    1435 	.db #0x00	; 0
    00000567 00                    1436 	.db #0x00	; 0
    00000568 5A                    1437 	.db #0x5a	; 90	'Z'
    00000569 00                    1438 	.db #0x00	; 0
    0000056A 00                    1439 	.db #0x00	; 0
    0000056B 5A                    1440 	.db #0x5a	; 90	'Z'
    0000056C 00                    1441 	.db #0x00	; 0
    0000056D 00                    1442 	.db #0x00	; 0
    0000056E 5A                    1443 	.db #0x5a	; 90	'Z'
    0000056F 00                    1444 	.db #0x00	; 0
    00000570 00                    1445 	.db #0x00	; 0
    00000571 5A                    1446 	.db #0x5a	; 90	'Z'
    00000572 00                    1447 	.db #0x00	; 0
    00000573 00                    1448 	.db #0x00	; 0
    00000574 5A                    1449 	.db #0x5a	; 90	'Z'
    00000575 00                    1450 	.db #0x00	; 0
    00000576 00                    1451 	.db #0x00	; 0
    00000577 5A                    1452 	.db #0x5a	; 90	'Z'
    00000578 00                    1453 	.db #0x00	; 0
    00000579 00                    1454 	.db #0x00	; 0
    0000057A 5A                    1455 	.db #0x5a	; 90	'Z'
    0000057B 00                    1456 	.db #0x00	; 0
    0000057C 00                    1457 	.db #0x00	; 0
    0000057D 5A                    1458 	.db #0x5a	; 90	'Z'
    0000057E 00                    1459 	.db #0x00	; 0
    0000057F 00                    1460 	.db #0x00	; 0
    00000580 5A                    1461 	.db #0x5a	; 90	'Z'
    00000581 00                    1462 	.db #0x00	; 0
    00000582 00                    1463 	.db #0x00	; 0
    00000583 5A                    1464 	.db #0x5a	; 90	'Z'
    00000584 00                    1465 	.db #0x00	; 0
    00000585 00                    1466 	.db #0x00	; 0
    00000586 5A                    1467 	.db #0x5a	; 90	'Z'
    00000587 00                    1468 	.db #0x00	; 0
    00000588 00                    1469 	.db #0x00	; 0
    00000589 5A                    1470 	.db #0x5a	; 90	'Z'
    0000058A 00                    1471 	.db #0x00	; 0
    0000058B 00                    1472 	.db #0x00	; 0
    0000058C 5A                    1473 	.db #0x5a	; 90	'Z'
    0000058D 00                    1474 	.db #0x00	; 0
    0000058E 00                    1475 	.db #0x00	; 0
    0000058F 5A                    1476 	.db #0x5a	; 90	'Z'
    00000590 00                    1477 	.db #0x00	; 0
    00000591 00                    1478 	.db #0x00	; 0
    00000592 5A                    1479 	.db #0x5a	; 90	'Z'
    00000593 00                    1480 	.db #0x00	; 0
    00000594 00                    1481 	.db #0x00	; 0
    00000595 5A                    1482 	.db #0x5a	; 90	'Z'
    00000596 00                    1483 	.db #0x00	; 0
    00000597 00                    1484 	.db #0x00	; 0
    00000598 5A                    1485 	.db #0x5a	; 90	'Z'
    00000599 00                    1486 	.db #0x00	; 0
    0000059A 00                    1487 	.db #0x00	; 0
    0000059B 5A                    1488 	.db #0x5a	; 90	'Z'
    0000059C 00                    1489 	.db #0x00	; 0
    0000059D 00                    1490 	.db #0x00	; 0
    0000059E 5A                    1491 	.db #0x5a	; 90	'Z'
    0000059F 00                    1492 	.db #0x00	; 0
    000005A0 00                    1493 	.db #0x00	; 0
    000005A1 1F                    1494 	.db #0x1f	; 31
    000005A2 80                    1495 	.db #0x80	; 128
    000005A3 00                    1496 	.db #0x00	; 0
    000005A4 5A                    1497 	.db #0x5a	; 90	'Z'
    000005A5 00                    1498 	.db #0x00	; 0
    000005A6 00                    1499 	.db #0x00	; 0
    000005A7 5A                    1500 	.db #0x5a	; 90	'Z'
    000005A8 00                    1501 	.db #0x00	; 0
    000005A9 00                    1502 	.db #0x00	; 0
    000005AA 5A                    1503 	.db #0x5a	; 90	'Z'
    000005AB 00                    1504 	.db #0x00	; 0
    000005AC 00                    1505 	.db #0x00	; 0
    000005AD 5A                    1506 	.db #0x5a	; 90	'Z'
    000005AE 00                    1507 	.db #0x00	; 0
    000005AF 00                    1508 	.db #0x00	; 0
    000005B0 5A                    1509 	.db #0x5a	; 90	'Z'
    000005B1 00                    1510 	.db #0x00	; 0
    000005B2 00                    1511 	.db #0x00	; 0
    000005B3 5A                    1512 	.db #0x5a	; 90	'Z'
    000005B4 00                    1513 	.db #0x00	; 0
    000005B5 00                    1514 	.db #0x00	; 0
    000005B6 5A                    1515 	.db #0x5a	; 90	'Z'
    000005B7 00                    1516 	.db #0x00	; 0
    000005B8 00                    1517 	.db #0x00	; 0
    000005B9 5A                    1518 	.db #0x5a	; 90	'Z'
    000005BA 00                    1519 	.db #0x00	; 0
    000005BB 00                    1520 	.db #0x00	; 0
    000005BC 5A                    1521 	.db #0x5a	; 90	'Z'
    000005BD 00                    1522 	.db #0x00	; 0
    000005BE 00                    1523 	.db #0x00	; 0
    000005BF 5A                    1524 	.db #0x5a	; 90	'Z'
    000005C0 00                    1525 	.db #0x00	; 0
    000005C1 00                    1526 	.db #0x00	; 0
    000005C2 5A                    1527 	.db #0x5a	; 90	'Z'
    000005C3 00                    1528 	.db #0x00	; 0
    000005C4 00                    1529 	.db #0x00	; 0
    000005C5 5A                    1530 	.db #0x5a	; 90	'Z'
    000005C6 00                    1531 	.db #0x00	; 0
    000005C7 00                    1532 	.db #0x00	; 0
    000005C8 5A                    1533 	.db #0x5a	; 90	'Z'
    000005C9 00                    1534 	.db #0x00	; 0
    000005CA 00                    1535 	.db #0x00	; 0
    000005CB 5A                    1536 	.db #0x5a	; 90	'Z'
    000005CC 00                    1537 	.db #0x00	; 0
    000005CD 00                    1538 	.db #0x00	; 0
    000005CE 5A                    1539 	.db #0x5a	; 90	'Z'
    000005CF 00                    1540 	.db #0x00	; 0
    000005D0 00                    1541 	.db #0x00	; 0
    000005D1 5A                    1542 	.db #0x5a	; 90	'Z'
    000005D2 00                    1543 	.db #0x00	; 0
    000005D3 00                    1544 	.db #0x00	; 0
    000005D4 5A                    1545 	.db #0x5a	; 90	'Z'
    000005D5 00                    1546 	.db #0x00	; 0
    000005D6 00                    1547 	.db #0x00	; 0
    000005D7 5A                    1548 	.db #0x5a	; 90	'Z'
    000005D8 00                    1549 	.db #0x00	; 0
    000005D9 00                    1550 	.db #0x00	; 0
    000005DA 5A                    1551 	.db #0x5a	; 90	'Z'
    000005DB 00                    1552 	.db #0x00	; 0
    000005DC 00                    1553 	.db #0x00	; 0
    000005DD 5A                    1554 	.db #0x5a	; 90	'Z'
    000005DE 00                    1555 	.db #0x00	; 0
    000005DF 00                    1556 	.db #0x00	; 0
    000005E0 5A                    1557 	.db #0x5a	; 90	'Z'
    000005E1 00                    1558 	.db #0x00	; 0
    000005E2 00                    1559 	.db #0x00	; 0
    000005E3 5A                    1560 	.db #0x5a	; 90	'Z'
    000005E4 00                    1561 	.db #0x00	; 0
    000005E5 00                    1562 	.db #0x00	; 0
    000005E6 5A                    1563 	.db #0x5a	; 90	'Z'
    000005E7 00                    1564 	.db #0x00	; 0
    000005E8 00                    1565 	.db #0x00	; 0
    000005E9 5A                    1566 	.db #0x5a	; 90	'Z'
    000005EA 00                    1567 	.db #0x00	; 0
    000005EB 00                    1568 	.db #0x00	; 0
    000005EC 5A                    1569 	.db #0x5a	; 90	'Z'
    000005ED 00                    1570 	.db #0x00	; 0
    000005EE 00                    1571 	.db #0x00	; 0
    000005EF 5A                    1572 	.db #0x5a	; 90	'Z'
    000005F0 00                    1573 	.db #0x00	; 0
    000005F1 00                    1574 	.db #0x00	; 0
    000005F2 5A                    1575 	.db #0x5a	; 90	'Z'
    000005F3 00                    1576 	.db #0x00	; 0
    000005F4 00                    1577 	.db #0x00	; 0
    000005F5 5A                    1578 	.db #0x5a	; 90	'Z'
    000005F6 00                    1579 	.db #0x00	; 0
    000005F7 00                    1580 	.db #0x00	; 0
    000005F8 5A                    1581 	.db #0x5a	; 90	'Z'
    000005F9 00                    1582 	.db #0x00	; 0
    000005FA 00                    1583 	.db #0x00	; 0
    000005FB 5A                    1584 	.db #0x5a	; 90	'Z'
    000005FC 00                    1585 	.db #0x00	; 0
    000005FD 00                    1586 	.db #0x00	; 0
    000005FE 5A                    1587 	.db #0x5a	; 90	'Z'
    000005FF 00                    1588 	.db #0x00	; 0
    00000600 00                    1589 	.db #0x00	; 0
    00000601                       1590 _P11:
    00000601 18                    1591 	.db #0x18	; 24
    00000602 B0                    1592 	.db #0xb0	; 176
    00000603 00                    1593 	.db #0x00	; 0
    00000604 5A                    1594 	.db #0x5a	; 90	'Z'
    00000605 00                    1595 	.db #0x00	; 0
    00000606 00                    1596 	.db #0x00	; 0
    00000607 5A                    1597 	.db #0x5a	; 90	'Z'
    00000608 00                    1598 	.db #0x00	; 0
    00000609 00                    1599 	.db #0x00	; 0
    0000060A 5A                    1600 	.db #0x5a	; 90	'Z'
    0000060B 00                    1601 	.db #0x00	; 0
    0000060C 00                    1602 	.db #0x00	; 0
    0000060D 5A                    1603 	.db #0x5a	; 90	'Z'
    0000060E 00                    1604 	.db #0x00	; 0
    0000060F 00                    1605 	.db #0x00	; 0
    00000610 5A                    1606 	.db #0x5a	; 90	'Z'
    00000611 00                    1607 	.db #0x00	; 0
    00000612 00                    1608 	.db #0x00	; 0
    00000613 5A                    1609 	.db #0x5a	; 90	'Z'
    00000614 00                    1610 	.db #0x00	; 0
    00000615 00                    1611 	.db #0x00	; 0
    00000616 5A                    1612 	.db #0x5a	; 90	'Z'
    00000617 00                    1613 	.db #0x00	; 0
    00000618 00                    1614 	.db #0x00	; 0
    00000619 1E                    1615 	.db #0x1e	; 30
    0000061A 10                    1616 	.db #0x10	; 16
    0000061B 00                    1617 	.db #0x00	; 0
    0000061C 1E                    1618 	.db #0x1e	; 30
    0000061D 10                    1619 	.db #0x10	; 16
    0000061E 00                    1620 	.db #0x00	; 0
    0000061F 1E                    1621 	.db #0x1e	; 30
    00000620 10                    1622 	.db #0x10	; 16
    00000621 00                    1623 	.db #0x00	; 0
    00000622 1E                    1624 	.db #0x1e	; 30
    00000623 10                    1625 	.db #0x10	; 16
    00000624 00                    1626 	.db #0x00	; 0
    00000625 1E                    1627 	.db #0x1e	; 30
    00000626 10                    1628 	.db #0x10	; 16
    00000627 00                    1629 	.db #0x00	; 0
    00000628 1E                    1630 	.db #0x1e	; 30
    00000629 10                    1631 	.db #0x10	; 16
    0000062A 00                    1632 	.db #0x00	; 0
    0000062B 1E                    1633 	.db #0x1e	; 30
    0000062C 10                    1634 	.db #0x10	; 16
    0000062D 00                    1635 	.db #0x00	; 0
    0000062E 1E                    1636 	.db #0x1e	; 30
    0000062F 10                    1637 	.db #0x10	; 16
    00000630 00                    1638 	.db #0x00	; 0
    00000631 18                    1639 	.db #0x18	; 24
    00000632 70                    1640 	.db #0x70	; 112	'p'
    00000633 00                    1641 	.db #0x00	; 0
    00000634 5A                    1642 	.db #0x5a	; 90	'Z'
    00000635 00                    1643 	.db #0x00	; 0
    00000636 00                    1644 	.db #0x00	; 0
    00000637 5A                    1645 	.db #0x5a	; 90	'Z'
    00000638 00                    1646 	.db #0x00	; 0
    00000639 00                    1647 	.db #0x00	; 0
    0000063A 5A                    1648 	.db #0x5a	; 90	'Z'
    0000063B 00                    1649 	.db #0x00	; 0
    0000063C 00                    1650 	.db #0x00	; 0
    0000063D 5A                    1651 	.db #0x5a	; 90	'Z'
    0000063E 00                    1652 	.db #0x00	; 0
    0000063F 00                    1653 	.db #0x00	; 0
    00000640 5A                    1654 	.db #0x5a	; 90	'Z'
    00000641 00                    1655 	.db #0x00	; 0
    00000642 00                    1656 	.db #0x00	; 0
    00000643 5A                    1657 	.db #0x5a	; 90	'Z'
    00000644 00                    1658 	.db #0x00	; 0
    00000645 00                    1659 	.db #0x00	; 0
    00000646 5A                    1660 	.db #0x5a	; 90	'Z'
    00000647 00                    1661 	.db #0x00	; 0
    00000648 00                    1662 	.db #0x00	; 0
    00000649 5A                    1663 	.db #0x5a	; 90	'Z'
    0000064A 00                    1664 	.db #0x00	; 0
    0000064B 00                    1665 	.db #0x00	; 0
    0000064C 5A                    1666 	.db #0x5a	; 90	'Z'
    0000064D 00                    1667 	.db #0x00	; 0
    0000064E 00                    1668 	.db #0x00	; 0
    0000064F 18                    1669 	.db #0x18	; 24
    00000650 60                    1670 	.db #0x60	; 96
    00000651 00                    1671 	.db #0x00	; 0
    00000652 5A                    1672 	.db #0x5a	; 90	'Z'
    00000653 00                    1673 	.db #0x00	; 0
    00000654 00                    1674 	.db #0x00	; 0
    00000655 5A                    1675 	.db #0x5a	; 90	'Z'
    00000656 00                    1676 	.db #0x00	; 0
    00000657 00                    1677 	.db #0x00	; 0
    00000658 5A                    1678 	.db #0x5a	; 90	'Z'
    00000659 00                    1679 	.db #0x00	; 0
    0000065A 00                    1680 	.db #0x00	; 0
    0000065B 17                    1681 	.db #0x17	; 23
    0000065C 60                    1682 	.db #0x60	; 96
    0000065D 00                    1683 	.db #0x00	; 0
    0000065E 5A                    1684 	.db #0x5a	; 90	'Z'
    0000065F 00                    1685 	.db #0x00	; 0
    00000660 00                    1686 	.db #0x00	; 0
    00000661 18                    1687 	.db #0x18	; 24
    00000662 B0                    1688 	.db #0xb0	; 176
    00000663 00                    1689 	.db #0x00	; 0
    00000664 5A                    1690 	.db #0x5a	; 90	'Z'
    00000665 00                    1691 	.db #0x00	; 0
    00000666 00                    1692 	.db #0x00	; 0
    00000667 5A                    1693 	.db #0x5a	; 90	'Z'
    00000668 00                    1694 	.db #0x00	; 0
    00000669 00                    1695 	.db #0x00	; 0
    0000066A 5A                    1696 	.db #0x5a	; 90	'Z'
    0000066B 00                    1697 	.db #0x00	; 0
    0000066C 00                    1698 	.db #0x00	; 0
    0000066D 5A                    1699 	.db #0x5a	; 90	'Z'
    0000066E 00                    1700 	.db #0x00	; 0
    0000066F 00                    1701 	.db #0x00	; 0
    00000670 5A                    1702 	.db #0x5a	; 90	'Z'
    00000671 00                    1703 	.db #0x00	; 0
    00000672 00                    1704 	.db #0x00	; 0
    00000673 5A                    1705 	.db #0x5a	; 90	'Z'
    00000674 00                    1706 	.db #0x00	; 0
    00000675 00                    1707 	.db #0x00	; 0
    00000676 5A                    1708 	.db #0x5a	; 90	'Z'
    00000677 00                    1709 	.db #0x00	; 0
    00000678 00                    1710 	.db #0x00	; 0
    00000679 1E                    1711 	.db #0x1e	; 30
    0000067A 10                    1712 	.db #0x10	; 16
    0000067B 00                    1713 	.db #0x00	; 0
    0000067C 1E                    1714 	.db #0x1e	; 30
    0000067D 10                    1715 	.db #0x10	; 16
    0000067E 00                    1716 	.db #0x00	; 0
    0000067F 1E                    1717 	.db #0x1e	; 30
    00000680 10                    1718 	.db #0x10	; 16
    00000681 00                    1719 	.db #0x00	; 0
    00000682 1E                    1720 	.db #0x1e	; 30
    00000683 10                    1721 	.db #0x10	; 16
    00000684 00                    1722 	.db #0x00	; 0
    00000685 1E                    1723 	.db #0x1e	; 30
    00000686 10                    1724 	.db #0x10	; 16
    00000687 00                    1725 	.db #0x00	; 0
    00000688 1E                    1726 	.db #0x1e	; 30
    00000689 10                    1727 	.db #0x10	; 16
    0000068A 00                    1728 	.db #0x00	; 0
    0000068B 1E                    1729 	.db #0x1e	; 30
    0000068C 10                    1730 	.db #0x10	; 16
    0000068D 00                    1731 	.db #0x00	; 0
    0000068E 1E                    1732 	.db #0x1e	; 30
    0000068F 10                    1733 	.db #0x10	; 16
    00000690 00                    1734 	.db #0x00	; 0
    00000691 18                    1735 	.db #0x18	; 24
    00000692 70                    1736 	.db #0x70	; 112	'p'
    00000693 00                    1737 	.db #0x00	; 0
    00000694 5A                    1738 	.db #0x5a	; 90	'Z'
    00000695 00                    1739 	.db #0x00	; 0
    00000696 00                    1740 	.db #0x00	; 0
    00000697 5A                    1741 	.db #0x5a	; 90	'Z'
    00000698 00                    1742 	.db #0x00	; 0
    00000699 00                    1743 	.db #0x00	; 0
    0000069A 5A                    1744 	.db #0x5a	; 90	'Z'
    0000069B 00                    1745 	.db #0x00	; 0
    0000069C 00                    1746 	.db #0x00	; 0
    0000069D 5A                    1747 	.db #0x5a	; 90	'Z'
    0000069E 00                    1748 	.db #0x00	; 0
    0000069F 00                    1749 	.db #0x00	; 0
    000006A0 5A                    1750 	.db #0x5a	; 90	'Z'
    000006A1 00                    1751 	.db #0x00	; 0
    000006A2 00                    1752 	.db #0x00	; 0
    000006A3 5A                    1753 	.db #0x5a	; 90	'Z'
    000006A4 00                    1754 	.db #0x00	; 0
    000006A5 00                    1755 	.db #0x00	; 0
    000006A6 5A                    1756 	.db #0x5a	; 90	'Z'
    000006A7 00                    1757 	.db #0x00	; 0
    000006A8 00                    1758 	.db #0x00	; 0
    000006A9 18                    1759 	.db #0x18	; 24
    000006AA B0                    1760 	.db #0xb0	; 176
    000006AB 00                    1761 	.db #0x00	; 0
    000006AC 5A                    1762 	.db #0x5a	; 90	'Z'
    000006AD 00                    1763 	.db #0x00	; 0
    000006AE 00                    1764 	.db #0x00	; 0
    000006AF 5A                    1765 	.db #0x5a	; 90	'Z'
    000006B0 00                    1766 	.db #0x00	; 0
    000006B1 00                    1767 	.db #0x00	; 0
    000006B2 5A                    1768 	.db #0x5a	; 90	'Z'
    000006B3 00                    1769 	.db #0x00	; 0
    000006B4 00                    1770 	.db #0x00	; 0
    000006B5 18                    1771 	.db #0x18	; 24
    000006B6 50                    1772 	.db #0x50	; 80	'P'
    000006B7 00                    1773 	.db #0x00	; 0
    000006B8 5A                    1774 	.db #0x5a	; 90	'Z'
    000006B9 00                    1775 	.db #0x00	; 0
    000006BA 00                    1776 	.db #0x00	; 0
    000006BB 5A                    1777 	.db #0x5a	; 90	'Z'
    000006BC 00                    1778 	.db #0x00	; 0
    000006BD 00                    1779 	.db #0x00	; 0
    000006BE 5A                    1780 	.db #0x5a	; 90	'Z'
    000006BF 00                    1781 	.db #0x00	; 0
    000006C0 00                    1782 	.db #0x00	; 0
    000006C1                       1783 _P12:
    000006C1 1D                    1784 	.db #0x1d	; 29
    000006C2 B0                    1785 	.db #0xb0	; 176
    000006C3 00                    1786 	.db #0x00	; 0
    000006C4 1D                    1787 	.db #0x1d	; 29
    000006C5 10                    1788 	.db #0x10	; 16
    000006C6 00                    1789 	.db #0x00	; 0
    000006C7 18                    1790 	.db #0x18	; 24
    000006C8 10                    1791 	.db #0x10	; 16
    000006C9 00                    1792 	.db #0x00	; 0
    000006CA 5A                    1793 	.db #0x5a	; 90	'Z'
    000006CB 00                    1794 	.db #0x00	; 0
    000006CC 00                    1795 	.db #0x00	; 0
    000006CD 14                    1796 	.db #0x14	; 20
    000006CE 10                    1797 	.db #0x10	; 16
    000006CF 00                    1798 	.db #0x00	; 0
    000006D0 5A                    1799 	.db #0x5a	; 90	'Z'
    000006D1 00                    1800 	.db #0x00	; 0
    000006D2 00                    1801 	.db #0x00	; 0
    000006D3 11                    1802 	.db #0x11	; 17
    000006D4 10                    1803 	.db #0x10	; 16
    000006D5 00                    1804 	.db #0x00	; 0
    000006D6 5A                    1805 	.db #0x5a	; 90	'Z'
    000006D7 00                    1806 	.db #0x00	; 0
    000006D8 00                    1807 	.db #0x00	; 0
    000006D9 1D                    1808 	.db #0x1d	; 29
    000006DA 10                    1809 	.db #0x10	; 16
    000006DB 00                    1810 	.db #0x00	; 0
    000006DC 5A                    1811 	.db #0x5a	; 90	'Z'
    000006DD 00                    1812 	.db #0x00	; 0
    000006DE 00                    1813 	.db #0x00	; 0
    000006DF 18                    1814 	.db #0x18	; 24
    000006E0 10                    1815 	.db #0x10	; 16
    000006E1 00                    1816 	.db #0x00	; 0
    000006E2 5A                    1817 	.db #0x5a	; 90	'Z'
    000006E3 00                    1818 	.db #0x00	; 0
    000006E4 00                    1819 	.db #0x00	; 0
    000006E5 14                    1820 	.db #0x14	; 20
    000006E6 10                    1821 	.db #0x10	; 16
    000006E7 00                    1822 	.db #0x00	; 0
    000006E8 5A                    1823 	.db #0x5a	; 90	'Z'
    000006E9 00                    1824 	.db #0x00	; 0
    000006EA 00                    1825 	.db #0x00	; 0
    000006EB 11                    1826 	.db #0x11	; 17
    000006EC 10                    1827 	.db #0x10	; 16
    000006ED 00                    1828 	.db #0x00	; 0
    000006EE 5A                    1829 	.db #0x5a	; 90	'Z'
    000006EF 00                    1830 	.db #0x00	; 0
    000006F0 00                    1831 	.db #0x00	; 0
    000006F1 1D                    1832 	.db #0x1d	; 29
    000006F2 B0                    1833 	.db #0xb0	; 176
    000006F3 00                    1834 	.db #0x00	; 0
    000006F4 1D                    1835 	.db #0x1d	; 29
    000006F5 10                    1836 	.db #0x10	; 16
    000006F6 00                    1837 	.db #0x00	; 0
    000006F7 18                    1838 	.db #0x18	; 24
    000006F8 10                    1839 	.db #0x10	; 16
    000006F9 00                    1840 	.db #0x00	; 0
    000006FA 5A                    1841 	.db #0x5a	; 90	'Z'
    000006FB 00                    1842 	.db #0x00	; 0
    000006FC 00                    1843 	.db #0x00	; 0
    000006FD 14                    1844 	.db #0x14	; 20
    000006FE 10                    1845 	.db #0x10	; 16
    000006FF 00                    1846 	.db #0x00	; 0
    00000700 5A                    1847 	.db #0x5a	; 90	'Z'
    00000701 00                    1848 	.db #0x00	; 0
    00000702 00                    1849 	.db #0x00	; 0
    00000703 11                    1850 	.db #0x11	; 17
    00000704 10                    1851 	.db #0x10	; 16
    00000705 00                    1852 	.db #0x00	; 0
    00000706 5A                    1853 	.db #0x5a	; 90	'Z'
    00000707 00                    1854 	.db #0x00	; 0
    00000708 00                    1855 	.db #0x00	; 0
    00000709 1D                    1856 	.db #0x1d	; 29
    0000070A 10                    1857 	.db #0x10	; 16
    0000070B 00                    1858 	.db #0x00	; 0
    0000070C 5A                    1859 	.db #0x5a	; 90	'Z'
    0000070D 00                    1860 	.db #0x00	; 0
    0000070E 00                    1861 	.db #0x00	; 0
    0000070F 18                    1862 	.db #0x18	; 24
    00000710 10                    1863 	.db #0x10	; 16
    00000711 00                    1864 	.db #0x00	; 0
    00000712 5A                    1865 	.db #0x5a	; 90	'Z'
    00000713 00                    1866 	.db #0x00	; 0
    00000714 00                    1867 	.db #0x00	; 0
    00000715 14                    1868 	.db #0x14	; 20
    00000716 10                    1869 	.db #0x10	; 16
    00000717 00                    1870 	.db #0x00	; 0
    00000718 5A                    1871 	.db #0x5a	; 90	'Z'
    00000719 00                    1872 	.db #0x00	; 0
    0000071A 00                    1873 	.db #0x00	; 0
    0000071B 11                    1874 	.db #0x11	; 17
    0000071C 10                    1875 	.db #0x10	; 16
    0000071D 00                    1876 	.db #0x00	; 0
    0000071E 5A                    1877 	.db #0x5a	; 90	'Z'
    0000071F 00                    1878 	.db #0x00	; 0
    00000720 00                    1879 	.db #0x00	; 0
    00000721 1D                    1880 	.db #0x1d	; 29
    00000722 B0                    1881 	.db #0xb0	; 176
    00000723 00                    1882 	.db #0x00	; 0
    00000724 18                    1883 	.db #0x18	; 24
    00000725 10                    1884 	.db #0x10	; 16
    00000726 00                    1885 	.db #0x00	; 0
    00000727 13                    1886 	.db #0x13	; 19
    00000728 10                    1887 	.db #0x10	; 16
    00000729 00                    1888 	.db #0x00	; 0
    0000072A 5A                    1889 	.db #0x5a	; 90	'Z'
    0000072B 00                    1890 	.db #0x00	; 0
    0000072C 00                    1891 	.db #0x00	; 0
    0000072D 0F                    1892 	.db #0x0f	; 15
    0000072E 10                    1893 	.db #0x10	; 16
    0000072F 00                    1894 	.db #0x00	; 0
    00000730 5A                    1895 	.db #0x5a	; 90	'Z'
    00000731 00                    1896 	.db #0x00	; 0
    00000732 00                    1897 	.db #0x00	; 0
    00000733 0C                    1898 	.db #0x0c	; 12
    00000734 10                    1899 	.db #0x10	; 16
    00000735 00                    1900 	.db #0x00	; 0
    00000736 5A                    1901 	.db #0x5a	; 90	'Z'
    00000737 00                    1902 	.db #0x00	; 0
    00000738 00                    1903 	.db #0x00	; 0
    00000739 18                    1904 	.db #0x18	; 24
    0000073A 10                    1905 	.db #0x10	; 16
    0000073B 00                    1906 	.db #0x00	; 0
    0000073C 5A                    1907 	.db #0x5a	; 90	'Z'
    0000073D 00                    1908 	.db #0x00	; 0
    0000073E 00                    1909 	.db #0x00	; 0
    0000073F 13                    1910 	.db #0x13	; 19
    00000740 10                    1911 	.db #0x10	; 16
    00000741 00                    1912 	.db #0x00	; 0
    00000742 5A                    1913 	.db #0x5a	; 90	'Z'
    00000743 00                    1914 	.db #0x00	; 0
    00000744 00                    1915 	.db #0x00	; 0
    00000745 0F                    1916 	.db #0x0f	; 15
    00000746 10                    1917 	.db #0x10	; 16
    00000747 00                    1918 	.db #0x00	; 0
    00000748 5A                    1919 	.db #0x5a	; 90	'Z'
    00000749 00                    1920 	.db #0x00	; 0
    0000074A 00                    1921 	.db #0x00	; 0
    0000074B 0C                    1922 	.db #0x0c	; 12
    0000074C 10                    1923 	.db #0x10	; 16
    0000074D 00                    1924 	.db #0x00	; 0
    0000074E 5A                    1925 	.db #0x5a	; 90	'Z'
    0000074F 00                    1926 	.db #0x00	; 0
    00000750 00                    1927 	.db #0x00	; 0
    00000751 1D                    1928 	.db #0x1d	; 29
    00000752 B0                    1929 	.db #0xb0	; 176
    00000753 00                    1930 	.db #0x00	; 0
    00000754 18                    1931 	.db #0x18	; 24
    00000755 1C                    1932 	.db #0x1c	; 28
    00000756 0A                    1933 	.db #0x0a	; 10
    00000757 13                    1934 	.db #0x13	; 19
    00000758 1C                    1935 	.db #0x1c	; 28
    00000759 09                    1936 	.db #0x09	; 9
    0000075A 5A                    1937 	.db #0x5a	; 90	'Z'
    0000075B 00                    1938 	.db #0x00	; 0
    0000075C 00                    1939 	.db #0x00	; 0
    0000075D 0F                    1940 	.db #0x0f	; 15
    0000075E 1C                    1941 	.db #0x1c	; 28
    0000075F 07                    1942 	.db #0x07	; 7
    00000760 5A                    1943 	.db #0x5a	; 90	'Z'
    00000761 00                    1944 	.db #0x00	; 0
    00000762 00                    1945 	.db #0x00	; 0
    00000763 0C                    1946 	.db #0x0c	; 12
    00000764 1C                    1947 	.db #0x1c	; 28
    00000765 05                    1948 	.db #0x05	; 5
    00000766 5A                    1949 	.db #0x5a	; 90	'Z'
    00000767 00                    1950 	.db #0x00	; 0
    00000768 00                    1951 	.db #0x00	; 0
    00000769 18                    1952 	.db #0x18	; 24
    0000076A 1C                    1953 	.db #0x1c	; 28
    0000076B 04                    1954 	.db #0x04	; 4
    0000076C 5A                    1955 	.db #0x5a	; 90	'Z'
    0000076D 00                    1956 	.db #0x00	; 0
    0000076E 00                    1957 	.db #0x00	; 0
    0000076F 13                    1958 	.db #0x13	; 19
    00000770 1C                    1959 	.db #0x1c	; 28
    00000771 03                    1960 	.db #0x03	; 3
    00000772 5A                    1961 	.db #0x5a	; 90	'Z'
    00000773 00                    1962 	.db #0x00	; 0
    00000774 00                    1963 	.db #0x00	; 0
    00000775 0F                    1964 	.db #0x0f	; 15
    00000776 1C                    1965 	.db #0x1c	; 28
    00000777 02                    1966 	.db #0x02	; 2
    00000778 5A                    1967 	.db #0x5a	; 90	'Z'
    00000779 00                    1968 	.db #0x00	; 0
    0000077A 00                    1969 	.db #0x00	; 0
    0000077B 0C                    1970 	.db #0x0c	; 12
    0000077C 1C                    1971 	.db #0x1c	; 28
    0000077D 01                    1972 	.db #0x01	; 1
    0000077E 5A                    1973 	.db #0x5a	; 90	'Z'
    0000077F 00                    1974 	.db #0x00	; 0
    00000780 00                    1975 	.db #0x00	; 0
    00000781                       1976 _P13:
    00000781 1D                    1977 	.db #0x1d	; 29
    00000782 80                    1978 	.db #0x80	; 128
    00000783 00                    1979 	.db #0x00	; 0
    00000784 5A                    1980 	.db #0x5a	; 90	'Z'
    00000785 00                    1981 	.db #0x00	; 0
    00000786 00                    1982 	.db #0x00	; 0
    00000787 5A                    1983 	.db #0x5a	; 90	'Z'
    00000788 00                    1984 	.db #0x00	; 0
    00000789 00                    1985 	.db #0x00	; 0
    0000078A 5A                    1986 	.db #0x5a	; 90	'Z'
    0000078B 00                    1987 	.db #0x00	; 0
    0000078C 00                    1988 	.db #0x00	; 0
    0000078D 5A                    1989 	.db #0x5a	; 90	'Z'
    0000078E 00                    1990 	.db #0x00	; 0
    0000078F 00                    1991 	.db #0x00	; 0
    00000790 5A                    1992 	.db #0x5a	; 90	'Z'
    00000791 00                    1993 	.db #0x00	; 0
    00000792 00                    1994 	.db #0x00	; 0
    00000793 5A                    1995 	.db #0x5a	; 90	'Z'
    00000794 00                    1996 	.db #0x00	; 0
    00000795 00                    1997 	.db #0x00	; 0
    00000796 5A                    1998 	.db #0x5a	; 90	'Z'
    00000797 00                    1999 	.db #0x00	; 0
    00000798 00                    2000 	.db #0x00	; 0
    00000799 5A                    2001 	.db #0x5a	; 90	'Z'
    0000079A 00                    2002 	.db #0x00	; 0
    0000079B 00                    2003 	.db #0x00	; 0
    0000079C 5A                    2004 	.db #0x5a	; 90	'Z'
    0000079D 00                    2005 	.db #0x00	; 0
    0000079E 00                    2006 	.db #0x00	; 0
    0000079F 5A                    2007 	.db #0x5a	; 90	'Z'
    000007A0 00                    2008 	.db #0x00	; 0
    000007A1 00                    2009 	.db #0x00	; 0
    000007A2 5A                    2010 	.db #0x5a	; 90	'Z'
    000007A3 00                    2011 	.db #0x00	; 0
    000007A4 00                    2012 	.db #0x00	; 0
    000007A5 5A                    2013 	.db #0x5a	; 90	'Z'
    000007A6 00                    2014 	.db #0x00	; 0
    000007A7 00                    2015 	.db #0x00	; 0
    000007A8 5A                    2016 	.db #0x5a	; 90	'Z'
    000007A9 00                    2017 	.db #0x00	; 0
    000007AA 00                    2018 	.db #0x00	; 0
    000007AB 5A                    2019 	.db #0x5a	; 90	'Z'
    000007AC 00                    2020 	.db #0x00	; 0
    000007AD 00                    2021 	.db #0x00	; 0
    000007AE 5A                    2022 	.db #0x5a	; 90	'Z'
    000007AF 00                    2023 	.db #0x00	; 0
    000007B0 00                    2024 	.db #0x00	; 0
    000007B1 5A                    2025 	.db #0x5a	; 90	'Z'
    000007B2 00                    2026 	.db #0x00	; 0
    000007B3 00                    2027 	.db #0x00	; 0
    000007B4 5A                    2028 	.db #0x5a	; 90	'Z'
    000007B5 00                    2029 	.db #0x00	; 0
    000007B6 00                    2030 	.db #0x00	; 0
    000007B7 5A                    2031 	.db #0x5a	; 90	'Z'
    000007B8 00                    2032 	.db #0x00	; 0
    000007B9 00                    2033 	.db #0x00	; 0
    000007BA 5A                    2034 	.db #0x5a	; 90	'Z'
    000007BB 00                    2035 	.db #0x00	; 0
    000007BC 00                    2036 	.db #0x00	; 0
    000007BD 5A                    2037 	.db #0x5a	; 90	'Z'
    000007BE 00                    2038 	.db #0x00	; 0
    000007BF 00                    2039 	.db #0x00	; 0
    000007C0 5A                    2040 	.db #0x5a	; 90	'Z'
    000007C1 00                    2041 	.db #0x00	; 0
    000007C2 00                    2042 	.db #0x00	; 0
    000007C3 5A                    2043 	.db #0x5a	; 90	'Z'
    000007C4 00                    2044 	.db #0x00	; 0
    000007C5 00                    2045 	.db #0x00	; 0
    000007C6 5A                    2046 	.db #0x5a	; 90	'Z'
    000007C7 00                    2047 	.db #0x00	; 0
    000007C8 00                    2048 	.db #0x00	; 0
    000007C9 5A                    2049 	.db #0x5a	; 90	'Z'
    000007CA 00                    2050 	.db #0x00	; 0
    000007CB 00                    2051 	.db #0x00	; 0
    000007CC 5A                    2052 	.db #0x5a	; 90	'Z'
    000007CD 00                    2053 	.db #0x00	; 0
    000007CE 00                    2054 	.db #0x00	; 0
    000007CF 5A                    2055 	.db #0x5a	; 90	'Z'
    000007D0 00                    2056 	.db #0x00	; 0
    000007D1 00                    2057 	.db #0x00	; 0
    000007D2 5A                    2058 	.db #0x5a	; 90	'Z'
    000007D3 00                    2059 	.db #0x00	; 0
    000007D4 00                    2060 	.db #0x00	; 0
    000007D5 5A                    2061 	.db #0x5a	; 90	'Z'
    000007D6 00                    2062 	.db #0x00	; 0
    000007D7 00                    2063 	.db #0x00	; 0
    000007D8 5A                    2064 	.db #0x5a	; 90	'Z'
    000007D9 00                    2065 	.db #0x00	; 0
    000007DA 00                    2066 	.db #0x00	; 0
    000007DB 5A                    2067 	.db #0x5a	; 90	'Z'
    000007DC 00                    2068 	.db #0x00	; 0
    000007DD 00                    2069 	.db #0x00	; 0
    000007DE 5A                    2070 	.db #0x5a	; 90	'Z'
    000007DF 00                    2071 	.db #0x00	; 0
    000007E0 00                    2072 	.db #0x00	; 0
    000007E1 18                    2073 	.db #0x18	; 24
    000007E2 80                    2074 	.db #0x80	; 128
    000007E3 00                    2075 	.db #0x00	; 0
    000007E4 5A                    2076 	.db #0x5a	; 90	'Z'
    000007E5 00                    2077 	.db #0x00	; 0
    000007E6 00                    2078 	.db #0x00	; 0
    000007E7 5A                    2079 	.db #0x5a	; 90	'Z'
    000007E8 00                    2080 	.db #0x00	; 0
    000007E9 00                    2081 	.db #0x00	; 0
    000007EA 5A                    2082 	.db #0x5a	; 90	'Z'
    000007EB 00                    2083 	.db #0x00	; 0
    000007EC 00                    2084 	.db #0x00	; 0
    000007ED 5A                    2085 	.db #0x5a	; 90	'Z'
    000007EE 00                    2086 	.db #0x00	; 0
    000007EF 00                    2087 	.db #0x00	; 0
    000007F0 5A                    2088 	.db #0x5a	; 90	'Z'
    000007F1 00                    2089 	.db #0x00	; 0
    000007F2 00                    2090 	.db #0x00	; 0
    000007F3 5A                    2091 	.db #0x5a	; 90	'Z'
    000007F4 00                    2092 	.db #0x00	; 0
    000007F5 00                    2093 	.db #0x00	; 0
    000007F6 5A                    2094 	.db #0x5a	; 90	'Z'
    000007F7 00                    2095 	.db #0x00	; 0
    000007F8 00                    2096 	.db #0x00	; 0
    000007F9 5A                    2097 	.db #0x5a	; 90	'Z'
    000007FA 00                    2098 	.db #0x00	; 0
    000007FB 00                    2099 	.db #0x00	; 0
    000007FC 5A                    2100 	.db #0x5a	; 90	'Z'
    000007FD 00                    2101 	.db #0x00	; 0
    000007FE 00                    2102 	.db #0x00	; 0
    000007FF 5A                    2103 	.db #0x5a	; 90	'Z'
    00000800 00                    2104 	.db #0x00	; 0
    00000801 00                    2105 	.db #0x00	; 0
    00000802 5A                    2106 	.db #0x5a	; 90	'Z'
    00000803 00                    2107 	.db #0x00	; 0
    00000804 00                    2108 	.db #0x00	; 0
    00000805 5A                    2109 	.db #0x5a	; 90	'Z'
    00000806 00                    2110 	.db #0x00	; 0
    00000807 00                    2111 	.db #0x00	; 0
    00000808 5A                    2112 	.db #0x5a	; 90	'Z'
    00000809 00                    2113 	.db #0x00	; 0
    0000080A 00                    2114 	.db #0x00	; 0
    0000080B 5A                    2115 	.db #0x5a	; 90	'Z'
    0000080C 00                    2116 	.db #0x00	; 0
    0000080D 00                    2117 	.db #0x00	; 0
    0000080E 5A                    2118 	.db #0x5a	; 90	'Z'
    0000080F 00                    2119 	.db #0x00	; 0
    00000810 00                    2120 	.db #0x00	; 0
    00000811 5A                    2121 	.db #0x5a	; 90	'Z'
    00000812 00                    2122 	.db #0x00	; 0
    00000813 00                    2123 	.db #0x00	; 0
    00000814 5A                    2124 	.db #0x5a	; 90	'Z'
    00000815 00                    2125 	.db #0x00	; 0
    00000816 00                    2126 	.db #0x00	; 0
    00000817 5A                    2127 	.db #0x5a	; 90	'Z'
    00000818 00                    2128 	.db #0x00	; 0
    00000819 00                    2129 	.db #0x00	; 0
    0000081A 5A                    2130 	.db #0x5a	; 90	'Z'
    0000081B 00                    2131 	.db #0x00	; 0
    0000081C 00                    2132 	.db #0x00	; 0
    0000081D 5A                    2133 	.db #0x5a	; 90	'Z'
    0000081E 00                    2134 	.db #0x00	; 0
    0000081F 00                    2135 	.db #0x00	; 0
    00000820 5A                    2136 	.db #0x5a	; 90	'Z'
    00000821 00                    2137 	.db #0x00	; 0
    00000822 00                    2138 	.db #0x00	; 0
    00000823 5A                    2139 	.db #0x5a	; 90	'Z'
    00000824 00                    2140 	.db #0x00	; 0
    00000825 00                    2141 	.db #0x00	; 0
    00000826 5A                    2142 	.db #0x5a	; 90	'Z'
    00000827 00                    2143 	.db #0x00	; 0
    00000828 00                    2144 	.db #0x00	; 0
    00000829 5A                    2145 	.db #0x5a	; 90	'Z'
    0000082A 0E                    2146 	.db #0x0e	; 14
    0000082B 00                    2147 	.db #0x00	; 0
    0000082C 5A                    2148 	.db #0x5a	; 90	'Z'
    0000082D 00                    2149 	.db #0x00	; 0
    0000082E 00                    2150 	.db #0x00	; 0
    0000082F 5A                    2151 	.db #0x5a	; 90	'Z'
    00000830 00                    2152 	.db #0x00	; 0
    00000831 00                    2153 	.db #0x00	; 0
    00000832 5A                    2154 	.db #0x5a	; 90	'Z'
    00000833 00                    2155 	.db #0x00	; 0
    00000834 00                    2156 	.db #0x00	; 0
    00000835 5A                    2157 	.db #0x5a	; 90	'Z'
    00000836 00                    2158 	.db #0x00	; 0
    00000837 00                    2159 	.db #0x00	; 0
    00000838 5A                    2160 	.db #0x5a	; 90	'Z'
    00000839 00                    2161 	.db #0x00	; 0
    0000083A 00                    2162 	.db #0x00	; 0
    0000083B 5A                    2163 	.db #0x5a	; 90	'Z'
    0000083C 00                    2164 	.db #0x00	; 0
    0000083D 00                    2165 	.db #0x00	; 0
    0000083E 5A                    2166 	.db #0x5a	; 90	'Z'
    0000083F 00                    2167 	.db #0x00	; 0
    00000840 00                    2168 	.db #0x00	; 0
    00000841                       2169 _P14:
    00000841 11                    2170 	.db #0x11	; 17
    00000842 10                    2171 	.db #0x10	; 16
    00000843 00                    2172 	.db #0x00	; 0
    00000844 5A                    2173 	.db #0x5a	; 90	'Z'
    00000845 00                    2174 	.db #0x00	; 0
    00000846 00                    2175 	.db #0x00	; 0
    00000847 5A                    2176 	.db #0x5a	; 90	'Z'
    00000848 00                    2177 	.db #0x00	; 0
    00000849 00                    2178 	.db #0x00	; 0
    0000084A 5A                    2179 	.db #0x5a	; 90	'Z'
    0000084B 00                    2180 	.db #0x00	; 0
    0000084C 00                    2181 	.db #0x00	; 0
    0000084D 11                    2182 	.db #0x11	; 17
    0000084E C0                    2183 	.db #0xc0	; 192
    0000084F 00                    2184 	.db #0x00	; 0
    00000850 5A                    2185 	.db #0x5a	; 90	'Z'
    00000851 00                    2186 	.db #0x00	; 0
    00000852 00                    2187 	.db #0x00	; 0
    00000853 5A                    2188 	.db #0x5a	; 90	'Z'
    00000854 00                    2189 	.db #0x00	; 0
    00000855 00                    2190 	.db #0x00	; 0
    00000856 5A                    2191 	.db #0x5a	; 90	'Z'
    00000857 00                    2192 	.db #0x00	; 0
    00000858 00                    2193 	.db #0x00	; 0
    00000859 11                    2194 	.db #0x11	; 17
    0000085A 20                    2195 	.db #0x20	; 32
    0000085B 00                    2196 	.db #0x00	; 0
    0000085C 5A                    2197 	.db #0x5a	; 90	'Z'
    0000085D 00                    2198 	.db #0x00	; 0
    0000085E 00                    2199 	.db #0x00	; 0
    0000085F 5A                    2200 	.db #0x5a	; 90	'Z'
    00000860 00                    2201 	.db #0x00	; 0
    00000861 00                    2202 	.db #0x00	; 0
    00000862 5A                    2203 	.db #0x5a	; 90	'Z'
    00000863 00                    2204 	.db #0x00	; 0
    00000864 00                    2205 	.db #0x00	; 0
    00000865 11                    2206 	.db #0x11	; 17
    00000866 E0                    2207 	.db #0xe0	; 224
    00000867 00                    2208 	.db #0x00	; 0
    00000868 5A                    2209 	.db #0x5a	; 90	'Z'
    00000869 00                    2210 	.db #0x00	; 0
    0000086A 00                    2211 	.db #0x00	; 0
    0000086B 5A                    2212 	.db #0x5a	; 90	'Z'
    0000086C 00                    2213 	.db #0x00	; 0
    0000086D 00                    2214 	.db #0x00	; 0
    0000086E 5A                    2215 	.db #0x5a	; 90	'Z'
    0000086F 00                    2216 	.db #0x00	; 0
    00000870 00                    2217 	.db #0x00	; 0
    00000871 20                    2218 	.db #0x20	; 32
    00000872 50                    2219 	.db #0x50	; 80	'P'
    00000873 00                    2220 	.db #0x00	; 0
    00000874 11                    2221 	.db #0x11	; 17
    00000875 30                    2222 	.db #0x30	; 48	'0'
    00000876 00                    2223 	.db #0x00	; 0
    00000877 5A                    2224 	.db #0x5a	; 90	'Z'
    00000878 00                    2225 	.db #0x00	; 0
    00000879 00                    2226 	.db #0x00	; 0
    0000087A 5A                    2227 	.db #0x5a	; 90	'Z'
    0000087B 00                    2228 	.db #0x00	; 0
    0000087C 00                    2229 	.db #0x00	; 0
    0000087D 1D                    2230 	.db #0x1d	; 29
    0000087E C0                    2231 	.db #0xc0	; 192
    0000087F 00                    2232 	.db #0x00	; 0
    00000880 1D                    2233 	.db #0x1d	; 29
    00000881 B0                    2234 	.db #0xb0	; 176
    00000882 00                    2235 	.db #0x00	; 0
    00000883 1D                    2236 	.db #0x1d	; 29
    00000884 E0                    2237 	.db #0xe0	; 224
    00000885 00                    2238 	.db #0x00	; 0
    00000886 20                    2239 	.db #0x20	; 32
    00000887 10                    2240 	.db #0x10	; 16
    00000888 00                    2241 	.db #0x00	; 0
    00000889 11                    2242 	.db #0x11	; 17
    0000088A 40                    2243 	.db #0x40	; 64
    0000088B 00                    2244 	.db #0x00	; 0
    0000088C 5A                    2245 	.db #0x5a	; 90	'Z'
    0000088D 00                    2246 	.db #0x00	; 0
    0000088E 00                    2247 	.db #0x00	; 0
    0000088F 5A                    2248 	.db #0x5a	; 90	'Z'
    00000890 00                    2249 	.db #0x00	; 0
    00000891 00                    2250 	.db #0x00	; 0
    00000892 5A                    2251 	.db #0x5a	; 90	'Z'
    00000893 00                    2252 	.db #0x00	; 0
    00000894 00                    2253 	.db #0x00	; 0
    00000895 11                    2254 	.db #0x11	; 17
    00000896 E0                    2255 	.db #0xe0	; 224
    00000897 00                    2256 	.db #0x00	; 0
    00000898 5A                    2257 	.db #0x5a	; 90	'Z'
    00000899 00                    2258 	.db #0x00	; 0
    0000089A 00                    2259 	.db #0x00	; 0
    0000089B 5A                    2260 	.db #0x5a	; 90	'Z'
    0000089C 00                    2261 	.db #0x00	; 0
    0000089D 00                    2262 	.db #0x00	; 0
    0000089E 5A                    2263 	.db #0x5a	; 90	'Z'
    0000089F 00                    2264 	.db #0x00	; 0
    000008A0 00                    2265 	.db #0x00	; 0
    000008A1 0C                    2266 	.db #0x0c	; 12
    000008A2 50                    2267 	.db #0x50	; 80	'P'
    000008A3 00                    2268 	.db #0x00	; 0
    000008A4 5A                    2269 	.db #0x5a	; 90	'Z'
    000008A5 00                    2270 	.db #0x00	; 0
    000008A6 00                    2271 	.db #0x00	; 0
    000008A7 5A                    2272 	.db #0x5a	; 90	'Z'
    000008A8 00                    2273 	.db #0x00	; 0
    000008A9 00                    2274 	.db #0x00	; 0
    000008AA 5A                    2275 	.db #0x5a	; 90	'Z'
    000008AB 00                    2276 	.db #0x00	; 0
    000008AC 00                    2277 	.db #0x00	; 0
    000008AD 0C                    2278 	.db #0x0c	; 12
    000008AE C0                    2279 	.db #0xc0	; 192
    000008AF 00                    2280 	.db #0x00	; 0
    000008B0 5A                    2281 	.db #0x5a	; 90	'Z'
    000008B1 00                    2282 	.db #0x00	; 0
    000008B2 00                    2283 	.db #0x00	; 0
    000008B3 5A                    2284 	.db #0x5a	; 90	'Z'
    000008B4 00                    2285 	.db #0x00	; 0
    000008B5 00                    2286 	.db #0x00	; 0
    000008B6 5A                    2287 	.db #0x5a	; 90	'Z'
    000008B7 00                    2288 	.db #0x00	; 0
    000008B8 00                    2289 	.db #0x00	; 0
    000008B9 0C                    2290 	.db #0x0c	; 12
    000008BA 60                    2291 	.db #0x60	; 96
    000008BB 00                    2292 	.db #0x00	; 0
    000008BC 5A                    2293 	.db #0x5a	; 90	'Z'
    000008BD 00                    2294 	.db #0x00	; 0
    000008BE 00                    2295 	.db #0x00	; 0
    000008BF 5A                    2296 	.db #0x5a	; 90	'Z'
    000008C0 00                    2297 	.db #0x00	; 0
    000008C1 00                    2298 	.db #0x00	; 0
    000008C2 5A                    2299 	.db #0x5a	; 90	'Z'
    000008C3 00                    2300 	.db #0x00	; 0
    000008C4 00                    2301 	.db #0x00	; 0
    000008C5 0C                    2302 	.db #0x0c	; 12
    000008C6 E0                    2303 	.db #0xe0	; 224
    000008C7 00                    2304 	.db #0x00	; 0
    000008C8 5A                    2305 	.db #0x5a	; 90	'Z'
    000008C9 00                    2306 	.db #0x00	; 0
    000008CA 00                    2307 	.db #0x00	; 0
    000008CB 5A                    2308 	.db #0x5a	; 90	'Z'
    000008CC 00                    2309 	.db #0x00	; 0
    000008CD 00                    2310 	.db #0x00	; 0
    000008CE 5A                    2311 	.db #0x5a	; 90	'Z'
    000008CF 00                    2312 	.db #0x00	; 0
    000008D0 00                    2313 	.db #0x00	; 0
    000008D1 1F                    2314 	.db #0x1f	; 31
    000008D2 50                    2315 	.db #0x50	; 80	'P'
    000008D3 00                    2316 	.db #0x00	; 0
    000008D4 0C                    2317 	.db #0x0c	; 12
    000008D5 70                    2318 	.db #0x70	; 112	'p'
    000008D6 00                    2319 	.db #0x00	; 0
    000008D7 5A                    2320 	.db #0x5a	; 90	'Z'
    000008D8 00                    2321 	.db #0x00	; 0
    000008D9 00                    2322 	.db #0x00	; 0
    000008DA 5A                    2323 	.db #0x5a	; 90	'Z'
    000008DB 00                    2324 	.db #0x00	; 0
    000008DC 00                    2325 	.db #0x00	; 0
    000008DD 18                    2326 	.db #0x18	; 24
    000008DE C0                    2327 	.db #0xc0	; 192
    000008DF 00                    2328 	.db #0x00	; 0
    000008E0 18                    2329 	.db #0x18	; 24
    000008E1 B0                    2330 	.db #0xb0	; 176
    000008E2 00                    2331 	.db #0x00	; 0
    000008E3 18                    2332 	.db #0x18	; 24
    000008E4 E0                    2333 	.db #0xe0	; 224
    000008E5 00                    2334 	.db #0x00	; 0
    000008E6 1F                    2335 	.db #0x1f	; 31
    000008E7 60                    2336 	.db #0x60	; 96
    000008E8 00                    2337 	.db #0x00	; 0
    000008E9 0C                    2338 	.db #0x0c	; 12
    000008EA 80                    2339 	.db #0x80	; 128
    000008EB 00                    2340 	.db #0x00	; 0
    000008EC 5A                    2341 	.db #0x5a	; 90	'Z'
    000008ED 00                    2342 	.db #0x00	; 0
    000008EE 00                    2343 	.db #0x00	; 0
    000008EF 5A                    2344 	.db #0x5a	; 90	'Z'
    000008F0 00                    2345 	.db #0x00	; 0
    000008F1 00                    2346 	.db #0x00	; 0
    000008F2 5A                    2347 	.db #0x5a	; 90	'Z'
    000008F3 00                    2348 	.db #0x00	; 0
    000008F4 00                    2349 	.db #0x00	; 0
    000008F5 5A                    2350 	.db #0x5a	; 90	'Z'
    000008F6 0E                    2351 	.db #0x0e	; 14
    000008F7 00                    2352 	.db #0x00	; 0
    000008F8 5A                    2353 	.db #0x5a	; 90	'Z'
    000008F9 00                    2354 	.db #0x00	; 0
    000008FA 00                    2355 	.db #0x00	; 0
    000008FB 5A                    2356 	.db #0x5a	; 90	'Z'
    000008FC 00                    2357 	.db #0x00	; 0
    000008FD 00                    2358 	.db #0x00	; 0
    000008FE 5A                    2359 	.db #0x5a	; 90	'Z'
    000008FF 00                    2360 	.db #0x00	; 0
    00000900 00                    2361 	.db #0x00	; 0
    00000901                       2362 _P15:
    00000901 18                    2363 	.db #0x18	; 24
    00000902 B0                    2364 	.db #0xb0	; 176
    00000903 00                    2365 	.db #0x00	; 0
    00000904 5A                    2366 	.db #0x5a	; 90	'Z'
    00000905 00                    2367 	.db #0x00	; 0
    00000906 00                    2368 	.db #0x00	; 0
    00000907 5A                    2369 	.db #0x5a	; 90	'Z'
    00000908 00                    2370 	.db #0x00	; 0
    00000909 00                    2371 	.db #0x00	; 0
    0000090A 5A                    2372 	.db #0x5a	; 90	'Z'
    0000090B 00                    2373 	.db #0x00	; 0
    0000090C 00                    2374 	.db #0x00	; 0
    0000090D 5A                    2375 	.db #0x5a	; 90	'Z'
    0000090E 00                    2376 	.db #0x00	; 0
    0000090F 00                    2377 	.db #0x00	; 0
    00000910 5A                    2378 	.db #0x5a	; 90	'Z'
    00000911 00                    2379 	.db #0x00	; 0
    00000912 00                    2380 	.db #0x00	; 0
    00000913 5A                    2381 	.db #0x5a	; 90	'Z'
    00000914 00                    2382 	.db #0x00	; 0
    00000915 00                    2383 	.db #0x00	; 0
    00000916 5A                    2384 	.db #0x5a	; 90	'Z'
    00000917 00                    2385 	.db #0x00	; 0
    00000918 00                    2386 	.db #0x00	; 0
    00000919 1E                    2387 	.db #0x1e	; 30
    0000091A 10                    2388 	.db #0x10	; 16
    0000091B 00                    2389 	.db #0x00	; 0
    0000091C 1E                    2390 	.db #0x1e	; 30
    0000091D 10                    2391 	.db #0x10	; 16
    0000091E 00                    2392 	.db #0x00	; 0
    0000091F 1E                    2393 	.db #0x1e	; 30
    00000920 10                    2394 	.db #0x10	; 16
    00000921 00                    2395 	.db #0x00	; 0
    00000922 1E                    2396 	.db #0x1e	; 30
    00000923 10                    2397 	.db #0x10	; 16
    00000924 00                    2398 	.db #0x00	; 0
    00000925 1E                    2399 	.db #0x1e	; 30
    00000926 10                    2400 	.db #0x10	; 16
    00000927 00                    2401 	.db #0x00	; 0
    00000928 1E                    2402 	.db #0x1e	; 30
    00000929 10                    2403 	.db #0x10	; 16
    0000092A 00                    2404 	.db #0x00	; 0
    0000092B 1E                    2405 	.db #0x1e	; 30
    0000092C 10                    2406 	.db #0x10	; 16
    0000092D 00                    2407 	.db #0x00	; 0
    0000092E 1E                    2408 	.db #0x1e	; 30
    0000092F 10                    2409 	.db #0x10	; 16
    00000930 00                    2410 	.db #0x00	; 0
    00000931 18                    2411 	.db #0x18	; 24
    00000932 70                    2412 	.db #0x70	; 112	'p'
    00000933 00                    2413 	.db #0x00	; 0
    00000934 5A                    2414 	.db #0x5a	; 90	'Z'
    00000935 00                    2415 	.db #0x00	; 0
    00000936 00                    2416 	.db #0x00	; 0
    00000937 5A                    2417 	.db #0x5a	; 90	'Z'
    00000938 00                    2418 	.db #0x00	; 0
    00000939 00                    2419 	.db #0x00	; 0
    0000093A 5A                    2420 	.db #0x5a	; 90	'Z'
    0000093B 00                    2421 	.db #0x00	; 0
    0000093C 00                    2422 	.db #0x00	; 0
    0000093D 5A                    2423 	.db #0x5a	; 90	'Z'
    0000093E 00                    2424 	.db #0x00	; 0
    0000093F 00                    2425 	.db #0x00	; 0
    00000940 5A                    2426 	.db #0x5a	; 90	'Z'
    00000941 00                    2427 	.db #0x00	; 0
    00000942 00                    2428 	.db #0x00	; 0
    00000943 5A                    2429 	.db #0x5a	; 90	'Z'
    00000944 00                    2430 	.db #0x00	; 0
    00000945 00                    2431 	.db #0x00	; 0
    00000946 5A                    2432 	.db #0x5a	; 90	'Z'
    00000947 00                    2433 	.db #0x00	; 0
    00000948 00                    2434 	.db #0x00	; 0
    00000949 5A                    2435 	.db #0x5a	; 90	'Z'
    0000094A 00                    2436 	.db #0x00	; 0
    0000094B 00                    2437 	.db #0x00	; 0
    0000094C 5A                    2438 	.db #0x5a	; 90	'Z'
    0000094D 00                    2439 	.db #0x00	; 0
    0000094E 00                    2440 	.db #0x00	; 0
    0000094F 18                    2441 	.db #0x18	; 24
    00000950 60                    2442 	.db #0x60	; 96
    00000951 00                    2443 	.db #0x00	; 0
    00000952 5A                    2444 	.db #0x5a	; 90	'Z'
    00000953 00                    2445 	.db #0x00	; 0
    00000954 00                    2446 	.db #0x00	; 0
    00000955 5A                    2447 	.db #0x5a	; 90	'Z'
    00000956 00                    2448 	.db #0x00	; 0
    00000957 00                    2449 	.db #0x00	; 0
    00000958 5A                    2450 	.db #0x5a	; 90	'Z'
    00000959 00                    2451 	.db #0x00	; 0
    0000095A 00                    2452 	.db #0x00	; 0
    0000095B 17                    2453 	.db #0x17	; 23
    0000095C 60                    2454 	.db #0x60	; 96
    0000095D 00                    2455 	.db #0x00	; 0
    0000095E 5A                    2456 	.db #0x5a	; 90	'Z'
    0000095F 00                    2457 	.db #0x00	; 0
    00000960 00                    2458 	.db #0x00	; 0
    00000961 18                    2459 	.db #0x18	; 24
    00000962 B0                    2460 	.db #0xb0	; 176
    00000963 00                    2461 	.db #0x00	; 0
    00000964 5A                    2462 	.db #0x5a	; 90	'Z'
    00000965 00                    2463 	.db #0x00	; 0
    00000966 00                    2464 	.db #0x00	; 0
    00000967 5A                    2465 	.db #0x5a	; 90	'Z'
    00000968 00                    2466 	.db #0x00	; 0
    00000969 00                    2467 	.db #0x00	; 0
    0000096A 5A                    2468 	.db #0x5a	; 90	'Z'
    0000096B 00                    2469 	.db #0x00	; 0
    0000096C 00                    2470 	.db #0x00	; 0
    0000096D 5A                    2471 	.db #0x5a	; 90	'Z'
    0000096E 00                    2472 	.db #0x00	; 0
    0000096F 00                    2473 	.db #0x00	; 0
    00000970 5A                    2474 	.db #0x5a	; 90	'Z'
    00000971 00                    2475 	.db #0x00	; 0
    00000972 00                    2476 	.db #0x00	; 0
    00000973 5A                    2477 	.db #0x5a	; 90	'Z'
    00000974 00                    2478 	.db #0x00	; 0
    00000975 00                    2479 	.db #0x00	; 0
    00000976 5A                    2480 	.db #0x5a	; 90	'Z'
    00000977 00                    2481 	.db #0x00	; 0
    00000978 00                    2482 	.db #0x00	; 0
    00000979 1E                    2483 	.db #0x1e	; 30
    0000097A 10                    2484 	.db #0x10	; 16
    0000097B 00                    2485 	.db #0x00	; 0
    0000097C 1E                    2486 	.db #0x1e	; 30
    0000097D 10                    2487 	.db #0x10	; 16
    0000097E 00                    2488 	.db #0x00	; 0
    0000097F 1E                    2489 	.db #0x1e	; 30
    00000980 10                    2490 	.db #0x10	; 16
    00000981 00                    2491 	.db #0x00	; 0
    00000982 1E                    2492 	.db #0x1e	; 30
    00000983 10                    2493 	.db #0x10	; 16
    00000984 00                    2494 	.db #0x00	; 0
    00000985 1E                    2495 	.db #0x1e	; 30
    00000986 10                    2496 	.db #0x10	; 16
    00000987 00                    2497 	.db #0x00	; 0
    00000988 1E                    2498 	.db #0x1e	; 30
    00000989 10                    2499 	.db #0x10	; 16
    0000098A 00                    2500 	.db #0x00	; 0
    0000098B 1E                    2501 	.db #0x1e	; 30
    0000098C 10                    2502 	.db #0x10	; 16
    0000098D 00                    2503 	.db #0x00	; 0
    0000098E 1E                    2504 	.db #0x1e	; 30
    0000098F 10                    2505 	.db #0x10	; 16
    00000990 00                    2506 	.db #0x00	; 0
    00000991 18                    2507 	.db #0x18	; 24
    00000992 70                    2508 	.db #0x70	; 112	'p'
    00000993 00                    2509 	.db #0x00	; 0
    00000994 5A                    2510 	.db #0x5a	; 90	'Z'
    00000995 00                    2511 	.db #0x00	; 0
    00000996 00                    2512 	.db #0x00	; 0
    00000997 5A                    2513 	.db #0x5a	; 90	'Z'
    00000998 00                    2514 	.db #0x00	; 0
    00000999 00                    2515 	.db #0x00	; 0
    0000099A 5A                    2516 	.db #0x5a	; 90	'Z'
    0000099B 00                    2517 	.db #0x00	; 0
    0000099C 00                    2518 	.db #0x00	; 0
    0000099D 5A                    2519 	.db #0x5a	; 90	'Z'
    0000099E 00                    2520 	.db #0x00	; 0
    0000099F 00                    2521 	.db #0x00	; 0
    000009A0 5A                    2522 	.db #0x5a	; 90	'Z'
    000009A1 00                    2523 	.db #0x00	; 0
    000009A2 00                    2524 	.db #0x00	; 0
    000009A3 5A                    2525 	.db #0x5a	; 90	'Z'
    000009A4 00                    2526 	.db #0x00	; 0
    000009A5 00                    2527 	.db #0x00	; 0
    000009A6 5A                    2528 	.db #0x5a	; 90	'Z'
    000009A7 00                    2529 	.db #0x00	; 0
    000009A8 00                    2530 	.db #0x00	; 0
    000009A9 18                    2531 	.db #0x18	; 24
    000009AA B0                    2532 	.db #0xb0	; 176
    000009AB 00                    2533 	.db #0x00	; 0
    000009AC 5A                    2534 	.db #0x5a	; 90	'Z'
    000009AD 00                    2535 	.db #0x00	; 0
    000009AE 00                    2536 	.db #0x00	; 0
    000009AF 5A                    2537 	.db #0x5a	; 90	'Z'
    000009B0 00                    2538 	.db #0x00	; 0
    000009B1 00                    2539 	.db #0x00	; 0
    000009B2 5A                    2540 	.db #0x5a	; 90	'Z'
    000009B3 00                    2541 	.db #0x00	; 0
    000009B4 00                    2542 	.db #0x00	; 0
    000009B5 18                    2543 	.db #0x18	; 24
    000009B6 30                    2544 	.db #0x30	; 48	'0'
    000009B7 00                    2545 	.db #0x00	; 0
    000009B8 5A                    2546 	.db #0x5a	; 90	'Z'
    000009B9 00                    2547 	.db #0x00	; 0
    000009BA 00                    2548 	.db #0x00	; 0
    000009BB 5A                    2549 	.db #0x5a	; 90	'Z'
    000009BC 00                    2550 	.db #0x00	; 0
    000009BD 00                    2551 	.db #0x00	; 0
    000009BE 5A                    2552 	.db #0x5a	; 90	'Z'
    000009BF 00                    2553 	.db #0x00	; 0
    000009C0 00                    2554 	.db #0x00	; 0
    000009C1                       2555 _P16:
    000009C1 1D                    2556 	.db #0x1d	; 29
    000009C2 B0                    2557 	.db #0xb0	; 176
    000009C3 00                    2558 	.db #0x00	; 0
    000009C4 1D                    2559 	.db #0x1d	; 29
    000009C5 50                    2560 	.db #0x50	; 80	'P'
    000009C6 00                    2561 	.db #0x00	; 0
    000009C7 18                    2562 	.db #0x18	; 24
    000009C8 50                    2563 	.db #0x50	; 80	'P'
    000009C9 00                    2564 	.db #0x00	; 0
    000009CA 5A                    2565 	.db #0x5a	; 90	'Z'
    000009CB 00                    2566 	.db #0x00	; 0
    000009CC 00                    2567 	.db #0x00	; 0
    000009CD 14                    2568 	.db #0x14	; 20
    000009CE 50                    2569 	.db #0x50	; 80	'P'
    000009CF 00                    2570 	.db #0x00	; 0
    000009D0 5A                    2571 	.db #0x5a	; 90	'Z'
    000009D1 00                    2572 	.db #0x00	; 0
    000009D2 00                    2573 	.db #0x00	; 0
    000009D3 11                    2574 	.db #0x11	; 17
    000009D4 50                    2575 	.db #0x50	; 80	'P'
    000009D5 00                    2576 	.db #0x00	; 0
    000009D6 5A                    2577 	.db #0x5a	; 90	'Z'
    000009D7 00                    2578 	.db #0x00	; 0
    000009D8 00                    2579 	.db #0x00	; 0
    000009D9 1D                    2580 	.db #0x1d	; 29
    000009DA B0                    2581 	.db #0xb0	; 176
    000009DB 00                    2582 	.db #0x00	; 0
    000009DC 1D                    2583 	.db #0x1d	; 29
    000009DD 50                    2584 	.db #0x50	; 80	'P'
    000009DE 00                    2585 	.db #0x00	; 0
    000009DF 18                    2586 	.db #0x18	; 24
    000009E0 50                    2587 	.db #0x50	; 80	'P'
    000009E1 00                    2588 	.db #0x00	; 0
    000009E2 5A                    2589 	.db #0x5a	; 90	'Z'
    000009E3 00                    2590 	.db #0x00	; 0
    000009E4 00                    2591 	.db #0x00	; 0
    000009E5 14                    2592 	.db #0x14	; 20
    000009E6 50                    2593 	.db #0x50	; 80	'P'
    000009E7 00                    2594 	.db #0x00	; 0
    000009E8 5A                    2595 	.db #0x5a	; 90	'Z'
    000009E9 00                    2596 	.db #0x00	; 0
    000009EA 00                    2597 	.db #0x00	; 0
    000009EB 11                    2598 	.db #0x11	; 17
    000009EC 50                    2599 	.db #0x50	; 80	'P'
    000009ED 00                    2600 	.db #0x00	; 0
    000009EE 5A                    2601 	.db #0x5a	; 90	'Z'
    000009EF 00                    2602 	.db #0x00	; 0
    000009F0 00                    2603 	.db #0x00	; 0
    000009F1 1D                    2604 	.db #0x1d	; 29
    000009F2 B0                    2605 	.db #0xb0	; 176
    000009F3 00                    2606 	.db #0x00	; 0
    000009F4 1D                    2607 	.db #0x1d	; 29
    000009F5 50                    2608 	.db #0x50	; 80	'P'
    000009F6 00                    2609 	.db #0x00	; 0
    000009F7 18                    2610 	.db #0x18	; 24
    000009F8 50                    2611 	.db #0x50	; 80	'P'
    000009F9 00                    2612 	.db #0x00	; 0
    000009FA 5A                    2613 	.db #0x5a	; 90	'Z'
    000009FB 00                    2614 	.db #0x00	; 0
    000009FC 00                    2615 	.db #0x00	; 0
    000009FD 14                    2616 	.db #0x14	; 20
    000009FE 50                    2617 	.db #0x50	; 80	'P'
    000009FF 00                    2618 	.db #0x00	; 0
    00000A00 5A                    2619 	.db #0x5a	; 90	'Z'
    00000A01 00                    2620 	.db #0x00	; 0
    00000A02 00                    2621 	.db #0x00	; 0
    00000A03 11                    2622 	.db #0x11	; 17
    00000A04 50                    2623 	.db #0x50	; 80	'P'
    00000A05 00                    2624 	.db #0x00	; 0
    00000A06 5A                    2625 	.db #0x5a	; 90	'Z'
    00000A07 00                    2626 	.db #0x00	; 0
    00000A08 00                    2627 	.db #0x00	; 0
    00000A09 1D                    2628 	.db #0x1d	; 29
    00000A0A B0                    2629 	.db #0xb0	; 176
    00000A0B 00                    2630 	.db #0x00	; 0
    00000A0C 1D                    2631 	.db #0x1d	; 29
    00000A0D 50                    2632 	.db #0x50	; 80	'P'
    00000A0E 00                    2633 	.db #0x00	; 0
    00000A0F 18                    2634 	.db #0x18	; 24
    00000A10 50                    2635 	.db #0x50	; 80	'P'
    00000A11 00                    2636 	.db #0x00	; 0
    00000A12 5A                    2637 	.db #0x5a	; 90	'Z'
    00000A13 00                    2638 	.db #0x00	; 0
    00000A14 00                    2639 	.db #0x00	; 0
    00000A15 14                    2640 	.db #0x14	; 20
    00000A16 50                    2641 	.db #0x50	; 80	'P'
    00000A17 00                    2642 	.db #0x00	; 0
    00000A18 5A                    2643 	.db #0x5a	; 90	'Z'
    00000A19 00                    2644 	.db #0x00	; 0
    00000A1A 00                    2645 	.db #0x00	; 0
    00000A1B 11                    2646 	.db #0x11	; 17
    00000A1C 50                    2647 	.db #0x50	; 80	'P'
    00000A1D 00                    2648 	.db #0x00	; 0
    00000A1E 5A                    2649 	.db #0x5a	; 90	'Z'
    00000A1F 00                    2650 	.db #0x00	; 0
    00000A20 00                    2651 	.db #0x00	; 0
    00000A21 1D                    2652 	.db #0x1d	; 29
    00000A22 B0                    2653 	.db #0xb0	; 176
    00000A23 00                    2654 	.db #0x00	; 0
    00000A24 18                    2655 	.db #0x18	; 24
    00000A25 50                    2656 	.db #0x50	; 80	'P'
    00000A26 00                    2657 	.db #0x00	; 0
    00000A27 13                    2658 	.db #0x13	; 19
    00000A28 50                    2659 	.db #0x50	; 80	'P'
    00000A29 00                    2660 	.db #0x00	; 0
    00000A2A 5A                    2661 	.db #0x5a	; 90	'Z'
    00000A2B 00                    2662 	.db #0x00	; 0
    00000A2C 00                    2663 	.db #0x00	; 0
    00000A2D 0F                    2664 	.db #0x0f	; 15
    00000A2E 50                    2665 	.db #0x50	; 80	'P'
    00000A2F 00                    2666 	.db #0x00	; 0
    00000A30 5A                    2667 	.db #0x5a	; 90	'Z'
    00000A31 00                    2668 	.db #0x00	; 0
    00000A32 00                    2669 	.db #0x00	; 0
    00000A33 0C                    2670 	.db #0x0c	; 12
    00000A34 50                    2671 	.db #0x50	; 80	'P'
    00000A35 00                    2672 	.db #0x00	; 0
    00000A36 5A                    2673 	.db #0x5a	; 90	'Z'
    00000A37 00                    2674 	.db #0x00	; 0
    00000A38 00                    2675 	.db #0x00	; 0
    00000A39 1D                    2676 	.db #0x1d	; 29
    00000A3A B0                    2677 	.db #0xb0	; 176
    00000A3B 00                    2678 	.db #0x00	; 0
    00000A3C 18                    2679 	.db #0x18	; 24
    00000A3D 50                    2680 	.db #0x50	; 80	'P'
    00000A3E 00                    2681 	.db #0x00	; 0
    00000A3F 13                    2682 	.db #0x13	; 19
    00000A40 50                    2683 	.db #0x50	; 80	'P'
    00000A41 00                    2684 	.db #0x00	; 0
    00000A42 5A                    2685 	.db #0x5a	; 90	'Z'
    00000A43 00                    2686 	.db #0x00	; 0
    00000A44 00                    2687 	.db #0x00	; 0
    00000A45 0F                    2688 	.db #0x0f	; 15
    00000A46 50                    2689 	.db #0x50	; 80	'P'
    00000A47 00                    2690 	.db #0x00	; 0
    00000A48 5A                    2691 	.db #0x5a	; 90	'Z'
    00000A49 00                    2692 	.db #0x00	; 0
    00000A4A 00                    2693 	.db #0x00	; 0
    00000A4B 0C                    2694 	.db #0x0c	; 12
    00000A4C 50                    2695 	.db #0x50	; 80	'P'
    00000A4D 00                    2696 	.db #0x00	; 0
    00000A4E 5A                    2697 	.db #0x5a	; 90	'Z'
    00000A4F 00                    2698 	.db #0x00	; 0
    00000A50 00                    2699 	.db #0x00	; 0
    00000A51 1D                    2700 	.db #0x1d	; 29
    00000A52 B0                    2701 	.db #0xb0	; 176
    00000A53 00                    2702 	.db #0x00	; 0
    00000A54 18                    2703 	.db #0x18	; 24
    00000A55 50                    2704 	.db #0x50	; 80	'P'
    00000A56 00                    2705 	.db #0x00	; 0
    00000A57 13                    2706 	.db #0x13	; 19
    00000A58 50                    2707 	.db #0x50	; 80	'P'
    00000A59 00                    2708 	.db #0x00	; 0
    00000A5A 5A                    2709 	.db #0x5a	; 90	'Z'
    00000A5B 00                    2710 	.db #0x00	; 0
    00000A5C 00                    2711 	.db #0x00	; 0
    00000A5D 0F                    2712 	.db #0x0f	; 15
    00000A5E 50                    2713 	.db #0x50	; 80	'P'
    00000A5F 00                    2714 	.db #0x00	; 0
    00000A60 5A                    2715 	.db #0x5a	; 90	'Z'
    00000A61 00                    2716 	.db #0x00	; 0
    00000A62 00                    2717 	.db #0x00	; 0
    00000A63 0C                    2718 	.db #0x0c	; 12
    00000A64 50                    2719 	.db #0x50	; 80	'P'
    00000A65 00                    2720 	.db #0x00	; 0
    00000A66 5A                    2721 	.db #0x5a	; 90	'Z'
    00000A67 00                    2722 	.db #0x00	; 0
    00000A68 00                    2723 	.db #0x00	; 0
    00000A69 1D                    2724 	.db #0x1d	; 29
    00000A6A B0                    2725 	.db #0xb0	; 176
    00000A6B 00                    2726 	.db #0x00	; 0
    00000A6C 18                    2727 	.db #0x18	; 24
    00000A6D 50                    2728 	.db #0x50	; 80	'P'
    00000A6E 00                    2729 	.db #0x00	; 0
    00000A6F 13                    2730 	.db #0x13	; 19
    00000A70 50                    2731 	.db #0x50	; 80	'P'
    00000A71 00                    2732 	.db #0x00	; 0
    00000A72 5A                    2733 	.db #0x5a	; 90	'Z'
    00000A73 00                    2734 	.db #0x00	; 0
    00000A74 00                    2735 	.db #0x00	; 0
    00000A75 0F                    2736 	.db #0x0f	; 15
    00000A76 50                    2737 	.db #0x50	; 80	'P'
    00000A77 00                    2738 	.db #0x00	; 0
    00000A78 5A                    2739 	.db #0x5a	; 90	'Z'
    00000A79 00                    2740 	.db #0x00	; 0
    00000A7A 00                    2741 	.db #0x00	; 0
    00000A7B 0C                    2742 	.db #0x0c	; 12
    00000A7C 50                    2743 	.db #0x50	; 80	'P'
    00000A7D 00                    2744 	.db #0x00	; 0
    00000A7E 5A                    2745 	.db #0x5a	; 90	'Z'
    00000A7F 00                    2746 	.db #0x00	; 0
    00000A80 00                    2747 	.db #0x00	; 0
    00000A81                       2748 _P17:
    00000A81 5A                    2749 	.db #0x5a	; 90	'Z'
    00000A82 00                    2750 	.db #0x00	; 0
    00000A83 00                    2751 	.db #0x00	; 0
    00000A84 5A                    2752 	.db #0x5a	; 90	'Z'
    00000A85 00                    2753 	.db #0x00	; 0
    00000A86 00                    2754 	.db #0x00	; 0
    00000A87 5A                    2755 	.db #0x5a	; 90	'Z'
    00000A88 00                    2756 	.db #0x00	; 0
    00000A89 00                    2757 	.db #0x00	; 0
    00000A8A 5A                    2758 	.db #0x5a	; 90	'Z'
    00000A8B 00                    2759 	.db #0x00	; 0
    00000A8C 00                    2760 	.db #0x00	; 0
    00000A8D 11                    2761 	.db #0x11	; 17
    00000A8E 60                    2762 	.db #0x60	; 96
    00000A8F 00                    2763 	.db #0x00	; 0
    00000A90 5A                    2764 	.db #0x5a	; 90	'Z'
    00000A91 00                    2765 	.db #0x00	; 0
    00000A92 00                    2766 	.db #0x00	; 0
    00000A93 11                    2767 	.db #0x11	; 17
    00000A94 60                    2768 	.db #0x60	; 96
    00000A95 00                    2769 	.db #0x00	; 0
    00000A96 5A                    2770 	.db #0x5a	; 90	'Z'
    00000A97 00                    2771 	.db #0x00	; 0
    00000A98 00                    2772 	.db #0x00	; 0
    00000A99 11                    2773 	.db #0x11	; 17
    00000A9A 60                    2774 	.db #0x60	; 96
    00000A9B 00                    2775 	.db #0x00	; 0
    00000A9C 5A                    2776 	.db #0x5a	; 90	'Z'
    00000A9D 00                    2777 	.db #0x00	; 0
    00000A9E 00                    2778 	.db #0x00	; 0
    00000A9F 11                    2779 	.db #0x11	; 17
    00000AA0 60                    2780 	.db #0x60	; 96
    00000AA1 00                    2781 	.db #0x00	; 0
    00000AA2 5A                    2782 	.db #0x5a	; 90	'Z'
    00000AA3 00                    2783 	.db #0x00	; 0
    00000AA4 00                    2784 	.db #0x00	; 0
    00000AA5 11                    2785 	.db #0x11	; 17
    00000AA6 60                    2786 	.db #0x60	; 96
    00000AA7 00                    2787 	.db #0x00	; 0
    00000AA8 5A                    2788 	.db #0x5a	; 90	'Z'
    00000AA9 00                    2789 	.db #0x00	; 0
    00000AAA 00                    2790 	.db #0x00	; 0
    00000AAB 11                    2791 	.db #0x11	; 17
    00000AAC 60                    2792 	.db #0x60	; 96
    00000AAD 00                    2793 	.db #0x00	; 0
    00000AAE 5A                    2794 	.db #0x5a	; 90	'Z'
    00000AAF 00                    2795 	.db #0x00	; 0
    00000AB0 00                    2796 	.db #0x00	; 0
    00000AB1 5A                    2797 	.db #0x5a	; 90	'Z'
    00000AB2 00                    2798 	.db #0x00	; 0
    00000AB3 00                    2799 	.db #0x00	; 0
    00000AB4 5A                    2800 	.db #0x5a	; 90	'Z'
    00000AB5 00                    2801 	.db #0x00	; 0
    00000AB6 00                    2802 	.db #0x00	; 0
    00000AB7 5A                    2803 	.db #0x5a	; 90	'Z'
    00000AB8 00                    2804 	.db #0x00	; 0
    00000AB9 00                    2805 	.db #0x00	; 0
    00000ABA 5A                    2806 	.db #0x5a	; 90	'Z'
    00000ABB 00                    2807 	.db #0x00	; 0
    00000ABC 00                    2808 	.db #0x00	; 0
    00000ABD 11                    2809 	.db #0x11	; 17
    00000ABE 60                    2810 	.db #0x60	; 96
    00000ABF 00                    2811 	.db #0x00	; 0
    00000AC0 5A                    2812 	.db #0x5a	; 90	'Z'
    00000AC1 00                    2813 	.db #0x00	; 0
    00000AC2 00                    2814 	.db #0x00	; 0
    00000AC3 11                    2815 	.db #0x11	; 17
    00000AC4 60                    2816 	.db #0x60	; 96
    00000AC5 00                    2817 	.db #0x00	; 0
    00000AC6 5A                    2818 	.db #0x5a	; 90	'Z'
    00000AC7 00                    2819 	.db #0x00	; 0
    00000AC8 00                    2820 	.db #0x00	; 0
    00000AC9 11                    2821 	.db #0x11	; 17
    00000ACA 60                    2822 	.db #0x60	; 96
    00000ACB 00                    2823 	.db #0x00	; 0
    00000ACC 5A                    2824 	.db #0x5a	; 90	'Z'
    00000ACD 00                    2825 	.db #0x00	; 0
    00000ACE 00                    2826 	.db #0x00	; 0
    00000ACF 11                    2827 	.db #0x11	; 17
    00000AD0 60                    2828 	.db #0x60	; 96
    00000AD1 00                    2829 	.db #0x00	; 0
    00000AD2 5A                    2830 	.db #0x5a	; 90	'Z'
    00000AD3 00                    2831 	.db #0x00	; 0
    00000AD4 00                    2832 	.db #0x00	; 0
    00000AD5 11                    2833 	.db #0x11	; 17
    00000AD6 60                    2834 	.db #0x60	; 96
    00000AD7 00                    2835 	.db #0x00	; 0
    00000AD8 5A                    2836 	.db #0x5a	; 90	'Z'
    00000AD9 00                    2837 	.db #0x00	; 0
    00000ADA 00                    2838 	.db #0x00	; 0
    00000ADB 11                    2839 	.db #0x11	; 17
    00000ADC 60                    2840 	.db #0x60	; 96
    00000ADD 00                    2841 	.db #0x00	; 0
    00000ADE 5A                    2842 	.db #0x5a	; 90	'Z'
    00000ADF 00                    2843 	.db #0x00	; 0
    00000AE0 00                    2844 	.db #0x00	; 0
    00000AE1 5A                    2845 	.db #0x5a	; 90	'Z'
    00000AE2 00                    2846 	.db #0x00	; 0
    00000AE3 00                    2847 	.db #0x00	; 0
    00000AE4 5A                    2848 	.db #0x5a	; 90	'Z'
    00000AE5 00                    2849 	.db #0x00	; 0
    00000AE6 00                    2850 	.db #0x00	; 0
    00000AE7 5A                    2851 	.db #0x5a	; 90	'Z'
    00000AE8 00                    2852 	.db #0x00	; 0
    00000AE9 00                    2853 	.db #0x00	; 0
    00000AEA 5A                    2854 	.db #0x5a	; 90	'Z'
    00000AEB 00                    2855 	.db #0x00	; 0
    00000AEC 00                    2856 	.db #0x00	; 0
    00000AED 13                    2857 	.db #0x13	; 19
    00000AEE 60                    2858 	.db #0x60	; 96
    00000AEF 00                    2859 	.db #0x00	; 0
    00000AF0 5A                    2860 	.db #0x5a	; 90	'Z'
    00000AF1 00                    2861 	.db #0x00	; 0
    00000AF2 00                    2862 	.db #0x00	; 0
    00000AF3 13                    2863 	.db #0x13	; 19
    00000AF4 60                    2864 	.db #0x60	; 96
    00000AF5 00                    2865 	.db #0x00	; 0
    00000AF6 5A                    2866 	.db #0x5a	; 90	'Z'
    00000AF7 00                    2867 	.db #0x00	; 0
    00000AF8 00                    2868 	.db #0x00	; 0
    00000AF9 13                    2869 	.db #0x13	; 19
    00000AFA 60                    2870 	.db #0x60	; 96
    00000AFB 00                    2871 	.db #0x00	; 0
    00000AFC 5A                    2872 	.db #0x5a	; 90	'Z'
    00000AFD 00                    2873 	.db #0x00	; 0
    00000AFE 00                    2874 	.db #0x00	; 0
    00000AFF 13                    2875 	.db #0x13	; 19
    00000B00 60                    2876 	.db #0x60	; 96
    00000B01 00                    2877 	.db #0x00	; 0
    00000B02 5A                    2878 	.db #0x5a	; 90	'Z'
    00000B03 00                    2879 	.db #0x00	; 0
    00000B04 00                    2880 	.db #0x00	; 0
    00000B05 13                    2881 	.db #0x13	; 19
    00000B06 60                    2882 	.db #0x60	; 96
    00000B07 00                    2883 	.db #0x00	; 0
    00000B08 5A                    2884 	.db #0x5a	; 90	'Z'
    00000B09 00                    2885 	.db #0x00	; 0
    00000B0A 00                    2886 	.db #0x00	; 0
    00000B0B 13                    2887 	.db #0x13	; 19
    00000B0C 60                    2888 	.db #0x60	; 96
    00000B0D 00                    2889 	.db #0x00	; 0
    00000B0E 5A                    2890 	.db #0x5a	; 90	'Z'
    00000B0F 00                    2891 	.db #0x00	; 0
    00000B10 00                    2892 	.db #0x00	; 0
    00000B11 5A                    2893 	.db #0x5a	; 90	'Z'
    00000B12 00                    2894 	.db #0x00	; 0
    00000B13 00                    2895 	.db #0x00	; 0
    00000B14 5A                    2896 	.db #0x5a	; 90	'Z'
    00000B15 00                    2897 	.db #0x00	; 0
    00000B16 00                    2898 	.db #0x00	; 0
    00000B17 5A                    2899 	.db #0x5a	; 90	'Z'
    00000B18 00                    2900 	.db #0x00	; 0
    00000B19 00                    2901 	.db #0x00	; 0
    00000B1A 5A                    2902 	.db #0x5a	; 90	'Z'
    00000B1B 00                    2903 	.db #0x00	; 0
    00000B1C 00                    2904 	.db #0x00	; 0
    00000B1D 13                    2905 	.db #0x13	; 19
    00000B1E 60                    2906 	.db #0x60	; 96
    00000B1F 00                    2907 	.db #0x00	; 0
    00000B20 5A                    2908 	.db #0x5a	; 90	'Z'
    00000B21 00                    2909 	.db #0x00	; 0
    00000B22 00                    2910 	.db #0x00	; 0
    00000B23 13                    2911 	.db #0x13	; 19
    00000B24 60                    2912 	.db #0x60	; 96
    00000B25 00                    2913 	.db #0x00	; 0
    00000B26 5A                    2914 	.db #0x5a	; 90	'Z'
    00000B27 00                    2915 	.db #0x00	; 0
    00000B28 00                    2916 	.db #0x00	; 0
    00000B29 13                    2917 	.db #0x13	; 19
    00000B2A 60                    2918 	.db #0x60	; 96
    00000B2B 00                    2919 	.db #0x00	; 0
    00000B2C 5A                    2920 	.db #0x5a	; 90	'Z'
    00000B2D 00                    2921 	.db #0x00	; 0
    00000B2E 00                    2922 	.db #0x00	; 0
    00000B2F 13                    2923 	.db #0x13	; 19
    00000B30 60                    2924 	.db #0x60	; 96
    00000B31 00                    2925 	.db #0x00	; 0
    00000B32 5A                    2926 	.db #0x5a	; 90	'Z'
    00000B33 00                    2927 	.db #0x00	; 0
    00000B34 00                    2928 	.db #0x00	; 0
    00000B35 13                    2929 	.db #0x13	; 19
    00000B36 60                    2930 	.db #0x60	; 96
    00000B37 00                    2931 	.db #0x00	; 0
    00000B38 5A                    2932 	.db #0x5a	; 90	'Z'
    00000B39 00                    2933 	.db #0x00	; 0
    00000B3A 00                    2934 	.db #0x00	; 0
    00000B3B 13                    2935 	.db #0x13	; 19
    00000B3C 60                    2936 	.db #0x60	; 96
    00000B3D 00                    2937 	.db #0x00	; 0
    00000B3E 5A                    2938 	.db #0x5a	; 90	'Z'
    00000B3F 00                    2939 	.db #0x00	; 0
    00000B40 00                    2940 	.db #0x00	; 0
    00000B41                       2941 _P18:
    00000B41 1D                    2942 	.db #0x1d	; 29
    00000B42 B2                    2943 	.db #0xb2	; 178
    00000B43 CC                    2944 	.db #0xcc	; 204
    00000B44 05                    2945 	.db #0x05	; 5
    00000B45 10                    2946 	.db #0x10	; 16
    00000B46 00                    2947 	.db #0x00	; 0
    00000B47 5A                    2948 	.db #0x5a	; 90	'Z'
    00000B48 00                    2949 	.db #0x00	; 0
    00000B49 00                    2950 	.db #0x00	; 0
    00000B4A 5A                    2951 	.db #0x5a	; 90	'Z'
    00000B4B 00                    2952 	.db #0x00	; 0
    00000B4C 00                    2953 	.db #0x00	; 0
    00000B4D 05                    2954 	.db #0x05	; 5
    00000B4E C0                    2955 	.db #0xc0	; 192
    00000B4F 00                    2956 	.db #0x00	; 0
    00000B50 5A                    2957 	.db #0x5a	; 90	'Z'
    00000B51 00                    2958 	.db #0x00	; 0
    00000B52 00                    2959 	.db #0x00	; 0
    00000B53 5A                    2960 	.db #0x5a	; 90	'Z'
    00000B54 00                    2961 	.db #0x00	; 0
    00000B55 00                    2962 	.db #0x00	; 0
    00000B56 5A                    2963 	.db #0x5a	; 90	'Z'
    00000B57 00                    2964 	.db #0x00	; 0
    00000B58 00                    2965 	.db #0x00	; 0
    00000B59 1D                    2966 	.db #0x1d	; 29
    00000B5A B2                    2967 	.db #0xb2	; 178
    00000B5B CC                    2968 	.db #0xcc	; 204
    00000B5C 05                    2969 	.db #0x05	; 5
    00000B5D 20                    2970 	.db #0x20	; 32
    00000B5E 00                    2971 	.db #0x00	; 0
    00000B5F 5A                    2972 	.db #0x5a	; 90	'Z'
    00000B60 00                    2973 	.db #0x00	; 0
    00000B61 00                    2974 	.db #0x00	; 0
    00000B62 5A                    2975 	.db #0x5a	; 90	'Z'
    00000B63 00                    2976 	.db #0x00	; 0
    00000B64 00                    2977 	.db #0x00	; 0
    00000B65 05                    2978 	.db #0x05	; 5
    00000B66 E0                    2979 	.db #0xe0	; 224
    00000B67 00                    2980 	.db #0x00	; 0
    00000B68 5A                    2981 	.db #0x5a	; 90	'Z'
    00000B69 00                    2982 	.db #0x00	; 0
    00000B6A 00                    2983 	.db #0x00	; 0
    00000B6B 5A                    2984 	.db #0x5a	; 90	'Z'
    00000B6C 00                    2985 	.db #0x00	; 0
    00000B6D 00                    2986 	.db #0x00	; 0
    00000B6E 5A                    2987 	.db #0x5a	; 90	'Z'
    00000B6F 00                    2988 	.db #0x00	; 0
    00000B70 00                    2989 	.db #0x00	; 0
    00000B71 14                    2990 	.db #0x14	; 20
    00000B72 50                    2991 	.db #0x50	; 80	'P'
    00000B73 00                    2992 	.db #0x00	; 0
    00000B74 05                    2993 	.db #0x05	; 5
    00000B75 30                    2994 	.db #0x30	; 48	'0'
    00000B76 00                    2995 	.db #0x00	; 0
    00000B77 5A                    2996 	.db #0x5a	; 90	'Z'
    00000B78 00                    2997 	.db #0x00	; 0
    00000B79 00                    2998 	.db #0x00	; 0
    00000B7A 5A                    2999 	.db #0x5a	; 90	'Z'
    00000B7B 00                    3000 	.db #0x00	; 0
    00000B7C 00                    3001 	.db #0x00	; 0
    00000B7D 11                    3002 	.db #0x11	; 17
    00000B7E C0                    3003 	.db #0xc0	; 192
    00000B7F 00                    3004 	.db #0x00	; 0
    00000B80 11                    3005 	.db #0x11	; 17
    00000B81 B0                    3006 	.db #0xb0	; 176
    00000B82 00                    3007 	.db #0x00	; 0
    00000B83 11                    3008 	.db #0x11	; 17
    00000B84 E0                    3009 	.db #0xe0	; 224
    00000B85 00                    3010 	.db #0x00	; 0
    00000B86 14                    3011 	.db #0x14	; 20
    00000B87 10                    3012 	.db #0x10	; 16
    00000B88 00                    3013 	.db #0x00	; 0
    00000B89 1D                    3014 	.db #0x1d	; 29
    00000B8A B2                    3015 	.db #0xb2	; 178
    00000B8B CC                    3016 	.db #0xcc	; 204
    00000B8C 05                    3017 	.db #0x05	; 5
    00000B8D 40                    3018 	.db #0x40	; 64
    00000B8E 00                    3019 	.db #0x00	; 0
    00000B8F 5A                    3020 	.db #0x5a	; 90	'Z'
    00000B90 00                    3021 	.db #0x00	; 0
    00000B91 00                    3022 	.db #0x00	; 0
    00000B92 5A                    3023 	.db #0x5a	; 90	'Z'
    00000B93 00                    3024 	.db #0x00	; 0
    00000B94 00                    3025 	.db #0x00	; 0
    00000B95 05                    3026 	.db #0x05	; 5
    00000B96 E0                    3027 	.db #0xe0	; 224
    00000B97 00                    3028 	.db #0x00	; 0
    00000B98 5A                    3029 	.db #0x5a	; 90	'Z'
    00000B99 00                    3030 	.db #0x00	; 0
    00000B9A 00                    3031 	.db #0x00	; 0
    00000B9B 5A                    3032 	.db #0x5a	; 90	'Z'
    00000B9C 00                    3033 	.db #0x00	; 0
    00000B9D 00                    3034 	.db #0x00	; 0
    00000B9E 5A                    3035 	.db #0x5a	; 90	'Z'
    00000B9F 00                    3036 	.db #0x00	; 0
    00000BA0 00                    3037 	.db #0x00	; 0
    00000BA1 1D                    3038 	.db #0x1d	; 29
    00000BA2 B2                    3039 	.db #0xb2	; 178
    00000BA3 CC                    3040 	.db #0xcc	; 204
    00000BA4 00                    3041 	.db #0x00	; 0
    00000BA5 50                    3042 	.db #0x50	; 80	'P'
    00000BA6 00                    3043 	.db #0x00	; 0
    00000BA7 5A                    3044 	.db #0x5a	; 90	'Z'
    00000BA8 00                    3045 	.db #0x00	; 0
    00000BA9 00                    3046 	.db #0x00	; 0
    00000BAA 5A                    3047 	.db #0x5a	; 90	'Z'
    00000BAB 00                    3048 	.db #0x00	; 0
    00000BAC 00                    3049 	.db #0x00	; 0
    00000BAD 00                    3050 	.db #0x00	; 0
    00000BAE C0                    3051 	.db #0xc0	; 192
    00000BAF 00                    3052 	.db #0x00	; 0
    00000BB0 5A                    3053 	.db #0x5a	; 90	'Z'
    00000BB1 00                    3054 	.db #0x00	; 0
    00000BB2 00                    3055 	.db #0x00	; 0
    00000BB3 5A                    3056 	.db #0x5a	; 90	'Z'
    00000BB4 00                    3057 	.db #0x00	; 0
    00000BB5 00                    3058 	.db #0x00	; 0
    00000BB6 5A                    3059 	.db #0x5a	; 90	'Z'
    00000BB7 00                    3060 	.db #0x00	; 0
    00000BB8 00                    3061 	.db #0x00	; 0
    00000BB9 1D                    3062 	.db #0x1d	; 29
    00000BBA B2                    3063 	.db #0xb2	; 178
    00000BBB CC                    3064 	.db #0xcc	; 204
    00000BBC 00                    3065 	.db #0x00	; 0
    00000BBD 60                    3066 	.db #0x60	; 96
    00000BBE 00                    3067 	.db #0x00	; 0
    00000BBF 5A                    3068 	.db #0x5a	; 90	'Z'
    00000BC0 00                    3069 	.db #0x00	; 0
    00000BC1 00                    3070 	.db #0x00	; 0
    00000BC2 5A                    3071 	.db #0x5a	; 90	'Z'
    00000BC3 00                    3072 	.db #0x00	; 0
    00000BC4 00                    3073 	.db #0x00	; 0
    00000BC5 00                    3074 	.db #0x00	; 0
    00000BC6 E0                    3075 	.db #0xe0	; 224
    00000BC7 00                    3076 	.db #0x00	; 0
    00000BC8 5A                    3077 	.db #0x5a	; 90	'Z'
    00000BC9 00                    3078 	.db #0x00	; 0
    00000BCA 00                    3079 	.db #0x00	; 0
    00000BCB 5A                    3080 	.db #0x5a	; 90	'Z'
    00000BCC 00                    3081 	.db #0x00	; 0
    00000BCD 00                    3082 	.db #0x00	; 0
    00000BCE 5A                    3083 	.db #0x5a	; 90	'Z'
    00000BCF 00                    3084 	.db #0x00	; 0
    00000BD0 00                    3085 	.db #0x00	; 0
    00000BD1 13                    3086 	.db #0x13	; 19
    00000BD2 50                    3087 	.db #0x50	; 80	'P'
    00000BD3 00                    3088 	.db #0x00	; 0
    00000BD4 00                    3089 	.db #0x00	; 0
    00000BD5 70                    3090 	.db #0x70	; 112	'p'
    00000BD6 00                    3091 	.db #0x00	; 0
    00000BD7 5A                    3092 	.db #0x5a	; 90	'Z'
    00000BD8 00                    3093 	.db #0x00	; 0
    00000BD9 00                    3094 	.db #0x00	; 0
    00000BDA 5A                    3095 	.db #0x5a	; 90	'Z'
    00000BDB 00                    3096 	.db #0x00	; 0
    00000BDC 00                    3097 	.db #0x00	; 0
    00000BDD 0C                    3098 	.db #0x0c	; 12
    00000BDE C0                    3099 	.db #0xc0	; 192
    00000BDF 00                    3100 	.db #0x00	; 0
    00000BE0 0C                    3101 	.db #0x0c	; 12
    00000BE1 B0                    3102 	.db #0xb0	; 176
    00000BE2 00                    3103 	.db #0x00	; 0
    00000BE3 0C                    3104 	.db #0x0c	; 12
    00000BE4 E0                    3105 	.db #0xe0	; 224
    00000BE5 00                    3106 	.db #0x00	; 0
    00000BE6 13                    3107 	.db #0x13	; 19
    00000BE7 60                    3108 	.db #0x60	; 96
    00000BE8 00                    3109 	.db #0x00	; 0
    00000BE9 1D                    3110 	.db #0x1d	; 29
    00000BEA B2                    3111 	.db #0xb2	; 178
    00000BEB CC                    3112 	.db #0xcc	; 204
    00000BEC 00                    3113 	.db #0x00	; 0
    00000BED 80                    3114 	.db #0x80	; 128
    00000BEE 00                    3115 	.db #0x00	; 0
    00000BEF 5A                    3116 	.db #0x5a	; 90	'Z'
    00000BF0 00                    3117 	.db #0x00	; 0
    00000BF1 00                    3118 	.db #0x00	; 0
    00000BF2 5A                    3119 	.db #0x5a	; 90	'Z'
    00000BF3 00                    3120 	.db #0x00	; 0
    00000BF4 00                    3121 	.db #0x00	; 0
    00000BF5 00                    3122 	.db #0x00	; 0
    00000BF6 E0                    3123 	.db #0xe0	; 224
    00000BF7 00                    3124 	.db #0x00	; 0
    00000BF8 5A                    3125 	.db #0x5a	; 90	'Z'
    00000BF9 00                    3126 	.db #0x00	; 0
    00000BFA 00                    3127 	.db #0x00	; 0
    00000BFB 5A                    3128 	.db #0x5a	; 90	'Z'
    00000BFC 00                    3129 	.db #0x00	; 0
    00000BFD 00                    3130 	.db #0x00	; 0
    00000BFE 5A                    3131 	.db #0x5a	; 90	'Z'
    00000BFF 00                    3132 	.db #0x00	; 0
    00000C00 00                    3133 	.db #0x00	; 0
    00000C01                       3134 _P19:
    00000C01 18                    3135 	.db #0x18	; 24
    00000C02 B0                    3136 	.db #0xb0	; 176
    00000C03 00                    3137 	.db #0x00	; 0
    00000C04 5A                    3138 	.db #0x5a	; 90	'Z'
    00000C05 00                    3139 	.db #0x00	; 0
    00000C06 00                    3140 	.db #0x00	; 0
    00000C07 1E                    3141 	.db #0x1e	; 30
    00000C08 10                    3142 	.db #0x10	; 16
    00000C09 00                    3143 	.db #0x00	; 0
    00000C0A 5A                    3144 	.db #0x5a	; 90	'Z'
    00000C0B 00                    3145 	.db #0x00	; 0
    00000C0C 00                    3146 	.db #0x00	; 0
    00000C0D 18                    3147 	.db #0x18	; 24
    00000C0E 80                    3148 	.db #0x80	; 128
    00000C0F 00                    3149 	.db #0x00	; 0
    00000C10 5A                    3150 	.db #0x5a	; 90	'Z'
    00000C11 00                    3151 	.db #0x00	; 0
    00000C12 00                    3152 	.db #0x00	; 0
    00000C13 1E                    3153 	.db #0x1e	; 30
    00000C14 10                    3154 	.db #0x10	; 16
    00000C15 00                    3155 	.db #0x00	; 0
    00000C16 5A                    3156 	.db #0x5a	; 90	'Z'
    00000C17 00                    3157 	.db #0x00	; 0
    00000C18 00                    3158 	.db #0x00	; 0
    00000C19 18                    3159 	.db #0x18	; 24
    00000C1A B0                    3160 	.db #0xb0	; 176
    00000C1B 00                    3161 	.db #0x00	; 0
    00000C1C 5A                    3162 	.db #0x5a	; 90	'Z'
    00000C1D 00                    3163 	.db #0x00	; 0
    00000C1E 00                    3164 	.db #0x00	; 0
    00000C1F 1E                    3165 	.db #0x1e	; 30
    00000C20 10                    3166 	.db #0x10	; 16
    00000C21 00                    3167 	.db #0x00	; 0
    00000C22 5A                    3168 	.db #0x5a	; 90	'Z'
    00000C23 00                    3169 	.db #0x00	; 0
    00000C24 00                    3170 	.db #0x00	; 0
    00000C25 18                    3171 	.db #0x18	; 24
    00000C26 80                    3172 	.db #0x80	; 128
    00000C27 00                    3173 	.db #0x00	; 0
    00000C28 5A                    3174 	.db #0x5a	; 90	'Z'
    00000C29 00                    3175 	.db #0x00	; 0
    00000C2A 00                    3176 	.db #0x00	; 0
    00000C2B 1E                    3177 	.db #0x1e	; 30
    00000C2C 10                    3178 	.db #0x10	; 16
    00000C2D 00                    3179 	.db #0x00	; 0
    00000C2E 5A                    3180 	.db #0x5a	; 90	'Z'
    00000C2F 00                    3181 	.db #0x00	; 0
    00000C30 00                    3182 	.db #0x00	; 0
    00000C31 18                    3183 	.db #0x18	; 24
    00000C32 B0                    3184 	.db #0xb0	; 176
    00000C33 00                    3185 	.db #0x00	; 0
    00000C34 5A                    3186 	.db #0x5a	; 90	'Z'
    00000C35 00                    3187 	.db #0x00	; 0
    00000C36 00                    3188 	.db #0x00	; 0
    00000C37 1E                    3189 	.db #0x1e	; 30
    00000C38 10                    3190 	.db #0x10	; 16
    00000C39 00                    3191 	.db #0x00	; 0
    00000C3A 5A                    3192 	.db #0x5a	; 90	'Z'
    00000C3B 00                    3193 	.db #0x00	; 0
    00000C3C 00                    3194 	.db #0x00	; 0
    00000C3D 18                    3195 	.db #0x18	; 24
    00000C3E 80                    3196 	.db #0x80	; 128
    00000C3F 00                    3197 	.db #0x00	; 0
    00000C40 5A                    3198 	.db #0x5a	; 90	'Z'
    00000C41 00                    3199 	.db #0x00	; 0
    00000C42 00                    3200 	.db #0x00	; 0
    00000C43 1E                    3201 	.db #0x1e	; 30
    00000C44 10                    3202 	.db #0x10	; 16
    00000C45 00                    3203 	.db #0x00	; 0
    00000C46 5A                    3204 	.db #0x5a	; 90	'Z'
    00000C47 00                    3205 	.db #0x00	; 0
    00000C48 00                    3206 	.db #0x00	; 0
    00000C49 18                    3207 	.db #0x18	; 24
    00000C4A B0                    3208 	.db #0xb0	; 176
    00000C4B 00                    3209 	.db #0x00	; 0
    00000C4C 5A                    3210 	.db #0x5a	; 90	'Z'
    00000C4D 00                    3211 	.db #0x00	; 0
    00000C4E 00                    3212 	.db #0x00	; 0
    00000C4F 1E                    3213 	.db #0x1e	; 30
    00000C50 10                    3214 	.db #0x10	; 16
    00000C51 00                    3215 	.db #0x00	; 0
    00000C52 5A                    3216 	.db #0x5a	; 90	'Z'
    00000C53 00                    3217 	.db #0x00	; 0
    00000C54 00                    3218 	.db #0x00	; 0
    00000C55 18                    3219 	.db #0x18	; 24
    00000C56 80                    3220 	.db #0x80	; 128
    00000C57 00                    3221 	.db #0x00	; 0
    00000C58 5A                    3222 	.db #0x5a	; 90	'Z'
    00000C59 00                    3223 	.db #0x00	; 0
    00000C5A 00                    3224 	.db #0x00	; 0
    00000C5B 1E                    3225 	.db #0x1e	; 30
    00000C5C 10                    3226 	.db #0x10	; 16
    00000C5D 00                    3227 	.db #0x00	; 0
    00000C5E 5A                    3228 	.db #0x5a	; 90	'Z'
    00000C5F 00                    3229 	.db #0x00	; 0
    00000C60 00                    3230 	.db #0x00	; 0
    00000C61 18                    3231 	.db #0x18	; 24
    00000C62 B0                    3232 	.db #0xb0	; 176
    00000C63 00                    3233 	.db #0x00	; 0
    00000C64 5A                    3234 	.db #0x5a	; 90	'Z'
    00000C65 00                    3235 	.db #0x00	; 0
    00000C66 00                    3236 	.db #0x00	; 0
    00000C67 1E                    3237 	.db #0x1e	; 30
    00000C68 10                    3238 	.db #0x10	; 16
    00000C69 00                    3239 	.db #0x00	; 0
    00000C6A 5A                    3240 	.db #0x5a	; 90	'Z'
    00000C6B 00                    3241 	.db #0x00	; 0
    00000C6C 00                    3242 	.db #0x00	; 0
    00000C6D 18                    3243 	.db #0x18	; 24
    00000C6E 80                    3244 	.db #0x80	; 128
    00000C6F 00                    3245 	.db #0x00	; 0
    00000C70 5A                    3246 	.db #0x5a	; 90	'Z'
    00000C71 00                    3247 	.db #0x00	; 0
    00000C72 00                    3248 	.db #0x00	; 0
    00000C73 1E                    3249 	.db #0x1e	; 30
    00000C74 10                    3250 	.db #0x10	; 16
    00000C75 00                    3251 	.db #0x00	; 0
    00000C76 5A                    3252 	.db #0x5a	; 90	'Z'
    00000C77 00                    3253 	.db #0x00	; 0
    00000C78 00                    3254 	.db #0x00	; 0
    00000C79 18                    3255 	.db #0x18	; 24
    00000C7A B0                    3256 	.db #0xb0	; 176
    00000C7B 00                    3257 	.db #0x00	; 0
    00000C7C 5A                    3258 	.db #0x5a	; 90	'Z'
    00000C7D 00                    3259 	.db #0x00	; 0
    00000C7E 00                    3260 	.db #0x00	; 0
    00000C7F 1E                    3261 	.db #0x1e	; 30
    00000C80 10                    3262 	.db #0x10	; 16
    00000C81 00                    3263 	.db #0x00	; 0
    00000C82 5A                    3264 	.db #0x5a	; 90	'Z'
    00000C83 00                    3265 	.db #0x00	; 0
    00000C84 00                    3266 	.db #0x00	; 0
    00000C85 18                    3267 	.db #0x18	; 24
    00000C86 80                    3268 	.db #0x80	; 128
    00000C87 00                    3269 	.db #0x00	; 0
    00000C88 5A                    3270 	.db #0x5a	; 90	'Z'
    00000C89 00                    3271 	.db #0x00	; 0
    00000C8A 00                    3272 	.db #0x00	; 0
    00000C8B 1E                    3273 	.db #0x1e	; 30
    00000C8C 10                    3274 	.db #0x10	; 16
    00000C8D 00                    3275 	.db #0x00	; 0
    00000C8E 5A                    3276 	.db #0x5a	; 90	'Z'
    00000C8F 00                    3277 	.db #0x00	; 0
    00000C90 00                    3278 	.db #0x00	; 0
    00000C91 18                    3279 	.db #0x18	; 24
    00000C92 B0                    3280 	.db #0xb0	; 176
    00000C93 00                    3281 	.db #0x00	; 0
    00000C94 5A                    3282 	.db #0x5a	; 90	'Z'
    00000C95 00                    3283 	.db #0x00	; 0
    00000C96 00                    3284 	.db #0x00	; 0
    00000C97 1E                    3285 	.db #0x1e	; 30
    00000C98 10                    3286 	.db #0x10	; 16
    00000C99 00                    3287 	.db #0x00	; 0
    00000C9A 5A                    3288 	.db #0x5a	; 90	'Z'
    00000C9B 00                    3289 	.db #0x00	; 0
    00000C9C 00                    3290 	.db #0x00	; 0
    00000C9D 18                    3291 	.db #0x18	; 24
    00000C9E 80                    3292 	.db #0x80	; 128
    00000C9F 00                    3293 	.db #0x00	; 0
    00000CA0 5A                    3294 	.db #0x5a	; 90	'Z'
    00000CA1 00                    3295 	.db #0x00	; 0
    00000CA2 00                    3296 	.db #0x00	; 0
    00000CA3 1E                    3297 	.db #0x1e	; 30
    00000CA4 10                    3298 	.db #0x10	; 16
    00000CA5 00                    3299 	.db #0x00	; 0
    00000CA6 5A                    3300 	.db #0x5a	; 90	'Z'
    00000CA7 00                    3301 	.db #0x00	; 0
    00000CA8 00                    3302 	.db #0x00	; 0
    00000CA9 18                    3303 	.db #0x18	; 24
    00000CAA B0                    3304 	.db #0xb0	; 176
    00000CAB 00                    3305 	.db #0x00	; 0
    00000CAC 5A                    3306 	.db #0x5a	; 90	'Z'
    00000CAD 00                    3307 	.db #0x00	; 0
    00000CAE 00                    3308 	.db #0x00	; 0
    00000CAF 1E                    3309 	.db #0x1e	; 30
    00000CB0 10                    3310 	.db #0x10	; 16
    00000CB1 00                    3311 	.db #0x00	; 0
    00000CB2 5A                    3312 	.db #0x5a	; 90	'Z'
    00000CB3 00                    3313 	.db #0x00	; 0
    00000CB4 00                    3314 	.db #0x00	; 0
    00000CB5 18                    3315 	.db #0x18	; 24
    00000CB6 80                    3316 	.db #0x80	; 128
    00000CB7 00                    3317 	.db #0x00	; 0
    00000CB8 5A                    3318 	.db #0x5a	; 90	'Z'
    00000CB9 00                    3319 	.db #0x00	; 0
    00000CBA 00                    3320 	.db #0x00	; 0
    00000CBB 1E                    3321 	.db #0x1e	; 30
    00000CBC 10                    3322 	.db #0x10	; 16
    00000CBD 00                    3323 	.db #0x00	; 0
    00000CBE 5A                    3324 	.db #0x5a	; 90	'Z'
    00000CBF 00                    3325 	.db #0x00	; 0
    00000CC0 00                    3326 	.db #0x00	; 0
    00000CC1                       3327 _P20:
    00000CC1 1D                    3328 	.db #0x1d	; 29
    00000CC2 B0                    3329 	.db #0xb0	; 176
    00000CC3 00                    3330 	.db #0x00	; 0
    00000CC4 1D                    3331 	.db #0x1d	; 29
    00000CC5 50                    3332 	.db #0x50	; 80	'P'
    00000CC6 00                    3333 	.db #0x00	; 0
    00000CC7 18                    3334 	.db #0x18	; 24
    00000CC8 50                    3335 	.db #0x50	; 80	'P'
    00000CC9 00                    3336 	.db #0x00	; 0
    00000CCA 5A                    3337 	.db #0x5a	; 90	'Z'
    00000CCB 00                    3338 	.db #0x00	; 0
    00000CCC 00                    3339 	.db #0x00	; 0
    00000CCD 14                    3340 	.db #0x14	; 20
    00000CCE 50                    3341 	.db #0x50	; 80	'P'
    00000CCF 00                    3342 	.db #0x00	; 0
    00000CD0 5A                    3343 	.db #0x5a	; 90	'Z'
    00000CD1 00                    3344 	.db #0x00	; 0
    00000CD2 00                    3345 	.db #0x00	; 0
    00000CD3 11                    3346 	.db #0x11	; 17
    00000CD4 50                    3347 	.db #0x50	; 80	'P'
    00000CD5 00                    3348 	.db #0x00	; 0
    00000CD6 5A                    3349 	.db #0x5a	; 90	'Z'
    00000CD7 00                    3350 	.db #0x00	; 0
    00000CD8 00                    3351 	.db #0x00	; 0
    00000CD9 1D                    3352 	.db #0x1d	; 29
    00000CDA B0                    3353 	.db #0xb0	; 176
    00000CDB 00                    3354 	.db #0x00	; 0
    00000CDC 1D                    3355 	.db #0x1d	; 29
    00000CDD 50                    3356 	.db #0x50	; 80	'P'
    00000CDE 00                    3357 	.db #0x00	; 0
    00000CDF 18                    3358 	.db #0x18	; 24
    00000CE0 50                    3359 	.db #0x50	; 80	'P'
    00000CE1 00                    3360 	.db #0x00	; 0
    00000CE2 5A                    3361 	.db #0x5a	; 90	'Z'
    00000CE3 00                    3362 	.db #0x00	; 0
    00000CE4 00                    3363 	.db #0x00	; 0
    00000CE5 14                    3364 	.db #0x14	; 20
    00000CE6 50                    3365 	.db #0x50	; 80	'P'
    00000CE7 00                    3366 	.db #0x00	; 0
    00000CE8 5A                    3367 	.db #0x5a	; 90	'Z'
    00000CE9 00                    3368 	.db #0x00	; 0
    00000CEA 00                    3369 	.db #0x00	; 0
    00000CEB 11                    3370 	.db #0x11	; 17
    00000CEC 50                    3371 	.db #0x50	; 80	'P'
    00000CED 00                    3372 	.db #0x00	; 0
    00000CEE 5A                    3373 	.db #0x5a	; 90	'Z'
    00000CEF 00                    3374 	.db #0x00	; 0
    00000CF0 00                    3375 	.db #0x00	; 0
    00000CF1 1D                    3376 	.db #0x1d	; 29
    00000CF2 B0                    3377 	.db #0xb0	; 176
    00000CF3 00                    3378 	.db #0x00	; 0
    00000CF4 1D                    3379 	.db #0x1d	; 29
    00000CF5 50                    3380 	.db #0x50	; 80	'P'
    00000CF6 00                    3381 	.db #0x00	; 0
    00000CF7 18                    3382 	.db #0x18	; 24
    00000CF8 50                    3383 	.db #0x50	; 80	'P'
    00000CF9 00                    3384 	.db #0x00	; 0
    00000CFA 5A                    3385 	.db #0x5a	; 90	'Z'
    00000CFB 00                    3386 	.db #0x00	; 0
    00000CFC 00                    3387 	.db #0x00	; 0
    00000CFD 14                    3388 	.db #0x14	; 20
    00000CFE 50                    3389 	.db #0x50	; 80	'P'
    00000CFF 00                    3390 	.db #0x00	; 0
    00000D00 5A                    3391 	.db #0x5a	; 90	'Z'
    00000D01 00                    3392 	.db #0x00	; 0
    00000D02 00                    3393 	.db #0x00	; 0
    00000D03 11                    3394 	.db #0x11	; 17
    00000D04 50                    3395 	.db #0x50	; 80	'P'
    00000D05 00                    3396 	.db #0x00	; 0
    00000D06 5A                    3397 	.db #0x5a	; 90	'Z'
    00000D07 00                    3398 	.db #0x00	; 0
    00000D08 00                    3399 	.db #0x00	; 0
    00000D09 1D                    3400 	.db #0x1d	; 29
    00000D0A B0                    3401 	.db #0xb0	; 176
    00000D0B 00                    3402 	.db #0x00	; 0
    00000D0C 1D                    3403 	.db #0x1d	; 29
    00000D0D 50                    3404 	.db #0x50	; 80	'P'
    00000D0E 00                    3405 	.db #0x00	; 0
    00000D0F 18                    3406 	.db #0x18	; 24
    00000D10 50                    3407 	.db #0x50	; 80	'P'
    00000D11 00                    3408 	.db #0x00	; 0
    00000D12 5A                    3409 	.db #0x5a	; 90	'Z'
    00000D13 00                    3410 	.db #0x00	; 0
    00000D14 00                    3411 	.db #0x00	; 0
    00000D15 14                    3412 	.db #0x14	; 20
    00000D16 50                    3413 	.db #0x50	; 80	'P'
    00000D17 00                    3414 	.db #0x00	; 0
    00000D18 5A                    3415 	.db #0x5a	; 90	'Z'
    00000D19 00                    3416 	.db #0x00	; 0
    00000D1A 00                    3417 	.db #0x00	; 0
    00000D1B 11                    3418 	.db #0x11	; 17
    00000D1C 50                    3419 	.db #0x50	; 80	'P'
    00000D1D 00                    3420 	.db #0x00	; 0
    00000D1E 5A                    3421 	.db #0x5a	; 90	'Z'
    00000D1F 00                    3422 	.db #0x00	; 0
    00000D20 00                    3423 	.db #0x00	; 0
    00000D21 1D                    3424 	.db #0x1d	; 29
    00000D22 B0                    3425 	.db #0xb0	; 176
    00000D23 00                    3426 	.db #0x00	; 0
    00000D24 18                    3427 	.db #0x18	; 24
    00000D25 50                    3428 	.db #0x50	; 80	'P'
    00000D26 00                    3429 	.db #0x00	; 0
    00000D27 13                    3430 	.db #0x13	; 19
    00000D28 50                    3431 	.db #0x50	; 80	'P'
    00000D29 00                    3432 	.db #0x00	; 0
    00000D2A 5A                    3433 	.db #0x5a	; 90	'Z'
    00000D2B 00                    3434 	.db #0x00	; 0
    00000D2C 00                    3435 	.db #0x00	; 0
    00000D2D 0F                    3436 	.db #0x0f	; 15
    00000D2E 50                    3437 	.db #0x50	; 80	'P'
    00000D2F 00                    3438 	.db #0x00	; 0
    00000D30 5A                    3439 	.db #0x5a	; 90	'Z'
    00000D31 00                    3440 	.db #0x00	; 0
    00000D32 00                    3441 	.db #0x00	; 0
    00000D33 0C                    3442 	.db #0x0c	; 12
    00000D34 50                    3443 	.db #0x50	; 80	'P'
    00000D35 00                    3444 	.db #0x00	; 0
    00000D36 5A                    3445 	.db #0x5a	; 90	'Z'
    00000D37 00                    3446 	.db #0x00	; 0
    00000D38 00                    3447 	.db #0x00	; 0
    00000D39 1D                    3448 	.db #0x1d	; 29
    00000D3A B0                    3449 	.db #0xb0	; 176
    00000D3B 00                    3450 	.db #0x00	; 0
    00000D3C 18                    3451 	.db #0x18	; 24
    00000D3D 50                    3452 	.db #0x50	; 80	'P'
    00000D3E 00                    3453 	.db #0x00	; 0
    00000D3F 13                    3454 	.db #0x13	; 19
    00000D40 50                    3455 	.db #0x50	; 80	'P'
    00000D41 00                    3456 	.db #0x00	; 0
    00000D42 5A                    3457 	.db #0x5a	; 90	'Z'
    00000D43 00                    3458 	.db #0x00	; 0
    00000D44 00                    3459 	.db #0x00	; 0
    00000D45 0F                    3460 	.db #0x0f	; 15
    00000D46 50                    3461 	.db #0x50	; 80	'P'
    00000D47 00                    3462 	.db #0x00	; 0
    00000D48 5A                    3463 	.db #0x5a	; 90	'Z'
    00000D49 00                    3464 	.db #0x00	; 0
    00000D4A 00                    3465 	.db #0x00	; 0
    00000D4B 0C                    3466 	.db #0x0c	; 12
    00000D4C 50                    3467 	.db #0x50	; 80	'P'
    00000D4D 00                    3468 	.db #0x00	; 0
    00000D4E 5A                    3469 	.db #0x5a	; 90	'Z'
    00000D4F 00                    3470 	.db #0x00	; 0
    00000D50 00                    3471 	.db #0x00	; 0
    00000D51 1D                    3472 	.db #0x1d	; 29
    00000D52 B0                    3473 	.db #0xb0	; 176
    00000D53 00                    3474 	.db #0x00	; 0
    00000D54 18                    3475 	.db #0x18	; 24
    00000D55 50                    3476 	.db #0x50	; 80	'P'
    00000D56 00                    3477 	.db #0x00	; 0
    00000D57 13                    3478 	.db #0x13	; 19
    00000D58 50                    3479 	.db #0x50	; 80	'P'
    00000D59 00                    3480 	.db #0x00	; 0
    00000D5A 5A                    3481 	.db #0x5a	; 90	'Z'
    00000D5B 00                    3482 	.db #0x00	; 0
    00000D5C 00                    3483 	.db #0x00	; 0
    00000D5D 1D                    3484 	.db #0x1d	; 29
    00000D5E B0                    3485 	.db #0xb0	; 176
    00000D5F 00                    3486 	.db #0x00	; 0
    00000D60 5A                    3487 	.db #0x5a	; 90	'Z'
    00000D61 0E                    3488 	.db #0x0e	; 14
    00000D62 00                    3489 	.db #0x00	; 0
    00000D63 0C                    3490 	.db #0x0c	; 12
    00000D64 50                    3491 	.db #0x50	; 80	'P'
    00000D65 00                    3492 	.db #0x00	; 0
    00000D66 5A                    3493 	.db #0x5a	; 90	'Z'
    00000D67 00                    3494 	.db #0x00	; 0
    00000D68 00                    3495 	.db #0x00	; 0
    00000D69 1D                    3496 	.db #0x1d	; 29
    00000D6A B0                    3497 	.db #0xb0	; 176
    00000D6B 00                    3498 	.db #0x00	; 0
    00000D6C 18                    3499 	.db #0x18	; 24
    00000D6D 50                    3500 	.db #0x50	; 80	'P'
    00000D6E 00                    3501 	.db #0x00	; 0
    00000D6F 13                    3502 	.db #0x13	; 19
    00000D70 50                    3503 	.db #0x50	; 80	'P'
    00000D71 00                    3504 	.db #0x00	; 0
    00000D72 5A                    3505 	.db #0x5a	; 90	'Z'
    00000D73 00                    3506 	.db #0x00	; 0
    00000D74 00                    3507 	.db #0x00	; 0
    00000D75 1D                    3508 	.db #0x1d	; 29
    00000D76 B0                    3509 	.db #0xb0	; 176
    00000D77 00                    3510 	.db #0x00	; 0
    00000D78 5A                    3511 	.db #0x5a	; 90	'Z'
    00000D79 0E                    3512 	.db #0x0e	; 14
    00000D7A 00                    3513 	.db #0x00	; 0
    00000D7B 5A                    3514 	.db #0x5a	; 90	'Z'
    00000D7C 00                    3515 	.db #0x00	; 0
    00000D7D 00                    3516 	.db #0x00	; 0
    00000D7E 5A                    3517 	.db #0x5a	; 90	'Z'
    00000D7F 00                    3518 	.db #0x00	; 0
    00000D80 00                    3519 	.db #0x00	; 0
    00000D81                       3520 _P21:
    00000D81 5A                    3521 	.db #0x5a	; 90	'Z'
    00000D82 00                    3522 	.db #0x00	; 0
    00000D83 00                    3523 	.db #0x00	; 0
    00000D84 5A                    3524 	.db #0x5a	; 90	'Z'
    00000D85 00                    3525 	.db #0x00	; 0
    00000D86 00                    3526 	.db #0x00	; 0
    00000D87 5A                    3527 	.db #0x5a	; 90	'Z'
    00000D88 00                    3528 	.db #0x00	; 0
    00000D89 00                    3529 	.db #0x00	; 0
    00000D8A 5A                    3530 	.db #0x5a	; 90	'Z'
    00000D8B 00                    3531 	.db #0x00	; 0
    00000D8C 00                    3532 	.db #0x00	; 0
    00000D8D 11                    3533 	.db #0x11	; 17
    00000D8E 60                    3534 	.db #0x60	; 96
    00000D8F 00                    3535 	.db #0x00	; 0
    00000D90 5A                    3536 	.db #0x5a	; 90	'Z'
    00000D91 00                    3537 	.db #0x00	; 0
    00000D92 00                    3538 	.db #0x00	; 0
    00000D93 11                    3539 	.db #0x11	; 17
    00000D94 60                    3540 	.db #0x60	; 96
    00000D95 00                    3541 	.db #0x00	; 0
    00000D96 5A                    3542 	.db #0x5a	; 90	'Z'
    00000D97 00                    3543 	.db #0x00	; 0
    00000D98 00                    3544 	.db #0x00	; 0
    00000D99 11                    3545 	.db #0x11	; 17
    00000D9A 60                    3546 	.db #0x60	; 96
    00000D9B 00                    3547 	.db #0x00	; 0
    00000D9C 5A                    3548 	.db #0x5a	; 90	'Z'
    00000D9D 00                    3549 	.db #0x00	; 0
    00000D9E 00                    3550 	.db #0x00	; 0
    00000D9F 11                    3551 	.db #0x11	; 17
    00000DA0 60                    3552 	.db #0x60	; 96
    00000DA1 00                    3553 	.db #0x00	; 0
    00000DA2 5A                    3554 	.db #0x5a	; 90	'Z'
    00000DA3 00                    3555 	.db #0x00	; 0
    00000DA4 00                    3556 	.db #0x00	; 0
    00000DA5 11                    3557 	.db #0x11	; 17
    00000DA6 60                    3558 	.db #0x60	; 96
    00000DA7 00                    3559 	.db #0x00	; 0
    00000DA8 5A                    3560 	.db #0x5a	; 90	'Z'
    00000DA9 00                    3561 	.db #0x00	; 0
    00000DAA 00                    3562 	.db #0x00	; 0
    00000DAB 11                    3563 	.db #0x11	; 17
    00000DAC 60                    3564 	.db #0x60	; 96
    00000DAD 00                    3565 	.db #0x00	; 0
    00000DAE 5A                    3566 	.db #0x5a	; 90	'Z'
    00000DAF 00                    3567 	.db #0x00	; 0
    00000DB0 00                    3568 	.db #0x00	; 0
    00000DB1 5A                    3569 	.db #0x5a	; 90	'Z'
    00000DB2 00                    3570 	.db #0x00	; 0
    00000DB3 00                    3571 	.db #0x00	; 0
    00000DB4 5A                    3572 	.db #0x5a	; 90	'Z'
    00000DB5 00                    3573 	.db #0x00	; 0
    00000DB6 00                    3574 	.db #0x00	; 0
    00000DB7 5A                    3575 	.db #0x5a	; 90	'Z'
    00000DB8 00                    3576 	.db #0x00	; 0
    00000DB9 00                    3577 	.db #0x00	; 0
    00000DBA 5A                    3578 	.db #0x5a	; 90	'Z'
    00000DBB 00                    3579 	.db #0x00	; 0
    00000DBC 00                    3580 	.db #0x00	; 0
    00000DBD 11                    3581 	.db #0x11	; 17
    00000DBE 60                    3582 	.db #0x60	; 96
    00000DBF 00                    3583 	.db #0x00	; 0
    00000DC0 5A                    3584 	.db #0x5a	; 90	'Z'
    00000DC1 00                    3585 	.db #0x00	; 0
    00000DC2 00                    3586 	.db #0x00	; 0
    00000DC3 11                    3587 	.db #0x11	; 17
    00000DC4 60                    3588 	.db #0x60	; 96
    00000DC5 00                    3589 	.db #0x00	; 0
    00000DC6 5A                    3590 	.db #0x5a	; 90	'Z'
    00000DC7 00                    3591 	.db #0x00	; 0
    00000DC8 00                    3592 	.db #0x00	; 0
    00000DC9 11                    3593 	.db #0x11	; 17
    00000DCA 60                    3594 	.db #0x60	; 96
    00000DCB 00                    3595 	.db #0x00	; 0
    00000DCC 5A                    3596 	.db #0x5a	; 90	'Z'
    00000DCD 00                    3597 	.db #0x00	; 0
    00000DCE 00                    3598 	.db #0x00	; 0
    00000DCF 11                    3599 	.db #0x11	; 17
    00000DD0 60                    3600 	.db #0x60	; 96
    00000DD1 00                    3601 	.db #0x00	; 0
    00000DD2 5A                    3602 	.db #0x5a	; 90	'Z'
    00000DD3 00                    3603 	.db #0x00	; 0
    00000DD4 00                    3604 	.db #0x00	; 0
    00000DD5 11                    3605 	.db #0x11	; 17
    00000DD6 60                    3606 	.db #0x60	; 96
    00000DD7 00                    3607 	.db #0x00	; 0
    00000DD8 5A                    3608 	.db #0x5a	; 90	'Z'
    00000DD9 00                    3609 	.db #0x00	; 0
    00000DDA 00                    3610 	.db #0x00	; 0
    00000DDB 11                    3611 	.db #0x11	; 17
    00000DDC 60                    3612 	.db #0x60	; 96
    00000DDD 00                    3613 	.db #0x00	; 0
    00000DDE 5A                    3614 	.db #0x5a	; 90	'Z'
    00000DDF 00                    3615 	.db #0x00	; 0
    00000DE0 00                    3616 	.db #0x00	; 0
    00000DE1 5A                    3617 	.db #0x5a	; 90	'Z'
    00000DE2 00                    3618 	.db #0x00	; 0
    00000DE3 00                    3619 	.db #0x00	; 0
    00000DE4 5A                    3620 	.db #0x5a	; 90	'Z'
    00000DE5 00                    3621 	.db #0x00	; 0
    00000DE6 00                    3622 	.db #0x00	; 0
    00000DE7 5A                    3623 	.db #0x5a	; 90	'Z'
    00000DE8 00                    3624 	.db #0x00	; 0
    00000DE9 00                    3625 	.db #0x00	; 0
    00000DEA 5A                    3626 	.db #0x5a	; 90	'Z'
    00000DEB 00                    3627 	.db #0x00	; 0
    00000DEC 00                    3628 	.db #0x00	; 0
    00000DED 13                    3629 	.db #0x13	; 19
    00000DEE 60                    3630 	.db #0x60	; 96
    00000DEF 00                    3631 	.db #0x00	; 0
    00000DF0 5A                    3632 	.db #0x5a	; 90	'Z'
    00000DF1 00                    3633 	.db #0x00	; 0
    00000DF2 00                    3634 	.db #0x00	; 0
    00000DF3 13                    3635 	.db #0x13	; 19
    00000DF4 60                    3636 	.db #0x60	; 96
    00000DF5 00                    3637 	.db #0x00	; 0
    00000DF6 5A                    3638 	.db #0x5a	; 90	'Z'
    00000DF7 00                    3639 	.db #0x00	; 0
    00000DF8 00                    3640 	.db #0x00	; 0
    00000DF9 13                    3641 	.db #0x13	; 19
    00000DFA 60                    3642 	.db #0x60	; 96
    00000DFB 00                    3643 	.db #0x00	; 0
    00000DFC 5A                    3644 	.db #0x5a	; 90	'Z'
    00000DFD 00                    3645 	.db #0x00	; 0
    00000DFE 00                    3646 	.db #0x00	; 0
    00000DFF 13                    3647 	.db #0x13	; 19
    00000E00 60                    3648 	.db #0x60	; 96
    00000E01 00                    3649 	.db #0x00	; 0
    00000E02 5A                    3650 	.db #0x5a	; 90	'Z'
    00000E03 00                    3651 	.db #0x00	; 0
    00000E04 00                    3652 	.db #0x00	; 0
    00000E05 13                    3653 	.db #0x13	; 19
    00000E06 60                    3654 	.db #0x60	; 96
    00000E07 00                    3655 	.db #0x00	; 0
    00000E08 5A                    3656 	.db #0x5a	; 90	'Z'
    00000E09 00                    3657 	.db #0x00	; 0
    00000E0A 00                    3658 	.db #0x00	; 0
    00000E0B 13                    3659 	.db #0x13	; 19
    00000E0C 60                    3660 	.db #0x60	; 96
    00000E0D 00                    3661 	.db #0x00	; 0
    00000E0E 5A                    3662 	.db #0x5a	; 90	'Z'
    00000E0F 00                    3663 	.db #0x00	; 0
    00000E10 00                    3664 	.db #0x00	; 0
    00000E11 5A                    3665 	.db #0x5a	; 90	'Z'
    00000E12 00                    3666 	.db #0x00	; 0
    00000E13 00                    3667 	.db #0x00	; 0
    00000E14 5A                    3668 	.db #0x5a	; 90	'Z'
    00000E15 00                    3669 	.db #0x00	; 0
    00000E16 00                    3670 	.db #0x00	; 0
    00000E17 5A                    3671 	.db #0x5a	; 90	'Z'
    00000E18 00                    3672 	.db #0x00	; 0
    00000E19 00                    3673 	.db #0x00	; 0
    00000E1A 5A                    3674 	.db #0x5a	; 90	'Z'
    00000E1B 00                    3675 	.db #0x00	; 0
    00000E1C 00                    3676 	.db #0x00	; 0
    00000E1D 13                    3677 	.db #0x13	; 19
    00000E1E 60                    3678 	.db #0x60	; 96
    00000E1F 00                    3679 	.db #0x00	; 0
    00000E20 5A                    3680 	.db #0x5a	; 90	'Z'
    00000E21 00                    3681 	.db #0x00	; 0
    00000E22 00                    3682 	.db #0x00	; 0
    00000E23 13                    3683 	.db #0x13	; 19
    00000E24 60                    3684 	.db #0x60	; 96
    00000E25 00                    3685 	.db #0x00	; 0
    00000E26 5A                    3686 	.db #0x5a	; 90	'Z'
    00000E27 00                    3687 	.db #0x00	; 0
    00000E28 00                    3688 	.db #0x00	; 0
    00000E29 13                    3689 	.db #0x13	; 19
    00000E2A 60                    3690 	.db #0x60	; 96
    00000E2B 00                    3691 	.db #0x00	; 0
    00000E2C 5A                    3692 	.db #0x5a	; 90	'Z'
    00000E2D 00                    3693 	.db #0x00	; 0
    00000E2E 00                    3694 	.db #0x00	; 0
    00000E2F 13                    3695 	.db #0x13	; 19
    00000E30 60                    3696 	.db #0x60	; 96
    00000E31 00                    3697 	.db #0x00	; 0
    00000E32 5A                    3698 	.db #0x5a	; 90	'Z'
    00000E33 00                    3699 	.db #0x00	; 0
    00000E34 00                    3700 	.db #0x00	; 0
    00000E35 13                    3701 	.db #0x13	; 19
    00000E36 60                    3702 	.db #0x60	; 96
    00000E37 00                    3703 	.db #0x00	; 0
    00000E38 5A                    3704 	.db #0x5a	; 90	'Z'
    00000E39 00                    3705 	.db #0x00	; 0
    00000E3A 00                    3706 	.db #0x00	; 0
    00000E3B 5A                    3707 	.db #0x5a	; 90	'Z'
    00000E3C 00                    3708 	.db #0x00	; 0
    00000E3D 00                    3709 	.db #0x00	; 0
    00000E3E 5A                    3710 	.db #0x5a	; 90	'Z'
    00000E3F 00                    3711 	.db #0x00	; 0
    00000E40 00                    3712 	.db #0x00	; 0
    00000E41                       3713 _P23:
    00000E41 18                    3714 	.db #0x18	; 24
    00000E42 B0                    3715 	.db #0xb0	; 176
    00000E43 00                    3716 	.db #0x00	; 0
    00000E44 5A                    3717 	.db #0x5a	; 90	'Z'
    00000E45 00                    3718 	.db #0x00	; 0
    00000E46 00                    3719 	.db #0x00	; 0
    00000E47 1E                    3720 	.db #0x1e	; 30
    00000E48 10                    3721 	.db #0x10	; 16
    00000E49 00                    3722 	.db #0x00	; 0
    00000E4A 5A                    3723 	.db #0x5a	; 90	'Z'
    00000E4B 00                    3724 	.db #0x00	; 0
    00000E4C 00                    3725 	.db #0x00	; 0
    00000E4D 18                    3726 	.db #0x18	; 24
    00000E4E 80                    3727 	.db #0x80	; 128
    00000E4F 00                    3728 	.db #0x00	; 0
    00000E50 5A                    3729 	.db #0x5a	; 90	'Z'
    00000E51 00                    3730 	.db #0x00	; 0
    00000E52 00                    3731 	.db #0x00	; 0
    00000E53 1E                    3732 	.db #0x1e	; 30
    00000E54 10                    3733 	.db #0x10	; 16
    00000E55 00                    3734 	.db #0x00	; 0
    00000E56 5A                    3735 	.db #0x5a	; 90	'Z'
    00000E57 00                    3736 	.db #0x00	; 0
    00000E58 00                    3737 	.db #0x00	; 0
    00000E59 18                    3738 	.db #0x18	; 24
    00000E5A B0                    3739 	.db #0xb0	; 176
    00000E5B 00                    3740 	.db #0x00	; 0
    00000E5C 5A                    3741 	.db #0x5a	; 90	'Z'
    00000E5D 00                    3742 	.db #0x00	; 0
    00000E5E 00                    3743 	.db #0x00	; 0
    00000E5F 1E                    3744 	.db #0x1e	; 30
    00000E60 10                    3745 	.db #0x10	; 16
    00000E61 00                    3746 	.db #0x00	; 0
    00000E62 5A                    3747 	.db #0x5a	; 90	'Z'
    00000E63 00                    3748 	.db #0x00	; 0
    00000E64 00                    3749 	.db #0x00	; 0
    00000E65 18                    3750 	.db #0x18	; 24
    00000E66 80                    3751 	.db #0x80	; 128
    00000E67 00                    3752 	.db #0x00	; 0
    00000E68 5A                    3753 	.db #0x5a	; 90	'Z'
    00000E69 00                    3754 	.db #0x00	; 0
    00000E6A 00                    3755 	.db #0x00	; 0
    00000E6B 1E                    3756 	.db #0x1e	; 30
    00000E6C 10                    3757 	.db #0x10	; 16
    00000E6D 00                    3758 	.db #0x00	; 0
    00000E6E 5A                    3759 	.db #0x5a	; 90	'Z'
    00000E6F 00                    3760 	.db #0x00	; 0
    00000E70 00                    3761 	.db #0x00	; 0
    00000E71 18                    3762 	.db #0x18	; 24
    00000E72 B0                    3763 	.db #0xb0	; 176
    00000E73 00                    3764 	.db #0x00	; 0
    00000E74 5A                    3765 	.db #0x5a	; 90	'Z'
    00000E75 00                    3766 	.db #0x00	; 0
    00000E76 00                    3767 	.db #0x00	; 0
    00000E77 1E                    3768 	.db #0x1e	; 30
    00000E78 10                    3769 	.db #0x10	; 16
    00000E79 00                    3770 	.db #0x00	; 0
    00000E7A 5A                    3771 	.db #0x5a	; 90	'Z'
    00000E7B 00                    3772 	.db #0x00	; 0
    00000E7C 00                    3773 	.db #0x00	; 0
    00000E7D 18                    3774 	.db #0x18	; 24
    00000E7E 80                    3775 	.db #0x80	; 128
    00000E7F 00                    3776 	.db #0x00	; 0
    00000E80 5A                    3777 	.db #0x5a	; 90	'Z'
    00000E81 00                    3778 	.db #0x00	; 0
    00000E82 00                    3779 	.db #0x00	; 0
    00000E83 1E                    3780 	.db #0x1e	; 30
    00000E84 10                    3781 	.db #0x10	; 16
    00000E85 00                    3782 	.db #0x00	; 0
    00000E86 5A                    3783 	.db #0x5a	; 90	'Z'
    00000E87 00                    3784 	.db #0x00	; 0
    00000E88 00                    3785 	.db #0x00	; 0
    00000E89 18                    3786 	.db #0x18	; 24
    00000E8A B0                    3787 	.db #0xb0	; 176
    00000E8B 00                    3788 	.db #0x00	; 0
    00000E8C 5A                    3789 	.db #0x5a	; 90	'Z'
    00000E8D 00                    3790 	.db #0x00	; 0
    00000E8E 00                    3791 	.db #0x00	; 0
    00000E8F 1E                    3792 	.db #0x1e	; 30
    00000E90 10                    3793 	.db #0x10	; 16
    00000E91 00                    3794 	.db #0x00	; 0
    00000E92 5A                    3795 	.db #0x5a	; 90	'Z'
    00000E93 00                    3796 	.db #0x00	; 0
    00000E94 00                    3797 	.db #0x00	; 0
    00000E95 18                    3798 	.db #0x18	; 24
    00000E96 80                    3799 	.db #0x80	; 128
    00000E97 00                    3800 	.db #0x00	; 0
    00000E98 5A                    3801 	.db #0x5a	; 90	'Z'
    00000E99 00                    3802 	.db #0x00	; 0
    00000E9A 00                    3803 	.db #0x00	; 0
    00000E9B 1E                    3804 	.db #0x1e	; 30
    00000E9C 10                    3805 	.db #0x10	; 16
    00000E9D 00                    3806 	.db #0x00	; 0
    00000E9E 5A                    3807 	.db #0x5a	; 90	'Z'
    00000E9F 00                    3808 	.db #0x00	; 0
    00000EA0 00                    3809 	.db #0x00	; 0
    00000EA1 18                    3810 	.db #0x18	; 24
    00000EA2 B0                    3811 	.db #0xb0	; 176
    00000EA3 00                    3812 	.db #0x00	; 0
    00000EA4 5A                    3813 	.db #0x5a	; 90	'Z'
    00000EA5 00                    3814 	.db #0x00	; 0
    00000EA6 00                    3815 	.db #0x00	; 0
    00000EA7 1E                    3816 	.db #0x1e	; 30
    00000EA8 10                    3817 	.db #0x10	; 16
    00000EA9 00                    3818 	.db #0x00	; 0
    00000EAA 5A                    3819 	.db #0x5a	; 90	'Z'
    00000EAB 00                    3820 	.db #0x00	; 0
    00000EAC 00                    3821 	.db #0x00	; 0
    00000EAD 18                    3822 	.db #0x18	; 24
    00000EAE 80                    3823 	.db #0x80	; 128
    00000EAF 00                    3824 	.db #0x00	; 0
    00000EB0 5A                    3825 	.db #0x5a	; 90	'Z'
    00000EB1 00                    3826 	.db #0x00	; 0
    00000EB2 00                    3827 	.db #0x00	; 0
    00000EB3 1E                    3828 	.db #0x1e	; 30
    00000EB4 10                    3829 	.db #0x10	; 16
    00000EB5 00                    3830 	.db #0x00	; 0
    00000EB6 5A                    3831 	.db #0x5a	; 90	'Z'
    00000EB7 00                    3832 	.db #0x00	; 0
    00000EB8 00                    3833 	.db #0x00	; 0
    00000EB9 18                    3834 	.db #0x18	; 24
    00000EBA B0                    3835 	.db #0xb0	; 176
    00000EBB 00                    3836 	.db #0x00	; 0
    00000EBC 5A                    3837 	.db #0x5a	; 90	'Z'
    00000EBD 00                    3838 	.db #0x00	; 0
    00000EBE 00                    3839 	.db #0x00	; 0
    00000EBF 1E                    3840 	.db #0x1e	; 30
    00000EC0 10                    3841 	.db #0x10	; 16
    00000EC1 00                    3842 	.db #0x00	; 0
    00000EC2 5A                    3843 	.db #0x5a	; 90	'Z'
    00000EC3 00                    3844 	.db #0x00	; 0
    00000EC4 00                    3845 	.db #0x00	; 0
    00000EC5 18                    3846 	.db #0x18	; 24
    00000EC6 80                    3847 	.db #0x80	; 128
    00000EC7 00                    3848 	.db #0x00	; 0
    00000EC8 5A                    3849 	.db #0x5a	; 90	'Z'
    00000EC9 00                    3850 	.db #0x00	; 0
    00000ECA 00                    3851 	.db #0x00	; 0
    00000ECB 1E                    3852 	.db #0x1e	; 30
    00000ECC 10                    3853 	.db #0x10	; 16
    00000ECD 00                    3854 	.db #0x00	; 0
    00000ECE 5A                    3855 	.db #0x5a	; 90	'Z'
    00000ECF 00                    3856 	.db #0x00	; 0
    00000ED0 00                    3857 	.db #0x00	; 0
    00000ED1 18                    3858 	.db #0x18	; 24
    00000ED2 B0                    3859 	.db #0xb0	; 176
    00000ED3 00                    3860 	.db #0x00	; 0
    00000ED4 5A                    3861 	.db #0x5a	; 90	'Z'
    00000ED5 00                    3862 	.db #0x00	; 0
    00000ED6 00                    3863 	.db #0x00	; 0
    00000ED7 1E                    3864 	.db #0x1e	; 30
    00000ED8 10                    3865 	.db #0x10	; 16
    00000ED9 00                    3866 	.db #0x00	; 0
    00000EDA 5A                    3867 	.db #0x5a	; 90	'Z'
    00000EDB 00                    3868 	.db #0x00	; 0
    00000EDC 00                    3869 	.db #0x00	; 0
    00000EDD 18                    3870 	.db #0x18	; 24
    00000EDE 80                    3871 	.db #0x80	; 128
    00000EDF 00                    3872 	.db #0x00	; 0
    00000EE0 5A                    3873 	.db #0x5a	; 90	'Z'
    00000EE1 00                    3874 	.db #0x00	; 0
    00000EE2 00                    3875 	.db #0x00	; 0
    00000EE3 1E                    3876 	.db #0x1e	; 30
    00000EE4 10                    3877 	.db #0x10	; 16
    00000EE5 00                    3878 	.db #0x00	; 0
    00000EE6 5A                    3879 	.db #0x5a	; 90	'Z'
    00000EE7 00                    3880 	.db #0x00	; 0
    00000EE8 00                    3881 	.db #0x00	; 0
    00000EE9 18                    3882 	.db #0x18	; 24
    00000EEA B0                    3883 	.db #0xb0	; 176
    00000EEB 00                    3884 	.db #0x00	; 0
    00000EEC 5A                    3885 	.db #0x5a	; 90	'Z'
    00000EED 00                    3886 	.db #0x00	; 0
    00000EEE 00                    3887 	.db #0x00	; 0
    00000EEF 1E                    3888 	.db #0x1e	; 30
    00000EF0 10                    3889 	.db #0x10	; 16
    00000EF1 00                    3890 	.db #0x00	; 0
    00000EF2 5A                    3891 	.db #0x5a	; 90	'Z'
    00000EF3 00                    3892 	.db #0x00	; 0
    00000EF4 00                    3893 	.db #0x00	; 0
    00000EF5 18                    3894 	.db #0x18	; 24
    00000EF6 B0                    3895 	.db #0xb0	; 176
    00000EF7 00                    3896 	.db #0x00	; 0
    00000EF8 5A                    3897 	.db #0x5a	; 90	'Z'
    00000EF9 00                    3898 	.db #0x00	; 0
    00000EFA 00                    3899 	.db #0x00	; 0
    00000EFB 5A                    3900 	.db #0x5a	; 90	'Z'
    00000EFC 0E                    3901 	.db #0x0e	; 14
    00000EFD 00                    3902 	.db #0x00	; 0
    00000EFE 5A                    3903 	.db #0x5a	; 90	'Z'
    00000EFF 00                    3904 	.db #0x00	; 0
    00000F00 00                    3905 	.db #0x00	; 0
    00000F01                       3906 _P24:
    00000F01 1D                    3907 	.db #0x1d	; 29
    00000F02 B0                    3908 	.db #0xb0	; 176
    00000F03 00                    3909 	.db #0x00	; 0
    00000F04 1D                    3910 	.db #0x1d	; 29
    00000F05 50                    3911 	.db #0x50	; 80	'P'
    00000F06 00                    3912 	.db #0x00	; 0
    00000F07 18                    3913 	.db #0x18	; 24
    00000F08 50                    3914 	.db #0x50	; 80	'P'
    00000F09 00                    3915 	.db #0x00	; 0
    00000F0A 5A                    3916 	.db #0x5a	; 90	'Z'
    00000F0B 00                    3917 	.db #0x00	; 0
    00000F0C 00                    3918 	.db #0x00	; 0
    00000F0D 14                    3919 	.db #0x14	; 20
    00000F0E 50                    3920 	.db #0x50	; 80	'P'
    00000F0F 00                    3921 	.db #0x00	; 0
    00000F10 5A                    3922 	.db #0x5a	; 90	'Z'
    00000F11 00                    3923 	.db #0x00	; 0
    00000F12 00                    3924 	.db #0x00	; 0
    00000F13 11                    3925 	.db #0x11	; 17
    00000F14 50                    3926 	.db #0x50	; 80	'P'
    00000F15 00                    3927 	.db #0x00	; 0
    00000F16 5A                    3928 	.db #0x5a	; 90	'Z'
    00000F17 00                    3929 	.db #0x00	; 0
    00000F18 00                    3930 	.db #0x00	; 0
    00000F19 5A                    3931 	.db #0x5a	; 90	'Z'
    00000F1A 0E                    3932 	.db #0x0e	; 14
    00000F1B 00                    3933 	.db #0x00	; 0
    00000F1C 1D                    3934 	.db #0x1d	; 29
    00000F1D 50                    3935 	.db #0x50	; 80	'P'
    00000F1E 00                    3936 	.db #0x00	; 0
    00000F1F 18                    3937 	.db #0x18	; 24
    00000F20 50                    3938 	.db #0x50	; 80	'P'
    00000F21 00                    3939 	.db #0x00	; 0
    00000F22 5A                    3940 	.db #0x5a	; 90	'Z'
    00000F23 00                    3941 	.db #0x00	; 0
    00000F24 00                    3942 	.db #0x00	; 0
    00000F25 14                    3943 	.db #0x14	; 20
    00000F26 50                    3944 	.db #0x50	; 80	'P'
    00000F27 00                    3945 	.db #0x00	; 0
    00000F28 5A                    3946 	.db #0x5a	; 90	'Z'
    00000F29 00                    3947 	.db #0x00	; 0
    00000F2A 00                    3948 	.db #0x00	; 0
    00000F2B 11                    3949 	.db #0x11	; 17
    00000F2C 50                    3950 	.db #0x50	; 80	'P'
    00000F2D 00                    3951 	.db #0x00	; 0
    00000F2E 5A                    3952 	.db #0x5a	; 90	'Z'
    00000F2F 00                    3953 	.db #0x00	; 0
    00000F30 00                    3954 	.db #0x00	; 0
    00000F31 1D                    3955 	.db #0x1d	; 29
    00000F32 B0                    3956 	.db #0xb0	; 176
    00000F33 00                    3957 	.db #0x00	; 0
    00000F34 1D                    3958 	.db #0x1d	; 29
    00000F35 50                    3959 	.db #0x50	; 80	'P'
    00000F36 00                    3960 	.db #0x00	; 0
    00000F37 18                    3961 	.db #0x18	; 24
    00000F38 50                    3962 	.db #0x50	; 80	'P'
    00000F39 00                    3963 	.db #0x00	; 0
    00000F3A 5A                    3964 	.db #0x5a	; 90	'Z'
    00000F3B 00                    3965 	.db #0x00	; 0
    00000F3C 00                    3966 	.db #0x00	; 0
    00000F3D 14                    3967 	.db #0x14	; 20
    00000F3E 50                    3968 	.db #0x50	; 80	'P'
    00000F3F 00                    3969 	.db #0x00	; 0
    00000F40 5A                    3970 	.db #0x5a	; 90	'Z'
    00000F41 00                    3971 	.db #0x00	; 0
    00000F42 00                    3972 	.db #0x00	; 0
    00000F43 11                    3973 	.db #0x11	; 17
    00000F44 50                    3974 	.db #0x50	; 80	'P'
    00000F45 00                    3975 	.db #0x00	; 0
    00000F46 5A                    3976 	.db #0x5a	; 90	'Z'
    00000F47 00                    3977 	.db #0x00	; 0
    00000F48 00                    3978 	.db #0x00	; 0
    00000F49 5A                    3979 	.db #0x5a	; 90	'Z'
    00000F4A 0E                    3980 	.db #0x0e	; 14
    00000F4B 00                    3981 	.db #0x00	; 0
    00000F4C 1D                    3982 	.db #0x1d	; 29
    00000F4D 50                    3983 	.db #0x50	; 80	'P'
    00000F4E 00                    3984 	.db #0x00	; 0
    00000F4F 18                    3985 	.db #0x18	; 24
    00000F50 50                    3986 	.db #0x50	; 80	'P'
    00000F51 00                    3987 	.db #0x00	; 0
    00000F52 5A                    3988 	.db #0x5a	; 90	'Z'
    00000F53 00                    3989 	.db #0x00	; 0
    00000F54 00                    3990 	.db #0x00	; 0
    00000F55 14                    3991 	.db #0x14	; 20
    00000F56 50                    3992 	.db #0x50	; 80	'P'
    00000F57 00                    3993 	.db #0x00	; 0
    00000F58 5A                    3994 	.db #0x5a	; 90	'Z'
    00000F59 00                    3995 	.db #0x00	; 0
    00000F5A 00                    3996 	.db #0x00	; 0
    00000F5B 11                    3997 	.db #0x11	; 17
    00000F5C 50                    3998 	.db #0x50	; 80	'P'
    00000F5D 00                    3999 	.db #0x00	; 0
    00000F5E 5A                    4000 	.db #0x5a	; 90	'Z'
    00000F5F 00                    4001 	.db #0x00	; 0
    00000F60 00                    4002 	.db #0x00	; 0
    00000F61 1D                    4003 	.db #0x1d	; 29
    00000F62 B0                    4004 	.db #0xb0	; 176
    00000F63 00                    4005 	.db #0x00	; 0
    00000F64 18                    4006 	.db #0x18	; 24
    00000F65 50                    4007 	.db #0x50	; 80	'P'
    00000F66 00                    4008 	.db #0x00	; 0
    00000F67 13                    4009 	.db #0x13	; 19
    00000F68 50                    4010 	.db #0x50	; 80	'P'
    00000F69 00                    4011 	.db #0x00	; 0
    00000F6A 5A                    4012 	.db #0x5a	; 90	'Z'
    00000F6B 00                    4013 	.db #0x00	; 0
    00000F6C 00                    4014 	.db #0x00	; 0
    00000F6D 0F                    4015 	.db #0x0f	; 15
    00000F6E 50                    4016 	.db #0x50	; 80	'P'
    00000F6F 00                    4017 	.db #0x00	; 0
    00000F70 5A                    4018 	.db #0x5a	; 90	'Z'
    00000F71 00                    4019 	.db #0x00	; 0
    00000F72 00                    4020 	.db #0x00	; 0
    00000F73 0C                    4021 	.db #0x0c	; 12
    00000F74 50                    4022 	.db #0x50	; 80	'P'
    00000F75 00                    4023 	.db #0x00	; 0
    00000F76 5A                    4024 	.db #0x5a	; 90	'Z'
    00000F77 00                    4025 	.db #0x00	; 0
    00000F78 00                    4026 	.db #0x00	; 0
    00000F79 5A                    4027 	.db #0x5a	; 90	'Z'
    00000F7A 0E                    4028 	.db #0x0e	; 14
    00000F7B 00                    4029 	.db #0x00	; 0
    00000F7C 18                    4030 	.db #0x18	; 24
    00000F7D 50                    4031 	.db #0x50	; 80	'P'
    00000F7E 00                    4032 	.db #0x00	; 0
    00000F7F 13                    4033 	.db #0x13	; 19
    00000F80 50                    4034 	.db #0x50	; 80	'P'
    00000F81 00                    4035 	.db #0x00	; 0
    00000F82 5A                    4036 	.db #0x5a	; 90	'Z'
    00000F83 00                    4037 	.db #0x00	; 0
    00000F84 00                    4038 	.db #0x00	; 0
    00000F85 0F                    4039 	.db #0x0f	; 15
    00000F86 50                    4040 	.db #0x50	; 80	'P'
    00000F87 00                    4041 	.db #0x00	; 0
    00000F88 5A                    4042 	.db #0x5a	; 90	'Z'
    00000F89 00                    4043 	.db #0x00	; 0
    00000F8A 00                    4044 	.db #0x00	; 0
    00000F8B 0C                    4045 	.db #0x0c	; 12
    00000F8C 50                    4046 	.db #0x50	; 80	'P'
    00000F8D 00                    4047 	.db #0x00	; 0
    00000F8E 5A                    4048 	.db #0x5a	; 90	'Z'
    00000F8F 00                    4049 	.db #0x00	; 0
    00000F90 00                    4050 	.db #0x00	; 0
    00000F91 5A                    4051 	.db #0x5a	; 90	'Z'
    00000F92 0E                    4052 	.db #0x0e	; 14
    00000F93 00                    4053 	.db #0x00	; 0
    00000F94 18                    4054 	.db #0x18	; 24
    00000F95 50                    4055 	.db #0x50	; 80	'P'
    00000F96 00                    4056 	.db #0x00	; 0
    00000F97 13                    4057 	.db #0x13	; 19
    00000F98 50                    4058 	.db #0x50	; 80	'P'
    00000F99 00                    4059 	.db #0x00	; 0
    00000F9A 5A                    4060 	.db #0x5a	; 90	'Z'
    00000F9B 00                    4061 	.db #0x00	; 0
    00000F9C 00                    4062 	.db #0x00	; 0
    00000F9D 0F                    4063 	.db #0x0f	; 15
    00000F9E 50                    4064 	.db #0x50	; 80	'P'
    00000F9F 00                    4065 	.db #0x00	; 0
    00000FA0 5A                    4066 	.db #0x5a	; 90	'Z'
    00000FA1 00                    4067 	.db #0x00	; 0
    00000FA2 00                    4068 	.db #0x00	; 0
    00000FA3 0C                    4069 	.db #0x0c	; 12
    00000FA4 50                    4070 	.db #0x50	; 80	'P'
    00000FA5 00                    4071 	.db #0x00	; 0
    00000FA6 5A                    4072 	.db #0x5a	; 90	'Z'
    00000FA7 00                    4073 	.db #0x00	; 0
    00000FA8 00                    4074 	.db #0x00	; 0
    00000FA9 5A                    4075 	.db #0x5a	; 90	'Z'
    00000FAA 0E                    4076 	.db #0x0e	; 14
    00000FAB 00                    4077 	.db #0x00	; 0
    00000FAC 18                    4078 	.db #0x18	; 24
    00000FAD 50                    4079 	.db #0x50	; 80	'P'
    00000FAE 00                    4080 	.db #0x00	; 0
    00000FAF 13                    4081 	.db #0x13	; 19
    00000FB0 50                    4082 	.db #0x50	; 80	'P'
    00000FB1 00                    4083 	.db #0x00	; 0
    00000FB2 5A                    4084 	.db #0x5a	; 90	'Z'
    00000FB3 00                    4085 	.db #0x00	; 0
    00000FB4 00                    4086 	.db #0x00	; 0
    00000FB5 0F                    4087 	.db #0x0f	; 15
    00000FB6 50                    4088 	.db #0x50	; 80	'P'
    00000FB7 00                    4089 	.db #0x00	; 0
    00000FB8 5A                    4090 	.db #0x5a	; 90	'Z'
    00000FB9 00                    4091 	.db #0x00	; 0
    00000FBA 00                    4092 	.db #0x00	; 0
    00000FBB 0C                    4093 	.db #0x0c	; 12
    00000FBC 50                    4094 	.db #0x50	; 80	'P'
    00000FBD 00                    4095 	.db #0x00	; 0
    00000FBE 5A                    4096 	.db #0x5a	; 90	'Z'
    00000FBF 00                    4097 	.db #0x00	; 0
    00000FC0 00                    4098 	.db #0x00	; 0
    00000FC1                       4099 _P26:
    00000FC1 1D                    4100 	.db #0x1d	; 29
    00000FC2 B2                    4101 	.db #0xb2	; 178
    00000FC3 CC                    4102 	.db #0xcc	; 204
    00000FC4 05                    4103 	.db #0x05	; 5
    00000FC5 10                    4104 	.db #0x10	; 16
    00000FC6 00                    4105 	.db #0x00	; 0
    00000FC7 5A                    4106 	.db #0x5a	; 90	'Z'
    00000FC8 00                    4107 	.db #0x00	; 0
    00000FC9 00                    4108 	.db #0x00	; 0
    00000FCA 5A                    4109 	.db #0x5a	; 90	'Z'
    00000FCB 00                    4110 	.db #0x00	; 0
    00000FCC 00                    4111 	.db #0x00	; 0
    00000FCD 05                    4112 	.db #0x05	; 5
    00000FCE C0                    4113 	.db #0xc0	; 192
    00000FCF 00                    4114 	.db #0x00	; 0
    00000FD0 5A                    4115 	.db #0x5a	; 90	'Z'
    00000FD1 00                    4116 	.db #0x00	; 0
    00000FD2 00                    4117 	.db #0x00	; 0
    00000FD3 5A                    4118 	.db #0x5a	; 90	'Z'
    00000FD4 00                    4119 	.db #0x00	; 0
    00000FD5 00                    4120 	.db #0x00	; 0
    00000FD6 5A                    4121 	.db #0x5a	; 90	'Z'
    00000FD7 00                    4122 	.db #0x00	; 0
    00000FD8 00                    4123 	.db #0x00	; 0
    00000FD9 05                    4124 	.db #0x05	; 5
    00000FDA 20                    4125 	.db #0x20	; 32
    00000FDB 00                    4126 	.db #0x00	; 0
    00000FDC 5A                    4127 	.db #0x5a	; 90	'Z'
    00000FDD 00                    4128 	.db #0x00	; 0
    00000FDE 00                    4129 	.db #0x00	; 0
    00000FDF 5A                    4130 	.db #0x5a	; 90	'Z'
    00000FE0 00                    4131 	.db #0x00	; 0
    00000FE1 00                    4132 	.db #0x00	; 0
    00000FE2 5A                    4133 	.db #0x5a	; 90	'Z'
    00000FE3 00                    4134 	.db #0x00	; 0
    00000FE4 00                    4135 	.db #0x00	; 0
    00000FE5 05                    4136 	.db #0x05	; 5
    00000FE6 E0                    4137 	.db #0xe0	; 224
    00000FE7 00                    4138 	.db #0x00	; 0
    00000FE8 5A                    4139 	.db #0x5a	; 90	'Z'
    00000FE9 00                    4140 	.db #0x00	; 0
    00000FEA 00                    4141 	.db #0x00	; 0
    00000FEB 5A                    4142 	.db #0x5a	; 90	'Z'
    00000FEC 00                    4143 	.db #0x00	; 0
    00000FED 00                    4144 	.db #0x00	; 0
    00000FEE 5A                    4145 	.db #0x5a	; 90	'Z'
    00000FEF 00                    4146 	.db #0x00	; 0
    00000FF0 00                    4147 	.db #0x00	; 0
    00000FF1 14                    4148 	.db #0x14	; 20
    00000FF2 50                    4149 	.db #0x50	; 80	'P'
    00000FF3 00                    4150 	.db #0x00	; 0
    00000FF4 05                    4151 	.db #0x05	; 5
    00000FF5 30                    4152 	.db #0x30	; 48	'0'
    00000FF6 00                    4153 	.db #0x00	; 0
    00000FF7 5A                    4154 	.db #0x5a	; 90	'Z'
    00000FF8 00                    4155 	.db #0x00	; 0
    00000FF9 00                    4156 	.db #0x00	; 0
    00000FFA 5A                    4157 	.db #0x5a	; 90	'Z'
    00000FFB 00                    4158 	.db #0x00	; 0
    00000FFC 00                    4159 	.db #0x00	; 0
    00000FFD 11                    4160 	.db #0x11	; 17
    00000FFE C0                    4161 	.db #0xc0	; 192
    00000FFF 00                    4162 	.db #0x00	; 0
    00001000 11                    4163 	.db #0x11	; 17
    00001001 B0                    4164 	.db #0xb0	; 176
    00001002 00                    4165 	.db #0x00	; 0
    00001003 11                    4166 	.db #0x11	; 17
    00001004 E0                    4167 	.db #0xe0	; 224
    00001005 00                    4168 	.db #0x00	; 0
    00001006 14                    4169 	.db #0x14	; 20
    00001007 10                    4170 	.db #0x10	; 16
    00001008 00                    4171 	.db #0x00	; 0
    00001009 1D                    4172 	.db #0x1d	; 29
    0000100A B2                    4173 	.db #0xb2	; 178
    0000100B CC                    4174 	.db #0xcc	; 204
    0000100C 05                    4175 	.db #0x05	; 5
    0000100D 40                    4176 	.db #0x40	; 64
    0000100E 00                    4177 	.db #0x00	; 0
    0000100F 5A                    4178 	.db #0x5a	; 90	'Z'
    00001010 00                    4179 	.db #0x00	; 0
    00001011 00                    4180 	.db #0x00	; 0
    00001012 5A                    4181 	.db #0x5a	; 90	'Z'
    00001013 00                    4182 	.db #0x00	; 0
    00001014 00                    4183 	.db #0x00	; 0
    00001015 05                    4184 	.db #0x05	; 5
    00001016 E0                    4185 	.db #0xe0	; 224
    00001017 00                    4186 	.db #0x00	; 0
    00001018 5A                    4187 	.db #0x5a	; 90	'Z'
    00001019 00                    4188 	.db #0x00	; 0
    0000101A 00                    4189 	.db #0x00	; 0
    0000101B 5A                    4190 	.db #0x5a	; 90	'Z'
    0000101C 00                    4191 	.db #0x00	; 0
    0000101D 00                    4192 	.db #0x00	; 0
    0000101E 5A                    4193 	.db #0x5a	; 90	'Z'
    0000101F 00                    4194 	.db #0x00	; 0
    00001020 00                    4195 	.db #0x00	; 0
    00001021 00                    4196 	.db #0x00	; 0
    00001022 50                    4197 	.db #0x50	; 80	'P'
    00001023 00                    4198 	.db #0x00	; 0
    00001024 5A                    4199 	.db #0x5a	; 90	'Z'
    00001025 00                    4200 	.db #0x00	; 0
    00001026 00                    4201 	.db #0x00	; 0
    00001027 5A                    4202 	.db #0x5a	; 90	'Z'
    00001028 00                    4203 	.db #0x00	; 0
    00001029 00                    4204 	.db #0x00	; 0
    0000102A 5A                    4205 	.db #0x5a	; 90	'Z'
    0000102B 00                    4206 	.db #0x00	; 0
    0000102C 00                    4207 	.db #0x00	; 0
    0000102D 00                    4208 	.db #0x00	; 0
    0000102E C0                    4209 	.db #0xc0	; 192
    0000102F 00                    4210 	.db #0x00	; 0
    00001030 5A                    4211 	.db #0x5a	; 90	'Z'
    00001031 00                    4212 	.db #0x00	; 0
    00001032 00                    4213 	.db #0x00	; 0
    00001033 5A                    4214 	.db #0x5a	; 90	'Z'
    00001034 00                    4215 	.db #0x00	; 0
    00001035 00                    4216 	.db #0x00	; 0
    00001036 5A                    4217 	.db #0x5a	; 90	'Z'
    00001037 00                    4218 	.db #0x00	; 0
    00001038 00                    4219 	.db #0x00	; 0
    00001039 00                    4220 	.db #0x00	; 0
    0000103A 60                    4221 	.db #0x60	; 96
    0000103B 00                    4222 	.db #0x00	; 0
    0000103C 5A                    4223 	.db #0x5a	; 90	'Z'
    0000103D 00                    4224 	.db #0x00	; 0
    0000103E 00                    4225 	.db #0x00	; 0
    0000103F 5A                    4226 	.db #0x5a	; 90	'Z'
    00001040 00                    4227 	.db #0x00	; 0
    00001041 00                    4228 	.db #0x00	; 0
    00001042 5A                    4229 	.db #0x5a	; 90	'Z'
    00001043 00                    4230 	.db #0x00	; 0
    00001044 00                    4231 	.db #0x00	; 0
    00001045 00                    4232 	.db #0x00	; 0
    00001046 E0                    4233 	.db #0xe0	; 224
    00001047 00                    4234 	.db #0x00	; 0
    00001048 5A                    4235 	.db #0x5a	; 90	'Z'
    00001049 00                    4236 	.db #0x00	; 0
    0000104A 00                    4237 	.db #0x00	; 0
    0000104B 5A                    4238 	.db #0x5a	; 90	'Z'
    0000104C 00                    4239 	.db #0x00	; 0
    0000104D 00                    4240 	.db #0x00	; 0
    0000104E 5A                    4241 	.db #0x5a	; 90	'Z'
    0000104F 00                    4242 	.db #0x00	; 0
    00001050 00                    4243 	.db #0x00	; 0
    00001051 13                    4244 	.db #0x13	; 19
    00001052 50                    4245 	.db #0x50	; 80	'P'
    00001053 00                    4246 	.db #0x00	; 0
    00001054 00                    4247 	.db #0x00	; 0
    00001055 70                    4248 	.db #0x70	; 112	'p'
    00001056 00                    4249 	.db #0x00	; 0
    00001057 5A                    4250 	.db #0x5a	; 90	'Z'
    00001058 00                    4251 	.db #0x00	; 0
    00001059 00                    4252 	.db #0x00	; 0
    0000105A 5A                    4253 	.db #0x5a	; 90	'Z'
    0000105B 00                    4254 	.db #0x00	; 0
    0000105C 00                    4255 	.db #0x00	; 0
    0000105D 0C                    4256 	.db #0x0c	; 12
    0000105E C0                    4257 	.db #0xc0	; 192
    0000105F 00                    4258 	.db #0x00	; 0
    00001060 0C                    4259 	.db #0x0c	; 12
    00001061 B0                    4260 	.db #0xb0	; 176
    00001062 00                    4261 	.db #0x00	; 0
    00001063 0C                    4262 	.db #0x0c	; 12
    00001064 E0                    4263 	.db #0xe0	; 224
    00001065 00                    4264 	.db #0x00	; 0
    00001066 13                    4265 	.db #0x13	; 19
    00001067 60                    4266 	.db #0x60	; 96
    00001068 00                    4267 	.db #0x00	; 0
    00001069 00                    4268 	.db #0x00	; 0
    0000106A 80                    4269 	.db #0x80	; 128
    0000106B 00                    4270 	.db #0x00	; 0
    0000106C 5A                    4271 	.db #0x5a	; 90	'Z'
    0000106D 00                    4272 	.db #0x00	; 0
    0000106E 00                    4273 	.db #0x00	; 0
    0000106F 5A                    4274 	.db #0x5a	; 90	'Z'
    00001070 00                    4275 	.db #0x00	; 0
    00001071 00                    4276 	.db #0x00	; 0
    00001072 5A                    4277 	.db #0x5a	; 90	'Z'
    00001073 00                    4278 	.db #0x00	; 0
    00001074 00                    4279 	.db #0x00	; 0
    00001075 00                    4280 	.db #0x00	; 0
    00001076 E0                    4281 	.db #0xe0	; 224
    00001077 00                    4282 	.db #0x00	; 0
    00001078 5A                    4283 	.db #0x5a	; 90	'Z'
    00001079 00                    4284 	.db #0x00	; 0
    0000107A 00                    4285 	.db #0x00	; 0
    0000107B 5A                    4286 	.db #0x5a	; 90	'Z'
    0000107C 00                    4287 	.db #0x00	; 0
    0000107D 00                    4288 	.db #0x00	; 0
    0000107E 5A                    4289 	.db #0x5a	; 90	'Z'
    0000107F 00                    4290 	.db #0x00	; 0
    00001080 00                    4291 	.db #0x00	; 0
    00001081                       4292 _P27:
    00001081 18                    4293 	.db #0x18	; 24
    00001082 B0                    4294 	.db #0xb0	; 176
    00001083 00                    4295 	.db #0x00	; 0
    00001084 5A                    4296 	.db #0x5a	; 90	'Z'
    00001085 00                    4297 	.db #0x00	; 0
    00001086 00                    4298 	.db #0x00	; 0
    00001087 1E                    4299 	.db #0x1e	; 30
    00001088 10                    4300 	.db #0x10	; 16
    00001089 00                    4301 	.db #0x00	; 0
    0000108A 5A                    4302 	.db #0x5a	; 90	'Z'
    0000108B 00                    4303 	.db #0x00	; 0
    0000108C 00                    4304 	.db #0x00	; 0
    0000108D 18                    4305 	.db #0x18	; 24
    0000108E 80                    4306 	.db #0x80	; 128
    0000108F 00                    4307 	.db #0x00	; 0
    00001090 5A                    4308 	.db #0x5a	; 90	'Z'
    00001091 00                    4309 	.db #0x00	; 0
    00001092 00                    4310 	.db #0x00	; 0
    00001093 1E                    4311 	.db #0x1e	; 30
    00001094 10                    4312 	.db #0x10	; 16
    00001095 00                    4313 	.db #0x00	; 0
    00001096 5A                    4314 	.db #0x5a	; 90	'Z'
    00001097 00                    4315 	.db #0x00	; 0
    00001098 00                    4316 	.db #0x00	; 0
    00001099 18                    4317 	.db #0x18	; 24
    0000109A B0                    4318 	.db #0xb0	; 176
    0000109B 00                    4319 	.db #0x00	; 0
    0000109C 5A                    4320 	.db #0x5a	; 90	'Z'
    0000109D 00                    4321 	.db #0x00	; 0
    0000109E 00                    4322 	.db #0x00	; 0
    0000109F 1E                    4323 	.db #0x1e	; 30
    000010A0 10                    4324 	.db #0x10	; 16
    000010A1 00                    4325 	.db #0x00	; 0
    000010A2 5A                    4326 	.db #0x5a	; 90	'Z'
    000010A3 00                    4327 	.db #0x00	; 0
    000010A4 00                    4328 	.db #0x00	; 0
    000010A5 18                    4329 	.db #0x18	; 24
    000010A6 80                    4330 	.db #0x80	; 128
    000010A7 00                    4331 	.db #0x00	; 0
    000010A8 5A                    4332 	.db #0x5a	; 90	'Z'
    000010A9 00                    4333 	.db #0x00	; 0
    000010AA 00                    4334 	.db #0x00	; 0
    000010AB 1E                    4335 	.db #0x1e	; 30
    000010AC 10                    4336 	.db #0x10	; 16
    000010AD 00                    4337 	.db #0x00	; 0
    000010AE 5A                    4338 	.db #0x5a	; 90	'Z'
    000010AF 00                    4339 	.db #0x00	; 0
    000010B0 00                    4340 	.db #0x00	; 0
    000010B1 18                    4341 	.db #0x18	; 24
    000010B2 B0                    4342 	.db #0xb0	; 176
    000010B3 00                    4343 	.db #0x00	; 0
    000010B4 5A                    4344 	.db #0x5a	; 90	'Z'
    000010B5 00                    4345 	.db #0x00	; 0
    000010B6 00                    4346 	.db #0x00	; 0
    000010B7 1E                    4347 	.db #0x1e	; 30
    000010B8 10                    4348 	.db #0x10	; 16
    000010B9 00                    4349 	.db #0x00	; 0
    000010BA 5A                    4350 	.db #0x5a	; 90	'Z'
    000010BB 00                    4351 	.db #0x00	; 0
    000010BC 00                    4352 	.db #0x00	; 0
    000010BD 18                    4353 	.db #0x18	; 24
    000010BE 80                    4354 	.db #0x80	; 128
    000010BF 00                    4355 	.db #0x00	; 0
    000010C0 5A                    4356 	.db #0x5a	; 90	'Z'
    000010C1 00                    4357 	.db #0x00	; 0
    000010C2 00                    4358 	.db #0x00	; 0
    000010C3 1E                    4359 	.db #0x1e	; 30
    000010C4 10                    4360 	.db #0x10	; 16
    000010C5 00                    4361 	.db #0x00	; 0
    000010C6 5A                    4362 	.db #0x5a	; 90	'Z'
    000010C7 00                    4363 	.db #0x00	; 0
    000010C8 00                    4364 	.db #0x00	; 0
    000010C9 18                    4365 	.db #0x18	; 24
    000010CA B0                    4366 	.db #0xb0	; 176
    000010CB 00                    4367 	.db #0x00	; 0
    000010CC 5A                    4368 	.db #0x5a	; 90	'Z'
    000010CD 00                    4369 	.db #0x00	; 0
    000010CE 00                    4370 	.db #0x00	; 0
    000010CF 1E                    4371 	.db #0x1e	; 30
    000010D0 10                    4372 	.db #0x10	; 16
    000010D1 00                    4373 	.db #0x00	; 0
    000010D2 5A                    4374 	.db #0x5a	; 90	'Z'
    000010D3 00                    4375 	.db #0x00	; 0
    000010D4 00                    4376 	.db #0x00	; 0
    000010D5 18                    4377 	.db #0x18	; 24
    000010D6 80                    4378 	.db #0x80	; 128
    000010D7 00                    4379 	.db #0x00	; 0
    000010D8 5A                    4380 	.db #0x5a	; 90	'Z'
    000010D9 00                    4381 	.db #0x00	; 0
    000010DA 00                    4382 	.db #0x00	; 0
    000010DB 1E                    4383 	.db #0x1e	; 30
    000010DC 10                    4384 	.db #0x10	; 16
    000010DD 00                    4385 	.db #0x00	; 0
    000010DE 5A                    4386 	.db #0x5a	; 90	'Z'
    000010DF 00                    4387 	.db #0x00	; 0
    000010E0 00                    4388 	.db #0x00	; 0
    000010E1 5A                    4389 	.db #0x5a	; 90	'Z'
    000010E2 00                    4390 	.db #0x00	; 0
    000010E3 00                    4391 	.db #0x00	; 0
    000010E4 5A                    4392 	.db #0x5a	; 90	'Z'
    000010E5 00                    4393 	.db #0x00	; 0
    000010E6 00                    4394 	.db #0x00	; 0
    000010E7 1E                    4395 	.db #0x1e	; 30
    000010E8 10                    4396 	.db #0x10	; 16
    000010E9 00                    4397 	.db #0x00	; 0
    000010EA 5A                    4398 	.db #0x5a	; 90	'Z'
    000010EB 00                    4399 	.db #0x00	; 0
    000010EC 00                    4400 	.db #0x00	; 0
    000010ED 18                    4401 	.db #0x18	; 24
    000010EE 80                    4402 	.db #0x80	; 128
    000010EF 00                    4403 	.db #0x00	; 0
    000010F0 5A                    4404 	.db #0x5a	; 90	'Z'
    000010F1 00                    4405 	.db #0x00	; 0
    000010F2 00                    4406 	.db #0x00	; 0
    000010F3 5A                    4407 	.db #0x5a	; 90	'Z'
    000010F4 00                    4408 	.db #0x00	; 0
    000010F5 00                    4409 	.db #0x00	; 0
    000010F6 5A                    4410 	.db #0x5a	; 90	'Z'
    000010F7 00                    4411 	.db #0x00	; 0
    000010F8 00                    4412 	.db #0x00	; 0
    000010F9 5A                    4413 	.db #0x5a	; 90	'Z'
    000010FA 00                    4414 	.db #0x00	; 0
    000010FB 00                    4415 	.db #0x00	; 0
    000010FC 5A                    4416 	.db #0x5a	; 90	'Z'
    000010FD 00                    4417 	.db #0x00	; 0
    000010FE 00                    4418 	.db #0x00	; 0
    000010FF 1E                    4419 	.db #0x1e	; 30
    00001100 10                    4420 	.db #0x10	; 16
    00001101 00                    4421 	.db #0x00	; 0
    00001102 5A                    4422 	.db #0x5a	; 90	'Z'
    00001103 00                    4423 	.db #0x00	; 0
    00001104 00                    4424 	.db #0x00	; 0
    00001105 18                    4425 	.db #0x18	; 24
    00001106 80                    4426 	.db #0x80	; 128
    00001107 00                    4427 	.db #0x00	; 0
    00001108 5A                    4428 	.db #0x5a	; 90	'Z'
    00001109 00                    4429 	.db #0x00	; 0
    0000110A 00                    4430 	.db #0x00	; 0
    0000110B 1E                    4431 	.db #0x1e	; 30
    0000110C 10                    4432 	.db #0x10	; 16
    0000110D 00                    4433 	.db #0x00	; 0
    0000110E 5A                    4434 	.db #0x5a	; 90	'Z'
    0000110F 00                    4435 	.db #0x00	; 0
    00001110 00                    4436 	.db #0x00	; 0
    00001111 5A                    4437 	.db #0x5a	; 90	'Z'
    00001112 00                    4438 	.db #0x00	; 0
    00001113 00                    4439 	.db #0x00	; 0
    00001114 5A                    4440 	.db #0x5a	; 90	'Z'
    00001115 00                    4441 	.db #0x00	; 0
    00001116 00                    4442 	.db #0x00	; 0
    00001117 1E                    4443 	.db #0x1e	; 30
    00001118 10                    4444 	.db #0x10	; 16
    00001119 00                    4445 	.db #0x00	; 0
    0000111A 5A                    4446 	.db #0x5a	; 90	'Z'
    0000111B 00                    4447 	.db #0x00	; 0
    0000111C 00                    4448 	.db #0x00	; 0
    0000111D 18                    4449 	.db #0x18	; 24
    0000111E 80                    4450 	.db #0x80	; 128
    0000111F 00                    4451 	.db #0x00	; 0
    00001120 5A                    4452 	.db #0x5a	; 90	'Z'
    00001121 00                    4453 	.db #0x00	; 0
    00001122 00                    4454 	.db #0x00	; 0
    00001123 1E                    4455 	.db #0x1e	; 30
    00001124 10                    4456 	.db #0x10	; 16
    00001125 00                    4457 	.db #0x00	; 0
    00001126 5A                    4458 	.db #0x5a	; 90	'Z'
    00001127 00                    4459 	.db #0x00	; 0
    00001128 00                    4460 	.db #0x00	; 0
    00001129 5A                    4461 	.db #0x5a	; 90	'Z'
    0000112A 00                    4462 	.db #0x00	; 0
    0000112B 00                    4463 	.db #0x00	; 0
    0000112C 5A                    4464 	.db #0x5a	; 90	'Z'
    0000112D 00                    4465 	.db #0x00	; 0
    0000112E 00                    4466 	.db #0x00	; 0
    0000112F 5A                    4467 	.db #0x5a	; 90	'Z'
    00001130 00                    4468 	.db #0x00	; 0
    00001131 00                    4469 	.db #0x00	; 0
    00001132 5A                    4470 	.db #0x5a	; 90	'Z'
    00001133 00                    4471 	.db #0x00	; 0
    00001134 00                    4472 	.db #0x00	; 0
    00001135 18                    4473 	.db #0x18	; 24
    00001136 80                    4474 	.db #0x80	; 128
    00001137 00                    4475 	.db #0x00	; 0
    00001138 5A                    4476 	.db #0x5a	; 90	'Z'
    00001139 00                    4477 	.db #0x00	; 0
    0000113A 00                    4478 	.db #0x00	; 0
    0000113B 5A                    4479 	.db #0x5a	; 90	'Z'
    0000113C 00                    4480 	.db #0x00	; 0
    0000113D 00                    4481 	.db #0x00	; 0
    0000113E 5A                    4482 	.db #0x5a	; 90	'Z'
    0000113F 00                    4483 	.db #0x00	; 0
    00001140 00                    4484 	.db #0x00	; 0
    00001141                       4485 _P28:
    00001141 1D                    4486 	.db #0x1d	; 29
    00001142 B0                    4487 	.db #0xb0	; 176
    00001143 00                    4488 	.db #0x00	; 0
    00001144 1D                    4489 	.db #0x1d	; 29
    00001145 10                    4490 	.db #0x10	; 16
    00001146 00                    4491 	.db #0x00	; 0
    00001147 18                    4492 	.db #0x18	; 24
    00001148 10                    4493 	.db #0x10	; 16
    00001149 00                    4494 	.db #0x00	; 0
    0000114A 5A                    4495 	.db #0x5a	; 90	'Z'
    0000114B 00                    4496 	.db #0x00	; 0
    0000114C 00                    4497 	.db #0x00	; 0
    0000114D 14                    4498 	.db #0x14	; 20
    0000114E 10                    4499 	.db #0x10	; 16
    0000114F 00                    4500 	.db #0x00	; 0
    00001150 5A                    4501 	.db #0x5a	; 90	'Z'
    00001151 00                    4502 	.db #0x00	; 0
    00001152 00                    4503 	.db #0x00	; 0
    00001153 11                    4504 	.db #0x11	; 17
    00001154 10                    4505 	.db #0x10	; 16
    00001155 00                    4506 	.db #0x00	; 0
    00001156 5A                    4507 	.db #0x5a	; 90	'Z'
    00001157 00                    4508 	.db #0x00	; 0
    00001158 00                    4509 	.db #0x00	; 0
    00001159 1D                    4510 	.db #0x1d	; 29
    0000115A 10                    4511 	.db #0x10	; 16
    0000115B 00                    4512 	.db #0x00	; 0
    0000115C 5A                    4513 	.db #0x5a	; 90	'Z'
    0000115D 00                    4514 	.db #0x00	; 0
    0000115E 00                    4515 	.db #0x00	; 0
    0000115F 18                    4516 	.db #0x18	; 24
    00001160 10                    4517 	.db #0x10	; 16
    00001161 00                    4518 	.db #0x00	; 0
    00001162 5A                    4519 	.db #0x5a	; 90	'Z'
    00001163 00                    4520 	.db #0x00	; 0
    00001164 00                    4521 	.db #0x00	; 0
    00001165 14                    4522 	.db #0x14	; 20
    00001166 10                    4523 	.db #0x10	; 16
    00001167 00                    4524 	.db #0x00	; 0
    00001168 5A                    4525 	.db #0x5a	; 90	'Z'
    00001169 00                    4526 	.db #0x00	; 0
    0000116A 00                    4527 	.db #0x00	; 0
    0000116B 11                    4528 	.db #0x11	; 17
    0000116C 10                    4529 	.db #0x10	; 16
    0000116D 00                    4530 	.db #0x00	; 0
    0000116E 5A                    4531 	.db #0x5a	; 90	'Z'
    0000116F 00                    4532 	.db #0x00	; 0
    00001170 00                    4533 	.db #0x00	; 0
    00001171 5A                    4534 	.db #0x5a	; 90	'Z'
    00001172 0E                    4535 	.db #0x0e	; 14
    00001173 00                    4536 	.db #0x00	; 0
    00001174 1D                    4537 	.db #0x1d	; 29
    00001175 10                    4538 	.db #0x10	; 16
    00001176 00                    4539 	.db #0x00	; 0
    00001177 18                    4540 	.db #0x18	; 24
    00001178 10                    4541 	.db #0x10	; 16
    00001179 00                    4542 	.db #0x00	; 0
    0000117A 5A                    4543 	.db #0x5a	; 90	'Z'
    0000117B 00                    4544 	.db #0x00	; 0
    0000117C 00                    4545 	.db #0x00	; 0
    0000117D 14                    4546 	.db #0x14	; 20
    0000117E 10                    4547 	.db #0x10	; 16
    0000117F 00                    4548 	.db #0x00	; 0
    00001180 5A                    4549 	.db #0x5a	; 90	'Z'
    00001181 00                    4550 	.db #0x00	; 0
    00001182 00                    4551 	.db #0x00	; 0
    00001183 11                    4552 	.db #0x11	; 17
    00001184 10                    4553 	.db #0x10	; 16
    00001185 00                    4554 	.db #0x00	; 0
    00001186 5A                    4555 	.db #0x5a	; 90	'Z'
    00001187 00                    4556 	.db #0x00	; 0
    00001188 00                    4557 	.db #0x00	; 0
    00001189 1D                    4558 	.db #0x1d	; 29
    0000118A 10                    4559 	.db #0x10	; 16
    0000118B 00                    4560 	.db #0x00	; 0
    0000118C 5A                    4561 	.db #0x5a	; 90	'Z'
    0000118D 00                    4562 	.db #0x00	; 0
    0000118E 00                    4563 	.db #0x00	; 0
    0000118F 18                    4564 	.db #0x18	; 24
    00001190 10                    4565 	.db #0x10	; 16
    00001191 00                    4566 	.db #0x00	; 0
    00001192 5A                    4567 	.db #0x5a	; 90	'Z'
    00001193 00                    4568 	.db #0x00	; 0
    00001194 00                    4569 	.db #0x00	; 0
    00001195 14                    4570 	.db #0x14	; 20
    00001196 10                    4571 	.db #0x10	; 16
    00001197 00                    4572 	.db #0x00	; 0
    00001198 5A                    4573 	.db #0x5a	; 90	'Z'
    00001199 00                    4574 	.db #0x00	; 0
    0000119A 00                    4575 	.db #0x00	; 0
    0000119B 11                    4576 	.db #0x11	; 17
    0000119C 10                    4577 	.db #0x10	; 16
    0000119D 00                    4578 	.db #0x00	; 0
    0000119E 5A                    4579 	.db #0x5a	; 90	'Z'
    0000119F 00                    4580 	.db #0x00	; 0
    000011A0 00                    4581 	.db #0x00	; 0
    000011A1 5A                    4582 	.db #0x5a	; 90	'Z'
    000011A2 0E                    4583 	.db #0x0e	; 14
    000011A3 00                    4584 	.db #0x00	; 0
    000011A4 18                    4585 	.db #0x18	; 24
    000011A5 1C                    4586 	.db #0x1c	; 28
    000011A6 0A                    4587 	.db #0x0a	; 10
    000011A7 13                    4588 	.db #0x13	; 19
    000011A8 1C                    4589 	.db #0x1c	; 28
    000011A9 09                    4590 	.db #0x09	; 9
    000011AA 5A                    4591 	.db #0x5a	; 90	'Z'
    000011AB 00                    4592 	.db #0x00	; 0
    000011AC 00                    4593 	.db #0x00	; 0
    000011AD 0F                    4594 	.db #0x0f	; 15
    000011AE 1C                    4595 	.db #0x1c	; 28
    000011AF 08                    4596 	.db #0x08	; 8
    000011B0 5A                    4597 	.db #0x5a	; 90	'Z'
    000011B1 00                    4598 	.db #0x00	; 0
    000011B2 00                    4599 	.db #0x00	; 0
    000011B3 0C                    4600 	.db #0x0c	; 12
    000011B4 1C                    4601 	.db #0x1c	; 28
    000011B5 07                    4602 	.db #0x07	; 7
    000011B6 5A                    4603 	.db #0x5a	; 90	'Z'
    000011B7 00                    4604 	.db #0x00	; 0
    000011B8 00                    4605 	.db #0x00	; 0
    000011B9 18                    4606 	.db #0x18	; 24
    000011BA 1C                    4607 	.db #0x1c	; 28
    000011BB 06                    4608 	.db #0x06	; 6
    000011BC 5A                    4609 	.db #0x5a	; 90	'Z'
    000011BD 00                    4610 	.db #0x00	; 0
    000011BE 00                    4611 	.db #0x00	; 0
    000011BF 13                    4612 	.db #0x13	; 19
    000011C0 1C                    4613 	.db #0x1c	; 28
    000011C1 06                    4614 	.db #0x06	; 6
    000011C2 5A                    4615 	.db #0x5a	; 90	'Z'
    000011C3 00                    4616 	.db #0x00	; 0
    000011C4 00                    4617 	.db #0x00	; 0
    000011C5 0F                    4618 	.db #0x0f	; 15
    000011C6 1C                    4619 	.db #0x1c	; 28
    000011C7 05                    4620 	.db #0x05	; 5
    000011C8 5A                    4621 	.db #0x5a	; 90	'Z'
    000011C9 00                    4622 	.db #0x00	; 0
    000011CA 00                    4623 	.db #0x00	; 0
    000011CB 0C                    4624 	.db #0x0c	; 12
    000011CC 1C                    4625 	.db #0x1c	; 28
    000011CD 05                    4626 	.db #0x05	; 5
    000011CE 5A                    4627 	.db #0x5a	; 90	'Z'
    000011CF 00                    4628 	.db #0x00	; 0
    000011D0 00                    4629 	.db #0x00	; 0
    000011D1 5A                    4630 	.db #0x5a	; 90	'Z'
    000011D2 0E                    4631 	.db #0x0e	; 14
    000011D3 00                    4632 	.db #0x00	; 0
    000011D4 18                    4633 	.db #0x18	; 24
    000011D5 1C                    4634 	.db #0x1c	; 28
    000011D6 04                    4635 	.db #0x04	; 4
    000011D7 13                    4636 	.db #0x13	; 19
    000011D8 1C                    4637 	.db #0x1c	; 28
    000011D9 04                    4638 	.db #0x04	; 4
    000011DA 5A                    4639 	.db #0x5a	; 90	'Z'
    000011DB 00                    4640 	.db #0x00	; 0
    000011DC 00                    4641 	.db #0x00	; 0
    000011DD 0F                    4642 	.db #0x0f	; 15
    000011DE 1C                    4643 	.db #0x1c	; 28
    000011DF 03                    4644 	.db #0x03	; 3
    000011E0 5A                    4645 	.db #0x5a	; 90	'Z'
    000011E1 00                    4646 	.db #0x00	; 0
    000011E2 00                    4647 	.db #0x00	; 0
    000011E3 0C                    4648 	.db #0x0c	; 12
    000011E4 1C                    4649 	.db #0x1c	; 28
    000011E5 03                    4650 	.db #0x03	; 3
    000011E6 5A                    4651 	.db #0x5a	; 90	'Z'
    000011E7 00                    4652 	.db #0x00	; 0
    000011E8 00                    4653 	.db #0x00	; 0
    000011E9 18                    4654 	.db #0x18	; 24
    000011EA 1C                    4655 	.db #0x1c	; 28
    000011EB 02                    4656 	.db #0x02	; 2
    000011EC 5A                    4657 	.db #0x5a	; 90	'Z'
    000011ED 00                    4658 	.db #0x00	; 0
    000011EE 00                    4659 	.db #0x00	; 0
    000011EF 13                    4660 	.db #0x13	; 19
    000011F0 1C                    4661 	.db #0x1c	; 28
    000011F1 02                    4662 	.db #0x02	; 2
    000011F2 5A                    4663 	.db #0x5a	; 90	'Z'
    000011F3 00                    4664 	.db #0x00	; 0
    000011F4 00                    4665 	.db #0x00	; 0
    000011F5 0F                    4666 	.db #0x0f	; 15
    000011F6 1C                    4667 	.db #0x1c	; 28
    000011F7 01                    4668 	.db #0x01	; 1
    000011F8 5A                    4669 	.db #0x5a	; 90	'Z'
    000011F9 00                    4670 	.db #0x00	; 0
    000011FA 00                    4671 	.db #0x00	; 0
    000011FB 0C                    4672 	.db #0x0c	; 12
    000011FC 1C                    4673 	.db #0x1c	; 28
    000011FD 01                    4674 	.db #0x01	; 1
    000011FE 5A                    4675 	.db #0x5a	; 90	'Z'
    000011FF 00                    4676 	.db #0x00	; 0
    00001200 00                    4677 	.db #0x00	; 0
    00001201                       4678 _P30:
    00001201 11                    4679 	.db #0x11	; 17
    00001202 10                    4680 	.db #0x10	; 16
    00001203 00                    4681 	.db #0x00	; 0
    00001204 5A                    4682 	.db #0x5a	; 90	'Z'
    00001205 00                    4683 	.db #0x00	; 0
    00001206 00                    4684 	.db #0x00	; 0
    00001207 5A                    4685 	.db #0x5a	; 90	'Z'
    00001208 00                    4686 	.db #0x00	; 0
    00001209 00                    4687 	.db #0x00	; 0
    0000120A 5A                    4688 	.db #0x5a	; 90	'Z'
    0000120B 00                    4689 	.db #0x00	; 0
    0000120C 00                    4690 	.db #0x00	; 0
    0000120D 11                    4691 	.db #0x11	; 17
    0000120E C0                    4692 	.db #0xc0	; 192
    0000120F 00                    4693 	.db #0x00	; 0
    00001210 5A                    4694 	.db #0x5a	; 90	'Z'
    00001211 00                    4695 	.db #0x00	; 0
    00001212 00                    4696 	.db #0x00	; 0
    00001213 5A                    4697 	.db #0x5a	; 90	'Z'
    00001214 00                    4698 	.db #0x00	; 0
    00001215 00                    4699 	.db #0x00	; 0
    00001216 5A                    4700 	.db #0x5a	; 90	'Z'
    00001217 00                    4701 	.db #0x00	; 0
    00001218 00                    4702 	.db #0x00	; 0
    00001219 11                    4703 	.db #0x11	; 17
    0000121A 20                    4704 	.db #0x20	; 32
    0000121B 00                    4705 	.db #0x00	; 0
    0000121C 5A                    4706 	.db #0x5a	; 90	'Z'
    0000121D 00                    4707 	.db #0x00	; 0
    0000121E 00                    4708 	.db #0x00	; 0
    0000121F 5A                    4709 	.db #0x5a	; 90	'Z'
    00001220 00                    4710 	.db #0x00	; 0
    00001221 00                    4711 	.db #0x00	; 0
    00001222 5A                    4712 	.db #0x5a	; 90	'Z'
    00001223 00                    4713 	.db #0x00	; 0
    00001224 00                    4714 	.db #0x00	; 0
    00001225 11                    4715 	.db #0x11	; 17
    00001226 E0                    4716 	.db #0xe0	; 224
    00001227 00                    4717 	.db #0x00	; 0
    00001228 5A                    4718 	.db #0x5a	; 90	'Z'
    00001229 00                    4719 	.db #0x00	; 0
    0000122A 00                    4720 	.db #0x00	; 0
    0000122B 5A                    4721 	.db #0x5a	; 90	'Z'
    0000122C 00                    4722 	.db #0x00	; 0
    0000122D 00                    4723 	.db #0x00	; 0
    0000122E 5A                    4724 	.db #0x5a	; 90	'Z'
    0000122F 00                    4725 	.db #0x00	; 0
    00001230 00                    4726 	.db #0x00	; 0
    00001231 20                    4727 	.db #0x20	; 32
    00001232 50                    4728 	.db #0x50	; 80	'P'
    00001233 00                    4729 	.db #0x00	; 0
    00001234 11                    4730 	.db #0x11	; 17
    00001235 30                    4731 	.db #0x30	; 48	'0'
    00001236 00                    4732 	.db #0x00	; 0
    00001237 5A                    4733 	.db #0x5a	; 90	'Z'
    00001238 00                    4734 	.db #0x00	; 0
    00001239 00                    4735 	.db #0x00	; 0
    0000123A 5A                    4736 	.db #0x5a	; 90	'Z'
    0000123B 00                    4737 	.db #0x00	; 0
    0000123C 00                    4738 	.db #0x00	; 0
    0000123D 1D                    4739 	.db #0x1d	; 29
    0000123E C0                    4740 	.db #0xc0	; 192
    0000123F 00                    4741 	.db #0x00	; 0
    00001240 1D                    4742 	.db #0x1d	; 29
    00001241 B0                    4743 	.db #0xb0	; 176
    00001242 00                    4744 	.db #0x00	; 0
    00001243 1D                    4745 	.db #0x1d	; 29
    00001244 E0                    4746 	.db #0xe0	; 224
    00001245 00                    4747 	.db #0x00	; 0
    00001246 20                    4748 	.db #0x20	; 32
    00001247 10                    4749 	.db #0x10	; 16
    00001248 00                    4750 	.db #0x00	; 0
    00001249 11                    4751 	.db #0x11	; 17
    0000124A 40                    4752 	.db #0x40	; 64
    0000124B 00                    4753 	.db #0x00	; 0
    0000124C 5A                    4754 	.db #0x5a	; 90	'Z'
    0000124D 00                    4755 	.db #0x00	; 0
    0000124E 00                    4756 	.db #0x00	; 0
    0000124F 5A                    4757 	.db #0x5a	; 90	'Z'
    00001250 00                    4758 	.db #0x00	; 0
    00001251 00                    4759 	.db #0x00	; 0
    00001252 5A                    4760 	.db #0x5a	; 90	'Z'
    00001253 00                    4761 	.db #0x00	; 0
    00001254 00                    4762 	.db #0x00	; 0
    00001255 11                    4763 	.db #0x11	; 17
    00001256 E0                    4764 	.db #0xe0	; 224
    00001257 00                    4765 	.db #0x00	; 0
    00001258 5A                    4766 	.db #0x5a	; 90	'Z'
    00001259 00                    4767 	.db #0x00	; 0
    0000125A 00                    4768 	.db #0x00	; 0
    0000125B 5A                    4769 	.db #0x5a	; 90	'Z'
    0000125C 00                    4770 	.db #0x00	; 0
    0000125D 00                    4771 	.db #0x00	; 0
    0000125E 5A                    4772 	.db #0x5a	; 90	'Z'
    0000125F 00                    4773 	.db #0x00	; 0
    00001260 00                    4774 	.db #0x00	; 0
    00001261 0C                    4775 	.db #0x0c	; 12
    00001262 50                    4776 	.db #0x50	; 80	'P'
    00001263 00                    4777 	.db #0x00	; 0
    00001264 5A                    4778 	.db #0x5a	; 90	'Z'
    00001265 00                    4779 	.db #0x00	; 0
    00001266 00                    4780 	.db #0x00	; 0
    00001267 5A                    4781 	.db #0x5a	; 90	'Z'
    00001268 00                    4782 	.db #0x00	; 0
    00001269 00                    4783 	.db #0x00	; 0
    0000126A 5A                    4784 	.db #0x5a	; 90	'Z'
    0000126B 00                    4785 	.db #0x00	; 0
    0000126C 00                    4786 	.db #0x00	; 0
    0000126D 0C                    4787 	.db #0x0c	; 12
    0000126E C0                    4788 	.db #0xc0	; 192
    0000126F 00                    4789 	.db #0x00	; 0
    00001270 5A                    4790 	.db #0x5a	; 90	'Z'
    00001271 00                    4791 	.db #0x00	; 0
    00001272 00                    4792 	.db #0x00	; 0
    00001273 5A                    4793 	.db #0x5a	; 90	'Z'
    00001274 00                    4794 	.db #0x00	; 0
    00001275 00                    4795 	.db #0x00	; 0
    00001276 5A                    4796 	.db #0x5a	; 90	'Z'
    00001277 00                    4797 	.db #0x00	; 0
    00001278 00                    4798 	.db #0x00	; 0
    00001279 0C                    4799 	.db #0x0c	; 12
    0000127A 60                    4800 	.db #0x60	; 96
    0000127B 00                    4801 	.db #0x00	; 0
    0000127C 5A                    4802 	.db #0x5a	; 90	'Z'
    0000127D 00                    4803 	.db #0x00	; 0
    0000127E 00                    4804 	.db #0x00	; 0
    0000127F 5A                    4805 	.db #0x5a	; 90	'Z'
    00001280 00                    4806 	.db #0x00	; 0
    00001281 00                    4807 	.db #0x00	; 0
    00001282 5A                    4808 	.db #0x5a	; 90	'Z'
    00001283 00                    4809 	.db #0x00	; 0
    00001284 00                    4810 	.db #0x00	; 0
    00001285 5A                    4811 	.db #0x5a	; 90	'Z'
    00001286 0E                    4812 	.db #0x0e	; 14
    00001287 00                    4813 	.db #0x00	; 0
    00001288 5A                    4814 	.db #0x5a	; 90	'Z'
    00001289 00                    4815 	.db #0x00	; 0
    0000128A 00                    4816 	.db #0x00	; 0
    0000128B 5A                    4817 	.db #0x5a	; 90	'Z'
    0000128C 00                    4818 	.db #0x00	; 0
    0000128D 00                    4819 	.db #0x00	; 0
    0000128E 5A                    4820 	.db #0x5a	; 90	'Z'
    0000128F 00                    4821 	.db #0x00	; 0
    00001290 00                    4822 	.db #0x00	; 0
    00001291 0C                    4823 	.db #0x0c	; 12
    00001292 70                    4824 	.db #0x70	; 112	'p'
    00001293 00                    4825 	.db #0x00	; 0
    00001294 5A                    4826 	.db #0x5a	; 90	'Z'
    00001295 00                    4827 	.db #0x00	; 0
    00001296 00                    4828 	.db #0x00	; 0
    00001297 5A                    4829 	.db #0x5a	; 90	'Z'
    00001298 00                    4830 	.db #0x00	; 0
    00001299 00                    4831 	.db #0x00	; 0
    0000129A 5A                    4832 	.db #0x5a	; 90	'Z'
    0000129B 00                    4833 	.db #0x00	; 0
    0000129C 00                    4834 	.db #0x00	; 0
    0000129D 18                    4835 	.db #0x18	; 24
    0000129E C0                    4836 	.db #0xc0	; 192
    0000129F 00                    4837 	.db #0x00	; 0
    000012A0 18                    4838 	.db #0x18	; 24
    000012A1 B0                    4839 	.db #0xb0	; 176
    000012A2 00                    4840 	.db #0x00	; 0
    000012A3 18                    4841 	.db #0x18	; 24
    000012A4 E0                    4842 	.db #0xe0	; 224
    000012A5 00                    4843 	.db #0x00	; 0
    000012A6 1F                    4844 	.db #0x1f	; 31
    000012A7 90                    4845 	.db #0x90	; 144
    000012A8 00                    4846 	.db #0x00	; 0
    000012A9 0C                    4847 	.db #0x0c	; 12
    000012AA 80                    4848 	.db #0x80	; 128
    000012AB 00                    4849 	.db #0x00	; 0
    000012AC 5A                    4850 	.db #0x5a	; 90	'Z'
    000012AD 00                    4851 	.db #0x00	; 0
    000012AE 00                    4852 	.db #0x00	; 0
    000012AF 5A                    4853 	.db #0x5a	; 90	'Z'
    000012B0 00                    4854 	.db #0x00	; 0
    000012B1 00                    4855 	.db #0x00	; 0
    000012B2 5A                    4856 	.db #0x5a	; 90	'Z'
    000012B3 00                    4857 	.db #0x00	; 0
    000012B4 00                    4858 	.db #0x00	; 0
    000012B5 5A                    4859 	.db #0x5a	; 90	'Z'
    000012B6 0E                    4860 	.db #0x0e	; 14
    000012B7 00                    4861 	.db #0x00	; 0
    000012B8 5A                    4862 	.db #0x5a	; 90	'Z'
    000012B9 00                    4863 	.db #0x00	; 0
    000012BA 00                    4864 	.db #0x00	; 0
    000012BB 5A                    4865 	.db #0x5a	; 90	'Z'
    000012BC 00                    4866 	.db #0x00	; 0
    000012BD 00                    4867 	.db #0x00	; 0
    000012BE 5A                    4868 	.db #0x5a	; 90	'Z'
    000012BF 00                    4869 	.db #0x00	; 0
    000012C0 00                    4870 	.db #0x00	; 0
    000012C1                       4871 _P31:
    000012C1 18                    4872 	.db #0x18	; 24
    000012C2 B0                    4873 	.db #0xb0	; 176
    000012C3 00                    4874 	.db #0x00	; 0
    000012C4 5A                    4875 	.db #0x5a	; 90	'Z'
    000012C5 00                    4876 	.db #0x00	; 0
    000012C6 00                    4877 	.db #0x00	; 0
    000012C7 5A                    4878 	.db #0x5a	; 90	'Z'
    000012C8 00                    4879 	.db #0x00	; 0
    000012C9 00                    4880 	.db #0x00	; 0
    000012CA 5A                    4881 	.db #0x5a	; 90	'Z'
    000012CB 00                    4882 	.db #0x00	; 0
    000012CC 00                    4883 	.db #0x00	; 0
    000012CD 5A                    4884 	.db #0x5a	; 90	'Z'
    000012CE 00                    4885 	.db #0x00	; 0
    000012CF 00                    4886 	.db #0x00	; 0
    000012D0 5A                    4887 	.db #0x5a	; 90	'Z'
    000012D1 00                    4888 	.db #0x00	; 0
    000012D2 00                    4889 	.db #0x00	; 0
    000012D3 5A                    4890 	.db #0x5a	; 90	'Z'
    000012D4 00                    4891 	.db #0x00	; 0
    000012D5 00                    4892 	.db #0x00	; 0
    000012D6 5A                    4893 	.db #0x5a	; 90	'Z'
    000012D7 00                    4894 	.db #0x00	; 0
    000012D8 00                    4895 	.db #0x00	; 0
    000012D9 1E                    4896 	.db #0x1e	; 30
    000012DA 10                    4897 	.db #0x10	; 16
    000012DB 00                    4898 	.db #0x00	; 0
    000012DC 1E                    4899 	.db #0x1e	; 30
    000012DD 10                    4900 	.db #0x10	; 16
    000012DE 00                    4901 	.db #0x00	; 0
    000012DF 1E                    4902 	.db #0x1e	; 30
    000012E0 10                    4903 	.db #0x10	; 16
    000012E1 00                    4904 	.db #0x00	; 0
    000012E2 1E                    4905 	.db #0x1e	; 30
    000012E3 10                    4906 	.db #0x10	; 16
    000012E4 00                    4907 	.db #0x00	; 0
    000012E5 1E                    4908 	.db #0x1e	; 30
    000012E6 10                    4909 	.db #0x10	; 16
    000012E7 00                    4910 	.db #0x00	; 0
    000012E8 1E                    4911 	.db #0x1e	; 30
    000012E9 10                    4912 	.db #0x10	; 16
    000012EA 00                    4913 	.db #0x00	; 0
    000012EB 1E                    4914 	.db #0x1e	; 30
    000012EC 10                    4915 	.db #0x10	; 16
    000012ED 00                    4916 	.db #0x00	; 0
    000012EE 1E                    4917 	.db #0x1e	; 30
    000012EF 10                    4918 	.db #0x10	; 16
    000012F0 00                    4919 	.db #0x00	; 0
    000012F1 18                    4920 	.db #0x18	; 24
    000012F2 70                    4921 	.db #0x70	; 112	'p'
    000012F3 00                    4922 	.db #0x00	; 0
    000012F4 5A                    4923 	.db #0x5a	; 90	'Z'
    000012F5 00                    4924 	.db #0x00	; 0
    000012F6 00                    4925 	.db #0x00	; 0
    000012F7 5A                    4926 	.db #0x5a	; 90	'Z'
    000012F8 00                    4927 	.db #0x00	; 0
    000012F9 00                    4928 	.db #0x00	; 0
    000012FA 5A                    4929 	.db #0x5a	; 90	'Z'
    000012FB 00                    4930 	.db #0x00	; 0
    000012FC 00                    4931 	.db #0x00	; 0
    000012FD 5A                    4932 	.db #0x5a	; 90	'Z'
    000012FE 00                    4933 	.db #0x00	; 0
    000012FF 00                    4934 	.db #0x00	; 0
    00001300 5A                    4935 	.db #0x5a	; 90	'Z'
    00001301 00                    4936 	.db #0x00	; 0
    00001302 00                    4937 	.db #0x00	; 0
    00001303 5A                    4938 	.db #0x5a	; 90	'Z'
    00001304 00                    4939 	.db #0x00	; 0
    00001305 00                    4940 	.db #0x00	; 0
    00001306 5A                    4941 	.db #0x5a	; 90	'Z'
    00001307 00                    4942 	.db #0x00	; 0
    00001308 00                    4943 	.db #0x00	; 0
    00001309 5A                    4944 	.db #0x5a	; 90	'Z'
    0000130A 00                    4945 	.db #0x00	; 0
    0000130B 00                    4946 	.db #0x00	; 0
    0000130C 5A                    4947 	.db #0x5a	; 90	'Z'
    0000130D 00                    4948 	.db #0x00	; 0
    0000130E 00                    4949 	.db #0x00	; 0
    0000130F 18                    4950 	.db #0x18	; 24
    00001310 60                    4951 	.db #0x60	; 96
    00001311 00                    4952 	.db #0x00	; 0
    00001312 5A                    4953 	.db #0x5a	; 90	'Z'
    00001313 00                    4954 	.db #0x00	; 0
    00001314 00                    4955 	.db #0x00	; 0
    00001315 5A                    4956 	.db #0x5a	; 90	'Z'
    00001316 00                    4957 	.db #0x00	; 0
    00001317 00                    4958 	.db #0x00	; 0
    00001318 5A                    4959 	.db #0x5a	; 90	'Z'
    00001319 00                    4960 	.db #0x00	; 0
    0000131A 00                    4961 	.db #0x00	; 0
    0000131B 17                    4962 	.db #0x17	; 23
    0000131C 60                    4963 	.db #0x60	; 96
    0000131D 00                    4964 	.db #0x00	; 0
    0000131E 5A                    4965 	.db #0x5a	; 90	'Z'
    0000131F 00                    4966 	.db #0x00	; 0
    00001320 00                    4967 	.db #0x00	; 0
    00001321 5A                    4968 	.db #0x5a	; 90	'Z'
    00001322 00                    4969 	.db #0x00	; 0
    00001323 00                    4970 	.db #0x00	; 0
    00001324 5A                    4971 	.db #0x5a	; 90	'Z'
    00001325 00                    4972 	.db #0x00	; 0
    00001326 00                    4973 	.db #0x00	; 0
    00001327 5A                    4974 	.db #0x5a	; 90	'Z'
    00001328 00                    4975 	.db #0x00	; 0
    00001329 00                    4976 	.db #0x00	; 0
    0000132A 5A                    4977 	.db #0x5a	; 90	'Z'
    0000132B 00                    4978 	.db #0x00	; 0
    0000132C 00                    4979 	.db #0x00	; 0
    0000132D 5A                    4980 	.db #0x5a	; 90	'Z'
    0000132E 00                    4981 	.db #0x00	; 0
    0000132F 00                    4982 	.db #0x00	; 0
    00001330 5A                    4983 	.db #0x5a	; 90	'Z'
    00001331 00                    4984 	.db #0x00	; 0
    00001332 00                    4985 	.db #0x00	; 0
    00001333 5A                    4986 	.db #0x5a	; 90	'Z'
    00001334 00                    4987 	.db #0x00	; 0
    00001335 00                    4988 	.db #0x00	; 0
    00001336 5A                    4989 	.db #0x5a	; 90	'Z'
    00001337 00                    4990 	.db #0x00	; 0
    00001338 00                    4991 	.db #0x00	; 0
    00001339 1E                    4992 	.db #0x1e	; 30
    0000133A 10                    4993 	.db #0x10	; 16
    0000133B 00                    4994 	.db #0x00	; 0
    0000133C 1E                    4995 	.db #0x1e	; 30
    0000133D 10                    4996 	.db #0x10	; 16
    0000133E 00                    4997 	.db #0x00	; 0
    0000133F 1E                    4998 	.db #0x1e	; 30
    00001340 10                    4999 	.db #0x10	; 16
    00001341 00                    5000 	.db #0x00	; 0
    00001342 1E                    5001 	.db #0x1e	; 30
    00001343 10                    5002 	.db #0x10	; 16
    00001344 00                    5003 	.db #0x00	; 0
    00001345 1E                    5004 	.db #0x1e	; 30
    00001346 10                    5005 	.db #0x10	; 16
    00001347 00                    5006 	.db #0x00	; 0
    00001348 1E                    5007 	.db #0x1e	; 30
    00001349 10                    5008 	.db #0x10	; 16
    0000134A 00                    5009 	.db #0x00	; 0
    0000134B 1E                    5010 	.db #0x1e	; 30
    0000134C 10                    5011 	.db #0x10	; 16
    0000134D 00                    5012 	.db #0x00	; 0
    0000134E 1E                    5013 	.db #0x1e	; 30
    0000134F 10                    5014 	.db #0x10	; 16
    00001350 00                    5015 	.db #0x00	; 0
    00001351 18                    5016 	.db #0x18	; 24
    00001352 70                    5017 	.db #0x70	; 112	'p'
    00001353 00                    5018 	.db #0x00	; 0
    00001354 5A                    5019 	.db #0x5a	; 90	'Z'
    00001355 00                    5020 	.db #0x00	; 0
    00001356 00                    5021 	.db #0x00	; 0
    00001357 5A                    5022 	.db #0x5a	; 90	'Z'
    00001358 00                    5023 	.db #0x00	; 0
    00001359 00                    5024 	.db #0x00	; 0
    0000135A 5A                    5025 	.db #0x5a	; 90	'Z'
    0000135B 00                    5026 	.db #0x00	; 0
    0000135C 00                    5027 	.db #0x00	; 0
    0000135D 5A                    5028 	.db #0x5a	; 90	'Z'
    0000135E 00                    5029 	.db #0x00	; 0
    0000135F 00                    5030 	.db #0x00	; 0
    00001360 5A                    5031 	.db #0x5a	; 90	'Z'
    00001361 00                    5032 	.db #0x00	; 0
    00001362 00                    5033 	.db #0x00	; 0
    00001363 5A                    5034 	.db #0x5a	; 90	'Z'
    00001364 00                    5035 	.db #0x00	; 0
    00001365 00                    5036 	.db #0x00	; 0
    00001366 5A                    5037 	.db #0x5a	; 90	'Z'
    00001367 00                    5038 	.db #0x00	; 0
    00001368 00                    5039 	.db #0x00	; 0
    00001369 5A                    5040 	.db #0x5a	; 90	'Z'
    0000136A 00                    5041 	.db #0x00	; 0
    0000136B 00                    5042 	.db #0x00	; 0
    0000136C 5A                    5043 	.db #0x5a	; 90	'Z'
    0000136D 00                    5044 	.db #0x00	; 0
    0000136E 00                    5045 	.db #0x00	; 0
    0000136F 5A                    5046 	.db #0x5a	; 90	'Z'
    00001370 00                    5047 	.db #0x00	; 0
    00001371 00                    5048 	.db #0x00	; 0
    00001372 5A                    5049 	.db #0x5a	; 90	'Z'
    00001373 00                    5050 	.db #0x00	; 0
    00001374 00                    5051 	.db #0x00	; 0
    00001375 18                    5052 	.db #0x18	; 24
    00001376 30                    5053 	.db #0x30	; 48	'0'
    00001377 00                    5054 	.db #0x00	; 0
    00001378 5A                    5055 	.db #0x5a	; 90	'Z'
    00001379 00                    5056 	.db #0x00	; 0
    0000137A 00                    5057 	.db #0x00	; 0
    0000137B 5A                    5058 	.db #0x5a	; 90	'Z'
    0000137C 00                    5059 	.db #0x00	; 0
    0000137D 00                    5060 	.db #0x00	; 0
    0000137E 5A                    5061 	.db #0x5a	; 90	'Z'
    0000137F 00                    5062 	.db #0x00	; 0
    00001380 00                    5063 	.db #0x00	; 0
    00001381                       5064 _P32:
    00001381 11                    5065 	.db #0x11	; 17
    00001382 80                    5066 	.db #0x80	; 128
    00001383 00                    5067 	.db #0x00	; 0
    00001384 5A                    5068 	.db #0x5a	; 90	'Z'
    00001385 00                    5069 	.db #0x00	; 0
    00001386 00                    5070 	.db #0x00	; 0
    00001387 5A                    5071 	.db #0x5a	; 90	'Z'
    00001388 00                    5072 	.db #0x00	; 0
    00001389 00                    5073 	.db #0x00	; 0
    0000138A 5A                    5074 	.db #0x5a	; 90	'Z'
    0000138B 00                    5075 	.db #0x00	; 0
    0000138C 00                    5076 	.db #0x00	; 0
    0000138D 5A                    5077 	.db #0x5a	; 90	'Z'
    0000138E 00                    5078 	.db #0x00	; 0
    0000138F 00                    5079 	.db #0x00	; 0
    00001390 5A                    5080 	.db #0x5a	; 90	'Z'
    00001391 00                    5081 	.db #0x00	; 0
    00001392 00                    5082 	.db #0x00	; 0
    00001393 5A                    5083 	.db #0x5a	; 90	'Z'
    00001394 00                    5084 	.db #0x00	; 0
    00001395 00                    5085 	.db #0x00	; 0
    00001396 5A                    5086 	.db #0x5a	; 90	'Z'
    00001397 00                    5087 	.db #0x00	; 0
    00001398 00                    5088 	.db #0x00	; 0
    00001399 18                    5089 	.db #0x18	; 24
    0000139A 80                    5090 	.db #0x80	; 128
    0000139B 00                    5091 	.db #0x00	; 0
    0000139C 5A                    5092 	.db #0x5a	; 90	'Z'
    0000139D 00                    5093 	.db #0x00	; 0
    0000139E 00                    5094 	.db #0x00	; 0
    0000139F 5A                    5095 	.db #0x5a	; 90	'Z'
    000013A0 00                    5096 	.db #0x00	; 0
    000013A1 00                    5097 	.db #0x00	; 0
    000013A2 5A                    5098 	.db #0x5a	; 90	'Z'
    000013A3 00                    5099 	.db #0x00	; 0
    000013A4 00                    5100 	.db #0x00	; 0
    000013A5 5A                    5101 	.db #0x5a	; 90	'Z'
    000013A6 00                    5102 	.db #0x00	; 0
    000013A7 00                    5103 	.db #0x00	; 0
    000013A8 5A                    5104 	.db #0x5a	; 90	'Z'
    000013A9 00                    5105 	.db #0x00	; 0
    000013AA 00                    5106 	.db #0x00	; 0
    000013AB 5A                    5107 	.db #0x5a	; 90	'Z'
    000013AC 00                    5108 	.db #0x00	; 0
    000013AD 00                    5109 	.db #0x00	; 0
    000013AE 5A                    5110 	.db #0x5a	; 90	'Z'
    000013AF 00                    5111 	.db #0x00	; 0
    000013B0 00                    5112 	.db #0x00	; 0
    000013B1 1F                    5113 	.db #0x1f	; 31
    000013B2 80                    5114 	.db #0x80	; 128
    000013B3 00                    5115 	.db #0x00	; 0
    000013B4 5A                    5116 	.db #0x5a	; 90	'Z'
    000013B5 00                    5117 	.db #0x00	; 0
    000013B6 00                    5118 	.db #0x00	; 0
    000013B7 5A                    5119 	.db #0x5a	; 90	'Z'
    000013B8 00                    5120 	.db #0x00	; 0
    000013B9 00                    5121 	.db #0x00	; 0
    000013BA 5A                    5122 	.db #0x5a	; 90	'Z'
    000013BB 00                    5123 	.db #0x00	; 0
    000013BC 00                    5124 	.db #0x00	; 0
    000013BD 5A                    5125 	.db #0x5a	; 90	'Z'
    000013BE 00                    5126 	.db #0x00	; 0
    000013BF 00                    5127 	.db #0x00	; 0
    000013C0 5A                    5128 	.db #0x5a	; 90	'Z'
    000013C1 00                    5129 	.db #0x00	; 0
    000013C2 00                    5130 	.db #0x00	; 0
    000013C3 5A                    5131 	.db #0x5a	; 90	'Z'
    000013C4 00                    5132 	.db #0x00	; 0
    000013C5 00                    5133 	.db #0x00	; 0
    000013C6 5A                    5134 	.db #0x5a	; 90	'Z'
    000013C7 00                    5135 	.db #0x00	; 0
    000013C8 00                    5136 	.db #0x00	; 0
    000013C9 1D                    5137 	.db #0x1d	; 29
    000013CA 80                    5138 	.db #0x80	; 128
    000013CB 00                    5139 	.db #0x00	; 0
    000013CC 5A                    5140 	.db #0x5a	; 90	'Z'
    000013CD 00                    5141 	.db #0x00	; 0
    000013CE 00                    5142 	.db #0x00	; 0
    000013CF 5A                    5143 	.db #0x5a	; 90	'Z'
    000013D0 00                    5144 	.db #0x00	; 0
    000013D1 00                    5145 	.db #0x00	; 0
    000013D2 5A                    5146 	.db #0x5a	; 90	'Z'
    000013D3 00                    5147 	.db #0x00	; 0
    000013D4 00                    5148 	.db #0x00	; 0
    000013D5 5A                    5149 	.db #0x5a	; 90	'Z'
    000013D6 00                    5150 	.db #0x00	; 0
    000013D7 00                    5151 	.db #0x00	; 0
    000013D8 5A                    5152 	.db #0x5a	; 90	'Z'
    000013D9 00                    5153 	.db #0x00	; 0
    000013DA 00                    5154 	.db #0x00	; 0
    000013DB 5A                    5155 	.db #0x5a	; 90	'Z'
    000013DC 00                    5156 	.db #0x00	; 0
    000013DD 00                    5157 	.db #0x00	; 0
    000013DE 5A                    5158 	.db #0x5a	; 90	'Z'
    000013DF 00                    5159 	.db #0x00	; 0
    000013E0 00                    5160 	.db #0x00	; 0
    000013E1 18                    5161 	.db #0x18	; 24
    000013E2 80                    5162 	.db #0x80	; 128
    000013E3 00                    5163 	.db #0x00	; 0
    000013E4 5A                    5164 	.db #0x5a	; 90	'Z'
    000013E5 00                    5165 	.db #0x00	; 0
    000013E6 00                    5166 	.db #0x00	; 0
    000013E7 5A                    5167 	.db #0x5a	; 90	'Z'
    000013E8 00                    5168 	.db #0x00	; 0
    000013E9 00                    5169 	.db #0x00	; 0
    000013EA 5A                    5170 	.db #0x5a	; 90	'Z'
    000013EB 00                    5171 	.db #0x00	; 0
    000013EC 00                    5172 	.db #0x00	; 0
    000013ED 5A                    5173 	.db #0x5a	; 90	'Z'
    000013EE 00                    5174 	.db #0x00	; 0
    000013EF 00                    5175 	.db #0x00	; 0
    000013F0 5A                    5176 	.db #0x5a	; 90	'Z'
    000013F1 00                    5177 	.db #0x00	; 0
    000013F2 00                    5178 	.db #0x00	; 0
    000013F3 5A                    5179 	.db #0x5a	; 90	'Z'
    000013F4 00                    5180 	.db #0x00	; 0
    000013F5 00                    5181 	.db #0x00	; 0
    000013F6 5A                    5182 	.db #0x5a	; 90	'Z'
    000013F7 00                    5183 	.db #0x00	; 0
    000013F8 00                    5184 	.db #0x00	; 0
    000013F9 5A                    5185 	.db #0x5a	; 90	'Z'
    000013FA 00                    5186 	.db #0x00	; 0
    000013FB 00                    5187 	.db #0x00	; 0
    000013FC 5A                    5188 	.db #0x5a	; 90	'Z'
    000013FD 00                    5189 	.db #0x00	; 0
    000013FE 00                    5190 	.db #0x00	; 0
    000013FF 5A                    5191 	.db #0x5a	; 90	'Z'
    00001400 00                    5192 	.db #0x00	; 0
    00001401 00                    5193 	.db #0x00	; 0
    00001402 5A                    5194 	.db #0x5a	; 90	'Z'
    00001403 00                    5195 	.db #0x00	; 0
    00001404 00                    5196 	.db #0x00	; 0
    00001405 5A                    5197 	.db #0x5a	; 90	'Z'
    00001406 00                    5198 	.db #0x00	; 0
    00001407 00                    5199 	.db #0x00	; 0
    00001408 5A                    5200 	.db #0x5a	; 90	'Z'
    00001409 00                    5201 	.db #0x00	; 0
    0000140A 00                    5202 	.db #0x00	; 0
    0000140B 5A                    5203 	.db #0x5a	; 90	'Z'
    0000140C 00                    5204 	.db #0x00	; 0
    0000140D 00                    5205 	.db #0x00	; 0
    0000140E 5A                    5206 	.db #0x5a	; 90	'Z'
    0000140F 00                    5207 	.db #0x00	; 0
    00001410 00                    5208 	.db #0x00	; 0
    00001411 5A                    5209 	.db #0x5a	; 90	'Z'
    00001412 00                    5210 	.db #0x00	; 0
    00001413 00                    5211 	.db #0x00	; 0
    00001414 5A                    5212 	.db #0x5a	; 90	'Z'
    00001415 00                    5213 	.db #0x00	; 0
    00001416 00                    5214 	.db #0x00	; 0
    00001417 5A                    5215 	.db #0x5a	; 90	'Z'
    00001418 00                    5216 	.db #0x00	; 0
    00001419 00                    5217 	.db #0x00	; 0
    0000141A 5A                    5218 	.db #0x5a	; 90	'Z'
    0000141B 00                    5219 	.db #0x00	; 0
    0000141C 00                    5220 	.db #0x00	; 0
    0000141D 5A                    5221 	.db #0x5a	; 90	'Z'
    0000141E 00                    5222 	.db #0x00	; 0
    0000141F 00                    5223 	.db #0x00	; 0
    00001420 5A                    5224 	.db #0x5a	; 90	'Z'
    00001421 00                    5225 	.db #0x00	; 0
    00001422 00                    5226 	.db #0x00	; 0
    00001423 5A                    5227 	.db #0x5a	; 90	'Z'
    00001424 00                    5228 	.db #0x00	; 0
    00001425 00                    5229 	.db #0x00	; 0
    00001426 5A                    5230 	.db #0x5a	; 90	'Z'
    00001427 00                    5231 	.db #0x00	; 0
    00001428 00                    5232 	.db #0x00	; 0
    00001429 5A                    5233 	.db #0x5a	; 90	'Z'
    0000142A 00                    5234 	.db #0x00	; 0
    0000142B 00                    5235 	.db #0x00	; 0
    0000142C 5A                    5236 	.db #0x5a	; 90	'Z'
    0000142D 00                    5237 	.db #0x00	; 0
    0000142E 00                    5238 	.db #0x00	; 0
    0000142F 5A                    5239 	.db #0x5a	; 90	'Z'
    00001430 00                    5240 	.db #0x00	; 0
    00001431 00                    5241 	.db #0x00	; 0
    00001432 5A                    5242 	.db #0x5a	; 90	'Z'
    00001433 00                    5243 	.db #0x00	; 0
    00001434 00                    5244 	.db #0x00	; 0
    00001435 5A                    5245 	.db #0x5a	; 90	'Z'
    00001436 00                    5246 	.db #0x00	; 0
    00001437 00                    5247 	.db #0x00	; 0
    00001438 5A                    5248 	.db #0x5a	; 90	'Z'
    00001439 00                    5249 	.db #0x00	; 0
    0000143A 00                    5250 	.db #0x00	; 0
    0000143B 5A                    5251 	.db #0x5a	; 90	'Z'
    0000143C 00                    5252 	.db #0x00	; 0
    0000143D 00                    5253 	.db #0x00	; 0
    0000143E 5A                    5254 	.db #0x5a	; 90	'Z'
    0000143F 00                    5255 	.db #0x00	; 0
    00001440 00                    5256 	.db #0x00	; 0
    00001441                       5257 _P33:
    00001441 05                    5258 	.db #0x05	; 5
    00001442 90                    5259 	.db #0x90	; 144
    00001443 00                    5260 	.db #0x00	; 0
    00001444 5A                    5261 	.db #0x5a	; 90	'Z'
    00001445 00                    5262 	.db #0x00	; 0
    00001446 00                    5263 	.db #0x00	; 0
    00001447 5A                    5264 	.db #0x5a	; 90	'Z'
    00001448 00                    5265 	.db #0x00	; 0
    00001449 00                    5266 	.db #0x00	; 0
    0000144A 5A                    5267 	.db #0x5a	; 90	'Z'
    0000144B 00                    5268 	.db #0x00	; 0
    0000144C 00                    5269 	.db #0x00	; 0
    0000144D 5A                    5270 	.db #0x5a	; 90	'Z'
    0000144E 00                    5271 	.db #0x00	; 0
    0000144F 00                    5272 	.db #0x00	; 0
    00001450 5A                    5273 	.db #0x5a	; 90	'Z'
    00001451 00                    5274 	.db #0x00	; 0
    00001452 00                    5275 	.db #0x00	; 0
    00001453 5A                    5276 	.db #0x5a	; 90	'Z'
    00001454 00                    5277 	.db #0x00	; 0
    00001455 00                    5278 	.db #0x00	; 0
    00001456 5A                    5279 	.db #0x5a	; 90	'Z'
    00001457 00                    5280 	.db #0x00	; 0
    00001458 00                    5281 	.db #0x00	; 0
    00001459 5A                    5282 	.db #0x5a	; 90	'Z'
    0000145A 00                    5283 	.db #0x00	; 0
    0000145B 00                    5284 	.db #0x00	; 0
    0000145C 5A                    5285 	.db #0x5a	; 90	'Z'
    0000145D 00                    5286 	.db #0x00	; 0
    0000145E 00                    5287 	.db #0x00	; 0
    0000145F 5A                    5288 	.db #0x5a	; 90	'Z'
    00001460 00                    5289 	.db #0x00	; 0
    00001461 00                    5290 	.db #0x00	; 0
    00001462 5A                    5291 	.db #0x5a	; 90	'Z'
    00001463 00                    5292 	.db #0x00	; 0
    00001464 00                    5293 	.db #0x00	; 0
    00001465 5A                    5294 	.db #0x5a	; 90	'Z'
    00001466 00                    5295 	.db #0x00	; 0
    00001467 00                    5296 	.db #0x00	; 0
    00001468 5A                    5297 	.db #0x5a	; 90	'Z'
    00001469 00                    5298 	.db #0x00	; 0
    0000146A 00                    5299 	.db #0x00	; 0
    0000146B 5A                    5300 	.db #0x5a	; 90	'Z'
    0000146C 00                    5301 	.db #0x00	; 0
    0000146D 00                    5302 	.db #0x00	; 0
    0000146E 5A                    5303 	.db #0x5a	; 90	'Z'
    0000146F 00                    5304 	.db #0x00	; 0
    00001470 00                    5305 	.db #0x00	; 0
    00001471 5A                    5306 	.db #0x5a	; 90	'Z'
    00001472 00                    5307 	.db #0x00	; 0
    00001473 00                    5308 	.db #0x00	; 0
    00001474 5A                    5309 	.db #0x5a	; 90	'Z'
    00001475 00                    5310 	.db #0x00	; 0
    00001476 00                    5311 	.db #0x00	; 0
    00001477 5A                    5312 	.db #0x5a	; 90	'Z'
    00001478 00                    5313 	.db #0x00	; 0
    00001479 00                    5314 	.db #0x00	; 0
    0000147A 5A                    5315 	.db #0x5a	; 90	'Z'
    0000147B 00                    5316 	.db #0x00	; 0
    0000147C 00                    5317 	.db #0x00	; 0
    0000147D 5A                    5318 	.db #0x5a	; 90	'Z'
    0000147E 00                    5319 	.db #0x00	; 0
    0000147F 00                    5320 	.db #0x00	; 0
    00001480 5A                    5321 	.db #0x5a	; 90	'Z'
    00001481 00                    5322 	.db #0x00	; 0
    00001482 00                    5323 	.db #0x00	; 0
    00001483 5A                    5324 	.db #0x5a	; 90	'Z'
    00001484 00                    5325 	.db #0x00	; 0
    00001485 00                    5326 	.db #0x00	; 0
    00001486 5A                    5327 	.db #0x5a	; 90	'Z'
    00001487 00                    5328 	.db #0x00	; 0
    00001488 00                    5329 	.db #0x00	; 0
    00001489 5A                    5330 	.db #0x5a	; 90	'Z'
    0000148A 00                    5331 	.db #0x00	; 0
    0000148B 00                    5332 	.db #0x00	; 0
    0000148C 5A                    5333 	.db #0x5a	; 90	'Z'
    0000148D 00                    5334 	.db #0x00	; 0
    0000148E 00                    5335 	.db #0x00	; 0
    0000148F 5A                    5336 	.db #0x5a	; 90	'Z'
    00001490 00                    5337 	.db #0x00	; 0
    00001491 00                    5338 	.db #0x00	; 0
    00001492 5A                    5339 	.db #0x5a	; 90	'Z'
    00001493 00                    5340 	.db #0x00	; 0
    00001494 00                    5341 	.db #0x00	; 0
    00001495 5A                    5342 	.db #0x5a	; 90	'Z'
    00001496 00                    5343 	.db #0x00	; 0
    00001497 00                    5344 	.db #0x00	; 0
    00001498 5A                    5345 	.db #0x5a	; 90	'Z'
    00001499 00                    5346 	.db #0x00	; 0
    0000149A 00                    5347 	.db #0x00	; 0
    0000149B 5A                    5348 	.db #0x5a	; 90	'Z'
    0000149C 00                    5349 	.db #0x00	; 0
    0000149D 00                    5350 	.db #0x00	; 0
    0000149E 5A                    5351 	.db #0x5a	; 90	'Z'
    0000149F 00                    5352 	.db #0x00	; 0
    000014A0 00                    5353 	.db #0x00	; 0
    000014A1 00                    5354 	.db #0x00	; 0
    000014A2 90                    5355 	.db #0x90	; 144
    000014A3 00                    5356 	.db #0x00	; 0
    000014A4 5A                    5357 	.db #0x5a	; 90	'Z'
    000014A5 00                    5358 	.db #0x00	; 0
    000014A6 00                    5359 	.db #0x00	; 0
    000014A7 5A                    5360 	.db #0x5a	; 90	'Z'
    000014A8 00                    5361 	.db #0x00	; 0
    000014A9 00                    5362 	.db #0x00	; 0
    000014AA 5A                    5363 	.db #0x5a	; 90	'Z'
    000014AB 00                    5364 	.db #0x00	; 0
    000014AC 00                    5365 	.db #0x00	; 0
    000014AD 5A                    5366 	.db #0x5a	; 90	'Z'
    000014AE 00                    5367 	.db #0x00	; 0
    000014AF 00                    5368 	.db #0x00	; 0
    000014B0 5A                    5369 	.db #0x5a	; 90	'Z'
    000014B1 00                    5370 	.db #0x00	; 0
    000014B2 00                    5371 	.db #0x00	; 0
    000014B3 5A                    5372 	.db #0x5a	; 90	'Z'
    000014B4 00                    5373 	.db #0x00	; 0
    000014B5 00                    5374 	.db #0x00	; 0
    000014B6 5A                    5375 	.db #0x5a	; 90	'Z'
    000014B7 00                    5376 	.db #0x00	; 0
    000014B8 00                    5377 	.db #0x00	; 0
    000014B9 5A                    5378 	.db #0x5a	; 90	'Z'
    000014BA 00                    5379 	.db #0x00	; 0
    000014BB 00                    5380 	.db #0x00	; 0
    000014BC 5A                    5381 	.db #0x5a	; 90	'Z'
    000014BD 00                    5382 	.db #0x00	; 0
    000014BE 00                    5383 	.db #0x00	; 0
    000014BF 5A                    5384 	.db #0x5a	; 90	'Z'
    000014C0 00                    5385 	.db #0x00	; 0
    000014C1 00                    5386 	.db #0x00	; 0
    000014C2 5A                    5387 	.db #0x5a	; 90	'Z'
    000014C3 00                    5388 	.db #0x00	; 0
    000014C4 00                    5389 	.db #0x00	; 0
    000014C5 5A                    5390 	.db #0x5a	; 90	'Z'
    000014C6 00                    5391 	.db #0x00	; 0
    000014C7 00                    5392 	.db #0x00	; 0
    000014C8 5A                    5393 	.db #0x5a	; 90	'Z'
    000014C9 00                    5394 	.db #0x00	; 0
    000014CA 00                    5395 	.db #0x00	; 0
    000014CB 5A                    5396 	.db #0x5a	; 90	'Z'
    000014CC 00                    5397 	.db #0x00	; 0
    000014CD 00                    5398 	.db #0x00	; 0
    000014CE 5A                    5399 	.db #0x5a	; 90	'Z'
    000014CF 00                    5400 	.db #0x00	; 0
    000014D0 00                    5401 	.db #0x00	; 0
    000014D1 5A                    5402 	.db #0x5a	; 90	'Z'
    000014D2 00                    5403 	.db #0x00	; 0
    000014D3 00                    5404 	.db #0x00	; 0
    000014D4 5A                    5405 	.db #0x5a	; 90	'Z'
    000014D5 00                    5406 	.db #0x00	; 0
    000014D6 00                    5407 	.db #0x00	; 0
    000014D7 5A                    5408 	.db #0x5a	; 90	'Z'
    000014D8 00                    5409 	.db #0x00	; 0
    000014D9 00                    5410 	.db #0x00	; 0
    000014DA 5A                    5411 	.db #0x5a	; 90	'Z'
    000014DB 00                    5412 	.db #0x00	; 0
    000014DC 00                    5413 	.db #0x00	; 0
    000014DD 5A                    5414 	.db #0x5a	; 90	'Z'
    000014DE 00                    5415 	.db #0x00	; 0
    000014DF 00                    5416 	.db #0x00	; 0
    000014E0 5A                    5417 	.db #0x5a	; 90	'Z'
    000014E1 00                    5418 	.db #0x00	; 0
    000014E2 00                    5419 	.db #0x00	; 0
    000014E3 5A                    5420 	.db #0x5a	; 90	'Z'
    000014E4 00                    5421 	.db #0x00	; 0
    000014E5 00                    5422 	.db #0x00	; 0
    000014E6 5A                    5423 	.db #0x5a	; 90	'Z'
    000014E7 00                    5424 	.db #0x00	; 0
    000014E8 00                    5425 	.db #0x00	; 0
    000014E9 5A                    5426 	.db #0x5a	; 90	'Z'
    000014EA 00                    5427 	.db #0x00	; 0
    000014EB 00                    5428 	.db #0x00	; 0
    000014EC 5A                    5429 	.db #0x5a	; 90	'Z'
    000014ED 00                    5430 	.db #0x00	; 0
    000014EE 00                    5431 	.db #0x00	; 0
    000014EF 5A                    5432 	.db #0x5a	; 90	'Z'
    000014F0 00                    5433 	.db #0x00	; 0
    000014F1 00                    5434 	.db #0x00	; 0
    000014F2 5A                    5435 	.db #0x5a	; 90	'Z'
    000014F3 00                    5436 	.db #0x00	; 0
    000014F4 00                    5437 	.db #0x00	; 0
    000014F5 5A                    5438 	.db #0x5a	; 90	'Z'
    000014F6 00                    5439 	.db #0x00	; 0
    000014F7 00                    5440 	.db #0x00	; 0
    000014F8 5A                    5441 	.db #0x5a	; 90	'Z'
    000014F9 00                    5442 	.db #0x00	; 0
    000014FA 00                    5443 	.db #0x00	; 0
    000014FB 5A                    5444 	.db #0x5a	; 90	'Z'
    000014FC 00                    5445 	.db #0x00	; 0
    000014FD 00                    5446 	.db #0x00	; 0
    000014FE 5A                    5447 	.db #0x5a	; 90	'Z'
    000014FF 00                    5448 	.db #0x00	; 0
    00001500 00                    5449 	.db #0x00	; 0
    00001501                       5450 _P34:
    00001501 05                    5451 	.db #0x05	; 5
    00001502 B0                    5452 	.db #0xb0	; 176
    00001503 00                    5453 	.db #0x00	; 0
    00001504 5A                    5454 	.db #0x5a	; 90	'Z'
    00001505 00                    5455 	.db #0x00	; 0
    00001506 00                    5456 	.db #0x00	; 0
    00001507 5A                    5457 	.db #0x5a	; 90	'Z'
    00001508 00                    5458 	.db #0x00	; 0
    00001509 00                    5459 	.db #0x00	; 0
    0000150A 5A                    5460 	.db #0x5a	; 90	'Z'
    0000150B 00                    5461 	.db #0x00	; 0
    0000150C 00                    5462 	.db #0x00	; 0
    0000150D 5A                    5463 	.db #0x5a	; 90	'Z'
    0000150E 00                    5464 	.db #0x00	; 0
    0000150F 00                    5465 	.db #0x00	; 0
    00001510 5A                    5466 	.db #0x5a	; 90	'Z'
    00001511 00                    5467 	.db #0x00	; 0
    00001512 00                    5468 	.db #0x00	; 0
    00001513 5A                    5469 	.db #0x5a	; 90	'Z'
    00001514 00                    5470 	.db #0x00	; 0
    00001515 00                    5471 	.db #0x00	; 0
    00001516 5A                    5472 	.db #0x5a	; 90	'Z'
    00001517 00                    5473 	.db #0x00	; 0
    00001518 00                    5474 	.db #0x00	; 0
    00001519 5A                    5475 	.db #0x5a	; 90	'Z'
    0000151A 00                    5476 	.db #0x00	; 0
    0000151B 00                    5477 	.db #0x00	; 0
    0000151C 5A                    5478 	.db #0x5a	; 90	'Z'
    0000151D 00                    5479 	.db #0x00	; 0
    0000151E 00                    5480 	.db #0x00	; 0
    0000151F 5A                    5481 	.db #0x5a	; 90	'Z'
    00001520 00                    5482 	.db #0x00	; 0
    00001521 00                    5483 	.db #0x00	; 0
    00001522 5A                    5484 	.db #0x5a	; 90	'Z'
    00001523 00                    5485 	.db #0x00	; 0
    00001524 00                    5486 	.db #0x00	; 0
    00001525 5A                    5487 	.db #0x5a	; 90	'Z'
    00001526 00                    5488 	.db #0x00	; 0
    00001527 00                    5489 	.db #0x00	; 0
    00001528 5A                    5490 	.db #0x5a	; 90	'Z'
    00001529 00                    5491 	.db #0x00	; 0
    0000152A 00                    5492 	.db #0x00	; 0
    0000152B 5A                    5493 	.db #0x5a	; 90	'Z'
    0000152C 00                    5494 	.db #0x00	; 0
    0000152D 00                    5495 	.db #0x00	; 0
    0000152E 5A                    5496 	.db #0x5a	; 90	'Z'
    0000152F 00                    5497 	.db #0x00	; 0
    00001530 00                    5498 	.db #0x00	; 0
    00001531 5A                    5499 	.db #0x5a	; 90	'Z'
    00001532 00                    5500 	.db #0x00	; 0
    00001533 00                    5501 	.db #0x00	; 0
    00001534 5A                    5502 	.db #0x5a	; 90	'Z'
    00001535 00                    5503 	.db #0x00	; 0
    00001536 00                    5504 	.db #0x00	; 0
    00001537 5A                    5505 	.db #0x5a	; 90	'Z'
    00001538 00                    5506 	.db #0x00	; 0
    00001539 00                    5507 	.db #0x00	; 0
    0000153A 5A                    5508 	.db #0x5a	; 90	'Z'
    0000153B 00                    5509 	.db #0x00	; 0
    0000153C 00                    5510 	.db #0x00	; 0
    0000153D 5A                    5511 	.db #0x5a	; 90	'Z'
    0000153E 00                    5512 	.db #0x00	; 0
    0000153F 00                    5513 	.db #0x00	; 0
    00001540 5A                    5514 	.db #0x5a	; 90	'Z'
    00001541 00                    5515 	.db #0x00	; 0
    00001542 00                    5516 	.db #0x00	; 0
    00001543 5A                    5517 	.db #0x5a	; 90	'Z'
    00001544 00                    5518 	.db #0x00	; 0
    00001545 00                    5519 	.db #0x00	; 0
    00001546 5A                    5520 	.db #0x5a	; 90	'Z'
    00001547 00                    5521 	.db #0x00	; 0
    00001548 00                    5522 	.db #0x00	; 0
    00001549 5A                    5523 	.db #0x5a	; 90	'Z'
    0000154A 00                    5524 	.db #0x00	; 0
    0000154B 00                    5525 	.db #0x00	; 0
    0000154C 5A                    5526 	.db #0x5a	; 90	'Z'
    0000154D 00                    5527 	.db #0x00	; 0
    0000154E 00                    5528 	.db #0x00	; 0
    0000154F 5A                    5529 	.db #0x5a	; 90	'Z'
    00001550 00                    5530 	.db #0x00	; 0
    00001551 00                    5531 	.db #0x00	; 0
    00001552 5A                    5532 	.db #0x5a	; 90	'Z'
    00001553 00                    5533 	.db #0x00	; 0
    00001554 00                    5534 	.db #0x00	; 0
    00001555 5A                    5535 	.db #0x5a	; 90	'Z'
    00001556 00                    5536 	.db #0x00	; 0
    00001557 00                    5537 	.db #0x00	; 0
    00001558 5A                    5538 	.db #0x5a	; 90	'Z'
    00001559 00                    5539 	.db #0x00	; 0
    0000155A 00                    5540 	.db #0x00	; 0
    0000155B 5A                    5541 	.db #0x5a	; 90	'Z'
    0000155C 00                    5542 	.db #0x00	; 0
    0000155D 00                    5543 	.db #0x00	; 0
    0000155E 5A                    5544 	.db #0x5a	; 90	'Z'
    0000155F 00                    5545 	.db #0x00	; 0
    00001560 00                    5546 	.db #0x00	; 0
    00001561 00                    5547 	.db #0x00	; 0
    00001562 B0                    5548 	.db #0xb0	; 176
    00001563 00                    5549 	.db #0x00	; 0
    00001564 5A                    5550 	.db #0x5a	; 90	'Z'
    00001565 00                    5551 	.db #0x00	; 0
    00001566 00                    5552 	.db #0x00	; 0
    00001567 5A                    5553 	.db #0x5a	; 90	'Z'
    00001568 00                    5554 	.db #0x00	; 0
    00001569 00                    5555 	.db #0x00	; 0
    0000156A 5A                    5556 	.db #0x5a	; 90	'Z'
    0000156B 00                    5557 	.db #0x00	; 0
    0000156C 00                    5558 	.db #0x00	; 0
    0000156D 5A                    5559 	.db #0x5a	; 90	'Z'
    0000156E 00                    5560 	.db #0x00	; 0
    0000156F 00                    5561 	.db #0x00	; 0
    00001570 5A                    5562 	.db #0x5a	; 90	'Z'
    00001571 00                    5563 	.db #0x00	; 0
    00001572 00                    5564 	.db #0x00	; 0
    00001573 5A                    5565 	.db #0x5a	; 90	'Z'
    00001574 00                    5566 	.db #0x00	; 0
    00001575 00                    5567 	.db #0x00	; 0
    00001576 5A                    5568 	.db #0x5a	; 90	'Z'
    00001577 00                    5569 	.db #0x00	; 0
    00001578 00                    5570 	.db #0x00	; 0
    00001579 5A                    5571 	.db #0x5a	; 90	'Z'
    0000157A 00                    5572 	.db #0x00	; 0
    0000157B 00                    5573 	.db #0x00	; 0
    0000157C 5A                    5574 	.db #0x5a	; 90	'Z'
    0000157D 00                    5575 	.db #0x00	; 0
    0000157E 00                    5576 	.db #0x00	; 0
    0000157F 5A                    5577 	.db #0x5a	; 90	'Z'
    00001580 00                    5578 	.db #0x00	; 0
    00001581 00                    5579 	.db #0x00	; 0
    00001582 5A                    5580 	.db #0x5a	; 90	'Z'
    00001583 00                    5581 	.db #0x00	; 0
    00001584 00                    5582 	.db #0x00	; 0
    00001585 5A                    5583 	.db #0x5a	; 90	'Z'
    00001586 00                    5584 	.db #0x00	; 0
    00001587 00                    5585 	.db #0x00	; 0
    00001588 5A                    5586 	.db #0x5a	; 90	'Z'
    00001589 00                    5587 	.db #0x00	; 0
    0000158A 00                    5588 	.db #0x00	; 0
    0000158B 5A                    5589 	.db #0x5a	; 90	'Z'
    0000158C 00                    5590 	.db #0x00	; 0
    0000158D 00                    5591 	.db #0x00	; 0
    0000158E 5A                    5592 	.db #0x5a	; 90	'Z'
    0000158F 00                    5593 	.db #0x00	; 0
    00001590 00                    5594 	.db #0x00	; 0
    00001591 5A                    5595 	.db #0x5a	; 90	'Z'
    00001592 00                    5596 	.db #0x00	; 0
    00001593 00                    5597 	.db #0x00	; 0
    00001594 5A                    5598 	.db #0x5a	; 90	'Z'
    00001595 00                    5599 	.db #0x00	; 0
    00001596 00                    5600 	.db #0x00	; 0
    00001597 5A                    5601 	.db #0x5a	; 90	'Z'
    00001598 00                    5602 	.db #0x00	; 0
    00001599 00                    5603 	.db #0x00	; 0
    0000159A 5A                    5604 	.db #0x5a	; 90	'Z'
    0000159B 00                    5605 	.db #0x00	; 0
    0000159C 00                    5606 	.db #0x00	; 0
    0000159D 5A                    5607 	.db #0x5a	; 90	'Z'
    0000159E 00                    5608 	.db #0x00	; 0
    0000159F 00                    5609 	.db #0x00	; 0
    000015A0 5A                    5610 	.db #0x5a	; 90	'Z'
    000015A1 00                    5611 	.db #0x00	; 0
    000015A2 00                    5612 	.db #0x00	; 0
    000015A3 5A                    5613 	.db #0x5a	; 90	'Z'
    000015A4 00                    5614 	.db #0x00	; 0
    000015A5 00                    5615 	.db #0x00	; 0
    000015A6 5A                    5616 	.db #0x5a	; 90	'Z'
    000015A7 00                    5617 	.db #0x00	; 0
    000015A8 00                    5618 	.db #0x00	; 0
    000015A9 5A                    5619 	.db #0x5a	; 90	'Z'
    000015AA 00                    5620 	.db #0x00	; 0
    000015AB 00                    5621 	.db #0x00	; 0
    000015AC 5A                    5622 	.db #0x5a	; 90	'Z'
    000015AD 00                    5623 	.db #0x00	; 0
    000015AE 00                    5624 	.db #0x00	; 0
    000015AF 5A                    5625 	.db #0x5a	; 90	'Z'
    000015B0 00                    5626 	.db #0x00	; 0
    000015B1 00                    5627 	.db #0x00	; 0
    000015B2 5A                    5628 	.db #0x5a	; 90	'Z'
    000015B3 00                    5629 	.db #0x00	; 0
    000015B4 00                    5630 	.db #0x00	; 0
    000015B5 5A                    5631 	.db #0x5a	; 90	'Z'
    000015B6 00                    5632 	.db #0x00	; 0
    000015B7 00                    5633 	.db #0x00	; 0
    000015B8 5A                    5634 	.db #0x5a	; 90	'Z'
    000015B9 00                    5635 	.db #0x00	; 0
    000015BA 00                    5636 	.db #0x00	; 0
    000015BB 5A                    5637 	.db #0x5a	; 90	'Z'
    000015BC 00                    5638 	.db #0x00	; 0
    000015BD 00                    5639 	.db #0x00	; 0
    000015BE 5A                    5640 	.db #0x5a	; 90	'Z'
    000015BF 00                    5641 	.db #0x00	; 0
    000015C0 00                    5642 	.db #0x00	; 0
    000015C1                       5643 _P35:
    000015C1 18                    5644 	.db #0x18	; 24
    000015C2 B0                    5645 	.db #0xb0	; 176
    000015C3 00                    5646 	.db #0x00	; 0
    000015C4 5A                    5647 	.db #0x5a	; 90	'Z'
    000015C5 00                    5648 	.db #0x00	; 0
    000015C6 00                    5649 	.db #0x00	; 0
    000015C7 5A                    5650 	.db #0x5a	; 90	'Z'
    000015C8 00                    5651 	.db #0x00	; 0
    000015C9 00                    5652 	.db #0x00	; 0
    000015CA 5A                    5653 	.db #0x5a	; 90	'Z'
    000015CB 00                    5654 	.db #0x00	; 0
    000015CC 00                    5655 	.db #0x00	; 0
    000015CD 5A                    5656 	.db #0x5a	; 90	'Z'
    000015CE 00                    5657 	.db #0x00	; 0
    000015CF 00                    5658 	.db #0x00	; 0
    000015D0 5A                    5659 	.db #0x5a	; 90	'Z'
    000015D1 00                    5660 	.db #0x00	; 0
    000015D2 00                    5661 	.db #0x00	; 0
    000015D3 5A                    5662 	.db #0x5a	; 90	'Z'
    000015D4 00                    5663 	.db #0x00	; 0
    000015D5 00                    5664 	.db #0x00	; 0
    000015D6 5A                    5665 	.db #0x5a	; 90	'Z'
    000015D7 00                    5666 	.db #0x00	; 0
    000015D8 00                    5667 	.db #0x00	; 0
    000015D9 5A                    5668 	.db #0x5a	; 90	'Z'
    000015DA 00                    5669 	.db #0x00	; 0
    000015DB 00                    5670 	.db #0x00	; 0
    000015DC 5A                    5671 	.db #0x5a	; 90	'Z'
    000015DD 00                    5672 	.db #0x00	; 0
    000015DE 00                    5673 	.db #0x00	; 0
    000015DF 5A                    5674 	.db #0x5a	; 90	'Z'
    000015E0 00                    5675 	.db #0x00	; 0
    000015E1 00                    5676 	.db #0x00	; 0
    000015E2 5A                    5677 	.db #0x5a	; 90	'Z'
    000015E3 00                    5678 	.db #0x00	; 0
    000015E4 00                    5679 	.db #0x00	; 0
    000015E5 18                    5680 	.db #0x18	; 24
    000015E6 70                    5681 	.db #0x70	; 112	'p'
    000015E7 00                    5682 	.db #0x00	; 0
    000015E8 5A                    5683 	.db #0x5a	; 90	'Z'
    000015E9 00                    5684 	.db #0x00	; 0
    000015EA 00                    5685 	.db #0x00	; 0
    000015EB 5A                    5686 	.db #0x5a	; 90	'Z'
    000015EC 00                    5687 	.db #0x00	; 0
    000015ED 00                    5688 	.db #0x00	; 0
    000015EE 5A                    5689 	.db #0x5a	; 90	'Z'
    000015EF 00                    5690 	.db #0x00	; 0
    000015F0 00                    5691 	.db #0x00	; 0
    000015F1 5A                    5692 	.db #0x5a	; 90	'Z'
    000015F2 00                    5693 	.db #0x00	; 0
    000015F3 00                    5694 	.db #0x00	; 0
    000015F4 5A                    5695 	.db #0x5a	; 90	'Z'
    000015F5 00                    5696 	.db #0x00	; 0
    000015F6 00                    5697 	.db #0x00	; 0
    000015F7 5A                    5698 	.db #0x5a	; 90	'Z'
    000015F8 00                    5699 	.db #0x00	; 0
    000015F9 00                    5700 	.db #0x00	; 0
    000015FA 5A                    5701 	.db #0x5a	; 90	'Z'
    000015FB 00                    5702 	.db #0x00	; 0
    000015FC 00                    5703 	.db #0x00	; 0
    000015FD 5A                    5704 	.db #0x5a	; 90	'Z'
    000015FE 00                    5705 	.db #0x00	; 0
    000015FF 00                    5706 	.db #0x00	; 0
    00001600 5A                    5707 	.db #0x5a	; 90	'Z'
    00001601 00                    5708 	.db #0x00	; 0
    00001602 00                    5709 	.db #0x00	; 0
    00001603 5A                    5710 	.db #0x5a	; 90	'Z'
    00001604 00                    5711 	.db #0x00	; 0
    00001605 00                    5712 	.db #0x00	; 0
    00001606 5A                    5713 	.db #0x5a	; 90	'Z'
    00001607 00                    5714 	.db #0x00	; 0
    00001608 00                    5715 	.db #0x00	; 0
    00001609 5A                    5716 	.db #0x5a	; 90	'Z'
    0000160A 00                    5717 	.db #0x00	; 0
    0000160B 00                    5718 	.db #0x00	; 0
    0000160C 5A                    5719 	.db #0x5a	; 90	'Z'
    0000160D 00                    5720 	.db #0x00	; 0
    0000160E 00                    5721 	.db #0x00	; 0
    0000160F 5A                    5722 	.db #0x5a	; 90	'Z'
    00001610 00                    5723 	.db #0x00	; 0
    00001611 00                    5724 	.db #0x00	; 0
    00001612 5A                    5725 	.db #0x5a	; 90	'Z'
    00001613 00                    5726 	.db #0x00	; 0
    00001614 00                    5727 	.db #0x00	; 0
    00001615 5A                    5728 	.db #0x5a	; 90	'Z'
    00001616 00                    5729 	.db #0x00	; 0
    00001617 00                    5730 	.db #0x00	; 0
    00001618 5A                    5731 	.db #0x5a	; 90	'Z'
    00001619 00                    5732 	.db #0x00	; 0
    0000161A 00                    5733 	.db #0x00	; 0
    0000161B 5A                    5734 	.db #0x5a	; 90	'Z'
    0000161C 00                    5735 	.db #0x00	; 0
    0000161D 00                    5736 	.db #0x00	; 0
    0000161E 5A                    5737 	.db #0x5a	; 90	'Z'
    0000161F 00                    5738 	.db #0x00	; 0
    00001620 00                    5739 	.db #0x00	; 0
    00001621 18                    5740 	.db #0x18	; 24
    00001622 B0                    5741 	.db #0xb0	; 176
    00001623 00                    5742 	.db #0x00	; 0
    00001624 5A                    5743 	.db #0x5a	; 90	'Z'
    00001625 00                    5744 	.db #0x00	; 0
    00001626 00                    5745 	.db #0x00	; 0
    00001627 5A                    5746 	.db #0x5a	; 90	'Z'
    00001628 00                    5747 	.db #0x00	; 0
    00001629 00                    5748 	.db #0x00	; 0
    0000162A 5A                    5749 	.db #0x5a	; 90	'Z'
    0000162B 00                    5750 	.db #0x00	; 0
    0000162C 00                    5751 	.db #0x00	; 0
    0000162D 5A                    5752 	.db #0x5a	; 90	'Z'
    0000162E 00                    5753 	.db #0x00	; 0
    0000162F 00                    5754 	.db #0x00	; 0
    00001630 5A                    5755 	.db #0x5a	; 90	'Z'
    00001631 00                    5756 	.db #0x00	; 0
    00001632 00                    5757 	.db #0x00	; 0
    00001633 5A                    5758 	.db #0x5a	; 90	'Z'
    00001634 00                    5759 	.db #0x00	; 0
    00001635 00                    5760 	.db #0x00	; 0
    00001636 5A                    5761 	.db #0x5a	; 90	'Z'
    00001637 00                    5762 	.db #0x00	; 0
    00001638 00                    5763 	.db #0x00	; 0
    00001639 5A                    5764 	.db #0x5a	; 90	'Z'
    0000163A 00                    5765 	.db #0x00	; 0
    0000163B 00                    5766 	.db #0x00	; 0
    0000163C 5A                    5767 	.db #0x5a	; 90	'Z'
    0000163D 00                    5768 	.db #0x00	; 0
    0000163E 00                    5769 	.db #0x00	; 0
    0000163F 5A                    5770 	.db #0x5a	; 90	'Z'
    00001640 00                    5771 	.db #0x00	; 0
    00001641 00                    5772 	.db #0x00	; 0
    00001642 5A                    5773 	.db #0x5a	; 90	'Z'
    00001643 00                    5774 	.db #0x00	; 0
    00001644 00                    5775 	.db #0x00	; 0
    00001645 5A                    5776 	.db #0x5a	; 90	'Z'
    00001646 00                    5777 	.db #0x00	; 0
    00001647 00                    5778 	.db #0x00	; 0
    00001648 5A                    5779 	.db #0x5a	; 90	'Z'
    00001649 00                    5780 	.db #0x00	; 0
    0000164A 00                    5781 	.db #0x00	; 0
    0000164B 5A                    5782 	.db #0x5a	; 90	'Z'
    0000164C 00                    5783 	.db #0x00	; 0
    0000164D 00                    5784 	.db #0x00	; 0
    0000164E 5A                    5785 	.db #0x5a	; 90	'Z'
    0000164F 00                    5786 	.db #0x00	; 0
    00001650 00                    5787 	.db #0x00	; 0
    00001651 5A                    5788 	.db #0x5a	; 90	'Z'
    00001652 00                    5789 	.db #0x00	; 0
    00001653 00                    5790 	.db #0x00	; 0
    00001654 5A                    5791 	.db #0x5a	; 90	'Z'
    00001655 00                    5792 	.db #0x00	; 0
    00001656 00                    5793 	.db #0x00	; 0
    00001657 5A                    5794 	.db #0x5a	; 90	'Z'
    00001658 00                    5795 	.db #0x00	; 0
    00001659 00                    5796 	.db #0x00	; 0
    0000165A 5A                    5797 	.db #0x5a	; 90	'Z'
    0000165B 00                    5798 	.db #0x00	; 0
    0000165C 00                    5799 	.db #0x00	; 0
    0000165D 5A                    5800 	.db #0x5a	; 90	'Z'
    0000165E 00                    5801 	.db #0x00	; 0
    0000165F 00                    5802 	.db #0x00	; 0
    00001660 5A                    5803 	.db #0x5a	; 90	'Z'
    00001661 00                    5804 	.db #0x00	; 0
    00001662 00                    5805 	.db #0x00	; 0
    00001663 5A                    5806 	.db #0x5a	; 90	'Z'
    00001664 00                    5807 	.db #0x00	; 0
    00001665 00                    5808 	.db #0x00	; 0
    00001666 5A                    5809 	.db #0x5a	; 90	'Z'
    00001667 00                    5810 	.db #0x00	; 0
    00001668 00                    5811 	.db #0x00	; 0
    00001669 5A                    5812 	.db #0x5a	; 90	'Z'
    0000166A 00                    5813 	.db #0x00	; 0
    0000166B 00                    5814 	.db #0x00	; 0
    0000166C 5A                    5815 	.db #0x5a	; 90	'Z'
    0000166D 00                    5816 	.db #0x00	; 0
    0000166E 00                    5817 	.db #0x00	; 0
    0000166F 5A                    5818 	.db #0x5a	; 90	'Z'
    00001670 00                    5819 	.db #0x00	; 0
    00001671 00                    5820 	.db #0x00	; 0
    00001672 5A                    5821 	.db #0x5a	; 90	'Z'
    00001673 00                    5822 	.db #0x00	; 0
    00001674 00                    5823 	.db #0x00	; 0
    00001675 5A                    5824 	.db #0x5a	; 90	'Z'
    00001676 00                    5825 	.db #0x00	; 0
    00001677 00                    5826 	.db #0x00	; 0
    00001678 5A                    5827 	.db #0x5a	; 90	'Z'
    00001679 00                    5828 	.db #0x00	; 0
    0000167A 00                    5829 	.db #0x00	; 0
    0000167B 5A                    5830 	.db #0x5a	; 90	'Z'
    0000167C 00                    5831 	.db #0x00	; 0
    0000167D 00                    5832 	.db #0x00	; 0
    0000167E 5A                    5833 	.db #0x5a	; 90	'Z'
    0000167F 00                    5834 	.db #0x00	; 0
    00001680 00                    5835 	.db #0x00	; 0
    00001681                       5836 _P36:
    00001681 11                    5837 	.db #0x11	; 17
    00001682 80                    5838 	.db #0x80	; 128
    00001683 00                    5839 	.db #0x00	; 0
    00001684 5A                    5840 	.db #0x5a	; 90	'Z'
    00001685 00                    5841 	.db #0x00	; 0
    00001686 00                    5842 	.db #0x00	; 0
    00001687 5A                    5843 	.db #0x5a	; 90	'Z'
    00001688 00                    5844 	.db #0x00	; 0
    00001689 00                    5845 	.db #0x00	; 0
    0000168A 5A                    5846 	.db #0x5a	; 90	'Z'
    0000168B 00                    5847 	.db #0x00	; 0
    0000168C 00                    5848 	.db #0x00	; 0
    0000168D 5A                    5849 	.db #0x5a	; 90	'Z'
    0000168E 00                    5850 	.db #0x00	; 0
    0000168F 00                    5851 	.db #0x00	; 0
    00001690 5A                    5852 	.db #0x5a	; 90	'Z'
    00001691 00                    5853 	.db #0x00	; 0
    00001692 00                    5854 	.db #0x00	; 0
    00001693 5A                    5855 	.db #0x5a	; 90	'Z'
    00001694 00                    5856 	.db #0x00	; 0
    00001695 00                    5857 	.db #0x00	; 0
    00001696 5A                    5858 	.db #0x5a	; 90	'Z'
    00001697 00                    5859 	.db #0x00	; 0
    00001698 00                    5860 	.db #0x00	; 0
    00001699 18                    5861 	.db #0x18	; 24
    0000169A 80                    5862 	.db #0x80	; 128
    0000169B 00                    5863 	.db #0x00	; 0
    0000169C 5A                    5864 	.db #0x5a	; 90	'Z'
    0000169D 00                    5865 	.db #0x00	; 0
    0000169E 00                    5866 	.db #0x00	; 0
    0000169F 5A                    5867 	.db #0x5a	; 90	'Z'
    000016A0 00                    5868 	.db #0x00	; 0
    000016A1 00                    5869 	.db #0x00	; 0
    000016A2 5A                    5870 	.db #0x5a	; 90	'Z'
    000016A3 00                    5871 	.db #0x00	; 0
    000016A4 00                    5872 	.db #0x00	; 0
    000016A5 5A                    5873 	.db #0x5a	; 90	'Z'
    000016A6 00                    5874 	.db #0x00	; 0
    000016A7 00                    5875 	.db #0x00	; 0
    000016A8 5A                    5876 	.db #0x5a	; 90	'Z'
    000016A9 00                    5877 	.db #0x00	; 0
    000016AA 00                    5878 	.db #0x00	; 0
    000016AB 5A                    5879 	.db #0x5a	; 90	'Z'
    000016AC 00                    5880 	.db #0x00	; 0
    000016AD 00                    5881 	.db #0x00	; 0
    000016AE 5A                    5882 	.db #0x5a	; 90	'Z'
    000016AF 00                    5883 	.db #0x00	; 0
    000016B0 00                    5884 	.db #0x00	; 0
    000016B1 1F                    5885 	.db #0x1f	; 31
    000016B2 80                    5886 	.db #0x80	; 128
    000016B3 00                    5887 	.db #0x00	; 0
    000016B4 5A                    5888 	.db #0x5a	; 90	'Z'
    000016B5 00                    5889 	.db #0x00	; 0
    000016B6 00                    5890 	.db #0x00	; 0
    000016B7 5A                    5891 	.db #0x5a	; 90	'Z'
    000016B8 00                    5892 	.db #0x00	; 0
    000016B9 00                    5893 	.db #0x00	; 0
    000016BA 5A                    5894 	.db #0x5a	; 90	'Z'
    000016BB 00                    5895 	.db #0x00	; 0
    000016BC 00                    5896 	.db #0x00	; 0
    000016BD 5A                    5897 	.db #0x5a	; 90	'Z'
    000016BE 00                    5898 	.db #0x00	; 0
    000016BF 00                    5899 	.db #0x00	; 0
    000016C0 5A                    5900 	.db #0x5a	; 90	'Z'
    000016C1 00                    5901 	.db #0x00	; 0
    000016C2 00                    5902 	.db #0x00	; 0
    000016C3 5A                    5903 	.db #0x5a	; 90	'Z'
    000016C4 00                    5904 	.db #0x00	; 0
    000016C5 00                    5905 	.db #0x00	; 0
    000016C6 5A                    5906 	.db #0x5a	; 90	'Z'
    000016C7 00                    5907 	.db #0x00	; 0
    000016C8 00                    5908 	.db #0x00	; 0
    000016C9 1D                    5909 	.db #0x1d	; 29
    000016CA 80                    5910 	.db #0x80	; 128
    000016CB 00                    5911 	.db #0x00	; 0
    000016CC 5A                    5912 	.db #0x5a	; 90	'Z'
    000016CD 00                    5913 	.db #0x00	; 0
    000016CE 00                    5914 	.db #0x00	; 0
    000016CF 5A                    5915 	.db #0x5a	; 90	'Z'
    000016D0 00                    5916 	.db #0x00	; 0
    000016D1 00                    5917 	.db #0x00	; 0
    000016D2 5A                    5918 	.db #0x5a	; 90	'Z'
    000016D3 00                    5919 	.db #0x00	; 0
    000016D4 00                    5920 	.db #0x00	; 0
    000016D5 5A                    5921 	.db #0x5a	; 90	'Z'
    000016D6 00                    5922 	.db #0x00	; 0
    000016D7 00                    5923 	.db #0x00	; 0
    000016D8 5A                    5924 	.db #0x5a	; 90	'Z'
    000016D9 00                    5925 	.db #0x00	; 0
    000016DA 00                    5926 	.db #0x00	; 0
    000016DB 5A                    5927 	.db #0x5a	; 90	'Z'
    000016DC 00                    5928 	.db #0x00	; 0
    000016DD 00                    5929 	.db #0x00	; 0
    000016DE 5A                    5930 	.db #0x5a	; 90	'Z'
    000016DF 00                    5931 	.db #0x00	; 0
    000016E0 00                    5932 	.db #0x00	; 0
    000016E1 18                    5933 	.db #0x18	; 24
    000016E2 80                    5934 	.db #0x80	; 128
    000016E3 00                    5935 	.db #0x00	; 0
    000016E4 5A                    5936 	.db #0x5a	; 90	'Z'
    000016E5 00                    5937 	.db #0x00	; 0
    000016E6 00                    5938 	.db #0x00	; 0
    000016E7 5A                    5939 	.db #0x5a	; 90	'Z'
    000016E8 00                    5940 	.db #0x00	; 0
    000016E9 00                    5941 	.db #0x00	; 0
    000016EA 5A                    5942 	.db #0x5a	; 90	'Z'
    000016EB 00                    5943 	.db #0x00	; 0
    000016EC 00                    5944 	.db #0x00	; 0
    000016ED 5A                    5945 	.db #0x5a	; 90	'Z'
    000016EE 00                    5946 	.db #0x00	; 0
    000016EF 00                    5947 	.db #0x00	; 0
    000016F0 5A                    5948 	.db #0x5a	; 90	'Z'
    000016F1 00                    5949 	.db #0x00	; 0
    000016F2 00                    5950 	.db #0x00	; 0
    000016F3 5A                    5951 	.db #0x5a	; 90	'Z'
    000016F4 00                    5952 	.db #0x00	; 0
    000016F5 00                    5953 	.db #0x00	; 0
    000016F6 5A                    5954 	.db #0x5a	; 90	'Z'
    000016F7 00                    5955 	.db #0x00	; 0
    000016F8 00                    5956 	.db #0x00	; 0
    000016F9 5A                    5957 	.db #0x5a	; 90	'Z'
    000016FA 00                    5958 	.db #0x00	; 0
    000016FB 00                    5959 	.db #0x00	; 0
    000016FC 5A                    5960 	.db #0x5a	; 90	'Z'
    000016FD 00                    5961 	.db #0x00	; 0
    000016FE 00                    5962 	.db #0x00	; 0
    000016FF 5A                    5963 	.db #0x5a	; 90	'Z'
    00001700 00                    5964 	.db #0x00	; 0
    00001701 00                    5965 	.db #0x00	; 0
    00001702 5A                    5966 	.db #0x5a	; 90	'Z'
    00001703 00                    5967 	.db #0x00	; 0
    00001704 00                    5968 	.db #0x00	; 0
    00001705 5A                    5969 	.db #0x5a	; 90	'Z'
    00001706 00                    5970 	.db #0x00	; 0
    00001707 00                    5971 	.db #0x00	; 0
    00001708 5A                    5972 	.db #0x5a	; 90	'Z'
    00001709 00                    5973 	.db #0x00	; 0
    0000170A 00                    5974 	.db #0x00	; 0
    0000170B 5A                    5975 	.db #0x5a	; 90	'Z'
    0000170C 00                    5976 	.db #0x00	; 0
    0000170D 00                    5977 	.db #0x00	; 0
    0000170E 5A                    5978 	.db #0x5a	; 90	'Z'
    0000170F 00                    5979 	.db #0x00	; 0
    00001710 00                    5980 	.db #0x00	; 0
    00001711 5A                    5981 	.db #0x5a	; 90	'Z'
    00001712 00                    5982 	.db #0x00	; 0
    00001713 00                    5983 	.db #0x00	; 0
    00001714 5A                    5984 	.db #0x5a	; 90	'Z'
    00001715 00                    5985 	.db #0x00	; 0
    00001716 00                    5986 	.db #0x00	; 0
    00001717 5A                    5987 	.db #0x5a	; 90	'Z'
    00001718 00                    5988 	.db #0x00	; 0
    00001719 00                    5989 	.db #0x00	; 0
    0000171A 5A                    5990 	.db #0x5a	; 90	'Z'
    0000171B 00                    5991 	.db #0x00	; 0
    0000171C 00                    5992 	.db #0x00	; 0
    0000171D 5A                    5993 	.db #0x5a	; 90	'Z'
    0000171E 00                    5994 	.db #0x00	; 0
    0000171F 00                    5995 	.db #0x00	; 0
    00001720 5A                    5996 	.db #0x5a	; 90	'Z'
    00001721 00                    5997 	.db #0x00	; 0
    00001722 00                    5998 	.db #0x00	; 0
    00001723 5A                    5999 	.db #0x5a	; 90	'Z'
    00001724 00                    6000 	.db #0x00	; 0
    00001725 00                    6001 	.db #0x00	; 0
    00001726 5A                    6002 	.db #0x5a	; 90	'Z'
    00001727 00                    6003 	.db #0x00	; 0
    00001728 00                    6004 	.db #0x00	; 0
    00001729 5A                    6005 	.db #0x5a	; 90	'Z'
    0000172A 00                    6006 	.db #0x00	; 0
    0000172B 00                    6007 	.db #0x00	; 0
    0000172C 5A                    6008 	.db #0x5a	; 90	'Z'
    0000172D 00                    6009 	.db #0x00	; 0
    0000172E 00                    6010 	.db #0x00	; 0
    0000172F 5A                    6011 	.db #0x5a	; 90	'Z'
    00001730 00                    6012 	.db #0x00	; 0
    00001731 00                    6013 	.db #0x00	; 0
    00001732 5A                    6014 	.db #0x5a	; 90	'Z'
    00001733 00                    6015 	.db #0x00	; 0
    00001734 00                    6016 	.db #0x00	; 0
    00001735 16                    6017 	.db #0x16	; 22
    00001736 90                    6018 	.db #0x90	; 144
    00001737 00                    6019 	.db #0x00	; 0
    00001738 5A                    6020 	.db #0x5a	; 90	'Z'
    00001739 00                    6021 	.db #0x00	; 0
    0000173A 00                    6022 	.db #0x00	; 0
    0000173B 5A                    6023 	.db #0x5a	; 90	'Z'
    0000173C 00                    6024 	.db #0x00	; 0
    0000173D 00                    6025 	.db #0x00	; 0
    0000173E 5A                    6026 	.db #0x5a	; 90	'Z'
    0000173F 00                    6027 	.db #0x00	; 0
    00001740 00                    6028 	.db #0x00	; 0
    00001741                       6029 _P37:
    00001741 11                    6030 	.db #0x11	; 17
    00001742 90                    6031 	.db #0x90	; 144
    00001743 00                    6032 	.db #0x00	; 0
    00001744 5A                    6033 	.db #0x5a	; 90	'Z'
    00001745 00                    6034 	.db #0x00	; 0
    00001746 00                    6035 	.db #0x00	; 0
    00001747 5A                    6036 	.db #0x5a	; 90	'Z'
    00001748 00                    6037 	.db #0x00	; 0
    00001749 00                    6038 	.db #0x00	; 0
    0000174A 5A                    6039 	.db #0x5a	; 90	'Z'
    0000174B 00                    6040 	.db #0x00	; 0
    0000174C 00                    6041 	.db #0x00	; 0
    0000174D 5A                    6042 	.db #0x5a	; 90	'Z'
    0000174E 00                    6043 	.db #0x00	; 0
    0000174F 00                    6044 	.db #0x00	; 0
    00001750 5A                    6045 	.db #0x5a	; 90	'Z'
    00001751 00                    6046 	.db #0x00	; 0
    00001752 00                    6047 	.db #0x00	; 0
    00001753 5A                    6048 	.db #0x5a	; 90	'Z'
    00001754 00                    6049 	.db #0x00	; 0
    00001755 00                    6050 	.db #0x00	; 0
    00001756 5A                    6051 	.db #0x5a	; 90	'Z'
    00001757 00                    6052 	.db #0x00	; 0
    00001758 00                    6053 	.db #0x00	; 0
    00001759 5A                    6054 	.db #0x5a	; 90	'Z'
    0000175A 00                    6055 	.db #0x00	; 0
    0000175B 00                    6056 	.db #0x00	; 0
    0000175C 5A                    6057 	.db #0x5a	; 90	'Z'
    0000175D 00                    6058 	.db #0x00	; 0
    0000175E 00                    6059 	.db #0x00	; 0
    0000175F 5A                    6060 	.db #0x5a	; 90	'Z'
    00001760 00                    6061 	.db #0x00	; 0
    00001761 00                    6062 	.db #0x00	; 0
    00001762 5A                    6063 	.db #0x5a	; 90	'Z'
    00001763 00                    6064 	.db #0x00	; 0
    00001764 00                    6065 	.db #0x00	; 0
    00001765 5A                    6066 	.db #0x5a	; 90	'Z'
    00001766 00                    6067 	.db #0x00	; 0
    00001767 00                    6068 	.db #0x00	; 0
    00001768 5A                    6069 	.db #0x5a	; 90	'Z'
    00001769 00                    6070 	.db #0x00	; 0
    0000176A 00                    6071 	.db #0x00	; 0
    0000176B 5A                    6072 	.db #0x5a	; 90	'Z'
    0000176C 00                    6073 	.db #0x00	; 0
    0000176D 00                    6074 	.db #0x00	; 0
    0000176E 5A                    6075 	.db #0x5a	; 90	'Z'
    0000176F 00                    6076 	.db #0x00	; 0
    00001770 00                    6077 	.db #0x00	; 0
    00001771 5A                    6078 	.db #0x5a	; 90	'Z'
    00001772 00                    6079 	.db #0x00	; 0
    00001773 00                    6080 	.db #0x00	; 0
    00001774 5A                    6081 	.db #0x5a	; 90	'Z'
    00001775 00                    6082 	.db #0x00	; 0
    00001776 00                    6083 	.db #0x00	; 0
    00001777 5A                    6084 	.db #0x5a	; 90	'Z'
    00001778 00                    6085 	.db #0x00	; 0
    00001779 00                    6086 	.db #0x00	; 0
    0000177A 5A                    6087 	.db #0x5a	; 90	'Z'
    0000177B 00                    6088 	.db #0x00	; 0
    0000177C 00                    6089 	.db #0x00	; 0
    0000177D 5A                    6090 	.db #0x5a	; 90	'Z'
    0000177E 00                    6091 	.db #0x00	; 0
    0000177F 00                    6092 	.db #0x00	; 0
    00001780 5A                    6093 	.db #0x5a	; 90	'Z'
    00001781 00                    6094 	.db #0x00	; 0
    00001782 00                    6095 	.db #0x00	; 0
    00001783 5A                    6096 	.db #0x5a	; 90	'Z'
    00001784 00                    6097 	.db #0x00	; 0
    00001785 00                    6098 	.db #0x00	; 0
    00001786 5A                    6099 	.db #0x5a	; 90	'Z'
    00001787 00                    6100 	.db #0x00	; 0
    00001788 00                    6101 	.db #0x00	; 0
    00001789 5A                    6102 	.db #0x5a	; 90	'Z'
    0000178A 00                    6103 	.db #0x00	; 0
    0000178B 00                    6104 	.db #0x00	; 0
    0000178C 5A                    6105 	.db #0x5a	; 90	'Z'
    0000178D 00                    6106 	.db #0x00	; 0
    0000178E 00                    6107 	.db #0x00	; 0
    0000178F 5A                    6108 	.db #0x5a	; 90	'Z'
    00001790 00                    6109 	.db #0x00	; 0
    00001791 00                    6110 	.db #0x00	; 0
    00001792 5A                    6111 	.db #0x5a	; 90	'Z'
    00001793 00                    6112 	.db #0x00	; 0
    00001794 00                    6113 	.db #0x00	; 0
    00001795 5A                    6114 	.db #0x5a	; 90	'Z'
    00001796 00                    6115 	.db #0x00	; 0
    00001797 00                    6116 	.db #0x00	; 0
    00001798 5A                    6117 	.db #0x5a	; 90	'Z'
    00001799 00                    6118 	.db #0x00	; 0
    0000179A 00                    6119 	.db #0x00	; 0
    0000179B 5A                    6120 	.db #0x5a	; 90	'Z'
    0000179C 00                    6121 	.db #0x00	; 0
    0000179D 00                    6122 	.db #0x00	; 0
    0000179E 5A                    6123 	.db #0x5a	; 90	'Z'
    0000179F 00                    6124 	.db #0x00	; 0
    000017A0 00                    6125 	.db #0x00	; 0
    000017A1 0C                    6126 	.db #0x0c	; 12
    000017A2 90                    6127 	.db #0x90	; 144
    000017A3 00                    6128 	.db #0x00	; 0
    000017A4 5A                    6129 	.db #0x5a	; 90	'Z'
    000017A5 00                    6130 	.db #0x00	; 0
    000017A6 00                    6131 	.db #0x00	; 0
    000017A7 5A                    6132 	.db #0x5a	; 90	'Z'
    000017A8 00                    6133 	.db #0x00	; 0
    000017A9 00                    6134 	.db #0x00	; 0
    000017AA 5A                    6135 	.db #0x5a	; 90	'Z'
    000017AB 00                    6136 	.db #0x00	; 0
    000017AC 00                    6137 	.db #0x00	; 0
    000017AD 5A                    6138 	.db #0x5a	; 90	'Z'
    000017AE 00                    6139 	.db #0x00	; 0
    000017AF 00                    6140 	.db #0x00	; 0
    000017B0 5A                    6141 	.db #0x5a	; 90	'Z'
    000017B1 00                    6142 	.db #0x00	; 0
    000017B2 00                    6143 	.db #0x00	; 0
    000017B3 5A                    6144 	.db #0x5a	; 90	'Z'
    000017B4 00                    6145 	.db #0x00	; 0
    000017B5 00                    6146 	.db #0x00	; 0
    000017B6 5A                    6147 	.db #0x5a	; 90	'Z'
    000017B7 00                    6148 	.db #0x00	; 0
    000017B8 00                    6149 	.db #0x00	; 0
    000017B9 5A                    6150 	.db #0x5a	; 90	'Z'
    000017BA 00                    6151 	.db #0x00	; 0
    000017BB 00                    6152 	.db #0x00	; 0
    000017BC 5A                    6153 	.db #0x5a	; 90	'Z'
    000017BD 00                    6154 	.db #0x00	; 0
    000017BE 00                    6155 	.db #0x00	; 0
    000017BF 5A                    6156 	.db #0x5a	; 90	'Z'
    000017C0 00                    6157 	.db #0x00	; 0
    000017C1 00                    6158 	.db #0x00	; 0
    000017C2 5A                    6159 	.db #0x5a	; 90	'Z'
    000017C3 00                    6160 	.db #0x00	; 0
    000017C4 00                    6161 	.db #0x00	; 0
    000017C5 5A                    6162 	.db #0x5a	; 90	'Z'
    000017C6 00                    6163 	.db #0x00	; 0
    000017C7 00                    6164 	.db #0x00	; 0
    000017C8 5A                    6165 	.db #0x5a	; 90	'Z'
    000017C9 00                    6166 	.db #0x00	; 0
    000017CA 00                    6167 	.db #0x00	; 0
    000017CB 5A                    6168 	.db #0x5a	; 90	'Z'
    000017CC 00                    6169 	.db #0x00	; 0
    000017CD 00                    6170 	.db #0x00	; 0
    000017CE 5A                    6171 	.db #0x5a	; 90	'Z'
    000017CF 00                    6172 	.db #0x00	; 0
    000017D0 00                    6173 	.db #0x00	; 0
    000017D1 13                    6174 	.db #0x13	; 19
    000017D2 90                    6175 	.db #0x90	; 144
    000017D3 00                    6176 	.db #0x00	; 0
    000017D4 5A                    6177 	.db #0x5a	; 90	'Z'
    000017D5 00                    6178 	.db #0x00	; 0
    000017D6 00                    6179 	.db #0x00	; 0
    000017D7 5A                    6180 	.db #0x5a	; 90	'Z'
    000017D8 00                    6181 	.db #0x00	; 0
    000017D9 00                    6182 	.db #0x00	; 0
    000017DA 5A                    6183 	.db #0x5a	; 90	'Z'
    000017DB 00                    6184 	.db #0x00	; 0
    000017DC 00                    6185 	.db #0x00	; 0
    000017DD 5A                    6186 	.db #0x5a	; 90	'Z'
    000017DE 00                    6187 	.db #0x00	; 0
    000017DF 00                    6188 	.db #0x00	; 0
    000017E0 5A                    6189 	.db #0x5a	; 90	'Z'
    000017E1 00                    6190 	.db #0x00	; 0
    000017E2 00                    6191 	.db #0x00	; 0
    000017E3 5A                    6192 	.db #0x5a	; 90	'Z'
    000017E4 00                    6193 	.db #0x00	; 0
    000017E5 00                    6194 	.db #0x00	; 0
    000017E6 5A                    6195 	.db #0x5a	; 90	'Z'
    000017E7 00                    6196 	.db #0x00	; 0
    000017E8 00                    6197 	.db #0x00	; 0
    000017E9 0F                    6198 	.db #0x0f	; 15
    000017EA 90                    6199 	.db #0x90	; 144
    000017EB 00                    6200 	.db #0x00	; 0
    000017EC 5A                    6201 	.db #0x5a	; 90	'Z'
    000017ED 00                    6202 	.db #0x00	; 0
    000017EE 00                    6203 	.db #0x00	; 0
    000017EF 5A                    6204 	.db #0x5a	; 90	'Z'
    000017F0 00                    6205 	.db #0x00	; 0
    000017F1 00                    6206 	.db #0x00	; 0
    000017F2 5A                    6207 	.db #0x5a	; 90	'Z'
    000017F3 00                    6208 	.db #0x00	; 0
    000017F4 00                    6209 	.db #0x00	; 0
    000017F5 5A                    6210 	.db #0x5a	; 90	'Z'
    000017F6 00                    6211 	.db #0x00	; 0
    000017F7 00                    6212 	.db #0x00	; 0
    000017F8 5A                    6213 	.db #0x5a	; 90	'Z'
    000017F9 00                    6214 	.db #0x00	; 0
    000017FA 00                    6215 	.db #0x00	; 0
    000017FB 5A                    6216 	.db #0x5a	; 90	'Z'
    000017FC 00                    6217 	.db #0x00	; 0
    000017FD 00                    6218 	.db #0x00	; 0
    000017FE 5A                    6219 	.db #0x5a	; 90	'Z'
    000017FF 00                    6220 	.db #0x00	; 0
    00001800 00                    6221 	.db #0x00	; 0
    00001801                       6222 _P39:
    00001801 18                    6223 	.db #0x18	; 24
    00001802 B0                    6224 	.db #0xb0	; 176
    00001803 00                    6225 	.db #0x00	; 0
    00001804 5A                    6226 	.db #0x5a	; 90	'Z'
    00001805 00                    6227 	.db #0x00	; 0
    00001806 00                    6228 	.db #0x00	; 0
    00001807 5A                    6229 	.db #0x5a	; 90	'Z'
    00001808 00                    6230 	.db #0x00	; 0
    00001809 00                    6231 	.db #0x00	; 0
    0000180A 5A                    6232 	.db #0x5a	; 90	'Z'
    0000180B 00                    6233 	.db #0x00	; 0
    0000180C 00                    6234 	.db #0x00	; 0
    0000180D 5A                    6235 	.db #0x5a	; 90	'Z'
    0000180E 00                    6236 	.db #0x00	; 0
    0000180F 00                    6237 	.db #0x00	; 0
    00001810 5A                    6238 	.db #0x5a	; 90	'Z'
    00001811 00                    6239 	.db #0x00	; 0
    00001812 00                    6240 	.db #0x00	; 0
    00001813 5A                    6241 	.db #0x5a	; 90	'Z'
    00001814 00                    6242 	.db #0x00	; 0
    00001815 00                    6243 	.db #0x00	; 0
    00001816 5A                    6244 	.db #0x5a	; 90	'Z'
    00001817 00                    6245 	.db #0x00	; 0
    00001818 00                    6246 	.db #0x00	; 0
    00001819 5A                    6247 	.db #0x5a	; 90	'Z'
    0000181A 00                    6248 	.db #0x00	; 0
    0000181B 00                    6249 	.db #0x00	; 0
    0000181C 5A                    6250 	.db #0x5a	; 90	'Z'
    0000181D 00                    6251 	.db #0x00	; 0
    0000181E 00                    6252 	.db #0x00	; 0
    0000181F 5A                    6253 	.db #0x5a	; 90	'Z'
    00001820 00                    6254 	.db #0x00	; 0
    00001821 00                    6255 	.db #0x00	; 0
    00001822 5A                    6256 	.db #0x5a	; 90	'Z'
    00001823 00                    6257 	.db #0x00	; 0
    00001824 00                    6258 	.db #0x00	; 0
    00001825 5A                    6259 	.db #0x5a	; 90	'Z'
    00001826 00                    6260 	.db #0x00	; 0
    00001827 00                    6261 	.db #0x00	; 0
    00001828 5A                    6262 	.db #0x5a	; 90	'Z'
    00001829 00                    6263 	.db #0x00	; 0
    0000182A 00                    6264 	.db #0x00	; 0
    0000182B 5A                    6265 	.db #0x5a	; 90	'Z'
    0000182C 00                    6266 	.db #0x00	; 0
    0000182D 00                    6267 	.db #0x00	; 0
    0000182E 5A                    6268 	.db #0x5a	; 90	'Z'
    0000182F 00                    6269 	.db #0x00	; 0
    00001830 00                    6270 	.db #0x00	; 0
    00001831 5A                    6271 	.db #0x5a	; 90	'Z'
    00001832 00                    6272 	.db #0x00	; 0
    00001833 00                    6273 	.db #0x00	; 0
    00001834 5A                    6274 	.db #0x5a	; 90	'Z'
    00001835 00                    6275 	.db #0x00	; 0
    00001836 00                    6276 	.db #0x00	; 0
    00001837 5A                    6277 	.db #0x5a	; 90	'Z'
    00001838 00                    6278 	.db #0x00	; 0
    00001839 00                    6279 	.db #0x00	; 0
    0000183A 5A                    6280 	.db #0x5a	; 90	'Z'
    0000183B 00                    6281 	.db #0x00	; 0
    0000183C 00                    6282 	.db #0x00	; 0
    0000183D 5A                    6283 	.db #0x5a	; 90	'Z'
    0000183E 00                    6284 	.db #0x00	; 0
    0000183F 00                    6285 	.db #0x00	; 0
    00001840 5A                    6286 	.db #0x5a	; 90	'Z'
    00001841 00                    6287 	.db #0x00	; 0
    00001842 00                    6288 	.db #0x00	; 0
    00001843 5A                    6289 	.db #0x5a	; 90	'Z'
    00001844 00                    6290 	.db #0x00	; 0
    00001845 00                    6291 	.db #0x00	; 0
    00001846 5A                    6292 	.db #0x5a	; 90	'Z'
    00001847 00                    6293 	.db #0x00	; 0
    00001848 00                    6294 	.db #0x00	; 0
    00001849 5A                    6295 	.db #0x5a	; 90	'Z'
    0000184A 00                    6296 	.db #0x00	; 0
    0000184B 00                    6297 	.db #0x00	; 0
    0000184C 5A                    6298 	.db #0x5a	; 90	'Z'
    0000184D 00                    6299 	.db #0x00	; 0
    0000184E 00                    6300 	.db #0x00	; 0
    0000184F 5A                    6301 	.db #0x5a	; 90	'Z'
    00001850 00                    6302 	.db #0x00	; 0
    00001851 00                    6303 	.db #0x00	; 0
    00001852 5A                    6304 	.db #0x5a	; 90	'Z'
    00001853 00                    6305 	.db #0x00	; 0
    00001854 00                    6306 	.db #0x00	; 0
    00001855 5A                    6307 	.db #0x5a	; 90	'Z'
    00001856 00                    6308 	.db #0x00	; 0
    00001857 00                    6309 	.db #0x00	; 0
    00001858 5A                    6310 	.db #0x5a	; 90	'Z'
    00001859 00                    6311 	.db #0x00	; 0
    0000185A 00                    6312 	.db #0x00	; 0
    0000185B 5A                    6313 	.db #0x5a	; 90	'Z'
    0000185C 00                    6314 	.db #0x00	; 0
    0000185D 00                    6315 	.db #0x00	; 0
    0000185E 5A                    6316 	.db #0x5a	; 90	'Z'
    0000185F 00                    6317 	.db #0x00	; 0
    00001860 00                    6318 	.db #0x00	; 0
    00001861 5A                    6319 	.db #0x5a	; 90	'Z'
    00001862 00                    6320 	.db #0x00	; 0
    00001863 00                    6321 	.db #0x00	; 0
    00001864 5A                    6322 	.db #0x5a	; 90	'Z'
    00001865 00                    6323 	.db #0x00	; 0
    00001866 00                    6324 	.db #0x00	; 0
    00001867 5A                    6325 	.db #0x5a	; 90	'Z'
    00001868 00                    6326 	.db #0x00	; 0
    00001869 00                    6327 	.db #0x00	; 0
    0000186A 5A                    6328 	.db #0x5a	; 90	'Z'
    0000186B 00                    6329 	.db #0x00	; 0
    0000186C 00                    6330 	.db #0x00	; 0
    0000186D 5A                    6331 	.db #0x5a	; 90	'Z'
    0000186E 00                    6332 	.db #0x00	; 0
    0000186F 00                    6333 	.db #0x00	; 0
    00001870 5A                    6334 	.db #0x5a	; 90	'Z'
    00001871 00                    6335 	.db #0x00	; 0
    00001872 00                    6336 	.db #0x00	; 0
    00001873 5A                    6337 	.db #0x5a	; 90	'Z'
    00001874 00                    6338 	.db #0x00	; 0
    00001875 00                    6339 	.db #0x00	; 0
    00001876 5A                    6340 	.db #0x5a	; 90	'Z'
    00001877 00                    6341 	.db #0x00	; 0
    00001878 00                    6342 	.db #0x00	; 0
    00001879 5A                    6343 	.db #0x5a	; 90	'Z'
    0000187A 00                    6344 	.db #0x00	; 0
    0000187B 00                    6345 	.db #0x00	; 0
    0000187C 5A                    6346 	.db #0x5a	; 90	'Z'
    0000187D 00                    6347 	.db #0x00	; 0
    0000187E 00                    6348 	.db #0x00	; 0
    0000187F 5A                    6349 	.db #0x5a	; 90	'Z'
    00001880 00                    6350 	.db #0x00	; 0
    00001881 00                    6351 	.db #0x00	; 0
    00001882 5A                    6352 	.db #0x5a	; 90	'Z'
    00001883 00                    6353 	.db #0x00	; 0
    00001884 00                    6354 	.db #0x00	; 0
    00001885 5A                    6355 	.db #0x5a	; 90	'Z'
    00001886 00                    6356 	.db #0x00	; 0
    00001887 00                    6357 	.db #0x00	; 0
    00001888 5A                    6358 	.db #0x5a	; 90	'Z'
    00001889 00                    6359 	.db #0x00	; 0
    0000188A 00                    6360 	.db #0x00	; 0
    0000188B 5A                    6361 	.db #0x5a	; 90	'Z'
    0000188C 00                    6362 	.db #0x00	; 0
    0000188D 00                    6363 	.db #0x00	; 0
    0000188E 5A                    6364 	.db #0x5a	; 90	'Z'
    0000188F 00                    6365 	.db #0x00	; 0
    00001890 00                    6366 	.db #0x00	; 0
    00001891 5A                    6367 	.db #0x5a	; 90	'Z'
    00001892 00                    6368 	.db #0x00	; 0
    00001893 00                    6369 	.db #0x00	; 0
    00001894 5A                    6370 	.db #0x5a	; 90	'Z'
    00001895 00                    6371 	.db #0x00	; 0
    00001896 00                    6372 	.db #0x00	; 0
    00001897 5A                    6373 	.db #0x5a	; 90	'Z'
    00001898 00                    6374 	.db #0x00	; 0
    00001899 00                    6375 	.db #0x00	; 0
    0000189A 5A                    6376 	.db #0x5a	; 90	'Z'
    0000189B 00                    6377 	.db #0x00	; 0
    0000189C 00                    6378 	.db #0x00	; 0
    0000189D 5A                    6379 	.db #0x5a	; 90	'Z'
    0000189E 00                    6380 	.db #0x00	; 0
    0000189F 00                    6381 	.db #0x00	; 0
    000018A0 5A                    6382 	.db #0x5a	; 90	'Z'
    000018A1 00                    6383 	.db #0x00	; 0
    000018A2 00                    6384 	.db #0x00	; 0
    000018A3 5A                    6385 	.db #0x5a	; 90	'Z'
    000018A4 00                    6386 	.db #0x00	; 0
    000018A5 00                    6387 	.db #0x00	; 0
    000018A6 5A                    6388 	.db #0x5a	; 90	'Z'
    000018A7 00                    6389 	.db #0x00	; 0
    000018A8 00                    6390 	.db #0x00	; 0
    000018A9 5A                    6391 	.db #0x5a	; 90	'Z'
    000018AA 00                    6392 	.db #0x00	; 0
    000018AB 00                    6393 	.db #0x00	; 0
    000018AC 5A                    6394 	.db #0x5a	; 90	'Z'
    000018AD 00                    6395 	.db #0x00	; 0
    000018AE 00                    6396 	.db #0x00	; 0
    000018AF 5A                    6397 	.db #0x5a	; 90	'Z'
    000018B0 00                    6398 	.db #0x00	; 0
    000018B1 00                    6399 	.db #0x00	; 0
    000018B2 5A                    6400 	.db #0x5a	; 90	'Z'
    000018B3 00                    6401 	.db #0x00	; 0
    000018B4 00                    6402 	.db #0x00	; 0
    000018B5 5A                    6403 	.db #0x5a	; 90	'Z'
    000018B6 00                    6404 	.db #0x00	; 0
    000018B7 00                    6405 	.db #0x00	; 0
    000018B8 5A                    6406 	.db #0x5a	; 90	'Z'
    000018B9 00                    6407 	.db #0x00	; 0
    000018BA 00                    6408 	.db #0x00	; 0
    000018BB 5A                    6409 	.db #0x5a	; 90	'Z'
    000018BC 00                    6410 	.db #0x00	; 0
    000018BD 00                    6411 	.db #0x00	; 0
    000018BE 5A                    6412 	.db #0x5a	; 90	'Z'
    000018BF 00                    6413 	.db #0x00	; 0
    000018C0 00                    6414 	.db #0x00	; 0
    000018C1                       6415 _P40:
    000018C1 11                    6416 	.db #0x11	; 17
    000018C2 80                    6417 	.db #0x80	; 128
    000018C3 00                    6418 	.db #0x00	; 0
    000018C4 5A                    6419 	.db #0x5a	; 90	'Z'
    000018C5 00                    6420 	.db #0x00	; 0
    000018C6 00                    6421 	.db #0x00	; 0
    000018C7 5A                    6422 	.db #0x5a	; 90	'Z'
    000018C8 00                    6423 	.db #0x00	; 0
    000018C9 00                    6424 	.db #0x00	; 0
    000018CA 5A                    6425 	.db #0x5a	; 90	'Z'
    000018CB 00                    6426 	.db #0x00	; 0
    000018CC 00                    6427 	.db #0x00	; 0
    000018CD 5A                    6428 	.db #0x5a	; 90	'Z'
    000018CE 00                    6429 	.db #0x00	; 0
    000018CF 00                    6430 	.db #0x00	; 0
    000018D0 5A                    6431 	.db #0x5a	; 90	'Z'
    000018D1 00                    6432 	.db #0x00	; 0
    000018D2 00                    6433 	.db #0x00	; 0
    000018D3 5A                    6434 	.db #0x5a	; 90	'Z'
    000018D4 00                    6435 	.db #0x00	; 0
    000018D5 00                    6436 	.db #0x00	; 0
    000018D6 5A                    6437 	.db #0x5a	; 90	'Z'
    000018D7 00                    6438 	.db #0x00	; 0
    000018D8 00                    6439 	.db #0x00	; 0
    000018D9 5A                    6440 	.db #0x5a	; 90	'Z'
    000018DA 00                    6441 	.db #0x00	; 0
    000018DB 00                    6442 	.db #0x00	; 0
    000018DC 5A                    6443 	.db #0x5a	; 90	'Z'
    000018DD 00                    6444 	.db #0x00	; 0
    000018DE 00                    6445 	.db #0x00	; 0
    000018DF 5A                    6446 	.db #0x5a	; 90	'Z'
    000018E0 00                    6447 	.db #0x00	; 0
    000018E1 00                    6448 	.db #0x00	; 0
    000018E2 5A                    6449 	.db #0x5a	; 90	'Z'
    000018E3 00                    6450 	.db #0x00	; 0
    000018E4 00                    6451 	.db #0x00	; 0
    000018E5 5A                    6452 	.db #0x5a	; 90	'Z'
    000018E6 00                    6453 	.db #0x00	; 0
    000018E7 00                    6454 	.db #0x00	; 0
    000018E8 5A                    6455 	.db #0x5a	; 90	'Z'
    000018E9 00                    6456 	.db #0x00	; 0
    000018EA 00                    6457 	.db #0x00	; 0
    000018EB 5A                    6458 	.db #0x5a	; 90	'Z'
    000018EC 00                    6459 	.db #0x00	; 0
    000018ED 00                    6460 	.db #0x00	; 0
    000018EE 5A                    6461 	.db #0x5a	; 90	'Z'
    000018EF 00                    6462 	.db #0x00	; 0
    000018F0 00                    6463 	.db #0x00	; 0
    000018F1 11                    6464 	.db #0x11	; 17
    000018F2 80                    6465 	.db #0x80	; 128
    000018F3 00                    6466 	.db #0x00	; 0
    000018F4 5A                    6467 	.db #0x5a	; 90	'Z'
    000018F5 00                    6468 	.db #0x00	; 0
    000018F6 00                    6469 	.db #0x00	; 0
    000018F7 14                    6470 	.db #0x14	; 20
    000018F8 80                    6471 	.db #0x80	; 128
    000018F9 00                    6472 	.db #0x00	; 0
    000018FA 5A                    6473 	.db #0x5a	; 90	'Z'
    000018FB 00                    6474 	.db #0x00	; 0
    000018FC 00                    6475 	.db #0x00	; 0
    000018FD 18                    6476 	.db #0x18	; 24
    000018FE 80                    6477 	.db #0x80	; 128
    000018FF 00                    6478 	.db #0x00	; 0
    00001900 5A                    6479 	.db #0x5a	; 90	'Z'
    00001901 00                    6480 	.db #0x00	; 0
    00001902 00                    6481 	.db #0x00	; 0
    00001903 14                    6482 	.db #0x14	; 20
    00001904 80                    6483 	.db #0x80	; 128
    00001905 00                    6484 	.db #0x00	; 0
    00001906 5A                    6485 	.db #0x5a	; 90	'Z'
    00001907 00                    6486 	.db #0x00	; 0
    00001908 00                    6487 	.db #0x00	; 0
    00001909 18                    6488 	.db #0x18	; 24
    0000190A 80                    6489 	.db #0x80	; 128
    0000190B 00                    6490 	.db #0x00	; 0
    0000190C 5A                    6491 	.db #0x5a	; 90	'Z'
    0000190D 00                    6492 	.db #0x00	; 0
    0000190E 00                    6493 	.db #0x00	; 0
    0000190F 14                    6494 	.db #0x14	; 20
    00001910 80                    6495 	.db #0x80	; 128
    00001911 00                    6496 	.db #0x00	; 0
    00001912 5A                    6497 	.db #0x5a	; 90	'Z'
    00001913 00                    6498 	.db #0x00	; 0
    00001914 00                    6499 	.db #0x00	; 0
    00001915 11                    6500 	.db #0x11	; 17
    00001916 80                    6501 	.db #0x80	; 128
    00001917 00                    6502 	.db #0x00	; 0
    00001918 5A                    6503 	.db #0x5a	; 90	'Z'
    00001919 00                    6504 	.db #0x00	; 0
    0000191A 00                    6505 	.db #0x00	; 0
    0000191B 08                    6506 	.db #0x08	; 8
    0000191C 80                    6507 	.db #0x80	; 128
    0000191D 00                    6508 	.db #0x00	; 0
    0000191E 5A                    6509 	.db #0x5a	; 90	'Z'
    0000191F 00                    6510 	.db #0x00	; 0
    00001920 00                    6511 	.db #0x00	; 0
    00001921 0C                    6512 	.db #0x0c	; 12
    00001922 80                    6513 	.db #0x80	; 128
    00001923 00                    6514 	.db #0x00	; 0
    00001924 5A                    6515 	.db #0x5a	; 90	'Z'
    00001925 00                    6516 	.db #0x00	; 0
    00001926 00                    6517 	.db #0x00	; 0
    00001927 0F                    6518 	.db #0x0f	; 15
    00001928 80                    6519 	.db #0x80	; 128
    00001929 00                    6520 	.db #0x00	; 0
    0000192A 5A                    6521 	.db #0x5a	; 90	'Z'
    0000192B 00                    6522 	.db #0x00	; 0
    0000192C 00                    6523 	.db #0x00	; 0
    0000192D 13                    6524 	.db #0x13	; 19
    0000192E 80                    6525 	.db #0x80	; 128
    0000192F 00                    6526 	.db #0x00	; 0
    00001930 5A                    6527 	.db #0x5a	; 90	'Z'
    00001931 00                    6528 	.db #0x00	; 0
    00001932 00                    6529 	.db #0x00	; 0
    00001933 0F                    6530 	.db #0x0f	; 15
    00001934 80                    6531 	.db #0x80	; 128
    00001935 00                    6532 	.db #0x00	; 0
    00001936 5A                    6533 	.db #0x5a	; 90	'Z'
    00001937 00                    6534 	.db #0x00	; 0
    00001938 00                    6535 	.db #0x00	; 0
    00001939 0C                    6536 	.db #0x0c	; 12
    0000193A 80                    6537 	.db #0x80	; 128
    0000193B 00                    6538 	.db #0x00	; 0
    0000193C 5A                    6539 	.db #0x5a	; 90	'Z'
    0000193D 00                    6540 	.db #0x00	; 0
    0000193E 00                    6541 	.db #0x00	; 0
    0000193F 08                    6542 	.db #0x08	; 8
    00001940 80                    6543 	.db #0x80	; 128
    00001941 00                    6544 	.db #0x00	; 0
    00001942 5A                    6545 	.db #0x5a	; 90	'Z'
    00001943 00                    6546 	.db #0x00	; 0
    00001944 00                    6547 	.db #0x00	; 0
    00001945 03                    6548 	.db #0x03	; 3
    00001946 80                    6549 	.db #0x80	; 128
    00001947 00                    6550 	.db #0x00	; 0
    00001948 5A                    6551 	.db #0x5a	; 90	'Z'
    00001949 00                    6552 	.db #0x00	; 0
    0000194A 00                    6553 	.db #0x00	; 0
    0000194B 00                    6554 	.db #0x00	; 0
    0000194C 80                    6555 	.db #0x80	; 128
    0000194D 00                    6556 	.db #0x00	; 0
    0000194E 5A                    6557 	.db #0x5a	; 90	'Z'
    0000194F 00                    6558 	.db #0x00	; 0
    00001950 00                    6559 	.db #0x00	; 0
    00001951 0F                    6560 	.db #0x0f	; 15
    00001952 80                    6561 	.db #0x80	; 128
    00001953 00                    6562 	.db #0x00	; 0
    00001954 5A                    6563 	.db #0x5a	; 90	'Z'
    00001955 00                    6564 	.db #0x00	; 0
    00001956 00                    6565 	.db #0x00	; 0
    00001957 13                    6566 	.db #0x13	; 19
    00001958 80                    6567 	.db #0x80	; 128
    00001959 00                    6568 	.db #0x00	; 0
    0000195A 5A                    6569 	.db #0x5a	; 90	'Z'
    0000195B 00                    6570 	.db #0x00	; 0
    0000195C 00                    6571 	.db #0x00	; 0
    0000195D 18                    6572 	.db #0x18	; 24
    0000195E 80                    6573 	.db #0x80	; 128
    0000195F 00                    6574 	.db #0x00	; 0
    00001960 5A                    6575 	.db #0x5a	; 90	'Z'
    00001961 00                    6576 	.db #0x00	; 0
    00001962 00                    6577 	.db #0x00	; 0
    00001963 13                    6578 	.db #0x13	; 19
    00001964 80                    6579 	.db #0x80	; 128
    00001965 00                    6580 	.db #0x00	; 0
    00001966 5A                    6581 	.db #0x5a	; 90	'Z'
    00001967 00                    6582 	.db #0x00	; 0
    00001968 00                    6583 	.db #0x00	; 0
    00001969 18                    6584 	.db #0x18	; 24
    0000196A 80                    6585 	.db #0x80	; 128
    0000196B 00                    6586 	.db #0x00	; 0
    0000196C 5A                    6587 	.db #0x5a	; 90	'Z'
    0000196D 00                    6588 	.db #0x00	; 0
    0000196E 00                    6589 	.db #0x00	; 0
    0000196F 13                    6590 	.db #0x13	; 19
    00001970 80                    6591 	.db #0x80	; 128
    00001971 00                    6592 	.db #0x00	; 0
    00001972 5A                    6593 	.db #0x5a	; 90	'Z'
    00001973 00                    6594 	.db #0x00	; 0
    00001974 00                    6595 	.db #0x00	; 0
    00001975 0F                    6596 	.db #0x0f	; 15
    00001976 80                    6597 	.db #0x80	; 128
    00001977 00                    6598 	.db #0x00	; 0
    00001978 5A                    6599 	.db #0x5a	; 90	'Z'
    00001979 00                    6600 	.db #0x00	; 0
    0000197A 00                    6601 	.db #0x00	; 0
    0000197B 0C                    6602 	.db #0x0c	; 12
    0000197C 80                    6603 	.db #0x80	; 128
    0000197D 00                    6604 	.db #0x00	; 0
    0000197E 5A                    6605 	.db #0x5a	; 90	'Z'
    0000197F 00                    6606 	.db #0x00	; 0
    00001980 00                    6607 	.db #0x00	; 0
    00001981                       6608 _P42:
    00001981 11                    6609 	.db #0x11	; 17
    00001982 B0                    6610 	.db #0xb0	; 176
    00001983 00                    6611 	.db #0x00	; 0
    00001984 5A                    6612 	.db #0x5a	; 90	'Z'
    00001985 00                    6613 	.db #0x00	; 0
    00001986 00                    6614 	.db #0x00	; 0
    00001987 5A                    6615 	.db #0x5a	; 90	'Z'
    00001988 00                    6616 	.db #0x00	; 0
    00001989 00                    6617 	.db #0x00	; 0
    0000198A 5A                    6618 	.db #0x5a	; 90	'Z'
    0000198B 00                    6619 	.db #0x00	; 0
    0000198C 00                    6620 	.db #0x00	; 0
    0000198D 5A                    6621 	.db #0x5a	; 90	'Z'
    0000198E 00                    6622 	.db #0x00	; 0
    0000198F 00                    6623 	.db #0x00	; 0
    00001990 5A                    6624 	.db #0x5a	; 90	'Z'
    00001991 00                    6625 	.db #0x00	; 0
    00001992 00                    6626 	.db #0x00	; 0
    00001993 5A                    6627 	.db #0x5a	; 90	'Z'
    00001994 00                    6628 	.db #0x00	; 0
    00001995 00                    6629 	.db #0x00	; 0
    00001996 5A                    6630 	.db #0x5a	; 90	'Z'
    00001997 00                    6631 	.db #0x00	; 0
    00001998 00                    6632 	.db #0x00	; 0
    00001999 5A                    6633 	.db #0x5a	; 90	'Z'
    0000199A 00                    6634 	.db #0x00	; 0
    0000199B 00                    6635 	.db #0x00	; 0
    0000199C 5A                    6636 	.db #0x5a	; 90	'Z'
    0000199D 00                    6637 	.db #0x00	; 0
    0000199E 00                    6638 	.db #0x00	; 0
    0000199F 5A                    6639 	.db #0x5a	; 90	'Z'
    000019A0 00                    6640 	.db #0x00	; 0
    000019A1 00                    6641 	.db #0x00	; 0
    000019A2 5A                    6642 	.db #0x5a	; 90	'Z'
    000019A3 00                    6643 	.db #0x00	; 0
    000019A4 00                    6644 	.db #0x00	; 0
    000019A5 5A                    6645 	.db #0x5a	; 90	'Z'
    000019A6 00                    6646 	.db #0x00	; 0
    000019A7 00                    6647 	.db #0x00	; 0
    000019A8 5A                    6648 	.db #0x5a	; 90	'Z'
    000019A9 00                    6649 	.db #0x00	; 0
    000019AA 00                    6650 	.db #0x00	; 0
    000019AB 5A                    6651 	.db #0x5a	; 90	'Z'
    000019AC 00                    6652 	.db #0x00	; 0
    000019AD 00                    6653 	.db #0x00	; 0
    000019AE 5A                    6654 	.db #0x5a	; 90	'Z'
    000019AF 00                    6655 	.db #0x00	; 0
    000019B0 00                    6656 	.db #0x00	; 0
    000019B1 5A                    6657 	.db #0x5a	; 90	'Z'
    000019B2 00                    6658 	.db #0x00	; 0
    000019B3 00                    6659 	.db #0x00	; 0
    000019B4 5A                    6660 	.db #0x5a	; 90	'Z'
    000019B5 00                    6661 	.db #0x00	; 0
    000019B6 00                    6662 	.db #0x00	; 0
    000019B7 5A                    6663 	.db #0x5a	; 90	'Z'
    000019B8 00                    6664 	.db #0x00	; 0
    000019B9 00                    6665 	.db #0x00	; 0
    000019BA 5A                    6666 	.db #0x5a	; 90	'Z'
    000019BB 00                    6667 	.db #0x00	; 0
    000019BC 00                    6668 	.db #0x00	; 0
    000019BD 5A                    6669 	.db #0x5a	; 90	'Z'
    000019BE 00                    6670 	.db #0x00	; 0
    000019BF 00                    6671 	.db #0x00	; 0
    000019C0 5A                    6672 	.db #0x5a	; 90	'Z'
    000019C1 00                    6673 	.db #0x00	; 0
    000019C2 00                    6674 	.db #0x00	; 0
    000019C3 5A                    6675 	.db #0x5a	; 90	'Z'
    000019C4 00                    6676 	.db #0x00	; 0
    000019C5 00                    6677 	.db #0x00	; 0
    000019C6 5A                    6678 	.db #0x5a	; 90	'Z'
    000019C7 00                    6679 	.db #0x00	; 0
    000019C8 00                    6680 	.db #0x00	; 0
    000019C9 1D                    6681 	.db #0x1d	; 29
    000019CA B0                    6682 	.db #0xb0	; 176
    000019CB 00                    6683 	.db #0x00	; 0
    000019CC 1D                    6684 	.db #0x1d	; 29
    000019CD B0                    6685 	.db #0xb0	; 176
    000019CE 00                    6686 	.db #0x00	; 0
    000019CF 1D                    6687 	.db #0x1d	; 29
    000019D0 E0                    6688 	.db #0xe0	; 224
    000019D1 00                    6689 	.db #0x00	; 0
    000019D2 1D                    6690 	.db #0x1d	; 29
    000019D3 20                    6691 	.db #0x20	; 32
    000019D4 00                    6692 	.db #0x00	; 0
    000019D5 1D                    6693 	.db #0x1d	; 29
    000019D6 B0                    6694 	.db #0xb0	; 176
    000019D7 00                    6695 	.db #0x00	; 0
    000019D8 1D                    6696 	.db #0x1d	; 29
    000019D9 B0                    6697 	.db #0xb0	; 176
    000019DA 00                    6698 	.db #0x00	; 0
    000019DB 1D                    6699 	.db #0x1d	; 29
    000019DC E0                    6700 	.db #0xe0	; 224
    000019DD 00                    6701 	.db #0x00	; 0
    000019DE 1D                    6702 	.db #0x1d	; 29
    000019DF 50                    6703 	.db #0x50	; 80	'P'
    000019E0 00                    6704 	.db #0x00	; 0
    000019E1 00                    6705 	.db #0x00	; 0
    000019E2 D0                    6706 	.db #0xd0	; 208
    000019E3 00                    6707 	.db #0x00	; 0
    000019E4 5A                    6708 	.db #0x5a	; 90	'Z'
    000019E5 00                    6709 	.db #0x00	; 0
    000019E6 00                    6710 	.db #0x00	; 0
    000019E7 5A                    6711 	.db #0x5a	; 90	'Z'
    000019E8 00                    6712 	.db #0x00	; 0
    000019E9 00                    6713 	.db #0x00	; 0
    000019EA 5A                    6714 	.db #0x5a	; 90	'Z'
    000019EB 00                    6715 	.db #0x00	; 0
    000019EC 00                    6716 	.db #0x00	; 0
    000019ED 5A                    6717 	.db #0x5a	; 90	'Z'
    000019EE 00                    6718 	.db #0x00	; 0
    000019EF 00                    6719 	.db #0x00	; 0
    000019F0 5A                    6720 	.db #0x5a	; 90	'Z'
    000019F1 00                    6721 	.db #0x00	; 0
    000019F2 00                    6722 	.db #0x00	; 0
    000019F3 5A                    6723 	.db #0x5a	; 90	'Z'
    000019F4 00                    6724 	.db #0x00	; 0
    000019F5 00                    6725 	.db #0x00	; 0
    000019F6 5A                    6726 	.db #0x5a	; 90	'Z'
    000019F7 00                    6727 	.db #0x00	; 0
    000019F8 00                    6728 	.db #0x00	; 0
    000019F9 5A                    6729 	.db #0x5a	; 90	'Z'
    000019FA 00                    6730 	.db #0x00	; 0
    000019FB 00                    6731 	.db #0x00	; 0
    000019FC 5A                    6732 	.db #0x5a	; 90	'Z'
    000019FD 00                    6733 	.db #0x00	; 0
    000019FE 00                    6734 	.db #0x00	; 0
    000019FF 5A                    6735 	.db #0x5a	; 90	'Z'
    00001A00 00                    6736 	.db #0x00	; 0
    00001A01 00                    6737 	.db #0x00	; 0
    00001A02 5A                    6738 	.db #0x5a	; 90	'Z'
    00001A03 00                    6739 	.db #0x00	; 0
    00001A04 00                    6740 	.db #0x00	; 0
    00001A05 5A                    6741 	.db #0x5a	; 90	'Z'
    00001A06 00                    6742 	.db #0x00	; 0
    00001A07 00                    6743 	.db #0x00	; 0
    00001A08 5A                    6744 	.db #0x5a	; 90	'Z'
    00001A09 00                    6745 	.db #0x00	; 0
    00001A0A 00                    6746 	.db #0x00	; 0
    00001A0B 5A                    6747 	.db #0x5a	; 90	'Z'
    00001A0C 00                    6748 	.db #0x00	; 0
    00001A0D 00                    6749 	.db #0x00	; 0
    00001A0E 5A                    6750 	.db #0x5a	; 90	'Z'
    00001A0F 00                    6751 	.db #0x00	; 0
    00001A10 00                    6752 	.db #0x00	; 0
    00001A11 5A                    6753 	.db #0x5a	; 90	'Z'
    00001A12 00                    6754 	.db #0x00	; 0
    00001A13 00                    6755 	.db #0x00	; 0
    00001A14 5A                    6756 	.db #0x5a	; 90	'Z'
    00001A15 00                    6757 	.db #0x00	; 0
    00001A16 00                    6758 	.db #0x00	; 0
    00001A17 5A                    6759 	.db #0x5a	; 90	'Z'
    00001A18 00                    6760 	.db #0x00	; 0
    00001A19 00                    6761 	.db #0x00	; 0
    00001A1A 5A                    6762 	.db #0x5a	; 90	'Z'
    00001A1B 00                    6763 	.db #0x00	; 0
    00001A1C 00                    6764 	.db #0x00	; 0
    00001A1D 5A                    6765 	.db #0x5a	; 90	'Z'
    00001A1E 00                    6766 	.db #0x00	; 0
    00001A1F 00                    6767 	.db #0x00	; 0
    00001A20 5A                    6768 	.db #0x5a	; 90	'Z'
    00001A21 00                    6769 	.db #0x00	; 0
    00001A22 00                    6770 	.db #0x00	; 0
    00001A23 5A                    6771 	.db #0x5a	; 90	'Z'
    00001A24 00                    6772 	.db #0x00	; 0
    00001A25 00                    6773 	.db #0x00	; 0
    00001A26 5A                    6774 	.db #0x5a	; 90	'Z'
    00001A27 00                    6775 	.db #0x00	; 0
    00001A28 00                    6776 	.db #0x00	; 0
    00001A29 5A                    6777 	.db #0x5a	; 90	'Z'
    00001A2A 00                    6778 	.db #0x00	; 0
    00001A2B 00                    6779 	.db #0x00	; 0
    00001A2C 5A                    6780 	.db #0x5a	; 90	'Z'
    00001A2D 00                    6781 	.db #0x00	; 0
    00001A2E 00                    6782 	.db #0x00	; 0
    00001A2F 5A                    6783 	.db #0x5a	; 90	'Z'
    00001A30 00                    6784 	.db #0x00	; 0
    00001A31 00                    6785 	.db #0x00	; 0
    00001A32 5A                    6786 	.db #0x5a	; 90	'Z'
    00001A33 00                    6787 	.db #0x00	; 0
    00001A34 00                    6788 	.db #0x00	; 0
    00001A35 5A                    6789 	.db #0x5a	; 90	'Z'
    00001A36 00                    6790 	.db #0x00	; 0
    00001A37 00                    6791 	.db #0x00	; 0
    00001A38 5A                    6792 	.db #0x5a	; 90	'Z'
    00001A39 00                    6793 	.db #0x00	; 0
    00001A3A 00                    6794 	.db #0x00	; 0
    00001A3B 5A                    6795 	.db #0x5a	; 90	'Z'
    00001A3C 00                    6796 	.db #0x00	; 0
    00001A3D 00                    6797 	.db #0x00	; 0
    00001A3E 5A                    6798 	.db #0x5a	; 90	'Z'
    00001A3F 00                    6799 	.db #0x00	; 0
    00001A40 00                    6800 	.db #0x00	; 0
    00001A41                       6801 _P43:
    00001A41 18                    6802 	.db #0x18	; 24
    00001A42 B0                    6803 	.db #0xb0	; 176
    00001A43 00                    6804 	.db #0x00	; 0
    00001A44 5A                    6805 	.db #0x5a	; 90	'Z'
    00001A45 00                    6806 	.db #0x00	; 0
    00001A46 00                    6807 	.db #0x00	; 0
    00001A47 5A                    6808 	.db #0x5a	; 90	'Z'
    00001A48 00                    6809 	.db #0x00	; 0
    00001A49 00                    6810 	.db #0x00	; 0
    00001A4A 5A                    6811 	.db #0x5a	; 90	'Z'
    00001A4B 00                    6812 	.db #0x00	; 0
    00001A4C 00                    6813 	.db #0x00	; 0
    00001A4D 5A                    6814 	.db #0x5a	; 90	'Z'
    00001A4E 00                    6815 	.db #0x00	; 0
    00001A4F 00                    6816 	.db #0x00	; 0
    00001A50 5A                    6817 	.db #0x5a	; 90	'Z'
    00001A51 00                    6818 	.db #0x00	; 0
    00001A52 00                    6819 	.db #0x00	; 0
    00001A53 5A                    6820 	.db #0x5a	; 90	'Z'
    00001A54 00                    6821 	.db #0x00	; 0
    00001A55 00                    6822 	.db #0x00	; 0
    00001A56 5A                    6823 	.db #0x5a	; 90	'Z'
    00001A57 00                    6824 	.db #0x00	; 0
    00001A58 00                    6825 	.db #0x00	; 0
    00001A59 5A                    6826 	.db #0x5a	; 90	'Z'
    00001A5A 00                    6827 	.db #0x00	; 0
    00001A5B 00                    6828 	.db #0x00	; 0
    00001A5C 5A                    6829 	.db #0x5a	; 90	'Z'
    00001A5D 00                    6830 	.db #0x00	; 0
    00001A5E 00                    6831 	.db #0x00	; 0
    00001A5F 5A                    6832 	.db #0x5a	; 90	'Z'
    00001A60 00                    6833 	.db #0x00	; 0
    00001A61 00                    6834 	.db #0x00	; 0
    00001A62 5A                    6835 	.db #0x5a	; 90	'Z'
    00001A63 00                    6836 	.db #0x00	; 0
    00001A64 00                    6837 	.db #0x00	; 0
    00001A65 5A                    6838 	.db #0x5a	; 90	'Z'
    00001A66 00                    6839 	.db #0x00	; 0
    00001A67 00                    6840 	.db #0x00	; 0
    00001A68 5A                    6841 	.db #0x5a	; 90	'Z'
    00001A69 00                    6842 	.db #0x00	; 0
    00001A6A 00                    6843 	.db #0x00	; 0
    00001A6B 5A                    6844 	.db #0x5a	; 90	'Z'
    00001A6C 00                    6845 	.db #0x00	; 0
    00001A6D 00                    6846 	.db #0x00	; 0
    00001A6E 5A                    6847 	.db #0x5a	; 90	'Z'
    00001A6F 00                    6848 	.db #0x00	; 0
    00001A70 00                    6849 	.db #0x00	; 0
    00001A71 18                    6850 	.db #0x18	; 24
    00001A72 70                    6851 	.db #0x70	; 112	'p'
    00001A73 00                    6852 	.db #0x00	; 0
    00001A74 5A                    6853 	.db #0x5a	; 90	'Z'
    00001A75 00                    6854 	.db #0x00	; 0
    00001A76 00                    6855 	.db #0x00	; 0
    00001A77 5A                    6856 	.db #0x5a	; 90	'Z'
    00001A78 00                    6857 	.db #0x00	; 0
    00001A79 00                    6858 	.db #0x00	; 0
    00001A7A 5A                    6859 	.db #0x5a	; 90	'Z'
    00001A7B 00                    6860 	.db #0x00	; 0
    00001A7C 00                    6861 	.db #0x00	; 0
    00001A7D 5A                    6862 	.db #0x5a	; 90	'Z'
    00001A7E 00                    6863 	.db #0x00	; 0
    00001A7F 00                    6864 	.db #0x00	; 0
    00001A80 5A                    6865 	.db #0x5a	; 90	'Z'
    00001A81 00                    6866 	.db #0x00	; 0
    00001A82 00                    6867 	.db #0x00	; 0
    00001A83 5A                    6868 	.db #0x5a	; 90	'Z'
    00001A84 00                    6869 	.db #0x00	; 0
    00001A85 00                    6870 	.db #0x00	; 0
    00001A86 5A                    6871 	.db #0x5a	; 90	'Z'
    00001A87 00                    6872 	.db #0x00	; 0
    00001A88 00                    6873 	.db #0x00	; 0
    00001A89 5A                    6874 	.db #0x5a	; 90	'Z'
    00001A8A 00                    6875 	.db #0x00	; 0
    00001A8B 00                    6876 	.db #0x00	; 0
    00001A8C 5A                    6877 	.db #0x5a	; 90	'Z'
    00001A8D 00                    6878 	.db #0x00	; 0
    00001A8E 00                    6879 	.db #0x00	; 0
    00001A8F 5A                    6880 	.db #0x5a	; 90	'Z'
    00001A90 00                    6881 	.db #0x00	; 0
    00001A91 00                    6882 	.db #0x00	; 0
    00001A92 5A                    6883 	.db #0x5a	; 90	'Z'
    00001A93 00                    6884 	.db #0x00	; 0
    00001A94 00                    6885 	.db #0x00	; 0
    00001A95 18                    6886 	.db #0x18	; 24
    00001A96 30                    6887 	.db #0x30	; 48	'0'
    00001A97 00                    6888 	.db #0x00	; 0
    00001A98 5A                    6889 	.db #0x5a	; 90	'Z'
    00001A99 00                    6890 	.db #0x00	; 0
    00001A9A 00                    6891 	.db #0x00	; 0
    00001A9B 5A                    6892 	.db #0x5a	; 90	'Z'
    00001A9C 00                    6893 	.db #0x00	; 0
    00001A9D 00                    6894 	.db #0x00	; 0
    00001A9E 5A                    6895 	.db #0x5a	; 90	'Z'
    00001A9F 00                    6896 	.db #0x00	; 0
    00001AA0 00                    6897 	.db #0x00	; 0
    00001AA1 18                    6898 	.db #0x18	; 24
    00001AA2 B0                    6899 	.db #0xb0	; 176
    00001AA3 00                    6900 	.db #0x00	; 0
    00001AA4 5A                    6901 	.db #0x5a	; 90	'Z'
    00001AA5 00                    6902 	.db #0x00	; 0
    00001AA6 00                    6903 	.db #0x00	; 0
    00001AA7 5A                    6904 	.db #0x5a	; 90	'Z'
    00001AA8 00                    6905 	.db #0x00	; 0
    00001AA9 00                    6906 	.db #0x00	; 0
    00001AAA 5A                    6907 	.db #0x5a	; 90	'Z'
    00001AAB 00                    6908 	.db #0x00	; 0
    00001AAC 00                    6909 	.db #0x00	; 0
    00001AAD 5A                    6910 	.db #0x5a	; 90	'Z'
    00001AAE 00                    6911 	.db #0x00	; 0
    00001AAF 00                    6912 	.db #0x00	; 0
    00001AB0 5A                    6913 	.db #0x5a	; 90	'Z'
    00001AB1 00                    6914 	.db #0x00	; 0
    00001AB2 00                    6915 	.db #0x00	; 0
    00001AB3 5A                    6916 	.db #0x5a	; 90	'Z'
    00001AB4 00                    6917 	.db #0x00	; 0
    00001AB5 00                    6918 	.db #0x00	; 0
    00001AB6 5A                    6919 	.db #0x5a	; 90	'Z'
    00001AB7 00                    6920 	.db #0x00	; 0
    00001AB8 00                    6921 	.db #0x00	; 0
    00001AB9 5A                    6922 	.db #0x5a	; 90	'Z'
    00001ABA 00                    6923 	.db #0x00	; 0
    00001ABB 00                    6924 	.db #0x00	; 0
    00001ABC 5A                    6925 	.db #0x5a	; 90	'Z'
    00001ABD 00                    6926 	.db #0x00	; 0
    00001ABE 00                    6927 	.db #0x00	; 0
    00001ABF 5A                    6928 	.db #0x5a	; 90	'Z'
    00001AC0 00                    6929 	.db #0x00	; 0
    00001AC1 00                    6930 	.db #0x00	; 0
    00001AC2 5A                    6931 	.db #0x5a	; 90	'Z'
    00001AC3 00                    6932 	.db #0x00	; 0
    00001AC4 00                    6933 	.db #0x00	; 0
    00001AC5 5A                    6934 	.db #0x5a	; 90	'Z'
    00001AC6 00                    6935 	.db #0x00	; 0
    00001AC7 00                    6936 	.db #0x00	; 0
    00001AC8 5A                    6937 	.db #0x5a	; 90	'Z'
    00001AC9 00                    6938 	.db #0x00	; 0
    00001ACA 00                    6939 	.db #0x00	; 0
    00001ACB 5A                    6940 	.db #0x5a	; 90	'Z'
    00001ACC 00                    6941 	.db #0x00	; 0
    00001ACD 00                    6942 	.db #0x00	; 0
    00001ACE 5A                    6943 	.db #0x5a	; 90	'Z'
    00001ACF 00                    6944 	.db #0x00	; 0
    00001AD0 00                    6945 	.db #0x00	; 0
    00001AD1 5A                    6946 	.db #0x5a	; 90	'Z'
    00001AD2 00                    6947 	.db #0x00	; 0
    00001AD3 00                    6948 	.db #0x00	; 0
    00001AD4 5A                    6949 	.db #0x5a	; 90	'Z'
    00001AD5 00                    6950 	.db #0x00	; 0
    00001AD6 00                    6951 	.db #0x00	; 0
    00001AD7 5A                    6952 	.db #0x5a	; 90	'Z'
    00001AD8 00                    6953 	.db #0x00	; 0
    00001AD9 00                    6954 	.db #0x00	; 0
    00001ADA 5A                    6955 	.db #0x5a	; 90	'Z'
    00001ADB 00                    6956 	.db #0x00	; 0
    00001ADC 00                    6957 	.db #0x00	; 0
    00001ADD 5A                    6958 	.db #0x5a	; 90	'Z'
    00001ADE 00                    6959 	.db #0x00	; 0
    00001ADF 00                    6960 	.db #0x00	; 0
    00001AE0 5A                    6961 	.db #0x5a	; 90	'Z'
    00001AE1 00                    6962 	.db #0x00	; 0
    00001AE2 00                    6963 	.db #0x00	; 0
    00001AE3 5A                    6964 	.db #0x5a	; 90	'Z'
    00001AE4 00                    6965 	.db #0x00	; 0
    00001AE5 00                    6966 	.db #0x00	; 0
    00001AE6 5A                    6967 	.db #0x5a	; 90	'Z'
    00001AE7 00                    6968 	.db #0x00	; 0
    00001AE8 00                    6969 	.db #0x00	; 0
    00001AE9 5A                    6970 	.db #0x5a	; 90	'Z'
    00001AEA 00                    6971 	.db #0x00	; 0
    00001AEB 00                    6972 	.db #0x00	; 0
    00001AEC 5A                    6973 	.db #0x5a	; 90	'Z'
    00001AED 00                    6974 	.db #0x00	; 0
    00001AEE 00                    6975 	.db #0x00	; 0
    00001AEF 5A                    6976 	.db #0x5a	; 90	'Z'
    00001AF0 00                    6977 	.db #0x00	; 0
    00001AF1 00                    6978 	.db #0x00	; 0
    00001AF2 5A                    6979 	.db #0x5a	; 90	'Z'
    00001AF3 00                    6980 	.db #0x00	; 0
    00001AF4 00                    6981 	.db #0x00	; 0
    00001AF5 5A                    6982 	.db #0x5a	; 90	'Z'
    00001AF6 00                    6983 	.db #0x00	; 0
    00001AF7 00                    6984 	.db #0x00	; 0
    00001AF8 5A                    6985 	.db #0x5a	; 90	'Z'
    00001AF9 00                    6986 	.db #0x00	; 0
    00001AFA 00                    6987 	.db #0x00	; 0
    00001AFB 5A                    6988 	.db #0x5a	; 90	'Z'
    00001AFC 00                    6989 	.db #0x00	; 0
    00001AFD 00                    6990 	.db #0x00	; 0
    00001AFE 5A                    6991 	.db #0x5a	; 90	'Z'
    00001AFF 00                    6992 	.db #0x00	; 0
    00001B00 00                    6993 	.db #0x00	; 0
    00001B01                       6994 _P44:
    00001B01 11                    6995 	.db #0x11	; 17
    00001B02 80                    6996 	.db #0x80	; 128
    00001B03 00                    6997 	.db #0x00	; 0
    00001B04 5A                    6998 	.db #0x5a	; 90	'Z'
    00001B05 00                    6999 	.db #0x00	; 0
    00001B06 00                    7000 	.db #0x00	; 0
    00001B07 14                    7001 	.db #0x14	; 20
    00001B08 80                    7002 	.db #0x80	; 128
    00001B09 00                    7003 	.db #0x00	; 0
    00001B0A 5A                    7004 	.db #0x5a	; 90	'Z'
    00001B0B 00                    7005 	.db #0x00	; 0
    00001B0C 00                    7006 	.db #0x00	; 0
    00001B0D 18                    7007 	.db #0x18	; 24
    00001B0E 80                    7008 	.db #0x80	; 128
    00001B0F 00                    7009 	.db #0x00	; 0
    00001B10 5A                    7010 	.db #0x5a	; 90	'Z'
    00001B11 00                    7011 	.db #0x00	; 0
    00001B12 00                    7012 	.db #0x00	; 0
    00001B13 14                    7013 	.db #0x14	; 20
    00001B14 80                    7014 	.db #0x80	; 128
    00001B15 00                    7015 	.db #0x00	; 0
    00001B16 5A                    7016 	.db #0x5a	; 90	'Z'
    00001B17 00                    7017 	.db #0x00	; 0
    00001B18 00                    7018 	.db #0x00	; 0
    00001B19 18                    7019 	.db #0x18	; 24
    00001B1A 80                    7020 	.db #0x80	; 128
    00001B1B 00                    7021 	.db #0x00	; 0
    00001B1C 5A                    7022 	.db #0x5a	; 90	'Z'
    00001B1D 00                    7023 	.db #0x00	; 0
    00001B1E 00                    7024 	.db #0x00	; 0
    00001B1F 14                    7025 	.db #0x14	; 20
    00001B20 80                    7026 	.db #0x80	; 128
    00001B21 00                    7027 	.db #0x00	; 0
    00001B22 5A                    7028 	.db #0x5a	; 90	'Z'
    00001B23 00                    7029 	.db #0x00	; 0
    00001B24 00                    7030 	.db #0x00	; 0
    00001B25 11                    7031 	.db #0x11	; 17
    00001B26 80                    7032 	.db #0x80	; 128
    00001B27 00                    7033 	.db #0x00	; 0
    00001B28 5A                    7034 	.db #0x5a	; 90	'Z'
    00001B29 00                    7035 	.db #0x00	; 0
    00001B2A 00                    7036 	.db #0x00	; 0
    00001B2B 08                    7037 	.db #0x08	; 8
    00001B2C 80                    7038 	.db #0x80	; 128
    00001B2D 00                    7039 	.db #0x00	; 0
    00001B2E 5A                    7040 	.db #0x5a	; 90	'Z'
    00001B2F 00                    7041 	.db #0x00	; 0
    00001B30 00                    7042 	.db #0x00	; 0
    00001B31 11                    7043 	.db #0x11	; 17
    00001B32 80                    7044 	.db #0x80	; 128
    00001B33 00                    7045 	.db #0x00	; 0
    00001B34 5A                    7046 	.db #0x5a	; 90	'Z'
    00001B35 00                    7047 	.db #0x00	; 0
    00001B36 00                    7048 	.db #0x00	; 0
    00001B37 14                    7049 	.db #0x14	; 20
    00001B38 80                    7050 	.db #0x80	; 128
    00001B39 00                    7051 	.db #0x00	; 0
    00001B3A 5A                    7052 	.db #0x5a	; 90	'Z'
    00001B3B 00                    7053 	.db #0x00	; 0
    00001B3C 00                    7054 	.db #0x00	; 0
    00001B3D 18                    7055 	.db #0x18	; 24
    00001B3E 80                    7056 	.db #0x80	; 128
    00001B3F 00                    7057 	.db #0x00	; 0
    00001B40 5A                    7058 	.db #0x5a	; 90	'Z'
    00001B41 00                    7059 	.db #0x00	; 0
    00001B42 00                    7060 	.db #0x00	; 0
    00001B43 14                    7061 	.db #0x14	; 20
    00001B44 80                    7062 	.db #0x80	; 128
    00001B45 00                    7063 	.db #0x00	; 0
    00001B46 5A                    7064 	.db #0x5a	; 90	'Z'
    00001B47 00                    7065 	.db #0x00	; 0
    00001B48 00                    7066 	.db #0x00	; 0
    00001B49 18                    7067 	.db #0x18	; 24
    00001B4A 80                    7068 	.db #0x80	; 128
    00001B4B 00                    7069 	.db #0x00	; 0
    00001B4C 5A                    7070 	.db #0x5a	; 90	'Z'
    00001B4D 00                    7071 	.db #0x00	; 0
    00001B4E 00                    7072 	.db #0x00	; 0
    00001B4F 14                    7073 	.db #0x14	; 20
    00001B50 80                    7074 	.db #0x80	; 128
    00001B51 00                    7075 	.db #0x00	; 0
    00001B52 5A                    7076 	.db #0x5a	; 90	'Z'
    00001B53 00                    7077 	.db #0x00	; 0
    00001B54 00                    7078 	.db #0x00	; 0
    00001B55 11                    7079 	.db #0x11	; 17
    00001B56 80                    7080 	.db #0x80	; 128
    00001B57 00                    7081 	.db #0x00	; 0
    00001B58 5A                    7082 	.db #0x5a	; 90	'Z'
    00001B59 00                    7083 	.db #0x00	; 0
    00001B5A 00                    7084 	.db #0x00	; 0
    00001B5B 08                    7085 	.db #0x08	; 8
    00001B5C 80                    7086 	.db #0x80	; 128
    00001B5D 00                    7087 	.db #0x00	; 0
    00001B5E 5A                    7088 	.db #0x5a	; 90	'Z'
    00001B5F 00                    7089 	.db #0x00	; 0
    00001B60 00                    7090 	.db #0x00	; 0
    00001B61 0C                    7091 	.db #0x0c	; 12
    00001B62 80                    7092 	.db #0x80	; 128
    00001B63 00                    7093 	.db #0x00	; 0
    00001B64 5A                    7094 	.db #0x5a	; 90	'Z'
    00001B65 00                    7095 	.db #0x00	; 0
    00001B66 00                    7096 	.db #0x00	; 0
    00001B67 0F                    7097 	.db #0x0f	; 15
    00001B68 80                    7098 	.db #0x80	; 128
    00001B69 00                    7099 	.db #0x00	; 0
    00001B6A 5A                    7100 	.db #0x5a	; 90	'Z'
    00001B6B 00                    7101 	.db #0x00	; 0
    00001B6C 00                    7102 	.db #0x00	; 0
    00001B6D 13                    7103 	.db #0x13	; 19
    00001B6E 80                    7104 	.db #0x80	; 128
    00001B6F 00                    7105 	.db #0x00	; 0
    00001B70 5A                    7106 	.db #0x5a	; 90	'Z'
    00001B71 00                    7107 	.db #0x00	; 0
    00001B72 00                    7108 	.db #0x00	; 0
    00001B73 0F                    7109 	.db #0x0f	; 15
    00001B74 80                    7110 	.db #0x80	; 128
    00001B75 00                    7111 	.db #0x00	; 0
    00001B76 5A                    7112 	.db #0x5a	; 90	'Z'
    00001B77 00                    7113 	.db #0x00	; 0
    00001B78 00                    7114 	.db #0x00	; 0
    00001B79 0C                    7115 	.db #0x0c	; 12
    00001B7A 80                    7116 	.db #0x80	; 128
    00001B7B 00                    7117 	.db #0x00	; 0
    00001B7C 5A                    7118 	.db #0x5a	; 90	'Z'
    00001B7D 00                    7119 	.db #0x00	; 0
    00001B7E 00                    7120 	.db #0x00	; 0
    00001B7F 08                    7121 	.db #0x08	; 8
    00001B80 80                    7122 	.db #0x80	; 128
    00001B81 00                    7123 	.db #0x00	; 0
    00001B82 5A                    7124 	.db #0x5a	; 90	'Z'
    00001B83 00                    7125 	.db #0x00	; 0
    00001B84 00                    7126 	.db #0x00	; 0
    00001B85 03                    7127 	.db #0x03	; 3
    00001B86 80                    7128 	.db #0x80	; 128
    00001B87 00                    7129 	.db #0x00	; 0
    00001B88 5A                    7130 	.db #0x5a	; 90	'Z'
    00001B89 00                    7131 	.db #0x00	; 0
    00001B8A 00                    7132 	.db #0x00	; 0
    00001B8B 00                    7133 	.db #0x00	; 0
    00001B8C 80                    7134 	.db #0x80	; 128
    00001B8D 00                    7135 	.db #0x00	; 0
    00001B8E 5A                    7136 	.db #0x5a	; 90	'Z'
    00001B8F 00                    7137 	.db #0x00	; 0
    00001B90 00                    7138 	.db #0x00	; 0
    00001B91 0F                    7139 	.db #0x0f	; 15
    00001B92 80                    7140 	.db #0x80	; 128
    00001B93 00                    7141 	.db #0x00	; 0
    00001B94 5A                    7142 	.db #0x5a	; 90	'Z'
    00001B95 00                    7143 	.db #0x00	; 0
    00001B96 00                    7144 	.db #0x00	; 0
    00001B97 13                    7145 	.db #0x13	; 19
    00001B98 80                    7146 	.db #0x80	; 128
    00001B99 00                    7147 	.db #0x00	; 0
    00001B9A 5A                    7148 	.db #0x5a	; 90	'Z'
    00001B9B 00                    7149 	.db #0x00	; 0
    00001B9C 00                    7150 	.db #0x00	; 0
    00001B9D 18                    7151 	.db #0x18	; 24
    00001B9E 80                    7152 	.db #0x80	; 128
    00001B9F 00                    7153 	.db #0x00	; 0
    00001BA0 5A                    7154 	.db #0x5a	; 90	'Z'
    00001BA1 00                    7155 	.db #0x00	; 0
    00001BA2 00                    7156 	.db #0x00	; 0
    00001BA3 13                    7157 	.db #0x13	; 19
    00001BA4 80                    7158 	.db #0x80	; 128
    00001BA5 00                    7159 	.db #0x00	; 0
    00001BA6 5A                    7160 	.db #0x5a	; 90	'Z'
    00001BA7 00                    7161 	.db #0x00	; 0
    00001BA8 00                    7162 	.db #0x00	; 0
    00001BA9 18                    7163 	.db #0x18	; 24
    00001BAA 80                    7164 	.db #0x80	; 128
    00001BAB 00                    7165 	.db #0x00	; 0
    00001BAC 5A                    7166 	.db #0x5a	; 90	'Z'
    00001BAD 00                    7167 	.db #0x00	; 0
    00001BAE 00                    7168 	.db #0x00	; 0
    00001BAF 13                    7169 	.db #0x13	; 19
    00001BB0 80                    7170 	.db #0x80	; 128
    00001BB1 00                    7171 	.db #0x00	; 0
    00001BB2 5A                    7172 	.db #0x5a	; 90	'Z'
    00001BB3 00                    7173 	.db #0x00	; 0
    00001BB4 00                    7174 	.db #0x00	; 0
    00001BB5 0F                    7175 	.db #0x0f	; 15
    00001BB6 80                    7176 	.db #0x80	; 128
    00001BB7 00                    7177 	.db #0x00	; 0
    00001BB8 5A                    7178 	.db #0x5a	; 90	'Z'
    00001BB9 00                    7179 	.db #0x00	; 0
    00001BBA 00                    7180 	.db #0x00	; 0
    00001BBB 0C                    7181 	.db #0x0c	; 12
    00001BBC 80                    7182 	.db #0x80	; 128
    00001BBD 00                    7183 	.db #0x00	; 0
    00001BBE 5A                    7184 	.db #0x5a	; 90	'Z'
    00001BBF 00                    7185 	.db #0x00	; 0
    00001BC0 00                    7186 	.db #0x00	; 0
    00001BC1                       7187 _P46:
    00001BC1 05                    7188 	.db #0x05	; 5
    00001BC2 D0                    7189 	.db #0xd0	; 208
    00001BC3 00                    7190 	.db #0x00	; 0
    00001BC4 5A                    7191 	.db #0x5a	; 90	'Z'
    00001BC5 00                    7192 	.db #0x00	; 0
    00001BC6 00                    7193 	.db #0x00	; 0
    00001BC7 5A                    7194 	.db #0x5a	; 90	'Z'
    00001BC8 00                    7195 	.db #0x00	; 0
    00001BC9 00                    7196 	.db #0x00	; 0
    00001BCA 5A                    7197 	.db #0x5a	; 90	'Z'
    00001BCB 00                    7198 	.db #0x00	; 0
    00001BCC 00                    7199 	.db #0x00	; 0
    00001BCD 5A                    7200 	.db #0x5a	; 90	'Z'
    00001BCE 00                    7201 	.db #0x00	; 0
    00001BCF 00                    7202 	.db #0x00	; 0
    00001BD0 5A                    7203 	.db #0x5a	; 90	'Z'
    00001BD1 00                    7204 	.db #0x00	; 0
    00001BD2 00                    7205 	.db #0x00	; 0
    00001BD3 5A                    7206 	.db #0x5a	; 90	'Z'
    00001BD4 00                    7207 	.db #0x00	; 0
    00001BD5 00                    7208 	.db #0x00	; 0
    00001BD6 5A                    7209 	.db #0x5a	; 90	'Z'
    00001BD7 00                    7210 	.db #0x00	; 0
    00001BD8 00                    7211 	.db #0x00	; 0
    00001BD9 5A                    7212 	.db #0x5a	; 90	'Z'
    00001BDA 00                    7213 	.db #0x00	; 0
    00001BDB 00                    7214 	.db #0x00	; 0
    00001BDC 5A                    7215 	.db #0x5a	; 90	'Z'
    00001BDD 00                    7216 	.db #0x00	; 0
    00001BDE 00                    7217 	.db #0x00	; 0
    00001BDF 5A                    7218 	.db #0x5a	; 90	'Z'
    00001BE0 00                    7219 	.db #0x00	; 0
    00001BE1 00                    7220 	.db #0x00	; 0
    00001BE2 5A                    7221 	.db #0x5a	; 90	'Z'
    00001BE3 00                    7222 	.db #0x00	; 0
    00001BE4 00                    7223 	.db #0x00	; 0
    00001BE5 5A                    7224 	.db #0x5a	; 90	'Z'
    00001BE6 00                    7225 	.db #0x00	; 0
    00001BE7 00                    7226 	.db #0x00	; 0
    00001BE8 5A                    7227 	.db #0x5a	; 90	'Z'
    00001BE9 00                    7228 	.db #0x00	; 0
    00001BEA 00                    7229 	.db #0x00	; 0
    00001BEB 5A                    7230 	.db #0x5a	; 90	'Z'
    00001BEC 00                    7231 	.db #0x00	; 0
    00001BED 00                    7232 	.db #0x00	; 0
    00001BEE 5A                    7233 	.db #0x5a	; 90	'Z'
    00001BEF 00                    7234 	.db #0x00	; 0
    00001BF0 00                    7235 	.db #0x00	; 0
    00001BF1 5A                    7236 	.db #0x5a	; 90	'Z'
    00001BF2 00                    7237 	.db #0x00	; 0
    00001BF3 00                    7238 	.db #0x00	; 0
    00001BF4 5A                    7239 	.db #0x5a	; 90	'Z'
    00001BF5 00                    7240 	.db #0x00	; 0
    00001BF6 00                    7241 	.db #0x00	; 0
    00001BF7 5A                    7242 	.db #0x5a	; 90	'Z'
    00001BF8 00                    7243 	.db #0x00	; 0
    00001BF9 00                    7244 	.db #0x00	; 0
    00001BFA 5A                    7245 	.db #0x5a	; 90	'Z'
    00001BFB 00                    7246 	.db #0x00	; 0
    00001BFC 00                    7247 	.db #0x00	; 0
    00001BFD 5A                    7248 	.db #0x5a	; 90	'Z'
    00001BFE 00                    7249 	.db #0x00	; 0
    00001BFF 00                    7250 	.db #0x00	; 0
    00001C00 5A                    7251 	.db #0x5a	; 90	'Z'
    00001C01 00                    7252 	.db #0x00	; 0
    00001C02 00                    7253 	.db #0x00	; 0
    00001C03 5A                    7254 	.db #0x5a	; 90	'Z'
    00001C04 00                    7255 	.db #0x00	; 0
    00001C05 00                    7256 	.db #0x00	; 0
    00001C06 5A                    7257 	.db #0x5a	; 90	'Z'
    00001C07 00                    7258 	.db #0x00	; 0
    00001C08 00                    7259 	.db #0x00	; 0
    00001C09 1D                    7260 	.db #0x1d	; 29
    00001C0A B0                    7261 	.db #0xb0	; 176
    00001C0B 00                    7262 	.db #0x00	; 0
    00001C0C 1D                    7263 	.db #0x1d	; 29
    00001C0D B0                    7264 	.db #0xb0	; 176
    00001C0E 00                    7265 	.db #0x00	; 0
    00001C0F 1D                    7266 	.db #0x1d	; 29
    00001C10 E0                    7267 	.db #0xe0	; 224
    00001C11 00                    7268 	.db #0x00	; 0
    00001C12 1D                    7269 	.db #0x1d	; 29
    00001C13 20                    7270 	.db #0x20	; 32
    00001C14 00                    7271 	.db #0x00	; 0
    00001C15 1D                    7272 	.db #0x1d	; 29
    00001C16 B0                    7273 	.db #0xb0	; 176
    00001C17 00                    7274 	.db #0x00	; 0
    00001C18 1D                    7275 	.db #0x1d	; 29
    00001C19 B0                    7276 	.db #0xb0	; 176
    00001C1A 00                    7277 	.db #0x00	; 0
    00001C1B 1D                    7278 	.db #0x1d	; 29
    00001C1C E0                    7279 	.db #0xe0	; 224
    00001C1D 00                    7280 	.db #0x00	; 0
    00001C1E 1D                    7281 	.db #0x1d	; 29
    00001C1F 50                    7282 	.db #0x50	; 80	'P'
    00001C20 00                    7283 	.db #0x00	; 0
    00001C21 00                    7284 	.db #0x00	; 0
    00001C22 D0                    7285 	.db #0xd0	; 208
    00001C23 00                    7286 	.db #0x00	; 0
    00001C24 5A                    7287 	.db #0x5a	; 90	'Z'
    00001C25 00                    7288 	.db #0x00	; 0
    00001C26 00                    7289 	.db #0x00	; 0
    00001C27 5A                    7290 	.db #0x5a	; 90	'Z'
    00001C28 00                    7291 	.db #0x00	; 0
    00001C29 00                    7292 	.db #0x00	; 0
    00001C2A 5A                    7293 	.db #0x5a	; 90	'Z'
    00001C2B 00                    7294 	.db #0x00	; 0
    00001C2C 00                    7295 	.db #0x00	; 0
    00001C2D 5A                    7296 	.db #0x5a	; 90	'Z'
    00001C2E 00                    7297 	.db #0x00	; 0
    00001C2F 00                    7298 	.db #0x00	; 0
    00001C30 5A                    7299 	.db #0x5a	; 90	'Z'
    00001C31 00                    7300 	.db #0x00	; 0
    00001C32 00                    7301 	.db #0x00	; 0
    00001C33 5A                    7302 	.db #0x5a	; 90	'Z'
    00001C34 00                    7303 	.db #0x00	; 0
    00001C35 00                    7304 	.db #0x00	; 0
    00001C36 5A                    7305 	.db #0x5a	; 90	'Z'
    00001C37 00                    7306 	.db #0x00	; 0
    00001C38 00                    7307 	.db #0x00	; 0
    00001C39 5A                    7308 	.db #0x5a	; 90	'Z'
    00001C3A 00                    7309 	.db #0x00	; 0
    00001C3B 00                    7310 	.db #0x00	; 0
    00001C3C 5A                    7311 	.db #0x5a	; 90	'Z'
    00001C3D 00                    7312 	.db #0x00	; 0
    00001C3E 00                    7313 	.db #0x00	; 0
    00001C3F 5A                    7314 	.db #0x5a	; 90	'Z'
    00001C40 00                    7315 	.db #0x00	; 0
    00001C41 00                    7316 	.db #0x00	; 0
    00001C42 5A                    7317 	.db #0x5a	; 90	'Z'
    00001C43 00                    7318 	.db #0x00	; 0
    00001C44 00                    7319 	.db #0x00	; 0
    00001C45 5A                    7320 	.db #0x5a	; 90	'Z'
    00001C46 00                    7321 	.db #0x00	; 0
    00001C47 00                    7322 	.db #0x00	; 0
    00001C48 5A                    7323 	.db #0x5a	; 90	'Z'
    00001C49 00                    7324 	.db #0x00	; 0
    00001C4A 00                    7325 	.db #0x00	; 0
    00001C4B 5A                    7326 	.db #0x5a	; 90	'Z'
    00001C4C 00                    7327 	.db #0x00	; 0
    00001C4D 00                    7328 	.db #0x00	; 0
    00001C4E 5A                    7329 	.db #0x5a	; 90	'Z'
    00001C4F 00                    7330 	.db #0x00	; 0
    00001C50 00                    7331 	.db #0x00	; 0
    00001C51 5A                    7332 	.db #0x5a	; 90	'Z'
    00001C52 00                    7333 	.db #0x00	; 0
    00001C53 00                    7334 	.db #0x00	; 0
    00001C54 5A                    7335 	.db #0x5a	; 90	'Z'
    00001C55 00                    7336 	.db #0x00	; 0
    00001C56 00                    7337 	.db #0x00	; 0
    00001C57 5A                    7338 	.db #0x5a	; 90	'Z'
    00001C58 00                    7339 	.db #0x00	; 0
    00001C59 00                    7340 	.db #0x00	; 0
    00001C5A 5A                    7341 	.db #0x5a	; 90	'Z'
    00001C5B 00                    7342 	.db #0x00	; 0
    00001C5C 00                    7343 	.db #0x00	; 0
    00001C5D 5A                    7344 	.db #0x5a	; 90	'Z'
    00001C5E 00                    7345 	.db #0x00	; 0
    00001C5F 00                    7346 	.db #0x00	; 0
    00001C60 5A                    7347 	.db #0x5a	; 90	'Z'
    00001C61 00                    7348 	.db #0x00	; 0
    00001C62 00                    7349 	.db #0x00	; 0
    00001C63 5A                    7350 	.db #0x5a	; 90	'Z'
    00001C64 00                    7351 	.db #0x00	; 0
    00001C65 00                    7352 	.db #0x00	; 0
    00001C66 5A                    7353 	.db #0x5a	; 90	'Z'
    00001C67 00                    7354 	.db #0x00	; 0
    00001C68 00                    7355 	.db #0x00	; 0
    00001C69 5A                    7356 	.db #0x5a	; 90	'Z'
    00001C6A 00                    7357 	.db #0x00	; 0
    00001C6B 00                    7358 	.db #0x00	; 0
    00001C6C 5A                    7359 	.db #0x5a	; 90	'Z'
    00001C6D 00                    7360 	.db #0x00	; 0
    00001C6E 00                    7361 	.db #0x00	; 0
    00001C6F 5A                    7362 	.db #0x5a	; 90	'Z'
    00001C70 00                    7363 	.db #0x00	; 0
    00001C71 00                    7364 	.db #0x00	; 0
    00001C72 5A                    7365 	.db #0x5a	; 90	'Z'
    00001C73 00                    7366 	.db #0x00	; 0
    00001C74 00                    7367 	.db #0x00	; 0
    00001C75 5A                    7368 	.db #0x5a	; 90	'Z'
    00001C76 00                    7369 	.db #0x00	; 0
    00001C77 00                    7370 	.db #0x00	; 0
    00001C78 5A                    7371 	.db #0x5a	; 90	'Z'
    00001C79 00                    7372 	.db #0x00	; 0
    00001C7A 00                    7373 	.db #0x00	; 0
    00001C7B 5A                    7374 	.db #0x5a	; 90	'Z'
    00001C7C 00                    7375 	.db #0x00	; 0
    00001C7D 00                    7376 	.db #0x00	; 0
    00001C7E 5A                    7377 	.db #0x5a	; 90	'Z'
    00001C7F 00                    7378 	.db #0x00	; 0
    00001C80 00                    7379 	.db #0x00	; 0
    00001C81                       7380 _P47:
    00001C81 18                    7381 	.db #0x18	; 24
    00001C82 B0                    7382 	.db #0xb0	; 176
    00001C83 00                    7383 	.db #0x00	; 0
    00001C84 5A                    7384 	.db #0x5a	; 90	'Z'
    00001C85 00                    7385 	.db #0x00	; 0
    00001C86 00                    7386 	.db #0x00	; 0
    00001C87 5A                    7387 	.db #0x5a	; 90	'Z'
    00001C88 00                    7388 	.db #0x00	; 0
    00001C89 00                    7389 	.db #0x00	; 0
    00001C8A 5A                    7390 	.db #0x5a	; 90	'Z'
    00001C8B 00                    7391 	.db #0x00	; 0
    00001C8C 00                    7392 	.db #0x00	; 0
    00001C8D 5A                    7393 	.db #0x5a	; 90	'Z'
    00001C8E 00                    7394 	.db #0x00	; 0
    00001C8F 00                    7395 	.db #0x00	; 0
    00001C90 5A                    7396 	.db #0x5a	; 90	'Z'
    00001C91 00                    7397 	.db #0x00	; 0
    00001C92 00                    7398 	.db #0x00	; 0
    00001C93 5A                    7399 	.db #0x5a	; 90	'Z'
    00001C94 00                    7400 	.db #0x00	; 0
    00001C95 00                    7401 	.db #0x00	; 0
    00001C96 5A                    7402 	.db #0x5a	; 90	'Z'
    00001C97 00                    7403 	.db #0x00	; 0
    00001C98 00                    7404 	.db #0x00	; 0
    00001C99 5A                    7405 	.db #0x5a	; 90	'Z'
    00001C9A 00                    7406 	.db #0x00	; 0
    00001C9B 00                    7407 	.db #0x00	; 0
    00001C9C 5A                    7408 	.db #0x5a	; 90	'Z'
    00001C9D 00                    7409 	.db #0x00	; 0
    00001C9E 00                    7410 	.db #0x00	; 0
    00001C9F 5A                    7411 	.db #0x5a	; 90	'Z'
    00001CA0 00                    7412 	.db #0x00	; 0
    00001CA1 00                    7413 	.db #0x00	; 0
    00001CA2 5A                    7414 	.db #0x5a	; 90	'Z'
    00001CA3 00                    7415 	.db #0x00	; 0
    00001CA4 00                    7416 	.db #0x00	; 0
    00001CA5 18                    7417 	.db #0x18	; 24
    00001CA6 30                    7418 	.db #0x30	; 48	'0'
    00001CA7 00                    7419 	.db #0x00	; 0
    00001CA8 5A                    7420 	.db #0x5a	; 90	'Z'
    00001CA9 00                    7421 	.db #0x00	; 0
    00001CAA 00                    7422 	.db #0x00	; 0
    00001CAB 5A                    7423 	.db #0x5a	; 90	'Z'
    00001CAC 00                    7424 	.db #0x00	; 0
    00001CAD 00                    7425 	.db #0x00	; 0
    00001CAE 5A                    7426 	.db #0x5a	; 90	'Z'
    00001CAF 00                    7427 	.db #0x00	; 0
    00001CB0 00                    7428 	.db #0x00	; 0
    00001CB1 5A                    7429 	.db #0x5a	; 90	'Z'
    00001CB2 00                    7430 	.db #0x00	; 0
    00001CB3 00                    7431 	.db #0x00	; 0
    00001CB4 5A                    7432 	.db #0x5a	; 90	'Z'
    00001CB5 00                    7433 	.db #0x00	; 0
    00001CB6 00                    7434 	.db #0x00	; 0
    00001CB7 5A                    7435 	.db #0x5a	; 90	'Z'
    00001CB8 00                    7436 	.db #0x00	; 0
    00001CB9 00                    7437 	.db #0x00	; 0
    00001CBA 5A                    7438 	.db #0x5a	; 90	'Z'
    00001CBB 00                    7439 	.db #0x00	; 0
    00001CBC 00                    7440 	.db #0x00	; 0
    00001CBD 5A                    7441 	.db #0x5a	; 90	'Z'
    00001CBE 00                    7442 	.db #0x00	; 0
    00001CBF 00                    7443 	.db #0x00	; 0
    00001CC0 5A                    7444 	.db #0x5a	; 90	'Z'
    00001CC1 00                    7445 	.db #0x00	; 0
    00001CC2 00                    7446 	.db #0x00	; 0
    00001CC3 5A                    7447 	.db #0x5a	; 90	'Z'
    00001CC4 00                    7448 	.db #0x00	; 0
    00001CC5 00                    7449 	.db #0x00	; 0
    00001CC6 5A                    7450 	.db #0x5a	; 90	'Z'
    00001CC7 00                    7451 	.db #0x00	; 0
    00001CC8 00                    7452 	.db #0x00	; 0
    00001CC9 18                    7453 	.db #0x18	; 24
    00001CCA 70                    7454 	.db #0x70	; 112	'p'
    00001CCB 00                    7455 	.db #0x00	; 0
    00001CCC 5A                    7456 	.db #0x5a	; 90	'Z'
    00001CCD 00                    7457 	.db #0x00	; 0
    00001CCE 00                    7458 	.db #0x00	; 0
    00001CCF 5A                    7459 	.db #0x5a	; 90	'Z'
    00001CD0 00                    7460 	.db #0x00	; 0
    00001CD1 00                    7461 	.db #0x00	; 0
    00001CD2 5A                    7462 	.db #0x5a	; 90	'Z'
    00001CD3 00                    7463 	.db #0x00	; 0
    00001CD4 00                    7464 	.db #0x00	; 0
    00001CD5 18                    7465 	.db #0x18	; 24
    00001CD6 70                    7466 	.db #0x70	; 112	'p'
    00001CD7 00                    7467 	.db #0x00	; 0
    00001CD8 5A                    7468 	.db #0x5a	; 90	'Z'
    00001CD9 00                    7469 	.db #0x00	; 0
    00001CDA 00                    7470 	.db #0x00	; 0
    00001CDB 5A                    7471 	.db #0x5a	; 90	'Z'
    00001CDC 00                    7472 	.db #0x00	; 0
    00001CDD 00                    7473 	.db #0x00	; 0
    00001CDE 5A                    7474 	.db #0x5a	; 90	'Z'
    00001CDF 00                    7475 	.db #0x00	; 0
    00001CE0 00                    7476 	.db #0x00	; 0
    00001CE1 18                    7477 	.db #0x18	; 24
    00001CE2 B0                    7478 	.db #0xb0	; 176
    00001CE3 00                    7479 	.db #0x00	; 0
    00001CE4 5A                    7480 	.db #0x5a	; 90	'Z'
    00001CE5 00                    7481 	.db #0x00	; 0
    00001CE6 00                    7482 	.db #0x00	; 0
    00001CE7 5A                    7483 	.db #0x5a	; 90	'Z'
    00001CE8 00                    7484 	.db #0x00	; 0
    00001CE9 00                    7485 	.db #0x00	; 0
    00001CEA 5A                    7486 	.db #0x5a	; 90	'Z'
    00001CEB 00                    7487 	.db #0x00	; 0
    00001CEC 00                    7488 	.db #0x00	; 0
    00001CED 5A                    7489 	.db #0x5a	; 90	'Z'
    00001CEE 00                    7490 	.db #0x00	; 0
    00001CEF 00                    7491 	.db #0x00	; 0
    00001CF0 5A                    7492 	.db #0x5a	; 90	'Z'
    00001CF1 00                    7493 	.db #0x00	; 0
    00001CF2 00                    7494 	.db #0x00	; 0
    00001CF3 5A                    7495 	.db #0x5a	; 90	'Z'
    00001CF4 00                    7496 	.db #0x00	; 0
    00001CF5 00                    7497 	.db #0x00	; 0
    00001CF6 5A                    7498 	.db #0x5a	; 90	'Z'
    00001CF7 00                    7499 	.db #0x00	; 0
    00001CF8 00                    7500 	.db #0x00	; 0
    00001CF9 5A                    7501 	.db #0x5a	; 90	'Z'
    00001CFA 00                    7502 	.db #0x00	; 0
    00001CFB 00                    7503 	.db #0x00	; 0
    00001CFC 5A                    7504 	.db #0x5a	; 90	'Z'
    00001CFD 00                    7505 	.db #0x00	; 0
    00001CFE 00                    7506 	.db #0x00	; 0
    00001CFF 5A                    7507 	.db #0x5a	; 90	'Z'
    00001D00 00                    7508 	.db #0x00	; 0
    00001D01 00                    7509 	.db #0x00	; 0
    00001D02 5A                    7510 	.db #0x5a	; 90	'Z'
    00001D03 00                    7511 	.db #0x00	; 0
    00001D04 00                    7512 	.db #0x00	; 0
    00001D05 18                    7513 	.db #0x18	; 24
    00001D06 70                    7514 	.db #0x70	; 112	'p'
    00001D07 00                    7515 	.db #0x00	; 0
    00001D08 5A                    7516 	.db #0x5a	; 90	'Z'
    00001D09 00                    7517 	.db #0x00	; 0
    00001D0A 00                    7518 	.db #0x00	; 0
    00001D0B 5A                    7519 	.db #0x5a	; 90	'Z'
    00001D0C 00                    7520 	.db #0x00	; 0
    00001D0D 00                    7521 	.db #0x00	; 0
    00001D0E 5A                    7522 	.db #0x5a	; 90	'Z'
    00001D0F 00                    7523 	.db #0x00	; 0
    00001D10 00                    7524 	.db #0x00	; 0
    00001D11 5A                    7525 	.db #0x5a	; 90	'Z'
    00001D12 00                    7526 	.db #0x00	; 0
    00001D13 00                    7527 	.db #0x00	; 0
    00001D14 5A                    7528 	.db #0x5a	; 90	'Z'
    00001D15 00                    7529 	.db #0x00	; 0
    00001D16 00                    7530 	.db #0x00	; 0
    00001D17 5A                    7531 	.db #0x5a	; 90	'Z'
    00001D18 00                    7532 	.db #0x00	; 0
    00001D19 00                    7533 	.db #0x00	; 0
    00001D1A 5A                    7534 	.db #0x5a	; 90	'Z'
    00001D1B 00                    7535 	.db #0x00	; 0
    00001D1C 00                    7536 	.db #0x00	; 0
    00001D1D 5A                    7537 	.db #0x5a	; 90	'Z'
    00001D1E 00                    7538 	.db #0x00	; 0
    00001D1F 00                    7539 	.db #0x00	; 0
    00001D20 5A                    7540 	.db #0x5a	; 90	'Z'
    00001D21 00                    7541 	.db #0x00	; 0
    00001D22 00                    7542 	.db #0x00	; 0
    00001D23 5A                    7543 	.db #0x5a	; 90	'Z'
    00001D24 00                    7544 	.db #0x00	; 0
    00001D25 00                    7545 	.db #0x00	; 0
    00001D26 5A                    7546 	.db #0x5a	; 90	'Z'
    00001D27 00                    7547 	.db #0x00	; 0
    00001D28 00                    7548 	.db #0x00	; 0
    00001D29 5A                    7549 	.db #0x5a	; 90	'Z'
    00001D2A 00                    7550 	.db #0x00	; 0
    00001D2B 00                    7551 	.db #0x00	; 0
    00001D2C 5A                    7552 	.db #0x5a	; 90	'Z'
    00001D2D 00                    7553 	.db #0x00	; 0
    00001D2E 00                    7554 	.db #0x00	; 0
    00001D2F 5A                    7555 	.db #0x5a	; 90	'Z'
    00001D30 00                    7556 	.db #0x00	; 0
    00001D31 00                    7557 	.db #0x00	; 0
    00001D32 5A                    7558 	.db #0x5a	; 90	'Z'
    00001D33 00                    7559 	.db #0x00	; 0
    00001D34 00                    7560 	.db #0x00	; 0
    00001D35 18                    7561 	.db #0x18	; 24
    00001D36 30                    7562 	.db #0x30	; 48	'0'
    00001D37 00                    7563 	.db #0x00	; 0
    00001D38 5A                    7564 	.db #0x5a	; 90	'Z'
    00001D39 00                    7565 	.db #0x00	; 0
    00001D3A 00                    7566 	.db #0x00	; 0
    00001D3B 5A                    7567 	.db #0x5a	; 90	'Z'
    00001D3C 00                    7568 	.db #0x00	; 0
    00001D3D 00                    7569 	.db #0x00	; 0
    00001D3E 5A                    7570 	.db #0x5a	; 90	'Z'
    00001D3F 00                    7571 	.db #0x00	; 0
    00001D40 00                    7572 	.db #0x00	; 0
    00001D41                       7573 _P50:
    00001D41 11                    7574 	.db #0x11	; 17
    00001D42 10                    7575 	.db #0x10	; 16
    00001D43 00                    7576 	.db #0x00	; 0
    00001D44 5A                    7577 	.db #0x5a	; 90	'Z'
    00001D45 00                    7578 	.db #0x00	; 0
    00001D46 00                    7579 	.db #0x00	; 0
    00001D47 5A                    7580 	.db #0x5a	; 90	'Z'
    00001D48 00                    7581 	.db #0x00	; 0
    00001D49 00                    7582 	.db #0x00	; 0
    00001D4A 5A                    7583 	.db #0x5a	; 90	'Z'
    00001D4B 00                    7584 	.db #0x00	; 0
    00001D4C 00                    7585 	.db #0x00	; 0
    00001D4D 11                    7586 	.db #0x11	; 17
    00001D4E C0                    7587 	.db #0xc0	; 192
    00001D4F 00                    7588 	.db #0x00	; 0
    00001D50 5A                    7589 	.db #0x5a	; 90	'Z'
    00001D51 00                    7590 	.db #0x00	; 0
    00001D52 00                    7591 	.db #0x00	; 0
    00001D53 5A                    7592 	.db #0x5a	; 90	'Z'
    00001D54 00                    7593 	.db #0x00	; 0
    00001D55 00                    7594 	.db #0x00	; 0
    00001D56 5A                    7595 	.db #0x5a	; 90	'Z'
    00001D57 00                    7596 	.db #0x00	; 0
    00001D58 00                    7597 	.db #0x00	; 0
    00001D59 11                    7598 	.db #0x11	; 17
    00001D5A 20                    7599 	.db #0x20	; 32
    00001D5B 00                    7600 	.db #0x00	; 0
    00001D5C 5A                    7601 	.db #0x5a	; 90	'Z'
    00001D5D 00                    7602 	.db #0x00	; 0
    00001D5E 00                    7603 	.db #0x00	; 0
    00001D5F 5A                    7604 	.db #0x5a	; 90	'Z'
    00001D60 00                    7605 	.db #0x00	; 0
    00001D61 00                    7606 	.db #0x00	; 0
    00001D62 5A                    7607 	.db #0x5a	; 90	'Z'
    00001D63 00                    7608 	.db #0x00	; 0
    00001D64 00                    7609 	.db #0x00	; 0
    00001D65 11                    7610 	.db #0x11	; 17
    00001D66 90                    7611 	.db #0x90	; 144
    00001D67 00                    7612 	.db #0x00	; 0
    00001D68 5A                    7613 	.db #0x5a	; 90	'Z'
    00001D69 00                    7614 	.db #0x00	; 0
    00001D6A 00                    7615 	.db #0x00	; 0
    00001D6B 5A                    7616 	.db #0x5a	; 90	'Z'
    00001D6C 00                    7617 	.db #0x00	; 0
    00001D6D 00                    7618 	.db #0x00	; 0
    00001D6E 5A                    7619 	.db #0x5a	; 90	'Z'
    00001D6F 00                    7620 	.db #0x00	; 0
    00001D70 00                    7621 	.db #0x00	; 0
    00001D71 20                    7622 	.db #0x20	; 32
    00001D72 50                    7623 	.db #0x50	; 80	'P'
    00001D73 00                    7624 	.db #0x00	; 0
    00001D74 11                    7625 	.db #0x11	; 17
    00001D75 30                    7626 	.db #0x30	; 48	'0'
    00001D76 00                    7627 	.db #0x00	; 0
    00001D77 5A                    7628 	.db #0x5a	; 90	'Z'
    00001D78 00                    7629 	.db #0x00	; 0
    00001D79 00                    7630 	.db #0x00	; 0
    00001D7A 5A                    7631 	.db #0x5a	; 90	'Z'
    00001D7B 00                    7632 	.db #0x00	; 0
    00001D7C 00                    7633 	.db #0x00	; 0
    00001D7D 1D                    7634 	.db #0x1d	; 29
    00001D7E C0                    7635 	.db #0xc0	; 192
    00001D7F 00                    7636 	.db #0x00	; 0
    00001D80 1D                    7637 	.db #0x1d	; 29
    00001D81 B0                    7638 	.db #0xb0	; 176
    00001D82 00                    7639 	.db #0x00	; 0
    00001D83 1D                    7640 	.db #0x1d	; 29
    00001D84 E0                    7641 	.db #0xe0	; 224
    00001D85 00                    7642 	.db #0x00	; 0
    00001D86 20                    7643 	.db #0x20	; 32
    00001D87 10                    7644 	.db #0x10	; 16
    00001D88 00                    7645 	.db #0x00	; 0
    00001D89 11                    7646 	.db #0x11	; 17
    00001D8A 40                    7647 	.db #0x40	; 64
    00001D8B 00                    7648 	.db #0x00	; 0
    00001D8C 5A                    7649 	.db #0x5a	; 90	'Z'
    00001D8D 00                    7650 	.db #0x00	; 0
    00001D8E 00                    7651 	.db #0x00	; 0
    00001D8F 5A                    7652 	.db #0x5a	; 90	'Z'
    00001D90 00                    7653 	.db #0x00	; 0
    00001D91 00                    7654 	.db #0x00	; 0
    00001D92 5A                    7655 	.db #0x5a	; 90	'Z'
    00001D93 00                    7656 	.db #0x00	; 0
    00001D94 00                    7657 	.db #0x00	; 0
    00001D95 11                    7658 	.db #0x11	; 17
    00001D96 90                    7659 	.db #0x90	; 144
    00001D97 00                    7660 	.db #0x00	; 0
    00001D98 5A                    7661 	.db #0x5a	; 90	'Z'
    00001D99 00                    7662 	.db #0x00	; 0
    00001D9A 00                    7663 	.db #0x00	; 0
    00001D9B 5A                    7664 	.db #0x5a	; 90	'Z'
    00001D9C 00                    7665 	.db #0x00	; 0
    00001D9D 00                    7666 	.db #0x00	; 0
    00001D9E 5A                    7667 	.db #0x5a	; 90	'Z'
    00001D9F 00                    7668 	.db #0x00	; 0
    00001DA0 00                    7669 	.db #0x00	; 0
    00001DA1 0C                    7670 	.db #0x0c	; 12
    00001DA2 50                    7671 	.db #0x50	; 80	'P'
    00001DA3 00                    7672 	.db #0x00	; 0
    00001DA4 5A                    7673 	.db #0x5a	; 90	'Z'
    00001DA5 00                    7674 	.db #0x00	; 0
    00001DA6 00                    7675 	.db #0x00	; 0
    00001DA7 5A                    7676 	.db #0x5a	; 90	'Z'
    00001DA8 00                    7677 	.db #0x00	; 0
    00001DA9 00                    7678 	.db #0x00	; 0
    00001DAA 5A                    7679 	.db #0x5a	; 90	'Z'
    00001DAB 00                    7680 	.db #0x00	; 0
    00001DAC 00                    7681 	.db #0x00	; 0
    00001DAD 0C                    7682 	.db #0x0c	; 12
    00001DAE C0                    7683 	.db #0xc0	; 192
    00001DAF 00                    7684 	.db #0x00	; 0
    00001DB0 5A                    7685 	.db #0x5a	; 90	'Z'
    00001DB1 00                    7686 	.db #0x00	; 0
    00001DB2 00                    7687 	.db #0x00	; 0
    00001DB3 5A                    7688 	.db #0x5a	; 90	'Z'
    00001DB4 00                    7689 	.db #0x00	; 0
    00001DB5 00                    7690 	.db #0x00	; 0
    00001DB6 5A                    7691 	.db #0x5a	; 90	'Z'
    00001DB7 00                    7692 	.db #0x00	; 0
    00001DB8 00                    7693 	.db #0x00	; 0
    00001DB9 0C                    7694 	.db #0x0c	; 12
    00001DBA 60                    7695 	.db #0x60	; 96
    00001DBB 00                    7696 	.db #0x00	; 0
    00001DBC 5A                    7697 	.db #0x5a	; 90	'Z'
    00001DBD 00                    7698 	.db #0x00	; 0
    00001DBE 00                    7699 	.db #0x00	; 0
    00001DBF 5A                    7700 	.db #0x5a	; 90	'Z'
    00001DC0 00                    7701 	.db #0x00	; 0
    00001DC1 00                    7702 	.db #0x00	; 0
    00001DC2 5A                    7703 	.db #0x5a	; 90	'Z'
    00001DC3 00                    7704 	.db #0x00	; 0
    00001DC4 00                    7705 	.db #0x00	; 0
    00001DC5 0C                    7706 	.db #0x0c	; 12
    00001DC6 90                    7707 	.db #0x90	; 144
    00001DC7 00                    7708 	.db #0x00	; 0
    00001DC8 5A                    7709 	.db #0x5a	; 90	'Z'
    00001DC9 00                    7710 	.db #0x00	; 0
    00001DCA 00                    7711 	.db #0x00	; 0
    00001DCB 5A                    7712 	.db #0x5a	; 90	'Z'
    00001DCC 00                    7713 	.db #0x00	; 0
    00001DCD 00                    7714 	.db #0x00	; 0
    00001DCE 5A                    7715 	.db #0x5a	; 90	'Z'
    00001DCF 00                    7716 	.db #0x00	; 0
    00001DD0 00                    7717 	.db #0x00	; 0
    00001DD1 1F                    7718 	.db #0x1f	; 31
    00001DD2 50                    7719 	.db #0x50	; 80	'P'
    00001DD3 00                    7720 	.db #0x00	; 0
    00001DD4 0C                    7721 	.db #0x0c	; 12
    00001DD5 70                    7722 	.db #0x70	; 112	'p'
    00001DD6 00                    7723 	.db #0x00	; 0
    00001DD7 5A                    7724 	.db #0x5a	; 90	'Z'
    00001DD8 00                    7725 	.db #0x00	; 0
    00001DD9 00                    7726 	.db #0x00	; 0
    00001DDA 5A                    7727 	.db #0x5a	; 90	'Z'
    00001DDB 00                    7728 	.db #0x00	; 0
    00001DDC 00                    7729 	.db #0x00	; 0
    00001DDD 18                    7730 	.db #0x18	; 24
    00001DDE C0                    7731 	.db #0xc0	; 192
    00001DDF 00                    7732 	.db #0x00	; 0
    00001DE0 18                    7733 	.db #0x18	; 24
    00001DE1 B0                    7734 	.db #0xb0	; 176
    00001DE2 00                    7735 	.db #0x00	; 0
    00001DE3 18                    7736 	.db #0x18	; 24
    00001DE4 E0                    7737 	.db #0xe0	; 224
    00001DE5 00                    7738 	.db #0x00	; 0
    00001DE6 1F                    7739 	.db #0x1f	; 31
    00001DE7 60                    7740 	.db #0x60	; 96
    00001DE8 00                    7741 	.db #0x00	; 0
    00001DE9 0C                    7742 	.db #0x0c	; 12
    00001DEA 80                    7743 	.db #0x80	; 128
    00001DEB 00                    7744 	.db #0x00	; 0
    00001DEC 5A                    7745 	.db #0x5a	; 90	'Z'
    00001DED 00                    7746 	.db #0x00	; 0
    00001DEE 00                    7747 	.db #0x00	; 0
    00001DEF 5A                    7748 	.db #0x5a	; 90	'Z'
    00001DF0 00                    7749 	.db #0x00	; 0
    00001DF1 00                    7750 	.db #0x00	; 0
    00001DF2 5A                    7751 	.db #0x5a	; 90	'Z'
    00001DF3 00                    7752 	.db #0x00	; 0
    00001DF4 00                    7753 	.db #0x00	; 0
    00001DF5 0C                    7754 	.db #0x0c	; 12
    00001DF6 90                    7755 	.db #0x90	; 144
    00001DF7 00                    7756 	.db #0x00	; 0
    00001DF8 5A                    7757 	.db #0x5a	; 90	'Z'
    00001DF9 00                    7758 	.db #0x00	; 0
    00001DFA 00                    7759 	.db #0x00	; 0
    00001DFB 5A                    7760 	.db #0x5a	; 90	'Z'
    00001DFC 00                    7761 	.db #0x00	; 0
    00001DFD 00                    7762 	.db #0x00	; 0
    00001DFE 5A                    7763 	.db #0x5a	; 90	'Z'
    00001DFF 00                    7764 	.db #0x00	; 0
    00001E00 00                    7765 	.db #0x00	; 0
    00001E01                       7766 _P54:
    00001E01 11                    7767 	.db #0x11	; 17
    00001E02 10                    7768 	.db #0x10	; 16
    00001E03 00                    7769 	.db #0x00	; 0
    00001E04 5A                    7770 	.db #0x5a	; 90	'Z'
    00001E05 00                    7771 	.db #0x00	; 0
    00001E06 00                    7772 	.db #0x00	; 0
    00001E07 5A                    7773 	.db #0x5a	; 90	'Z'
    00001E08 00                    7774 	.db #0x00	; 0
    00001E09 00                    7775 	.db #0x00	; 0
    00001E0A 5A                    7776 	.db #0x5a	; 90	'Z'
    00001E0B 00                    7777 	.db #0x00	; 0
    00001E0C 00                    7778 	.db #0x00	; 0
    00001E0D 11                    7779 	.db #0x11	; 17
    00001E0E C0                    7780 	.db #0xc0	; 192
    00001E0F 00                    7781 	.db #0x00	; 0
    00001E10 5A                    7782 	.db #0x5a	; 90	'Z'
    00001E11 00                    7783 	.db #0x00	; 0
    00001E12 00                    7784 	.db #0x00	; 0
    00001E13 5A                    7785 	.db #0x5a	; 90	'Z'
    00001E14 00                    7786 	.db #0x00	; 0
    00001E15 00                    7787 	.db #0x00	; 0
    00001E16 5A                    7788 	.db #0x5a	; 90	'Z'
    00001E17 00                    7789 	.db #0x00	; 0
    00001E18 00                    7790 	.db #0x00	; 0
    00001E19 11                    7791 	.db #0x11	; 17
    00001E1A 20                    7792 	.db #0x20	; 32
    00001E1B 00                    7793 	.db #0x00	; 0
    00001E1C 5A                    7794 	.db #0x5a	; 90	'Z'
    00001E1D 00                    7795 	.db #0x00	; 0
    00001E1E 00                    7796 	.db #0x00	; 0
    00001E1F 5A                    7797 	.db #0x5a	; 90	'Z'
    00001E20 00                    7798 	.db #0x00	; 0
    00001E21 00                    7799 	.db #0x00	; 0
    00001E22 5A                    7800 	.db #0x5a	; 90	'Z'
    00001E23 00                    7801 	.db #0x00	; 0
    00001E24 00                    7802 	.db #0x00	; 0
    00001E25 11                    7803 	.db #0x11	; 17
    00001E26 E0                    7804 	.db #0xe0	; 224
    00001E27 00                    7805 	.db #0x00	; 0
    00001E28 5A                    7806 	.db #0x5a	; 90	'Z'
    00001E29 00                    7807 	.db #0x00	; 0
    00001E2A 00                    7808 	.db #0x00	; 0
    00001E2B 5A                    7809 	.db #0x5a	; 90	'Z'
    00001E2C 00                    7810 	.db #0x00	; 0
    00001E2D 00                    7811 	.db #0x00	; 0
    00001E2E 5A                    7812 	.db #0x5a	; 90	'Z'
    00001E2F 00                    7813 	.db #0x00	; 0
    00001E30 00                    7814 	.db #0x00	; 0
    00001E31 20                    7815 	.db #0x20	; 32
    00001E32 50                    7816 	.db #0x50	; 80	'P'
    00001E33 00                    7817 	.db #0x00	; 0
    00001E34 11                    7818 	.db #0x11	; 17
    00001E35 30                    7819 	.db #0x30	; 48	'0'
    00001E36 00                    7820 	.db #0x00	; 0
    00001E37 5A                    7821 	.db #0x5a	; 90	'Z'
    00001E38 00                    7822 	.db #0x00	; 0
    00001E39 00                    7823 	.db #0x00	; 0
    00001E3A 5A                    7824 	.db #0x5a	; 90	'Z'
    00001E3B 00                    7825 	.db #0x00	; 0
    00001E3C 00                    7826 	.db #0x00	; 0
    00001E3D 1D                    7827 	.db #0x1d	; 29
    00001E3E C0                    7828 	.db #0xc0	; 192
    00001E3F 00                    7829 	.db #0x00	; 0
    00001E40 1D                    7830 	.db #0x1d	; 29
    00001E41 B0                    7831 	.db #0xb0	; 176
    00001E42 00                    7832 	.db #0x00	; 0
    00001E43 1D                    7833 	.db #0x1d	; 29
    00001E44 E0                    7834 	.db #0xe0	; 224
    00001E45 00                    7835 	.db #0x00	; 0
    00001E46 20                    7836 	.db #0x20	; 32
    00001E47 10                    7837 	.db #0x10	; 16
    00001E48 00                    7838 	.db #0x00	; 0
    00001E49 11                    7839 	.db #0x11	; 17
    00001E4A 40                    7840 	.db #0x40	; 64
    00001E4B 00                    7841 	.db #0x00	; 0
    00001E4C 5A                    7842 	.db #0x5a	; 90	'Z'
    00001E4D 00                    7843 	.db #0x00	; 0
    00001E4E 00                    7844 	.db #0x00	; 0
    00001E4F 5A                    7845 	.db #0x5a	; 90	'Z'
    00001E50 00                    7846 	.db #0x00	; 0
    00001E51 00                    7847 	.db #0x00	; 0
    00001E52 5A                    7848 	.db #0x5a	; 90	'Z'
    00001E53 00                    7849 	.db #0x00	; 0
    00001E54 00                    7850 	.db #0x00	; 0
    00001E55 11                    7851 	.db #0x11	; 17
    00001E56 90                    7852 	.db #0x90	; 144
    00001E57 00                    7853 	.db #0x00	; 0
    00001E58 5A                    7854 	.db #0x5a	; 90	'Z'
    00001E59 00                    7855 	.db #0x00	; 0
    00001E5A 00                    7856 	.db #0x00	; 0
    00001E5B 5A                    7857 	.db #0x5a	; 90	'Z'
    00001E5C 00                    7858 	.db #0x00	; 0
    00001E5D 00                    7859 	.db #0x00	; 0
    00001E5E 5A                    7860 	.db #0x5a	; 90	'Z'
    00001E5F 00                    7861 	.db #0x00	; 0
    00001E60 00                    7862 	.db #0x00	; 0
    00001E61 0C                    7863 	.db #0x0c	; 12
    00001E62 50                    7864 	.db #0x50	; 80	'P'
    00001E63 00                    7865 	.db #0x00	; 0
    00001E64 5A                    7866 	.db #0x5a	; 90	'Z'
    00001E65 00                    7867 	.db #0x00	; 0
    00001E66 00                    7868 	.db #0x00	; 0
    00001E67 5A                    7869 	.db #0x5a	; 90	'Z'
    00001E68 00                    7870 	.db #0x00	; 0
    00001E69 00                    7871 	.db #0x00	; 0
    00001E6A 5A                    7872 	.db #0x5a	; 90	'Z'
    00001E6B 00                    7873 	.db #0x00	; 0
    00001E6C 00                    7874 	.db #0x00	; 0
    00001E6D 0C                    7875 	.db #0x0c	; 12
    00001E6E C0                    7876 	.db #0xc0	; 192
    00001E6F 00                    7877 	.db #0x00	; 0
    00001E70 5A                    7878 	.db #0x5a	; 90	'Z'
    00001E71 00                    7879 	.db #0x00	; 0
    00001E72 00                    7880 	.db #0x00	; 0
    00001E73 5A                    7881 	.db #0x5a	; 90	'Z'
    00001E74 00                    7882 	.db #0x00	; 0
    00001E75 00                    7883 	.db #0x00	; 0
    00001E76 5A                    7884 	.db #0x5a	; 90	'Z'
    00001E77 00                    7885 	.db #0x00	; 0
    00001E78 00                    7886 	.db #0x00	; 0
    00001E79 0C                    7887 	.db #0x0c	; 12
    00001E7A 60                    7888 	.db #0x60	; 96
    00001E7B 00                    7889 	.db #0x00	; 0
    00001E7C 5A                    7890 	.db #0x5a	; 90	'Z'
    00001E7D 00                    7891 	.db #0x00	; 0
    00001E7E 00                    7892 	.db #0x00	; 0
    00001E7F 5A                    7893 	.db #0x5a	; 90	'Z'
    00001E80 00                    7894 	.db #0x00	; 0
    00001E81 00                    7895 	.db #0x00	; 0
    00001E82 5A                    7896 	.db #0x5a	; 90	'Z'
    00001E83 00                    7897 	.db #0x00	; 0
    00001E84 00                    7898 	.db #0x00	; 0
    00001E85 0C                    7899 	.db #0x0c	; 12
    00001E86 90                    7900 	.db #0x90	; 144
    00001E87 00                    7901 	.db #0x00	; 0
    00001E88 5A                    7902 	.db #0x5a	; 90	'Z'
    00001E89 00                    7903 	.db #0x00	; 0
    00001E8A 00                    7904 	.db #0x00	; 0
    00001E8B 5A                    7905 	.db #0x5a	; 90	'Z'
    00001E8C 00                    7906 	.db #0x00	; 0
    00001E8D 00                    7907 	.db #0x00	; 0
    00001E8E 5A                    7908 	.db #0x5a	; 90	'Z'
    00001E8F 00                    7909 	.db #0x00	; 0
    00001E90 00                    7910 	.db #0x00	; 0
    00001E91 1F                    7911 	.db #0x1f	; 31
    00001E92 50                    7912 	.db #0x50	; 80	'P'
    00001E93 00                    7913 	.db #0x00	; 0
    00001E94 0C                    7914 	.db #0x0c	; 12
    00001E95 70                    7915 	.db #0x70	; 112	'p'
    00001E96 00                    7916 	.db #0x00	; 0
    00001E97 5A                    7917 	.db #0x5a	; 90	'Z'
    00001E98 00                    7918 	.db #0x00	; 0
    00001E99 00                    7919 	.db #0x00	; 0
    00001E9A 5A                    7920 	.db #0x5a	; 90	'Z'
    00001E9B 00                    7921 	.db #0x00	; 0
    00001E9C 00                    7922 	.db #0x00	; 0
    00001E9D 18                    7923 	.db #0x18	; 24
    00001E9E C0                    7924 	.db #0xc0	; 192
    00001E9F 00                    7925 	.db #0x00	; 0
    00001EA0 18                    7926 	.db #0x18	; 24
    00001EA1 B0                    7927 	.db #0xb0	; 176
    00001EA2 00                    7928 	.db #0x00	; 0
    00001EA3 18                    7929 	.db #0x18	; 24
    00001EA4 E0                    7930 	.db #0xe0	; 224
    00001EA5 00                    7931 	.db #0x00	; 0
    00001EA6 1F                    7932 	.db #0x1f	; 31
    00001EA7 60                    7933 	.db #0x60	; 96
    00001EA8 00                    7934 	.db #0x00	; 0
    00001EA9 0C                    7935 	.db #0x0c	; 12
    00001EAA 80                    7936 	.db #0x80	; 128
    00001EAB 00                    7937 	.db #0x00	; 0
    00001EAC 5A                    7938 	.db #0x5a	; 90	'Z'
    00001EAD 00                    7939 	.db #0x00	; 0
    00001EAE 00                    7940 	.db #0x00	; 0
    00001EAF 5A                    7941 	.db #0x5a	; 90	'Z'
    00001EB0 00                    7942 	.db #0x00	; 0
    00001EB1 00                    7943 	.db #0x00	; 0
    00001EB2 5A                    7944 	.db #0x5a	; 90	'Z'
    00001EB3 00                    7945 	.db #0x00	; 0
    00001EB4 00                    7946 	.db #0x00	; 0
    00001EB5 0C                    7947 	.db #0x0c	; 12
    00001EB6 E0                    7948 	.db #0xe0	; 224
    00001EB7 00                    7949 	.db #0x00	; 0
    00001EB8 5A                    7950 	.db #0x5a	; 90	'Z'
    00001EB9 00                    7951 	.db #0x00	; 0
    00001EBA 00                    7952 	.db #0x00	; 0
    00001EBB 5A                    7953 	.db #0x5a	; 90	'Z'
    00001EBC 00                    7954 	.db #0x00	; 0
    00001EBD 00                    7955 	.db #0x00	; 0
    00001EBE 5A                    7956 	.db #0x5a	; 90	'Z'
    00001EBF 00                    7957 	.db #0x00	; 0
    00001EC0 00                    7958 	.db #0x00	; 0
    00001EC1                       7959 _P55:
    00001EC1 5A                    7960 	.db #0x5a	; 90	'Z'
    00001EC2 00                    7961 	.db #0x00	; 0
    00001EC3 00                    7962 	.db #0x00	; 0
    00001EC4 5A                    7963 	.db #0x5a	; 90	'Z'
    00001EC5 00                    7964 	.db #0x00	; 0
    00001EC6 00                    7965 	.db #0x00	; 0
    00001EC7 5A                    7966 	.db #0x5a	; 90	'Z'
    00001EC8 00                    7967 	.db #0x00	; 0
    00001EC9 00                    7968 	.db #0x00	; 0
    00001ECA 5A                    7969 	.db #0x5a	; 90	'Z'
    00001ECB 00                    7970 	.db #0x00	; 0
    00001ECC 00                    7971 	.db #0x00	; 0
    00001ECD 5A                    7972 	.db #0x5a	; 90	'Z'
    00001ECE 00                    7973 	.db #0x00	; 0
    00001ECF 00                    7974 	.db #0x00	; 0
    00001ED0 5A                    7975 	.db #0x5a	; 90	'Z'
    00001ED1 00                    7976 	.db #0x00	; 0
    00001ED2 00                    7977 	.db #0x00	; 0
    00001ED3 5A                    7978 	.db #0x5a	; 90	'Z'
    00001ED4 00                    7979 	.db #0x00	; 0
    00001ED5 00                    7980 	.db #0x00	; 0
    00001ED6 5A                    7981 	.db #0x5a	; 90	'Z'
    00001ED7 00                    7982 	.db #0x00	; 0
    00001ED8 00                    7983 	.db #0x00	; 0
    00001ED9 5A                    7984 	.db #0x5a	; 90	'Z'
    00001EDA 00                    7985 	.db #0x00	; 0
    00001EDB 00                    7986 	.db #0x00	; 0
    00001EDC 5A                    7987 	.db #0x5a	; 90	'Z'
    00001EDD 00                    7988 	.db #0x00	; 0
    00001EDE 00                    7989 	.db #0x00	; 0
    00001EDF 5A                    7990 	.db #0x5a	; 90	'Z'
    00001EE0 00                    7991 	.db #0x00	; 0
    00001EE1 00                    7992 	.db #0x00	; 0
    00001EE2 5A                    7993 	.db #0x5a	; 90	'Z'
    00001EE3 00                    7994 	.db #0x00	; 0
    00001EE4 00                    7995 	.db #0x00	; 0
    00001EE5 5A                    7996 	.db #0x5a	; 90	'Z'
    00001EE6 00                    7997 	.db #0x00	; 0
    00001EE7 00                    7998 	.db #0x00	; 0
    00001EE8 5A                    7999 	.db #0x5a	; 90	'Z'
    00001EE9 00                    8000 	.db #0x00	; 0
    00001EEA 00                    8001 	.db #0x00	; 0
    00001EEB 5A                    8002 	.db #0x5a	; 90	'Z'
    00001EEC 00                    8003 	.db #0x00	; 0
    00001EED 00                    8004 	.db #0x00	; 0
    00001EEE 5A                    8005 	.db #0x5a	; 90	'Z'
    00001EEF 00                    8006 	.db #0x00	; 0
    00001EF0 00                    8007 	.db #0x00	; 0
    00001EF1 5A                    8008 	.db #0x5a	; 90	'Z'
    00001EF2 00                    8009 	.db #0x00	; 0
    00001EF3 00                    8010 	.db #0x00	; 0
    00001EF4 5A                    8011 	.db #0x5a	; 90	'Z'
    00001EF5 00                    8012 	.db #0x00	; 0
    00001EF6 00                    8013 	.db #0x00	; 0
    00001EF7 5A                    8014 	.db #0x5a	; 90	'Z'
    00001EF8 00                    8015 	.db #0x00	; 0
    00001EF9 00                    8016 	.db #0x00	; 0
    00001EFA 5A                    8017 	.db #0x5a	; 90	'Z'
    00001EFB 00                    8018 	.db #0x00	; 0
    00001EFC 00                    8019 	.db #0x00	; 0
    00001EFD 5A                    8020 	.db #0x5a	; 90	'Z'
    00001EFE 00                    8021 	.db #0x00	; 0
    00001EFF 00                    8022 	.db #0x00	; 0
    00001F00 5A                    8023 	.db #0x5a	; 90	'Z'
    00001F01 00                    8024 	.db #0x00	; 0
    00001F02 00                    8025 	.db #0x00	; 0
    00001F03 5A                    8026 	.db #0x5a	; 90	'Z'
    00001F04 00                    8027 	.db #0x00	; 0
    00001F05 00                    8028 	.db #0x00	; 0
    00001F06 5A                    8029 	.db #0x5a	; 90	'Z'
    00001F07 00                    8030 	.db #0x00	; 0
    00001F08 00                    8031 	.db #0x00	; 0
    00001F09 5A                    8032 	.db #0x5a	; 90	'Z'
    00001F0A 00                    8033 	.db #0x00	; 0
    00001F0B 00                    8034 	.db #0x00	; 0
    00001F0C 5A                    8035 	.db #0x5a	; 90	'Z'
    00001F0D 00                    8036 	.db #0x00	; 0
    00001F0E 00                    8037 	.db #0x00	; 0
    00001F0F 5A                    8038 	.db #0x5a	; 90	'Z'
    00001F10 00                    8039 	.db #0x00	; 0
    00001F11 00                    8040 	.db #0x00	; 0
    00001F12 5A                    8041 	.db #0x5a	; 90	'Z'
    00001F13 00                    8042 	.db #0x00	; 0
    00001F14 00                    8043 	.db #0x00	; 0
    00001F15 5A                    8044 	.db #0x5a	; 90	'Z'
    00001F16 00                    8045 	.db #0x00	; 0
    00001F17 00                    8046 	.db #0x00	; 0
    00001F18 5A                    8047 	.db #0x5a	; 90	'Z'
    00001F19 00                    8048 	.db #0x00	; 0
    00001F1A 00                    8049 	.db #0x00	; 0
    00001F1B 5A                    8050 	.db #0x5a	; 90	'Z'
    00001F1C 00                    8051 	.db #0x00	; 0
    00001F1D 00                    8052 	.db #0x00	; 0
    00001F1E 5A                    8053 	.db #0x5a	; 90	'Z'
    00001F1F 00                    8054 	.db #0x00	; 0
    00001F20 00                    8055 	.db #0x00	; 0
    00001F21 5A                    8056 	.db #0x5a	; 90	'Z'
    00001F22 00                    8057 	.db #0x00	; 0
    00001F23 00                    8058 	.db #0x00	; 0
    00001F24 5A                    8059 	.db #0x5a	; 90	'Z'
    00001F25 00                    8060 	.db #0x00	; 0
    00001F26 00                    8061 	.db #0x00	; 0
    00001F27 5A                    8062 	.db #0x5a	; 90	'Z'
    00001F28 00                    8063 	.db #0x00	; 0
    00001F29 00                    8064 	.db #0x00	; 0
    00001F2A 5A                    8065 	.db #0x5a	; 90	'Z'
    00001F2B 00                    8066 	.db #0x00	; 0
    00001F2C 00                    8067 	.db #0x00	; 0
    00001F2D 5A                    8068 	.db #0x5a	; 90	'Z'
    00001F2E 00                    8069 	.db #0x00	; 0
    00001F2F 00                    8070 	.db #0x00	; 0
    00001F30 5A                    8071 	.db #0x5a	; 90	'Z'
    00001F31 00                    8072 	.db #0x00	; 0
    00001F32 00                    8073 	.db #0x00	; 0
    00001F33 5A                    8074 	.db #0x5a	; 90	'Z'
    00001F34 00                    8075 	.db #0x00	; 0
    00001F35 00                    8076 	.db #0x00	; 0
    00001F36 5A                    8077 	.db #0x5a	; 90	'Z'
    00001F37 00                    8078 	.db #0x00	; 0
    00001F38 00                    8079 	.db #0x00	; 0
    00001F39 5A                    8080 	.db #0x5a	; 90	'Z'
    00001F3A 00                    8081 	.db #0x00	; 0
    00001F3B 00                    8082 	.db #0x00	; 0
    00001F3C 5A                    8083 	.db #0x5a	; 90	'Z'
    00001F3D 00                    8084 	.db #0x00	; 0
    00001F3E 00                    8085 	.db #0x00	; 0
    00001F3F 5A                    8086 	.db #0x5a	; 90	'Z'
    00001F40 00                    8087 	.db #0x00	; 0
    00001F41 00                    8088 	.db #0x00	; 0
    00001F42 5A                    8089 	.db #0x5a	; 90	'Z'
    00001F43 00                    8090 	.db #0x00	; 0
    00001F44 00                    8091 	.db #0x00	; 0
    00001F45 5A                    8092 	.db #0x5a	; 90	'Z'
    00001F46 00                    8093 	.db #0x00	; 0
    00001F47 00                    8094 	.db #0x00	; 0
    00001F48 5A                    8095 	.db #0x5a	; 90	'Z'
    00001F49 00                    8096 	.db #0x00	; 0
    00001F4A 00                    8097 	.db #0x00	; 0
    00001F4B 5A                    8098 	.db #0x5a	; 90	'Z'
    00001F4C 00                    8099 	.db #0x00	; 0
    00001F4D 00                    8100 	.db #0x00	; 0
    00001F4E 5A                    8101 	.db #0x5a	; 90	'Z'
    00001F4F 00                    8102 	.db #0x00	; 0
    00001F50 00                    8103 	.db #0x00	; 0
    00001F51 5A                    8104 	.db #0x5a	; 90	'Z'
    00001F52 00                    8105 	.db #0x00	; 0
    00001F53 00                    8106 	.db #0x00	; 0
    00001F54 5A                    8107 	.db #0x5a	; 90	'Z'
    00001F55 00                    8108 	.db #0x00	; 0
    00001F56 00                    8109 	.db #0x00	; 0
    00001F57 5A                    8110 	.db #0x5a	; 90	'Z'
    00001F58 00                    8111 	.db #0x00	; 0
    00001F59 00                    8112 	.db #0x00	; 0
    00001F5A 5A                    8113 	.db #0x5a	; 90	'Z'
    00001F5B 00                    8114 	.db #0x00	; 0
    00001F5C 00                    8115 	.db #0x00	; 0
    00001F5D 5A                    8116 	.db #0x5a	; 90	'Z'
    00001F5E 00                    8117 	.db #0x00	; 0
    00001F5F 00                    8118 	.db #0x00	; 0
    00001F60 5A                    8119 	.db #0x5a	; 90	'Z'
    00001F61 00                    8120 	.db #0x00	; 0
    00001F62 00                    8121 	.db #0x00	; 0
    00001F63 5A                    8122 	.db #0x5a	; 90	'Z'
    00001F64 00                    8123 	.db #0x00	; 0
    00001F65 00                    8124 	.db #0x00	; 0
    00001F66 5A                    8125 	.db #0x5a	; 90	'Z'
    00001F67 00                    8126 	.db #0x00	; 0
    00001F68 00                    8127 	.db #0x00	; 0
    00001F69 18                    8128 	.db #0x18	; 24
    00001F6A 30                    8129 	.db #0x30	; 48	'0'
    00001F6B 00                    8130 	.db #0x00	; 0
    00001F6C 5A                    8131 	.db #0x5a	; 90	'Z'
    00001F6D 00                    8132 	.db #0x00	; 0
    00001F6E 00                    8133 	.db #0x00	; 0
    00001F6F 17                    8134 	.db #0x17	; 23
    00001F70 30                    8135 	.db #0x30	; 48	'0'
    00001F71 00                    8136 	.db #0x00	; 0
    00001F72 5A                    8137 	.db #0x5a	; 90	'Z'
    00001F73 00                    8138 	.db #0x00	; 0
    00001F74 00                    8139 	.db #0x00	; 0
    00001F75 5A                    8140 	.db #0x5a	; 90	'Z'
    00001F76 0E                    8141 	.db #0x0e	; 14
    00001F77 00                    8142 	.db #0x00	; 0
    00001F78 5A                    8143 	.db #0x5a	; 90	'Z'
    00001F79 00                    8144 	.db #0x00	; 0
    00001F7A 00                    8145 	.db #0x00	; 0
    00001F7B 5A                    8146 	.db #0x5a	; 90	'Z'
    00001F7C 00                    8147 	.db #0x00	; 0
    00001F7D 00                    8148 	.db #0x00	; 0
    00001F7E 5A                    8149 	.db #0x5a	; 90	'Z'
    00001F7F 00                    8150 	.db #0x00	; 0
    00001F80 00                    8151 	.db #0x00	; 0
    00001F81                       8152 _P57:
    00001F81 5A                    8153 	.db #0x5a	; 90	'Z'
    00001F82 0C                    8154 	.db #0x0c	; 12
    00001F83 06                    8155 	.db #0x06	; 6
    00001F84 5A                    8156 	.db #0x5a	; 90	'Z'
    00001F85 00                    8157 	.db #0x00	; 0
    00001F86 00                    8158 	.db #0x00	; 0
    00001F87 5A                    8159 	.db #0x5a	; 90	'Z'
    00001F88 00                    8160 	.db #0x00	; 0
    00001F89 00                    8161 	.db #0x00	; 0
    00001F8A 5A                    8162 	.db #0x5a	; 90	'Z'
    00001F8B 00                    8163 	.db #0x00	; 0
    00001F8C 00                    8164 	.db #0x00	; 0
    00001F8D 11                    8165 	.db #0x11	; 17
    00001F8E 30                    8166 	.db #0x30	; 48	'0'
    00001F8F 00                    8167 	.db #0x00	; 0
    00001F90 5A                    8168 	.db #0x5a	; 90	'Z'
    00001F91 00                    8169 	.db #0x00	; 0
    00001F92 00                    8170 	.db #0x00	; 0
    00001F93 11                    8171 	.db #0x11	; 17
    00001F94 30                    8172 	.db #0x30	; 48	'0'
    00001F95 00                    8173 	.db #0x00	; 0
    00001F96 5A                    8174 	.db #0x5a	; 90	'Z'
    00001F97 00                    8175 	.db #0x00	; 0
    00001F98 00                    8176 	.db #0x00	; 0
    00001F99 11                    8177 	.db #0x11	; 17
    00001F9A 30                    8178 	.db #0x30	; 48	'0'
    00001F9B 00                    8179 	.db #0x00	; 0
    00001F9C 5A                    8180 	.db #0x5a	; 90	'Z'
    00001F9D 00                    8181 	.db #0x00	; 0
    00001F9E 00                    8182 	.db #0x00	; 0
    00001F9F 11                    8183 	.db #0x11	; 17
    00001FA0 30                    8184 	.db #0x30	; 48	'0'
    00001FA1 00                    8185 	.db #0x00	; 0
    00001FA2 5A                    8186 	.db #0x5a	; 90	'Z'
    00001FA3 00                    8187 	.db #0x00	; 0
    00001FA4 00                    8188 	.db #0x00	; 0
    00001FA5 11                    8189 	.db #0x11	; 17
    00001FA6 30                    8190 	.db #0x30	; 48	'0'
    00001FA7 00                    8191 	.db #0x00	; 0
    00001FA8 5A                    8192 	.db #0x5a	; 90	'Z'
    00001FA9 00                    8193 	.db #0x00	; 0
    00001FAA 00                    8194 	.db #0x00	; 0
    00001FAB 11                    8195 	.db #0x11	; 17
    00001FAC 30                    8196 	.db #0x30	; 48	'0'
    00001FAD 00                    8197 	.db #0x00	; 0
    00001FAE 5A                    8198 	.db #0x5a	; 90	'Z'
    00001FAF 00                    8199 	.db #0x00	; 0
    00001FB0 00                    8200 	.db #0x00	; 0
    00001FB1 5A                    8201 	.db #0x5a	; 90	'Z'
    00001FB2 0C                    8202 	.db #0x0c	; 12
    00001FB3 06                    8203 	.db #0x06	; 6
    00001FB4 5A                    8204 	.db #0x5a	; 90	'Z'
    00001FB5 00                    8205 	.db #0x00	; 0
    00001FB6 00                    8206 	.db #0x00	; 0
    00001FB7 5A                    8207 	.db #0x5a	; 90	'Z'
    00001FB8 00                    8208 	.db #0x00	; 0
    00001FB9 00                    8209 	.db #0x00	; 0
    00001FBA 5A                    8210 	.db #0x5a	; 90	'Z'
    00001FBB 00                    8211 	.db #0x00	; 0
    00001FBC 00                    8212 	.db #0x00	; 0
    00001FBD 11                    8213 	.db #0x11	; 17
    00001FBE 30                    8214 	.db #0x30	; 48	'0'
    00001FBF 00                    8215 	.db #0x00	; 0
    00001FC0 5A                    8216 	.db #0x5a	; 90	'Z'
    00001FC1 00                    8217 	.db #0x00	; 0
    00001FC2 00                    8218 	.db #0x00	; 0
    00001FC3 11                    8219 	.db #0x11	; 17
    00001FC4 30                    8220 	.db #0x30	; 48	'0'
    00001FC5 00                    8221 	.db #0x00	; 0
    00001FC6 5A                    8222 	.db #0x5a	; 90	'Z'
    00001FC7 00                    8223 	.db #0x00	; 0
    00001FC8 00                    8224 	.db #0x00	; 0
    00001FC9 11                    8225 	.db #0x11	; 17
    00001FCA 30                    8226 	.db #0x30	; 48	'0'
    00001FCB 00                    8227 	.db #0x00	; 0
    00001FCC 5A                    8228 	.db #0x5a	; 90	'Z'
    00001FCD 00                    8229 	.db #0x00	; 0
    00001FCE 00                    8230 	.db #0x00	; 0
    00001FCF 11                    8231 	.db #0x11	; 17
    00001FD0 30                    8232 	.db #0x30	; 48	'0'
    00001FD1 00                    8233 	.db #0x00	; 0
    00001FD2 5A                    8234 	.db #0x5a	; 90	'Z'
    00001FD3 00                    8235 	.db #0x00	; 0
    00001FD4 00                    8236 	.db #0x00	; 0
    00001FD5 11                    8237 	.db #0x11	; 17
    00001FD6 30                    8238 	.db #0x30	; 48	'0'
    00001FD7 00                    8239 	.db #0x00	; 0
    00001FD8 5A                    8240 	.db #0x5a	; 90	'Z'
    00001FD9 00                    8241 	.db #0x00	; 0
    00001FDA 00                    8242 	.db #0x00	; 0
    00001FDB 11                    8243 	.db #0x11	; 17
    00001FDC 30                    8244 	.db #0x30	; 48	'0'
    00001FDD 00                    8245 	.db #0x00	; 0
    00001FDE 5A                    8246 	.db #0x5a	; 90	'Z'
    00001FDF 00                    8247 	.db #0x00	; 0
    00001FE0 00                    8248 	.db #0x00	; 0
    00001FE1 5A                    8249 	.db #0x5a	; 90	'Z'
    00001FE2 0C                    8250 	.db #0x0c	; 12
    00001FE3 06                    8251 	.db #0x06	; 6
    00001FE4 5A                    8252 	.db #0x5a	; 90	'Z'
    00001FE5 00                    8253 	.db #0x00	; 0
    00001FE6 00                    8254 	.db #0x00	; 0
    00001FE7 5A                    8255 	.db #0x5a	; 90	'Z'
    00001FE8 00                    8256 	.db #0x00	; 0
    00001FE9 00                    8257 	.db #0x00	; 0
    00001FEA 5A                    8258 	.db #0x5a	; 90	'Z'
    00001FEB 00                    8259 	.db #0x00	; 0
    00001FEC 00                    8260 	.db #0x00	; 0
    00001FED 13                    8261 	.db #0x13	; 19
    00001FEE 30                    8262 	.db #0x30	; 48	'0'
    00001FEF 00                    8263 	.db #0x00	; 0
    00001FF0 5A                    8264 	.db #0x5a	; 90	'Z'
    00001FF1 00                    8265 	.db #0x00	; 0
    00001FF2 00                    8266 	.db #0x00	; 0
    00001FF3 13                    8267 	.db #0x13	; 19
    00001FF4 30                    8268 	.db #0x30	; 48	'0'
    00001FF5 00                    8269 	.db #0x00	; 0
    00001FF6 5A                    8270 	.db #0x5a	; 90	'Z'
    00001FF7 00                    8271 	.db #0x00	; 0
    00001FF8 00                    8272 	.db #0x00	; 0
    00001FF9 13                    8273 	.db #0x13	; 19
    00001FFA 30                    8274 	.db #0x30	; 48	'0'
    00001FFB 00                    8275 	.db #0x00	; 0
    00001FFC 5A                    8276 	.db #0x5a	; 90	'Z'
    00001FFD 00                    8277 	.db #0x00	; 0
    00001FFE 00                    8278 	.db #0x00	; 0
    00001FFF 13                    8279 	.db #0x13	; 19
    00002000 30                    8280 	.db #0x30	; 48	'0'
    00002001 00                    8281 	.db #0x00	; 0
    00002002 5A                    8282 	.db #0x5a	; 90	'Z'
    00002003 00                    8283 	.db #0x00	; 0
    00002004 00                    8284 	.db #0x00	; 0
    00002005 13                    8285 	.db #0x13	; 19
    00002006 30                    8286 	.db #0x30	; 48	'0'
    00002007 00                    8287 	.db #0x00	; 0
    00002008 5A                    8288 	.db #0x5a	; 90	'Z'
    00002009 00                    8289 	.db #0x00	; 0
    0000200A 00                    8290 	.db #0x00	; 0
    0000200B 13                    8291 	.db #0x13	; 19
    0000200C 30                    8292 	.db #0x30	; 48	'0'
    0000200D 00                    8293 	.db #0x00	; 0
    0000200E 5A                    8294 	.db #0x5a	; 90	'Z'
    0000200F 00                    8295 	.db #0x00	; 0
    00002010 00                    8296 	.db #0x00	; 0
    00002011 5A                    8297 	.db #0x5a	; 90	'Z'
    00002012 0C                    8298 	.db #0x0c	; 12
    00002013 06                    8299 	.db #0x06	; 6
    00002014 5A                    8300 	.db #0x5a	; 90	'Z'
    00002015 00                    8301 	.db #0x00	; 0
    00002016 00                    8302 	.db #0x00	; 0
    00002017 5A                    8303 	.db #0x5a	; 90	'Z'
    00002018 00                    8304 	.db #0x00	; 0
    00002019 00                    8305 	.db #0x00	; 0
    0000201A 5A                    8306 	.db #0x5a	; 90	'Z'
    0000201B 00                    8307 	.db #0x00	; 0
    0000201C 00                    8308 	.db #0x00	; 0
    0000201D 13                    8309 	.db #0x13	; 19
    0000201E 30                    8310 	.db #0x30	; 48	'0'
    0000201F 00                    8311 	.db #0x00	; 0
    00002020 5A                    8312 	.db #0x5a	; 90	'Z'
    00002021 00                    8313 	.db #0x00	; 0
    00002022 00                    8314 	.db #0x00	; 0
    00002023 13                    8315 	.db #0x13	; 19
    00002024 30                    8316 	.db #0x30	; 48	'0'
    00002025 00                    8317 	.db #0x00	; 0
    00002026 5A                    8318 	.db #0x5a	; 90	'Z'
    00002027 00                    8319 	.db #0x00	; 0
    00002028 00                    8320 	.db #0x00	; 0
    00002029 13                    8321 	.db #0x13	; 19
    0000202A 30                    8322 	.db #0x30	; 48	'0'
    0000202B 00                    8323 	.db #0x00	; 0
    0000202C 5A                    8324 	.db #0x5a	; 90	'Z'
    0000202D 00                    8325 	.db #0x00	; 0
    0000202E 00                    8326 	.db #0x00	; 0
    0000202F 13                    8327 	.db #0x13	; 19
    00002030 30                    8328 	.db #0x30	; 48	'0'
    00002031 00                    8329 	.db #0x00	; 0
    00002032 5A                    8330 	.db #0x5a	; 90	'Z'
    00002033 00                    8331 	.db #0x00	; 0
    00002034 00                    8332 	.db #0x00	; 0
    00002035 13                    8333 	.db #0x13	; 19
    00002036 30                    8334 	.db #0x30	; 48	'0'
    00002037 00                    8335 	.db #0x00	; 0
    00002038 5A                    8336 	.db #0x5a	; 90	'Z'
    00002039 00                    8337 	.db #0x00	; 0
    0000203A 00                    8338 	.db #0x00	; 0
    0000203B 13                    8339 	.db #0x13	; 19
    0000203C 30                    8340 	.db #0x30	; 48	'0'
    0000203D 00                    8341 	.db #0x00	; 0
    0000203E 5A                    8342 	.db #0x5a	; 90	'Z'
    0000203F 00                    8343 	.db #0x00	; 0
    00002040 00                    8344 	.db #0x00	; 0
    00002041                       8345 _P59:
    00002041 18                    8346 	.db #0x18	; 24
    00002042 B0                    8347 	.db #0xb0	; 176
    00002043 00                    8348 	.db #0x00	; 0
    00002044 5A                    8349 	.db #0x5a	; 90	'Z'
    00002045 00                    8350 	.db #0x00	; 0
    00002046 00                    8351 	.db #0x00	; 0
    00002047 5A                    8352 	.db #0x5a	; 90	'Z'
    00002048 00                    8353 	.db #0x00	; 0
    00002049 00                    8354 	.db #0x00	; 0
    0000204A 5A                    8355 	.db #0x5a	; 90	'Z'
    0000204B 00                    8356 	.db #0x00	; 0
    0000204C 00                    8357 	.db #0x00	; 0
    0000204D 5A                    8358 	.db #0x5a	; 90	'Z'
    0000204E 00                    8359 	.db #0x00	; 0
    0000204F 00                    8360 	.db #0x00	; 0
    00002050 5A                    8361 	.db #0x5a	; 90	'Z'
    00002051 00                    8362 	.db #0x00	; 0
    00002052 00                    8363 	.db #0x00	; 0
    00002053 5A                    8364 	.db #0x5a	; 90	'Z'
    00002054 00                    8365 	.db #0x00	; 0
    00002055 00                    8366 	.db #0x00	; 0
    00002056 5A                    8367 	.db #0x5a	; 90	'Z'
    00002057 00                    8368 	.db #0x00	; 0
    00002058 00                    8369 	.db #0x00	; 0
    00002059 5A                    8370 	.db #0x5a	; 90	'Z'
    0000205A 00                    8371 	.db #0x00	; 0
    0000205B 00                    8372 	.db #0x00	; 0
    0000205C 5A                    8373 	.db #0x5a	; 90	'Z'
    0000205D 00                    8374 	.db #0x00	; 0
    0000205E 00                    8375 	.db #0x00	; 0
    0000205F 5A                    8376 	.db #0x5a	; 90	'Z'
    00002060 00                    8377 	.db #0x00	; 0
    00002061 00                    8378 	.db #0x00	; 0
    00002062 5A                    8379 	.db #0x5a	; 90	'Z'
    00002063 00                    8380 	.db #0x00	; 0
    00002064 00                    8381 	.db #0x00	; 0
    00002065 5A                    8382 	.db #0x5a	; 90	'Z'
    00002066 00                    8383 	.db #0x00	; 0
    00002067 00                    8384 	.db #0x00	; 0
    00002068 5A                    8385 	.db #0x5a	; 90	'Z'
    00002069 00                    8386 	.db #0x00	; 0
    0000206A 00                    8387 	.db #0x00	; 0
    0000206B 5A                    8388 	.db #0x5a	; 90	'Z'
    0000206C 00                    8389 	.db #0x00	; 0
    0000206D 00                    8390 	.db #0x00	; 0
    0000206E 5A                    8391 	.db #0x5a	; 90	'Z'
    0000206F 00                    8392 	.db #0x00	; 0
    00002070 00                    8393 	.db #0x00	; 0
    00002071 18                    8394 	.db #0x18	; 24
    00002072 70                    8395 	.db #0x70	; 112	'p'
    00002073 00                    8396 	.db #0x00	; 0
    00002074 5A                    8397 	.db #0x5a	; 90	'Z'
    00002075 00                    8398 	.db #0x00	; 0
    00002076 00                    8399 	.db #0x00	; 0
    00002077 5A                    8400 	.db #0x5a	; 90	'Z'
    00002078 00                    8401 	.db #0x00	; 0
    00002079 00                    8402 	.db #0x00	; 0
    0000207A 5A                    8403 	.db #0x5a	; 90	'Z'
    0000207B 00                    8404 	.db #0x00	; 0
    0000207C 00                    8405 	.db #0x00	; 0
    0000207D 5A                    8406 	.db #0x5a	; 90	'Z'
    0000207E 00                    8407 	.db #0x00	; 0
    0000207F 00                    8408 	.db #0x00	; 0
    00002080 5A                    8409 	.db #0x5a	; 90	'Z'
    00002081 00                    8410 	.db #0x00	; 0
    00002082 00                    8411 	.db #0x00	; 0
    00002083 5A                    8412 	.db #0x5a	; 90	'Z'
    00002084 00                    8413 	.db #0x00	; 0
    00002085 00                    8414 	.db #0x00	; 0
    00002086 5A                    8415 	.db #0x5a	; 90	'Z'
    00002087 00                    8416 	.db #0x00	; 0
    00002088 00                    8417 	.db #0x00	; 0
    00002089 5A                    8418 	.db #0x5a	; 90	'Z'
    0000208A 00                    8419 	.db #0x00	; 0
    0000208B 00                    8420 	.db #0x00	; 0
    0000208C 5A                    8421 	.db #0x5a	; 90	'Z'
    0000208D 00                    8422 	.db #0x00	; 0
    0000208E 00                    8423 	.db #0x00	; 0
    0000208F 5A                    8424 	.db #0x5a	; 90	'Z'
    00002090 00                    8425 	.db #0x00	; 0
    00002091 00                    8426 	.db #0x00	; 0
    00002092 5A                    8427 	.db #0x5a	; 90	'Z'
    00002093 00                    8428 	.db #0x00	; 0
    00002094 00                    8429 	.db #0x00	; 0
    00002095 5A                    8430 	.db #0x5a	; 90	'Z'
    00002096 00                    8431 	.db #0x00	; 0
    00002097 00                    8432 	.db #0x00	; 0
    00002098 5A                    8433 	.db #0x5a	; 90	'Z'
    00002099 00                    8434 	.db #0x00	; 0
    0000209A 00                    8435 	.db #0x00	; 0
    0000209B 5A                    8436 	.db #0x5a	; 90	'Z'
    0000209C 00                    8437 	.db #0x00	; 0
    0000209D 00                    8438 	.db #0x00	; 0
    0000209E 5A                    8439 	.db #0x5a	; 90	'Z'
    0000209F 00                    8440 	.db #0x00	; 0
    000020A0 00                    8441 	.db #0x00	; 0
    000020A1 18                    8442 	.db #0x18	; 24
    000020A2 B0                    8443 	.db #0xb0	; 176
    000020A3 00                    8444 	.db #0x00	; 0
    000020A4 5A                    8445 	.db #0x5a	; 90	'Z'
    000020A5 00                    8446 	.db #0x00	; 0
    000020A6 00                    8447 	.db #0x00	; 0
    000020A7 5A                    8448 	.db #0x5a	; 90	'Z'
    000020A8 00                    8449 	.db #0x00	; 0
    000020A9 00                    8450 	.db #0x00	; 0
    000020AA 5A                    8451 	.db #0x5a	; 90	'Z'
    000020AB 00                    8452 	.db #0x00	; 0
    000020AC 00                    8453 	.db #0x00	; 0
    000020AD 5A                    8454 	.db #0x5a	; 90	'Z'
    000020AE 00                    8455 	.db #0x00	; 0
    000020AF 00                    8456 	.db #0x00	; 0
    000020B0 5A                    8457 	.db #0x5a	; 90	'Z'
    000020B1 00                    8458 	.db #0x00	; 0
    000020B2 00                    8459 	.db #0x00	; 0
    000020B3 5A                    8460 	.db #0x5a	; 90	'Z'
    000020B4 00                    8461 	.db #0x00	; 0
    000020B5 00                    8462 	.db #0x00	; 0
    000020B6 5A                    8463 	.db #0x5a	; 90	'Z'
    000020B7 00                    8464 	.db #0x00	; 0
    000020B8 00                    8465 	.db #0x00	; 0
    000020B9 5A                    8466 	.db #0x5a	; 90	'Z'
    000020BA 00                    8467 	.db #0x00	; 0
    000020BB 00                    8468 	.db #0x00	; 0
    000020BC 5A                    8469 	.db #0x5a	; 90	'Z'
    000020BD 00                    8470 	.db #0x00	; 0
    000020BE 00                    8471 	.db #0x00	; 0
    000020BF 5A                    8472 	.db #0x5a	; 90	'Z'
    000020C0 00                    8473 	.db #0x00	; 0
    000020C1 00                    8474 	.db #0x00	; 0
    000020C2 5A                    8475 	.db #0x5a	; 90	'Z'
    000020C3 00                    8476 	.db #0x00	; 0
    000020C4 00                    8477 	.db #0x00	; 0
    000020C5 5A                    8478 	.db #0x5a	; 90	'Z'
    000020C6 00                    8479 	.db #0x00	; 0
    000020C7 00                    8480 	.db #0x00	; 0
    000020C8 5A                    8481 	.db #0x5a	; 90	'Z'
    000020C9 00                    8482 	.db #0x00	; 0
    000020CA 00                    8483 	.db #0x00	; 0
    000020CB 5A                    8484 	.db #0x5a	; 90	'Z'
    000020CC 00                    8485 	.db #0x00	; 0
    000020CD 00                    8486 	.db #0x00	; 0
    000020CE 5A                    8487 	.db #0x5a	; 90	'Z'
    000020CF 00                    8488 	.db #0x00	; 0
    000020D0 00                    8489 	.db #0x00	; 0
    000020D1 18                    8490 	.db #0x18	; 24
    000020D2 70                    8491 	.db #0x70	; 112	'p'
    000020D3 00                    8492 	.db #0x00	; 0
    000020D4 5A                    8493 	.db #0x5a	; 90	'Z'
    000020D5 00                    8494 	.db #0x00	; 0
    000020D6 00                    8495 	.db #0x00	; 0
    000020D7 5A                    8496 	.db #0x5a	; 90	'Z'
    000020D8 00                    8497 	.db #0x00	; 0
    000020D9 00                    8498 	.db #0x00	; 0
    000020DA 5A                    8499 	.db #0x5a	; 90	'Z'
    000020DB 00                    8500 	.db #0x00	; 0
    000020DC 00                    8501 	.db #0x00	; 0
    000020DD 5A                    8502 	.db #0x5a	; 90	'Z'
    000020DE 00                    8503 	.db #0x00	; 0
    000020DF 00                    8504 	.db #0x00	; 0
    000020E0 5A                    8505 	.db #0x5a	; 90	'Z'
    000020E1 00                    8506 	.db #0x00	; 0
    000020E2 00                    8507 	.db #0x00	; 0
    000020E3 5A                    8508 	.db #0x5a	; 90	'Z'
    000020E4 00                    8509 	.db #0x00	; 0
    000020E5 00                    8510 	.db #0x00	; 0
    000020E6 5A                    8511 	.db #0x5a	; 90	'Z'
    000020E7 00                    8512 	.db #0x00	; 0
    000020E8 00                    8513 	.db #0x00	; 0
    000020E9 5A                    8514 	.db #0x5a	; 90	'Z'
    000020EA 00                    8515 	.db #0x00	; 0
    000020EB 00                    8516 	.db #0x00	; 0
    000020EC 5A                    8517 	.db #0x5a	; 90	'Z'
    000020ED 00                    8518 	.db #0x00	; 0
    000020EE 00                    8519 	.db #0x00	; 0
    000020EF 1E                    8520 	.db #0x1e	; 30
    000020F0 10                    8521 	.db #0x10	; 16
    000020F1 00                    8522 	.db #0x00	; 0
    000020F2 5A                    8523 	.db #0x5a	; 90	'Z'
    000020F3 00                    8524 	.db #0x00	; 0
    000020F4 00                    8525 	.db #0x00	; 0
    000020F5 18                    8526 	.db #0x18	; 24
    000020F6 30                    8527 	.db #0x30	; 48	'0'
    000020F7 00                    8528 	.db #0x00	; 0
    000020F8 5A                    8529 	.db #0x5a	; 90	'Z'
    000020F9 00                    8530 	.db #0x00	; 0
    000020FA 00                    8531 	.db #0x00	; 0
    000020FB 5A                    8532 	.db #0x5a	; 90	'Z'
    000020FC 00                    8533 	.db #0x00	; 0
    000020FD 00                    8534 	.db #0x00	; 0
    000020FE 5A                    8535 	.db #0x5a	; 90	'Z'
    000020FF 00                    8536 	.db #0x00	; 0
    00002100 00                    8537 	.db #0x00	; 0
    00002101                       8538 _P62:
    00002101 11                    8539 	.db #0x11	; 17
    00002102 10                    8540 	.db #0x10	; 16
    00002103 00                    8541 	.db #0x00	; 0
    00002104 5A                    8542 	.db #0x5a	; 90	'Z'
    00002105 00                    8543 	.db #0x00	; 0
    00002106 00                    8544 	.db #0x00	; 0
    00002107 5A                    8545 	.db #0x5a	; 90	'Z'
    00002108 00                    8546 	.db #0x00	; 0
    00002109 00                    8547 	.db #0x00	; 0
    0000210A 5A                    8548 	.db #0x5a	; 90	'Z'
    0000210B 00                    8549 	.db #0x00	; 0
    0000210C 00                    8550 	.db #0x00	; 0
    0000210D 11                    8551 	.db #0x11	; 17
    0000210E C0                    8552 	.db #0xc0	; 192
    0000210F 00                    8553 	.db #0x00	; 0
    00002110 5A                    8554 	.db #0x5a	; 90	'Z'
    00002111 00                    8555 	.db #0x00	; 0
    00002112 00                    8556 	.db #0x00	; 0
    00002113 5A                    8557 	.db #0x5a	; 90	'Z'
    00002114 00                    8558 	.db #0x00	; 0
    00002115 00                    8559 	.db #0x00	; 0
    00002116 5A                    8560 	.db #0x5a	; 90	'Z'
    00002117 00                    8561 	.db #0x00	; 0
    00002118 00                    8562 	.db #0x00	; 0
    00002119 11                    8563 	.db #0x11	; 17
    0000211A 20                    8564 	.db #0x20	; 32
    0000211B 00                    8565 	.db #0x00	; 0
    0000211C 5A                    8566 	.db #0x5a	; 90	'Z'
    0000211D 00                    8567 	.db #0x00	; 0
    0000211E 00                    8568 	.db #0x00	; 0
    0000211F 5A                    8569 	.db #0x5a	; 90	'Z'
    00002120 00                    8570 	.db #0x00	; 0
    00002121 00                    8571 	.db #0x00	; 0
    00002122 5A                    8572 	.db #0x5a	; 90	'Z'
    00002123 00                    8573 	.db #0x00	; 0
    00002124 00                    8574 	.db #0x00	; 0
    00002125 11                    8575 	.db #0x11	; 17
    00002126 E0                    8576 	.db #0xe0	; 224
    00002127 00                    8577 	.db #0x00	; 0
    00002128 5A                    8578 	.db #0x5a	; 90	'Z'
    00002129 00                    8579 	.db #0x00	; 0
    0000212A 00                    8580 	.db #0x00	; 0
    0000212B 5A                    8581 	.db #0x5a	; 90	'Z'
    0000212C 00                    8582 	.db #0x00	; 0
    0000212D 00                    8583 	.db #0x00	; 0
    0000212E 5A                    8584 	.db #0x5a	; 90	'Z'
    0000212F 00                    8585 	.db #0x00	; 0
    00002130 00                    8586 	.db #0x00	; 0
    00002131 20                    8587 	.db #0x20	; 32
    00002132 50                    8588 	.db #0x50	; 80	'P'
    00002133 00                    8589 	.db #0x00	; 0
    00002134 11                    8590 	.db #0x11	; 17
    00002135 30                    8591 	.db #0x30	; 48	'0'
    00002136 00                    8592 	.db #0x00	; 0
    00002137 5A                    8593 	.db #0x5a	; 90	'Z'
    00002138 00                    8594 	.db #0x00	; 0
    00002139 00                    8595 	.db #0x00	; 0
    0000213A 5A                    8596 	.db #0x5a	; 90	'Z'
    0000213B 00                    8597 	.db #0x00	; 0
    0000213C 00                    8598 	.db #0x00	; 0
    0000213D 1D                    8599 	.db #0x1d	; 29
    0000213E C0                    8600 	.db #0xc0	; 192
    0000213F 00                    8601 	.db #0x00	; 0
    00002140 1D                    8602 	.db #0x1d	; 29
    00002141 B0                    8603 	.db #0xb0	; 176
    00002142 00                    8604 	.db #0x00	; 0
    00002143 1D                    8605 	.db #0x1d	; 29
    00002144 E0                    8606 	.db #0xe0	; 224
    00002145 00                    8607 	.db #0x00	; 0
    00002146 20                    8608 	.db #0x20	; 32
    00002147 10                    8609 	.db #0x10	; 16
    00002148 00                    8610 	.db #0x00	; 0
    00002149 11                    8611 	.db #0x11	; 17
    0000214A 40                    8612 	.db #0x40	; 64
    0000214B 00                    8613 	.db #0x00	; 0
    0000214C 5A                    8614 	.db #0x5a	; 90	'Z'
    0000214D 00                    8615 	.db #0x00	; 0
    0000214E 00                    8616 	.db #0x00	; 0
    0000214F 5A                    8617 	.db #0x5a	; 90	'Z'
    00002150 00                    8618 	.db #0x00	; 0
    00002151 00                    8619 	.db #0x00	; 0
    00002152 5A                    8620 	.db #0x5a	; 90	'Z'
    00002153 00                    8621 	.db #0x00	; 0
    00002154 00                    8622 	.db #0x00	; 0
    00002155 11                    8623 	.db #0x11	; 17
    00002156 E0                    8624 	.db #0xe0	; 224
    00002157 00                    8625 	.db #0x00	; 0
    00002158 5A                    8626 	.db #0x5a	; 90	'Z'
    00002159 00                    8627 	.db #0x00	; 0
    0000215A 00                    8628 	.db #0x00	; 0
    0000215B 5A                    8629 	.db #0x5a	; 90	'Z'
    0000215C 00                    8630 	.db #0x00	; 0
    0000215D 00                    8631 	.db #0x00	; 0
    0000215E 5A                    8632 	.db #0x5a	; 90	'Z'
    0000215F 00                    8633 	.db #0x00	; 0
    00002160 00                    8634 	.db #0x00	; 0
    00002161 0C                    8635 	.db #0x0c	; 12
    00002162 50                    8636 	.db #0x50	; 80	'P'
    00002163 00                    8637 	.db #0x00	; 0
    00002164 5A                    8638 	.db #0x5a	; 90	'Z'
    00002165 00                    8639 	.db #0x00	; 0
    00002166 00                    8640 	.db #0x00	; 0
    00002167 5A                    8641 	.db #0x5a	; 90	'Z'
    00002168 00                    8642 	.db #0x00	; 0
    00002169 00                    8643 	.db #0x00	; 0
    0000216A 5A                    8644 	.db #0x5a	; 90	'Z'
    0000216B 00                    8645 	.db #0x00	; 0
    0000216C 00                    8646 	.db #0x00	; 0
    0000216D 0C                    8647 	.db #0x0c	; 12
    0000216E C0                    8648 	.db #0xc0	; 192
    0000216F 00                    8649 	.db #0x00	; 0
    00002170 5A                    8650 	.db #0x5a	; 90	'Z'
    00002171 00                    8651 	.db #0x00	; 0
    00002172 00                    8652 	.db #0x00	; 0
    00002173 5A                    8653 	.db #0x5a	; 90	'Z'
    00002174 00                    8654 	.db #0x00	; 0
    00002175 00                    8655 	.db #0x00	; 0
    00002176 5A                    8656 	.db #0x5a	; 90	'Z'
    00002177 00                    8657 	.db #0x00	; 0
    00002178 00                    8658 	.db #0x00	; 0
    00002179 0C                    8659 	.db #0x0c	; 12
    0000217A 60                    8660 	.db #0x60	; 96
    0000217B 00                    8661 	.db #0x00	; 0
    0000217C 5A                    8662 	.db #0x5a	; 90	'Z'
    0000217D 00                    8663 	.db #0x00	; 0
    0000217E 00                    8664 	.db #0x00	; 0
    0000217F 5A                    8665 	.db #0x5a	; 90	'Z'
    00002180 00                    8666 	.db #0x00	; 0
    00002181 00                    8667 	.db #0x00	; 0
    00002182 5A                    8668 	.db #0x5a	; 90	'Z'
    00002183 00                    8669 	.db #0x00	; 0
    00002184 00                    8670 	.db #0x00	; 0
    00002185 0C                    8671 	.db #0x0c	; 12
    00002186 E0                    8672 	.db #0xe0	; 224
    00002187 00                    8673 	.db #0x00	; 0
    00002188 5A                    8674 	.db #0x5a	; 90	'Z'
    00002189 00                    8675 	.db #0x00	; 0
    0000218A 00                    8676 	.db #0x00	; 0
    0000218B 5A                    8677 	.db #0x5a	; 90	'Z'
    0000218C 00                    8678 	.db #0x00	; 0
    0000218D 00                    8679 	.db #0x00	; 0
    0000218E 5A                    8680 	.db #0x5a	; 90	'Z'
    0000218F 00                    8681 	.db #0x00	; 0
    00002190 00                    8682 	.db #0x00	; 0
    00002191 1F                    8683 	.db #0x1f	; 31
    00002192 50                    8684 	.db #0x50	; 80	'P'
    00002193 00                    8685 	.db #0x00	; 0
    00002194 0C                    8686 	.db #0x0c	; 12
    00002195 70                    8687 	.db #0x70	; 112	'p'
    00002196 00                    8688 	.db #0x00	; 0
    00002197 5A                    8689 	.db #0x5a	; 90	'Z'
    00002198 00                    8690 	.db #0x00	; 0
    00002199 00                    8691 	.db #0x00	; 0
    0000219A 5A                    8692 	.db #0x5a	; 90	'Z'
    0000219B 00                    8693 	.db #0x00	; 0
    0000219C 00                    8694 	.db #0x00	; 0
    0000219D 18                    8695 	.db #0x18	; 24
    0000219E C0                    8696 	.db #0xc0	; 192
    0000219F 00                    8697 	.db #0x00	; 0
    000021A0 18                    8698 	.db #0x18	; 24
    000021A1 B0                    8699 	.db #0xb0	; 176
    000021A2 00                    8700 	.db #0x00	; 0
    000021A3 18                    8701 	.db #0x18	; 24
    000021A4 E0                    8702 	.db #0xe0	; 224
    000021A5 00                    8703 	.db #0x00	; 0
    000021A6 1F                    8704 	.db #0x1f	; 31
    000021A7 60                    8705 	.db #0x60	; 96
    000021A8 00                    8706 	.db #0x00	; 0
    000021A9 0C                    8707 	.db #0x0c	; 12
    000021AA 80                    8708 	.db #0x80	; 128
    000021AB 00                    8709 	.db #0x00	; 0
    000021AC 5A                    8710 	.db #0x5a	; 90	'Z'
    000021AD 00                    8711 	.db #0x00	; 0
    000021AE 00                    8712 	.db #0x00	; 0
    000021AF 5A                    8713 	.db #0x5a	; 90	'Z'
    000021B0 00                    8714 	.db #0x00	; 0
    000021B1 00                    8715 	.db #0x00	; 0
    000021B2 5A                    8716 	.db #0x5a	; 90	'Z'
    000021B3 00                    8717 	.db #0x00	; 0
    000021B4 00                    8718 	.db #0x00	; 0
    000021B5 0C                    8719 	.db #0x0c	; 12
    000021B6 EE                    8720 	.db #0xee	; 238
    000021B7 00                    8721 	.db #0x00	; 0
    000021B8 5A                    8722 	.db #0x5a	; 90	'Z'
    000021B9 00                    8723 	.db #0x00	; 0
    000021BA 00                    8724 	.db #0x00	; 0
    000021BB 5A                    8725 	.db #0x5a	; 90	'Z'
    000021BC 00                    8726 	.db #0x00	; 0
    000021BD 00                    8727 	.db #0x00	; 0
    000021BE 5A                    8728 	.db #0x5a	; 90	'Z'
    000021BF 00                    8729 	.db #0x00	; 0
    000021C0 00                    8730 	.db #0x00	; 0
    000021C1                       8731 _P63:
    000021C1 18                    8732 	.db #0x18	; 24
    000021C2 B0                    8733 	.db #0xb0	; 176
    000021C3 00                    8734 	.db #0x00	; 0
    000021C4 5A                    8735 	.db #0x5a	; 90	'Z'
    000021C5 00                    8736 	.db #0x00	; 0
    000021C6 00                    8737 	.db #0x00	; 0
    000021C7 5A                    8738 	.db #0x5a	; 90	'Z'
    000021C8 00                    8739 	.db #0x00	; 0
    000021C9 00                    8740 	.db #0x00	; 0
    000021CA 5A                    8741 	.db #0x5a	; 90	'Z'
    000021CB 00                    8742 	.db #0x00	; 0
    000021CC 00                    8743 	.db #0x00	; 0
    000021CD 5A                    8744 	.db #0x5a	; 90	'Z'
    000021CE 00                    8745 	.db #0x00	; 0
    000021CF 00                    8746 	.db #0x00	; 0
    000021D0 5A                    8747 	.db #0x5a	; 90	'Z'
    000021D1 00                    8748 	.db #0x00	; 0
    000021D2 00                    8749 	.db #0x00	; 0
    000021D3 5A                    8750 	.db #0x5a	; 90	'Z'
    000021D4 00                    8751 	.db #0x00	; 0
    000021D5 00                    8752 	.db #0x00	; 0
    000021D6 5A                    8753 	.db #0x5a	; 90	'Z'
    000021D7 00                    8754 	.db #0x00	; 0
    000021D8 00                    8755 	.db #0x00	; 0
    000021D9 5A                    8756 	.db #0x5a	; 90	'Z'
    000021DA 00                    8757 	.db #0x00	; 0
    000021DB 00                    8758 	.db #0x00	; 0
    000021DC 5A                    8759 	.db #0x5a	; 90	'Z'
    000021DD 00                    8760 	.db #0x00	; 0
    000021DE 00                    8761 	.db #0x00	; 0
    000021DF 5A                    8762 	.db #0x5a	; 90	'Z'
    000021E0 00                    8763 	.db #0x00	; 0
    000021E1 00                    8764 	.db #0x00	; 0
    000021E2 5A                    8765 	.db #0x5a	; 90	'Z'
    000021E3 00                    8766 	.db #0x00	; 0
    000021E4 00                    8767 	.db #0x00	; 0
    000021E5 5A                    8768 	.db #0x5a	; 90	'Z'
    000021E6 00                    8769 	.db #0x00	; 0
    000021E7 00                    8770 	.db #0x00	; 0
    000021E8 5A                    8771 	.db #0x5a	; 90	'Z'
    000021E9 00                    8772 	.db #0x00	; 0
    000021EA 00                    8773 	.db #0x00	; 0
    000021EB 5A                    8774 	.db #0x5a	; 90	'Z'
    000021EC 00                    8775 	.db #0x00	; 0
    000021ED 00                    8776 	.db #0x00	; 0
    000021EE 5A                    8777 	.db #0x5a	; 90	'Z'
    000021EF 00                    8778 	.db #0x00	; 0
    000021F0 00                    8779 	.db #0x00	; 0
    000021F1 18                    8780 	.db #0x18	; 24
    000021F2 70                    8781 	.db #0x70	; 112	'p'
    000021F3 00                    8782 	.db #0x00	; 0
    000021F4 5A                    8783 	.db #0x5a	; 90	'Z'
    000021F5 00                    8784 	.db #0x00	; 0
    000021F6 00                    8785 	.db #0x00	; 0
    000021F7 5A                    8786 	.db #0x5a	; 90	'Z'
    000021F8 00                    8787 	.db #0x00	; 0
    000021F9 00                    8788 	.db #0x00	; 0
    000021FA 5A                    8789 	.db #0x5a	; 90	'Z'
    000021FB 00                    8790 	.db #0x00	; 0
    000021FC 00                    8791 	.db #0x00	; 0
    000021FD 5A                    8792 	.db #0x5a	; 90	'Z'
    000021FE 00                    8793 	.db #0x00	; 0
    000021FF 00                    8794 	.db #0x00	; 0
    00002200 5A                    8795 	.db #0x5a	; 90	'Z'
    00002201 00                    8796 	.db #0x00	; 0
    00002202 00                    8797 	.db #0x00	; 0
    00002203 5A                    8798 	.db #0x5a	; 90	'Z'
    00002204 00                    8799 	.db #0x00	; 0
    00002205 00                    8800 	.db #0x00	; 0
    00002206 5A                    8801 	.db #0x5a	; 90	'Z'
    00002207 00                    8802 	.db #0x00	; 0
    00002208 00                    8803 	.db #0x00	; 0
    00002209 5A                    8804 	.db #0x5a	; 90	'Z'
    0000220A 00                    8805 	.db #0x00	; 0
    0000220B 00                    8806 	.db #0x00	; 0
    0000220C 5A                    8807 	.db #0x5a	; 90	'Z'
    0000220D 00                    8808 	.db #0x00	; 0
    0000220E 00                    8809 	.db #0x00	; 0
    0000220F 18                    8810 	.db #0x18	; 24
    00002210 60                    8811 	.db #0x60	; 96
    00002211 00                    8812 	.db #0x00	; 0
    00002212 5A                    8813 	.db #0x5a	; 90	'Z'
    00002213 00                    8814 	.db #0x00	; 0
    00002214 00                    8815 	.db #0x00	; 0
    00002215 5A                    8816 	.db #0x5a	; 90	'Z'
    00002216 00                    8817 	.db #0x00	; 0
    00002217 00                    8818 	.db #0x00	; 0
    00002218 5A                    8819 	.db #0x5a	; 90	'Z'
    00002219 00                    8820 	.db #0x00	; 0
    0000221A 00                    8821 	.db #0x00	; 0
    0000221B 17                    8822 	.db #0x17	; 23
    0000221C 60                    8823 	.db #0x60	; 96
    0000221D 00                    8824 	.db #0x00	; 0
    0000221E 5A                    8825 	.db #0x5a	; 90	'Z'
    0000221F 00                    8826 	.db #0x00	; 0
    00002220 00                    8827 	.db #0x00	; 0
    00002221 18                    8828 	.db #0x18	; 24
    00002222 B0                    8829 	.db #0xb0	; 176
    00002223 00                    8830 	.db #0x00	; 0
    00002224 5A                    8831 	.db #0x5a	; 90	'Z'
    00002225 00                    8832 	.db #0x00	; 0
    00002226 00                    8833 	.db #0x00	; 0
    00002227 5A                    8834 	.db #0x5a	; 90	'Z'
    00002228 00                    8835 	.db #0x00	; 0
    00002229 00                    8836 	.db #0x00	; 0
    0000222A 5A                    8837 	.db #0x5a	; 90	'Z'
    0000222B 00                    8838 	.db #0x00	; 0
    0000222C 00                    8839 	.db #0x00	; 0
    0000222D 5A                    8840 	.db #0x5a	; 90	'Z'
    0000222E 00                    8841 	.db #0x00	; 0
    0000222F 00                    8842 	.db #0x00	; 0
    00002230 5A                    8843 	.db #0x5a	; 90	'Z'
    00002231 00                    8844 	.db #0x00	; 0
    00002232 00                    8845 	.db #0x00	; 0
    00002233 5A                    8846 	.db #0x5a	; 90	'Z'
    00002234 00                    8847 	.db #0x00	; 0
    00002235 00                    8848 	.db #0x00	; 0
    00002236 5A                    8849 	.db #0x5a	; 90	'Z'
    00002237 00                    8850 	.db #0x00	; 0
    00002238 00                    8851 	.db #0x00	; 0
    00002239 5A                    8852 	.db #0x5a	; 90	'Z'
    0000223A 00                    8853 	.db #0x00	; 0
    0000223B 00                    8854 	.db #0x00	; 0
    0000223C 5A                    8855 	.db #0x5a	; 90	'Z'
    0000223D 00                    8856 	.db #0x00	; 0
    0000223E 00                    8857 	.db #0x00	; 0
    0000223F 5A                    8858 	.db #0x5a	; 90	'Z'
    00002240 00                    8859 	.db #0x00	; 0
    00002241 00                    8860 	.db #0x00	; 0
    00002242 5A                    8861 	.db #0x5a	; 90	'Z'
    00002243 00                    8862 	.db #0x00	; 0
    00002244 00                    8863 	.db #0x00	; 0
    00002245 5A                    8864 	.db #0x5a	; 90	'Z'
    00002246 00                    8865 	.db #0x00	; 0
    00002247 00                    8866 	.db #0x00	; 0
    00002248 5A                    8867 	.db #0x5a	; 90	'Z'
    00002249 00                    8868 	.db #0x00	; 0
    0000224A 00                    8869 	.db #0x00	; 0
    0000224B 5A                    8870 	.db #0x5a	; 90	'Z'
    0000224C 00                    8871 	.db #0x00	; 0
    0000224D 00                    8872 	.db #0x00	; 0
    0000224E 5A                    8873 	.db #0x5a	; 90	'Z'
    0000224F 00                    8874 	.db #0x00	; 0
    00002250 00                    8875 	.db #0x00	; 0
    00002251 18                    8876 	.db #0x18	; 24
    00002252 70                    8877 	.db #0x70	; 112	'p'
    00002253 00                    8878 	.db #0x00	; 0
    00002254 5A                    8879 	.db #0x5a	; 90	'Z'
    00002255 00                    8880 	.db #0x00	; 0
    00002256 00                    8881 	.db #0x00	; 0
    00002257 5A                    8882 	.db #0x5a	; 90	'Z'
    00002258 00                    8883 	.db #0x00	; 0
    00002259 00                    8884 	.db #0x00	; 0
    0000225A 5A                    8885 	.db #0x5a	; 90	'Z'
    0000225B 00                    8886 	.db #0x00	; 0
    0000225C 00                    8887 	.db #0x00	; 0
    0000225D 5A                    8888 	.db #0x5a	; 90	'Z'
    0000225E 00                    8889 	.db #0x00	; 0
    0000225F 00                    8890 	.db #0x00	; 0
    00002260 5A                    8891 	.db #0x5a	; 90	'Z'
    00002261 00                    8892 	.db #0x00	; 0
    00002262 00                    8893 	.db #0x00	; 0
    00002263 5A                    8894 	.db #0x5a	; 90	'Z'
    00002264 00                    8895 	.db #0x00	; 0
    00002265 00                    8896 	.db #0x00	; 0
    00002266 5A                    8897 	.db #0x5a	; 90	'Z'
    00002267 00                    8898 	.db #0x00	; 0
    00002268 00                    8899 	.db #0x00	; 0
    00002269 5A                    8900 	.db #0x5a	; 90	'Z'
    0000226A 00                    8901 	.db #0x00	; 0
    0000226B 00                    8902 	.db #0x00	; 0
    0000226C 5A                    8903 	.db #0x5a	; 90	'Z'
    0000226D 00                    8904 	.db #0x00	; 0
    0000226E 00                    8905 	.db #0x00	; 0
    0000226F 5A                    8906 	.db #0x5a	; 90	'Z'
    00002270 00                    8907 	.db #0x00	; 0
    00002271 00                    8908 	.db #0x00	; 0
    00002272 5A                    8909 	.db #0x5a	; 90	'Z'
    00002273 00                    8910 	.db #0x00	; 0
    00002274 00                    8911 	.db #0x00	; 0
    00002275 5A                    8912 	.db #0x5a	; 90	'Z'
    00002276 00                    8913 	.db #0x00	; 0
    00002277 00                    8914 	.db #0x00	; 0
    00002278 5A                    8915 	.db #0x5a	; 90	'Z'
    00002279 00                    8916 	.db #0x00	; 0
    0000227A 00                    8917 	.db #0x00	; 0
    0000227B 5A                    8918 	.db #0x5a	; 90	'Z'
    0000227C 00                    8919 	.db #0x00	; 0
    0000227D 00                    8920 	.db #0x00	; 0
    0000227E 5A                    8921 	.db #0x5a	; 90	'Z'
    0000227F 0B                    8922 	.db #0x0b	; 11
    00002280 05                    8923 	.db #0x05	; 5
    00002281                       8924 _itSquareSP9:
    00002281 5A                    8925 	.db #0x5a	; 90	'Z'
    00002282 01                    8926 	.db #0x01	; 1
    00002283 03                    8927 	.db #0x03	; 3
    00002284 5A                    8928 	.db #0x5a	; 90	'Z'
    00002285 00                    8929 	.db #0x00	; 0
    00002286 00                    8930 	.db #0x00	; 0
    00002287 5A                    8931 	.db #0x5a	; 90	'Z'
    00002288 00                    8932 	.db #0x00	; 0
    00002289 00                    8933 	.db #0x00	; 0
    0000228A 5A                    8934 	.db #0x5a	; 90	'Z'
    0000228B 00                    8935 	.db #0x00	; 0
    0000228C 00                    8936 	.db #0x00	; 0
    0000228D 5A                    8937 	.db #0x5a	; 90	'Z'
    0000228E 02                    8938 	.db #0x02	; 2
    0000228F 03                    8939 	.db #0x03	; 3
    00002290 5A                    8940 	.db #0x5a	; 90	'Z'
    00002291 00                    8941 	.db #0x00	; 0
    00002292 00                    8942 	.db #0x00	; 0
    00002293 5A                    8943 	.db #0x5a	; 90	'Z'
    00002294 00                    8944 	.db #0x00	; 0
    00002295 00                    8945 	.db #0x00	; 0
    00002296 5A                    8946 	.db #0x5a	; 90	'Z'
    00002297 00                    8947 	.db #0x00	; 0
    00002298 00                    8948 	.db #0x00	; 0
    00002299 5A                    8949 	.db #0x5a	; 90	'Z'
    0000229A 10                    8950 	.db #0x10	; 16
    0000229B 00                    8951 	.db #0x00	; 0
    0000229C 5A                    8952 	.db #0x5a	; 90	'Z'
    0000229D 00                    8953 	.db #0x00	; 0
    0000229E 00                    8954 	.db #0x00	; 0
    0000229F 5A                    8955 	.db #0x5a	; 90	'Z'
    000022A0 00                    8956 	.db #0x00	; 0
    000022A1 00                    8957 	.db #0x00	; 0
    000022A2 5A                    8958 	.db #0x5a	; 90	'Z'
    000022A3 00                    8959 	.db #0x00	; 0
    000022A4 00                    8960 	.db #0x00	; 0
    000022A5 5A                    8961 	.db #0x5a	; 90	'Z'
    000022A6 00                    8962 	.db #0x00	; 0
    000022A7 00                    8963 	.db #0x00	; 0
    000022A8 5A                    8964 	.db #0x5a	; 90	'Z'
    000022A9 00                    8965 	.db #0x00	; 0
    000022AA 00                    8966 	.db #0x00	; 0
    000022AB 5A                    8967 	.db #0x5a	; 90	'Z'
    000022AC 00                    8968 	.db #0x00	; 0
    000022AD 00                    8969 	.db #0x00	; 0
    000022AE 5A                    8970 	.db #0x5a	; 90	'Z'
    000022AF 00                    8971 	.db #0x00	; 0
    000022B0 00                    8972 	.db #0x00	; 0
    000022B1 5A                    8973 	.db #0x5a	; 90	'Z'
    000022B2 00                    8974 	.db #0x00	; 0
    000022B3 00                    8975 	.db #0x00	; 0
    000022B4 5A                    8976 	.db #0x5a	; 90	'Z'
    000022B5 00                    8977 	.db #0x00	; 0
    000022B6 00                    8978 	.db #0x00	; 0
    000022B7 5A                    8979 	.db #0x5a	; 90	'Z'
    000022B8 00                    8980 	.db #0x00	; 0
    000022B9 00                    8981 	.db #0x00	; 0
    000022BA 5A                    8982 	.db #0x5a	; 90	'Z'
    000022BB 00                    8983 	.db #0x00	; 0
    000022BC 00                    8984 	.db #0x00	; 0
    000022BD 5A                    8985 	.db #0x5a	; 90	'Z'
    000022BE 00                    8986 	.db #0x00	; 0
    000022BF 00                    8987 	.db #0x00	; 0
    000022C0 5A                    8988 	.db #0x5a	; 90	'Z'
    000022C1 00                    8989 	.db #0x00	; 0
    000022C2 00                    8990 	.db #0x00	; 0
    000022C3 5A                    8991 	.db #0x5a	; 90	'Z'
    000022C4 00                    8992 	.db #0x00	; 0
    000022C5 00                    8993 	.db #0x00	; 0
    000022C6 5A                    8994 	.db #0x5a	; 90	'Z'
    000022C7 00                    8995 	.db #0x00	; 0
    000022C8 00                    8996 	.db #0x00	; 0
    000022C9 5A                    8997 	.db #0x5a	; 90	'Z'
    000022CA 00                    8998 	.db #0x00	; 0
    000022CB 00                    8999 	.db #0x00	; 0
    000022CC 5A                    9000 	.db #0x5a	; 90	'Z'
    000022CD 00                    9001 	.db #0x00	; 0
    000022CE 00                    9002 	.db #0x00	; 0
    000022CF 5A                    9003 	.db #0x5a	; 90	'Z'
    000022D0 00                    9004 	.db #0x00	; 0
    000022D1 00                    9005 	.db #0x00	; 0
    000022D2 5A                    9006 	.db #0x5a	; 90	'Z'
    000022D3 00                    9007 	.db #0x00	; 0
    000022D4 00                    9008 	.db #0x00	; 0
    000022D5 5A                    9009 	.db #0x5a	; 90	'Z'
    000022D6 00                    9010 	.db #0x00	; 0
    000022D7 00                    9011 	.db #0x00	; 0
    000022D8 5A                    9012 	.db #0x5a	; 90	'Z'
    000022D9 00                    9013 	.db #0x00	; 0
    000022DA 00                    9014 	.db #0x00	; 0
    000022DB 5A                    9015 	.db #0x5a	; 90	'Z'
    000022DC 00                    9016 	.db #0x00	; 0
    000022DD 00                    9017 	.db #0x00	; 0
    000022DE 5A                    9018 	.db #0x5a	; 90	'Z'
    000022DF 10                    9019 	.db #0x10	; 16
    000022E0 00                    9020 	.db #0x00	; 0
    000022E1                       9021 _itSquareSP10:
    000022E1 5A                    9022 	.db #0x5a	; 90	'Z'
    000022E2 01                    9023 	.db #0x01	; 1
    000022E3 01                    9024 	.db #0x01	; 1
    000022E4 5A                    9025 	.db #0x5a	; 90	'Z'
    000022E5 01                    9026 	.db #0x01	; 1
    000022E6 01                    9027 	.db #0x01	; 1
    000022E7 5A                    9028 	.db #0x5a	; 90	'Z'
    000022E8 01                    9029 	.db #0x01	; 1
    000022E9 01                    9030 	.db #0x01	; 1
    000022EA 5A                    9031 	.db #0x5a	; 90	'Z'
    000022EB 01                    9032 	.db #0x01	; 1
    000022EC 01                    9033 	.db #0x01	; 1
    000022ED 5A                    9034 	.db #0x5a	; 90	'Z'
    000022EE 02                    9035 	.db #0x02	; 2
    000022EF 01                    9036 	.db #0x01	; 1
    000022F0 5A                    9037 	.db #0x5a	; 90	'Z'
    000022F1 02                    9038 	.db #0x02	; 2
    000022F2 01                    9039 	.db #0x01	; 1
    000022F3 5A                    9040 	.db #0x5a	; 90	'Z'
    000022F4 02                    9041 	.db #0x02	; 2
    000022F5 01                    9042 	.db #0x01	; 1
    000022F6 5A                    9043 	.db #0x5a	; 90	'Z'
    000022F7 12                    9044 	.db #0x12	; 18
    000022F8 01                    9045 	.db #0x01	; 1
    000022F9 5A                    9046 	.db #0x5a	; 90	'Z'
    000022FA 00                    9047 	.db #0x00	; 0
    000022FB 00                    9048 	.db #0x00	; 0
    000022FC 5A                    9049 	.db #0x5a	; 90	'Z'
    000022FD 00                    9050 	.db #0x00	; 0
    000022FE 00                    9051 	.db #0x00	; 0
    000022FF 5A                    9052 	.db #0x5a	; 90	'Z'
    00002300 00                    9053 	.db #0x00	; 0
    00002301 00                    9054 	.db #0x00	; 0
    00002302 5A                    9055 	.db #0x5a	; 90	'Z'
    00002303 00                    9056 	.db #0x00	; 0
    00002304 00                    9057 	.db #0x00	; 0
    00002305 5A                    9058 	.db #0x5a	; 90	'Z'
    00002306 00                    9059 	.db #0x00	; 0
    00002307 00                    9060 	.db #0x00	; 0
    00002308 5A                    9061 	.db #0x5a	; 90	'Z'
    00002309 00                    9062 	.db #0x00	; 0
    0000230A 00                    9063 	.db #0x00	; 0
    0000230B 5A                    9064 	.db #0x5a	; 90	'Z'
    0000230C 00                    9065 	.db #0x00	; 0
    0000230D 00                    9066 	.db #0x00	; 0
    0000230E 5A                    9067 	.db #0x5a	; 90	'Z'
    0000230F 00                    9068 	.db #0x00	; 0
    00002310 00                    9069 	.db #0x00	; 0
    00002311 5A                    9070 	.db #0x5a	; 90	'Z'
    00002312 00                    9071 	.db #0x00	; 0
    00002313 00                    9072 	.db #0x00	; 0
    00002314 5A                    9073 	.db #0x5a	; 90	'Z'
    00002315 00                    9074 	.db #0x00	; 0
    00002316 00                    9075 	.db #0x00	; 0
    00002317 5A                    9076 	.db #0x5a	; 90	'Z'
    00002318 00                    9077 	.db #0x00	; 0
    00002319 00                    9078 	.db #0x00	; 0
    0000231A 5A                    9079 	.db #0x5a	; 90	'Z'
    0000231B 00                    9080 	.db #0x00	; 0
    0000231C 00                    9081 	.db #0x00	; 0
    0000231D 5A                    9082 	.db #0x5a	; 90	'Z'
    0000231E 00                    9083 	.db #0x00	; 0
    0000231F 00                    9084 	.db #0x00	; 0
    00002320 5A                    9085 	.db #0x5a	; 90	'Z'
    00002321 00                    9086 	.db #0x00	; 0
    00002322 00                    9087 	.db #0x00	; 0
    00002323 5A                    9088 	.db #0x5a	; 90	'Z'
    00002324 00                    9089 	.db #0x00	; 0
    00002325 00                    9090 	.db #0x00	; 0
    00002326 5A                    9091 	.db #0x5a	; 90	'Z'
    00002327 00                    9092 	.db #0x00	; 0
    00002328 00                    9093 	.db #0x00	; 0
    00002329 5A                    9094 	.db #0x5a	; 90	'Z'
    0000232A 00                    9095 	.db #0x00	; 0
    0000232B 00                    9096 	.db #0x00	; 0
    0000232C 5A                    9097 	.db #0x5a	; 90	'Z'
    0000232D 00                    9098 	.db #0x00	; 0
    0000232E 00                    9099 	.db #0x00	; 0
    0000232F 5A                    9100 	.db #0x5a	; 90	'Z'
    00002330 00                    9101 	.db #0x00	; 0
    00002331 00                    9102 	.db #0x00	; 0
    00002332 5A                    9103 	.db #0x5a	; 90	'Z'
    00002333 00                    9104 	.db #0x00	; 0
    00002334 00                    9105 	.db #0x00	; 0
    00002335 5A                    9106 	.db #0x5a	; 90	'Z'
    00002336 00                    9107 	.db #0x00	; 0
    00002337 00                    9108 	.db #0x00	; 0
    00002338 5A                    9109 	.db #0x5a	; 90	'Z'
    00002339 00                    9110 	.db #0x00	; 0
    0000233A 00                    9111 	.db #0x00	; 0
    0000233B 5A                    9112 	.db #0x5a	; 90	'Z'
    0000233C 00                    9113 	.db #0x00	; 0
    0000233D 00                    9114 	.db #0x00	; 0
    0000233E 5A                    9115 	.db #0x5a	; 90	'Z'
    0000233F 10                    9116 	.db #0x10	; 16
    00002340 00                    9117 	.db #0x00	; 0
    00002341                       9118 _itNoiseSP1:
    00002341 44                    9119 	.db #0x44	; 68	'D'
    00002342 00                    9120 	.db #0x00	; 0
    00002343 00                    9121 	.db #0x00	; 0
    00002344 44                    9122 	.db #0x44	; 68	'D'
    00002345 20                    9123 	.db #0x20	; 32
    00002346 00                    9124 	.db #0x00	; 0
    00002347 5A                    9125 	.db #0x5a	; 90	'Z'
    00002348 00                    9126 	.db #0x00	; 0
    00002349 00                    9127 	.db #0x00	; 0
    0000234A 5A                    9128 	.db #0x5a	; 90	'Z'
    0000234B 00                    9129 	.db #0x00	; 0
    0000234C 00                    9130 	.db #0x00	; 0
    0000234D 5A                    9131 	.db #0x5a	; 90	'Z'
    0000234E 00                    9132 	.db #0x00	; 0
    0000234F 00                    9133 	.db #0x00	; 0
    00002350 5A                    9134 	.db #0x5a	; 90	'Z'
    00002351 00                    9135 	.db #0x00	; 0
    00002352 00                    9136 	.db #0x00	; 0
    00002353 5A                    9137 	.db #0x5a	; 90	'Z'
    00002354 00                    9138 	.db #0x00	; 0
    00002355 00                    9139 	.db #0x00	; 0
    00002356 5A                    9140 	.db #0x5a	; 90	'Z'
    00002357 00                    9141 	.db #0x00	; 0
    00002358 00                    9142 	.db #0x00	; 0
    00002359 5A                    9143 	.db #0x5a	; 90	'Z'
    0000235A 00                    9144 	.db #0x00	; 0
    0000235B 00                    9145 	.db #0x00	; 0
    0000235C 5A                    9146 	.db #0x5a	; 90	'Z'
    0000235D 00                    9147 	.db #0x00	; 0
    0000235E 00                    9148 	.db #0x00	; 0
    0000235F 5A                    9149 	.db #0x5a	; 90	'Z'
    00002360 00                    9150 	.db #0x00	; 0
    00002361 00                    9151 	.db #0x00	; 0
    00002362 5A                    9152 	.db #0x5a	; 90	'Z'
    00002363 00                    9153 	.db #0x00	; 0
    00002364 00                    9154 	.db #0x00	; 0
    00002365 5A                    9155 	.db #0x5a	; 90	'Z'
    00002366 00                    9156 	.db #0x00	; 0
    00002367 00                    9157 	.db #0x00	; 0
    00002368 5A                    9158 	.db #0x5a	; 90	'Z'
    00002369 00                    9159 	.db #0x00	; 0
    0000236A 00                    9160 	.db #0x00	; 0
    0000236B 5A                    9161 	.db #0x5a	; 90	'Z'
    0000236C 00                    9162 	.db #0x00	; 0
    0000236D 00                    9163 	.db #0x00	; 0
    0000236E 5A                    9164 	.db #0x5a	; 90	'Z'
    0000236F 00                    9165 	.db #0x00	; 0
    00002370 00                    9166 	.db #0x00	; 0
    00002371 5A                    9167 	.db #0x5a	; 90	'Z'
    00002372 00                    9168 	.db #0x00	; 0
    00002373 00                    9169 	.db #0x00	; 0
    00002374 5A                    9170 	.db #0x5a	; 90	'Z'
    00002375 00                    9171 	.db #0x00	; 0
    00002376 00                    9172 	.db #0x00	; 0
    00002377 5A                    9173 	.db #0x5a	; 90	'Z'
    00002378 00                    9174 	.db #0x00	; 0
    00002379 00                    9175 	.db #0x00	; 0
    0000237A 5A                    9176 	.db #0x5a	; 90	'Z'
    0000237B 00                    9177 	.db #0x00	; 0
    0000237C 00                    9178 	.db #0x00	; 0
    0000237D 5A                    9179 	.db #0x5a	; 90	'Z'
    0000237E 00                    9180 	.db #0x00	; 0
    0000237F 00                    9181 	.db #0x00	; 0
    00002380 5A                    9182 	.db #0x5a	; 90	'Z'
    00002381 00                    9183 	.db #0x00	; 0
    00002382 00                    9184 	.db #0x00	; 0
    00002383 5A                    9185 	.db #0x5a	; 90	'Z'
    00002384 00                    9186 	.db #0x00	; 0
    00002385 00                    9187 	.db #0x00	; 0
    00002386 5A                    9188 	.db #0x5a	; 90	'Z'
    00002387 00                    9189 	.db #0x00	; 0
    00002388 00                    9190 	.db #0x00	; 0
    00002389 5A                    9191 	.db #0x5a	; 90	'Z'
    0000238A 00                    9192 	.db #0x00	; 0
    0000238B 00                    9193 	.db #0x00	; 0
    0000238C 5A                    9194 	.db #0x5a	; 90	'Z'
    0000238D 00                    9195 	.db #0x00	; 0
    0000238E 00                    9196 	.db #0x00	; 0
    0000238F 5A                    9197 	.db #0x5a	; 90	'Z'
    00002390 00                    9198 	.db #0x00	; 0
    00002391 00                    9199 	.db #0x00	; 0
    00002392 5A                    9200 	.db #0x5a	; 90	'Z'
    00002393 00                    9201 	.db #0x00	; 0
    00002394 00                    9202 	.db #0x00	; 0
    00002395 5A                    9203 	.db #0x5a	; 90	'Z'
    00002396 00                    9204 	.db #0x00	; 0
    00002397 00                    9205 	.db #0x00	; 0
    00002398 5A                    9206 	.db #0x5a	; 90	'Z'
    00002399 00                    9207 	.db #0x00	; 0
    0000239A 00                    9208 	.db #0x00	; 0
    0000239B 5A                    9209 	.db #0x5a	; 90	'Z'
    0000239C 00                    9210 	.db #0x00	; 0
    0000239D 00                    9211 	.db #0x00	; 0
    0000239E 5A                    9212 	.db #0x5a	; 90	'Z'
    0000239F 10                    9213 	.db #0x10	; 16
    000023A0 00                    9214 	.db #0x00	; 0
    000023A1                       9215 _itNoiseSP2:
    000023A1 43                    9216 	.db #0x43	; 67	'C'
    000023A2 00                    9217 	.db #0x00	; 0
    000023A3 00                    9218 	.db #0x00	; 0
    000023A4 43                    9219 	.db #0x43	; 67	'C'
    000023A5 20                    9220 	.db #0x20	; 32
    000023A6 00                    9221 	.db #0x00	; 0
    000023A7 5A                    9222 	.db #0x5a	; 90	'Z'
    000023A8 00                    9223 	.db #0x00	; 0
    000023A9 00                    9224 	.db #0x00	; 0
    000023AA 5A                    9225 	.db #0x5a	; 90	'Z'
    000023AB 00                    9226 	.db #0x00	; 0
    000023AC 00                    9227 	.db #0x00	; 0
    000023AD 5A                    9228 	.db #0x5a	; 90	'Z'
    000023AE 00                    9229 	.db #0x00	; 0
    000023AF 00                    9230 	.db #0x00	; 0
    000023B0 5A                    9231 	.db #0x5a	; 90	'Z'
    000023B1 00                    9232 	.db #0x00	; 0
    000023B2 00                    9233 	.db #0x00	; 0
    000023B3 5A                    9234 	.db #0x5a	; 90	'Z'
    000023B4 00                    9235 	.db #0x00	; 0
    000023B5 00                    9236 	.db #0x00	; 0
    000023B6 5A                    9237 	.db #0x5a	; 90	'Z'
    000023B7 00                    9238 	.db #0x00	; 0
    000023B8 00                    9239 	.db #0x00	; 0
    000023B9 5A                    9240 	.db #0x5a	; 90	'Z'
    000023BA 00                    9241 	.db #0x00	; 0
    000023BB 00                    9242 	.db #0x00	; 0
    000023BC 5A                    9243 	.db #0x5a	; 90	'Z'
    000023BD 00                    9244 	.db #0x00	; 0
    000023BE 00                    9245 	.db #0x00	; 0
    000023BF 5A                    9246 	.db #0x5a	; 90	'Z'
    000023C0 00                    9247 	.db #0x00	; 0
    000023C1 00                    9248 	.db #0x00	; 0
    000023C2 5A                    9249 	.db #0x5a	; 90	'Z'
    000023C3 00                    9250 	.db #0x00	; 0
    000023C4 00                    9251 	.db #0x00	; 0
    000023C5 5A                    9252 	.db #0x5a	; 90	'Z'
    000023C6 00                    9253 	.db #0x00	; 0
    000023C7 00                    9254 	.db #0x00	; 0
    000023C8 5A                    9255 	.db #0x5a	; 90	'Z'
    000023C9 00                    9256 	.db #0x00	; 0
    000023CA 00                    9257 	.db #0x00	; 0
    000023CB 5A                    9258 	.db #0x5a	; 90	'Z'
    000023CC 00                    9259 	.db #0x00	; 0
    000023CD 00                    9260 	.db #0x00	; 0
    000023CE 5A                    9261 	.db #0x5a	; 90	'Z'
    000023CF 00                    9262 	.db #0x00	; 0
    000023D0 00                    9263 	.db #0x00	; 0
    000023D1 5A                    9264 	.db #0x5a	; 90	'Z'
    000023D2 00                    9265 	.db #0x00	; 0
    000023D3 00                    9266 	.db #0x00	; 0
    000023D4 5A                    9267 	.db #0x5a	; 90	'Z'
    000023D5 00                    9268 	.db #0x00	; 0
    000023D6 00                    9269 	.db #0x00	; 0
    000023D7 5A                    9270 	.db #0x5a	; 90	'Z'
    000023D8 00                    9271 	.db #0x00	; 0
    000023D9 00                    9272 	.db #0x00	; 0
    000023DA 5A                    9273 	.db #0x5a	; 90	'Z'
    000023DB 00                    9274 	.db #0x00	; 0
    000023DC 00                    9275 	.db #0x00	; 0
    000023DD 5A                    9276 	.db #0x5a	; 90	'Z'
    000023DE 00                    9277 	.db #0x00	; 0
    000023DF 00                    9278 	.db #0x00	; 0
    000023E0 5A                    9279 	.db #0x5a	; 90	'Z'
    000023E1 00                    9280 	.db #0x00	; 0
    000023E2 00                    9281 	.db #0x00	; 0
    000023E3 5A                    9282 	.db #0x5a	; 90	'Z'
    000023E4 00                    9283 	.db #0x00	; 0
    000023E5 00                    9284 	.db #0x00	; 0
    000023E6 5A                    9285 	.db #0x5a	; 90	'Z'
    000023E7 00                    9286 	.db #0x00	; 0
    000023E8 00                    9287 	.db #0x00	; 0
    000023E9 5A                    9288 	.db #0x5a	; 90	'Z'
    000023EA 00                    9289 	.db #0x00	; 0
    000023EB 00                    9290 	.db #0x00	; 0
    000023EC 5A                    9291 	.db #0x5a	; 90	'Z'
    000023ED 00                    9292 	.db #0x00	; 0
    000023EE 00                    9293 	.db #0x00	; 0
    000023EF 5A                    9294 	.db #0x5a	; 90	'Z'
    000023F0 00                    9295 	.db #0x00	; 0
    000023F1 00                    9296 	.db #0x00	; 0
    000023F2 5A                    9297 	.db #0x5a	; 90	'Z'
    000023F3 00                    9298 	.db #0x00	; 0
    000023F4 00                    9299 	.db #0x00	; 0
    000023F5 5A                    9300 	.db #0x5a	; 90	'Z'
    000023F6 00                    9301 	.db #0x00	; 0
    000023F7 00                    9302 	.db #0x00	; 0
    000023F8 5A                    9303 	.db #0x5a	; 90	'Z'
    000023F9 00                    9304 	.db #0x00	; 0
    000023FA 00                    9305 	.db #0x00	; 0
    000023FB 5A                    9306 	.db #0x5a	; 90	'Z'
    000023FC 00                    9307 	.db #0x00	; 0
    000023FD 00                    9308 	.db #0x00	; 0
    000023FE 5A                    9309 	.db #0x5a	; 90	'Z'
    000023FF 10                    9310 	.db #0x10	; 16
    00002400 00                    9311 	.db #0x00	; 0
    00002401                       9312 _itNoiseSP3:
    00002401 3E                    9313 	.db #0x3e	; 62
    00002402 00                    9314 	.db #0x00	; 0
    00002403 00                    9315 	.db #0x00	; 0
    00002404 3D                    9316 	.db #0x3d	; 61
    00002405 00                    9317 	.db #0x00	; 0
    00002406 00                    9318 	.db #0x00	; 0
    00002407 3C                    9319 	.db #0x3c	; 60
    00002408 00                    9320 	.db #0x00	; 0
    00002409 00                    9321 	.db #0x00	; 0
    0000240A 3C                    9322 	.db #0x3c	; 60
    0000240B 40                    9323 	.db #0x40	; 64
    0000240C 00                    9324 	.db #0x00	; 0
    0000240D 5A                    9325 	.db #0x5a	; 90	'Z'
    0000240E 00                    9326 	.db #0x00	; 0
    0000240F 00                    9327 	.db #0x00	; 0
    00002410 5A                    9328 	.db #0x5a	; 90	'Z'
    00002411 00                    9329 	.db #0x00	; 0
    00002412 00                    9330 	.db #0x00	; 0
    00002413 5A                    9331 	.db #0x5a	; 90	'Z'
    00002414 00                    9332 	.db #0x00	; 0
    00002415 00                    9333 	.db #0x00	; 0
    00002416 5A                    9334 	.db #0x5a	; 90	'Z'
    00002417 00                    9335 	.db #0x00	; 0
    00002418 00                    9336 	.db #0x00	; 0
    00002419 5A                    9337 	.db #0x5a	; 90	'Z'
    0000241A 00                    9338 	.db #0x00	; 0
    0000241B 00                    9339 	.db #0x00	; 0
    0000241C 5A                    9340 	.db #0x5a	; 90	'Z'
    0000241D 00                    9341 	.db #0x00	; 0
    0000241E 00                    9342 	.db #0x00	; 0
    0000241F 5A                    9343 	.db #0x5a	; 90	'Z'
    00002420 00                    9344 	.db #0x00	; 0
    00002421 00                    9345 	.db #0x00	; 0
    00002422 5A                    9346 	.db #0x5a	; 90	'Z'
    00002423 00                    9347 	.db #0x00	; 0
    00002424 00                    9348 	.db #0x00	; 0
    00002425 5A                    9349 	.db #0x5a	; 90	'Z'
    00002426 00                    9350 	.db #0x00	; 0
    00002427 00                    9351 	.db #0x00	; 0
    00002428 5A                    9352 	.db #0x5a	; 90	'Z'
    00002429 00                    9353 	.db #0x00	; 0
    0000242A 00                    9354 	.db #0x00	; 0
    0000242B 5A                    9355 	.db #0x5a	; 90	'Z'
    0000242C 00                    9356 	.db #0x00	; 0
    0000242D 00                    9357 	.db #0x00	; 0
    0000242E 5A                    9358 	.db #0x5a	; 90	'Z'
    0000242F 00                    9359 	.db #0x00	; 0
    00002430 00                    9360 	.db #0x00	; 0
    00002431 5A                    9361 	.db #0x5a	; 90	'Z'
    00002432 00                    9362 	.db #0x00	; 0
    00002433 00                    9363 	.db #0x00	; 0
    00002434 5A                    9364 	.db #0x5a	; 90	'Z'
    00002435 00                    9365 	.db #0x00	; 0
    00002436 00                    9366 	.db #0x00	; 0
    00002437 5A                    9367 	.db #0x5a	; 90	'Z'
    00002438 00                    9368 	.db #0x00	; 0
    00002439 00                    9369 	.db #0x00	; 0
    0000243A 5A                    9370 	.db #0x5a	; 90	'Z'
    0000243B 00                    9371 	.db #0x00	; 0
    0000243C 00                    9372 	.db #0x00	; 0
    0000243D 5A                    9373 	.db #0x5a	; 90	'Z'
    0000243E 00                    9374 	.db #0x00	; 0
    0000243F 00                    9375 	.db #0x00	; 0
    00002440 5A                    9376 	.db #0x5a	; 90	'Z'
    00002441 00                    9377 	.db #0x00	; 0
    00002442 00                    9378 	.db #0x00	; 0
    00002443 5A                    9379 	.db #0x5a	; 90	'Z'
    00002444 00                    9380 	.db #0x00	; 0
    00002445 00                    9381 	.db #0x00	; 0
    00002446 5A                    9382 	.db #0x5a	; 90	'Z'
    00002447 00                    9383 	.db #0x00	; 0
    00002448 00                    9384 	.db #0x00	; 0
    00002449 5A                    9385 	.db #0x5a	; 90	'Z'
    0000244A 00                    9386 	.db #0x00	; 0
    0000244B 00                    9387 	.db #0x00	; 0
    0000244C 5A                    9388 	.db #0x5a	; 90	'Z'
    0000244D 00                    9389 	.db #0x00	; 0
    0000244E 00                    9390 	.db #0x00	; 0
    0000244F 5A                    9391 	.db #0x5a	; 90	'Z'
    00002450 00                    9392 	.db #0x00	; 0
    00002451 00                    9393 	.db #0x00	; 0
    00002452 5A                    9394 	.db #0x5a	; 90	'Z'
    00002453 00                    9395 	.db #0x00	; 0
    00002454 00                    9396 	.db #0x00	; 0
    00002455 5A                    9397 	.db #0x5a	; 90	'Z'
    00002456 00                    9398 	.db #0x00	; 0
    00002457 00                    9399 	.db #0x00	; 0
    00002458 5A                    9400 	.db #0x5a	; 90	'Z'
    00002459 00                    9401 	.db #0x00	; 0
    0000245A 00                    9402 	.db #0x00	; 0
    0000245B 5A                    9403 	.db #0x5a	; 90	'Z'
    0000245C 00                    9404 	.db #0x00	; 0
    0000245D 00                    9405 	.db #0x00	; 0
    0000245E 5A                    9406 	.db #0x5a	; 90	'Z'
    0000245F 10                    9407 	.db #0x10	; 16
    00002460 00                    9408 	.db #0x00	; 0
    00002461                       9409 _itNoiseSP4:
    00002461 44                    9410 	.db #0x44	; 68	'D'
    00002462 00                    9411 	.db #0x00	; 0
    00002463 00                    9412 	.db #0x00	; 0
    00002464 44                    9413 	.db #0x44	; 68	'D'
    00002465 20                    9414 	.db #0x20	; 32
    00002466 00                    9415 	.db #0x00	; 0
    00002467 5A                    9416 	.db #0x5a	; 90	'Z'
    00002468 00                    9417 	.db #0x00	; 0
    00002469 00                    9418 	.db #0x00	; 0
    0000246A 5A                    9419 	.db #0x5a	; 90	'Z'
    0000246B 00                    9420 	.db #0x00	; 0
    0000246C 00                    9421 	.db #0x00	; 0
    0000246D 5A                    9422 	.db #0x5a	; 90	'Z'
    0000246E 00                    9423 	.db #0x00	; 0
    0000246F 00                    9424 	.db #0x00	; 0
    00002470 5A                    9425 	.db #0x5a	; 90	'Z'
    00002471 00                    9426 	.db #0x00	; 0
    00002472 00                    9427 	.db #0x00	; 0
    00002473 5A                    9428 	.db #0x5a	; 90	'Z'
    00002474 00                    9429 	.db #0x00	; 0
    00002475 00                    9430 	.db #0x00	; 0
    00002476 5A                    9431 	.db #0x5a	; 90	'Z'
    00002477 00                    9432 	.db #0x00	; 0
    00002478 00                    9433 	.db #0x00	; 0
    00002479 5A                    9434 	.db #0x5a	; 90	'Z'
    0000247A 00                    9435 	.db #0x00	; 0
    0000247B 00                    9436 	.db #0x00	; 0
    0000247C 5A                    9437 	.db #0x5a	; 90	'Z'
    0000247D 00                    9438 	.db #0x00	; 0
    0000247E 00                    9439 	.db #0x00	; 0
    0000247F 5A                    9440 	.db #0x5a	; 90	'Z'
    00002480 00                    9441 	.db #0x00	; 0
    00002481 00                    9442 	.db #0x00	; 0
    00002482 5A                    9443 	.db #0x5a	; 90	'Z'
    00002483 00                    9444 	.db #0x00	; 0
    00002484 00                    9445 	.db #0x00	; 0
    00002485 5A                    9446 	.db #0x5a	; 90	'Z'
    00002486 00                    9447 	.db #0x00	; 0
    00002487 00                    9448 	.db #0x00	; 0
    00002488 5A                    9449 	.db #0x5a	; 90	'Z'
    00002489 00                    9450 	.db #0x00	; 0
    0000248A 00                    9451 	.db #0x00	; 0
    0000248B 5A                    9452 	.db #0x5a	; 90	'Z'
    0000248C 00                    9453 	.db #0x00	; 0
    0000248D 00                    9454 	.db #0x00	; 0
    0000248E 5A                    9455 	.db #0x5a	; 90	'Z'
    0000248F 00                    9456 	.db #0x00	; 0
    00002490 00                    9457 	.db #0x00	; 0
    00002491 5A                    9458 	.db #0x5a	; 90	'Z'
    00002492 00                    9459 	.db #0x00	; 0
    00002493 00                    9460 	.db #0x00	; 0
    00002494 5A                    9461 	.db #0x5a	; 90	'Z'
    00002495 00                    9462 	.db #0x00	; 0
    00002496 00                    9463 	.db #0x00	; 0
    00002497 5A                    9464 	.db #0x5a	; 90	'Z'
    00002498 00                    9465 	.db #0x00	; 0
    00002499 00                    9466 	.db #0x00	; 0
    0000249A 5A                    9467 	.db #0x5a	; 90	'Z'
    0000249B 00                    9468 	.db #0x00	; 0
    0000249C 00                    9469 	.db #0x00	; 0
    0000249D 5A                    9470 	.db #0x5a	; 90	'Z'
    0000249E 00                    9471 	.db #0x00	; 0
    0000249F 00                    9472 	.db #0x00	; 0
    000024A0 5A                    9473 	.db #0x5a	; 90	'Z'
    000024A1 00                    9474 	.db #0x00	; 0
    000024A2 00                    9475 	.db #0x00	; 0
    000024A3 5A                    9476 	.db #0x5a	; 90	'Z'
    000024A4 00                    9477 	.db #0x00	; 0
    000024A5 00                    9478 	.db #0x00	; 0
    000024A6 5A                    9479 	.db #0x5a	; 90	'Z'
    000024A7 00                    9480 	.db #0x00	; 0
    000024A8 00                    9481 	.db #0x00	; 0
    000024A9 5A                    9482 	.db #0x5a	; 90	'Z'
    000024AA 00                    9483 	.db #0x00	; 0
    000024AB 00                    9484 	.db #0x00	; 0
    000024AC 5A                    9485 	.db #0x5a	; 90	'Z'
    000024AD 00                    9486 	.db #0x00	; 0
    000024AE 00                    9487 	.db #0x00	; 0
    000024AF 5A                    9488 	.db #0x5a	; 90	'Z'
    000024B0 00                    9489 	.db #0x00	; 0
    000024B1 00                    9490 	.db #0x00	; 0
    000024B2 5A                    9491 	.db #0x5a	; 90	'Z'
    000024B3 00                    9492 	.db #0x00	; 0
    000024B4 00                    9493 	.db #0x00	; 0
    000024B5 5A                    9494 	.db #0x5a	; 90	'Z'
    000024B6 00                    9495 	.db #0x00	; 0
    000024B7 00                    9496 	.db #0x00	; 0
    000024B8 5A                    9497 	.db #0x5a	; 90	'Z'
    000024B9 00                    9498 	.db #0x00	; 0
    000024BA 00                    9499 	.db #0x00	; 0
    000024BB 5A                    9500 	.db #0x5a	; 90	'Z'
    000024BC 00                    9501 	.db #0x00	; 0
    000024BD 00                    9502 	.db #0x00	; 0
    000024BE 5A                    9503 	.db #0x5a	; 90	'Z'
    000024BF 10                    9504 	.db #0x10	; 16
    000024C0 00                    9505 	.db #0x00	; 0
    000024C1                       9506 _itNoiseSP5:
    000024C1 36                    9507 	.db #0x36	; 54	'6'
    000024C2 00                    9508 	.db #0x00	; 0
    000024C3 00                    9509 	.db #0x00	; 0
    000024C4 36                    9510 	.db #0x36	; 54	'6'
    000024C5 20                    9511 	.db #0x20	; 32
    000024C6 00                    9512 	.db #0x00	; 0
    000024C7 5A                    9513 	.db #0x5a	; 90	'Z'
    000024C8 00                    9514 	.db #0x00	; 0
    000024C9 00                    9515 	.db #0x00	; 0
    000024CA 5A                    9516 	.db #0x5a	; 90	'Z'
    000024CB 00                    9517 	.db #0x00	; 0
    000024CC 00                    9518 	.db #0x00	; 0
    000024CD 5A                    9519 	.db #0x5a	; 90	'Z'
    000024CE 00                    9520 	.db #0x00	; 0
    000024CF 00                    9521 	.db #0x00	; 0
    000024D0 5A                    9522 	.db #0x5a	; 90	'Z'
    000024D1 00                    9523 	.db #0x00	; 0
    000024D2 00                    9524 	.db #0x00	; 0
    000024D3 5A                    9525 	.db #0x5a	; 90	'Z'
    000024D4 00                    9526 	.db #0x00	; 0
    000024D5 00                    9527 	.db #0x00	; 0
    000024D6 5A                    9528 	.db #0x5a	; 90	'Z'
    000024D7 00                    9529 	.db #0x00	; 0
    000024D8 00                    9530 	.db #0x00	; 0
    000024D9 5A                    9531 	.db #0x5a	; 90	'Z'
    000024DA 00                    9532 	.db #0x00	; 0
    000024DB 00                    9533 	.db #0x00	; 0
    000024DC 5A                    9534 	.db #0x5a	; 90	'Z'
    000024DD 00                    9535 	.db #0x00	; 0
    000024DE 00                    9536 	.db #0x00	; 0
    000024DF 5A                    9537 	.db #0x5a	; 90	'Z'
    000024E0 00                    9538 	.db #0x00	; 0
    000024E1 00                    9539 	.db #0x00	; 0
    000024E2 5A                    9540 	.db #0x5a	; 90	'Z'
    000024E3 00                    9541 	.db #0x00	; 0
    000024E4 00                    9542 	.db #0x00	; 0
    000024E5 5A                    9543 	.db #0x5a	; 90	'Z'
    000024E6 00                    9544 	.db #0x00	; 0
    000024E7 00                    9545 	.db #0x00	; 0
    000024E8 5A                    9546 	.db #0x5a	; 90	'Z'
    000024E9 00                    9547 	.db #0x00	; 0
    000024EA 00                    9548 	.db #0x00	; 0
    000024EB 5A                    9549 	.db #0x5a	; 90	'Z'
    000024EC 00                    9550 	.db #0x00	; 0
    000024ED 00                    9551 	.db #0x00	; 0
    000024EE 5A                    9552 	.db #0x5a	; 90	'Z'
    000024EF 00                    9553 	.db #0x00	; 0
    000024F0 00                    9554 	.db #0x00	; 0
    000024F1 5A                    9555 	.db #0x5a	; 90	'Z'
    000024F2 00                    9556 	.db #0x00	; 0
    000024F3 00                    9557 	.db #0x00	; 0
    000024F4 5A                    9558 	.db #0x5a	; 90	'Z'
    000024F5 00                    9559 	.db #0x00	; 0
    000024F6 00                    9560 	.db #0x00	; 0
    000024F7 5A                    9561 	.db #0x5a	; 90	'Z'
    000024F8 00                    9562 	.db #0x00	; 0
    000024F9 00                    9563 	.db #0x00	; 0
    000024FA 5A                    9564 	.db #0x5a	; 90	'Z'
    000024FB 00                    9565 	.db #0x00	; 0
    000024FC 00                    9566 	.db #0x00	; 0
    000024FD 5A                    9567 	.db #0x5a	; 90	'Z'
    000024FE 00                    9568 	.db #0x00	; 0
    000024FF 00                    9569 	.db #0x00	; 0
    00002500 5A                    9570 	.db #0x5a	; 90	'Z'
    00002501 00                    9571 	.db #0x00	; 0
    00002502 00                    9572 	.db #0x00	; 0
    00002503 5A                    9573 	.db #0x5a	; 90	'Z'
    00002504 00                    9574 	.db #0x00	; 0
    00002505 00                    9575 	.db #0x00	; 0
    00002506 5A                    9576 	.db #0x5a	; 90	'Z'
    00002507 00                    9577 	.db #0x00	; 0
    00002508 00                    9578 	.db #0x00	; 0
    00002509 5A                    9579 	.db #0x5a	; 90	'Z'
    0000250A 00                    9580 	.db #0x00	; 0
    0000250B 00                    9581 	.db #0x00	; 0
    0000250C 5A                    9582 	.db #0x5a	; 90	'Z'
    0000250D 00                    9583 	.db #0x00	; 0
    0000250E 00                    9584 	.db #0x00	; 0
    0000250F 5A                    9585 	.db #0x5a	; 90	'Z'
    00002510 00                    9586 	.db #0x00	; 0
    00002511 00                    9587 	.db #0x00	; 0
    00002512 5A                    9588 	.db #0x5a	; 90	'Z'
    00002513 00                    9589 	.db #0x00	; 0
    00002514 00                    9590 	.db #0x00	; 0
    00002515 5A                    9591 	.db #0x5a	; 90	'Z'
    00002516 00                    9592 	.db #0x00	; 0
    00002517 00                    9593 	.db #0x00	; 0
    00002518 5A                    9594 	.db #0x5a	; 90	'Z'
    00002519 00                    9595 	.db #0x00	; 0
    0000251A 00                    9596 	.db #0x00	; 0
    0000251B 5A                    9597 	.db #0x5a	; 90	'Z'
    0000251C 00                    9598 	.db #0x00	; 0
    0000251D 00                    9599 	.db #0x00	; 0
    0000251E 5A                    9600 	.db #0x5a	; 90	'Z'
    0000251F 10                    9601 	.db #0x10	; 16
    00002520 00                    9602 	.db #0x00	; 0
    00002521                       9603 _itNoiseSP6:
    00002521 37                    9604 	.db #0x37	; 55	'7'
    00002522 00                    9605 	.db #0x00	; 0
    00002523 00                    9606 	.db #0x00	; 0
    00002524 37                    9607 	.db #0x37	; 55	'7'
    00002525 20                    9608 	.db #0x20	; 32
    00002526 00                    9609 	.db #0x00	; 0
    00002527 5A                    9610 	.db #0x5a	; 90	'Z'
    00002528 00                    9611 	.db #0x00	; 0
    00002529 00                    9612 	.db #0x00	; 0
    0000252A 5A                    9613 	.db #0x5a	; 90	'Z'
    0000252B 00                    9614 	.db #0x00	; 0
    0000252C 00                    9615 	.db #0x00	; 0
    0000252D 5A                    9616 	.db #0x5a	; 90	'Z'
    0000252E 00                    9617 	.db #0x00	; 0
    0000252F 00                    9618 	.db #0x00	; 0
    00002530 5A                    9619 	.db #0x5a	; 90	'Z'
    00002531 00                    9620 	.db #0x00	; 0
    00002532 00                    9621 	.db #0x00	; 0
    00002533 5A                    9622 	.db #0x5a	; 90	'Z'
    00002534 00                    9623 	.db #0x00	; 0
    00002535 00                    9624 	.db #0x00	; 0
    00002536 5A                    9625 	.db #0x5a	; 90	'Z'
    00002537 00                    9626 	.db #0x00	; 0
    00002538 00                    9627 	.db #0x00	; 0
    00002539 5A                    9628 	.db #0x5a	; 90	'Z'
    0000253A 00                    9629 	.db #0x00	; 0
    0000253B 00                    9630 	.db #0x00	; 0
    0000253C 5A                    9631 	.db #0x5a	; 90	'Z'
    0000253D 00                    9632 	.db #0x00	; 0
    0000253E 00                    9633 	.db #0x00	; 0
    0000253F 5A                    9634 	.db #0x5a	; 90	'Z'
    00002540 00                    9635 	.db #0x00	; 0
    00002541 00                    9636 	.db #0x00	; 0
    00002542 5A                    9637 	.db #0x5a	; 90	'Z'
    00002543 00                    9638 	.db #0x00	; 0
    00002544 00                    9639 	.db #0x00	; 0
    00002545 5A                    9640 	.db #0x5a	; 90	'Z'
    00002546 00                    9641 	.db #0x00	; 0
    00002547 00                    9642 	.db #0x00	; 0
    00002548 5A                    9643 	.db #0x5a	; 90	'Z'
    00002549 00                    9644 	.db #0x00	; 0
    0000254A 00                    9645 	.db #0x00	; 0
    0000254B 5A                    9646 	.db #0x5a	; 90	'Z'
    0000254C 00                    9647 	.db #0x00	; 0
    0000254D 00                    9648 	.db #0x00	; 0
    0000254E 5A                    9649 	.db #0x5a	; 90	'Z'
    0000254F 00                    9650 	.db #0x00	; 0
    00002550 00                    9651 	.db #0x00	; 0
    00002551 5A                    9652 	.db #0x5a	; 90	'Z'
    00002552 00                    9653 	.db #0x00	; 0
    00002553 00                    9654 	.db #0x00	; 0
    00002554 5A                    9655 	.db #0x5a	; 90	'Z'
    00002555 00                    9656 	.db #0x00	; 0
    00002556 00                    9657 	.db #0x00	; 0
    00002557 5A                    9658 	.db #0x5a	; 90	'Z'
    00002558 00                    9659 	.db #0x00	; 0
    00002559 00                    9660 	.db #0x00	; 0
    0000255A 5A                    9661 	.db #0x5a	; 90	'Z'
    0000255B 00                    9662 	.db #0x00	; 0
    0000255C 00                    9663 	.db #0x00	; 0
    0000255D 5A                    9664 	.db #0x5a	; 90	'Z'
    0000255E 00                    9665 	.db #0x00	; 0
    0000255F 00                    9666 	.db #0x00	; 0
    00002560 5A                    9667 	.db #0x5a	; 90	'Z'
    00002561 00                    9668 	.db #0x00	; 0
    00002562 00                    9669 	.db #0x00	; 0
    00002563 5A                    9670 	.db #0x5a	; 90	'Z'
    00002564 00                    9671 	.db #0x00	; 0
    00002565 00                    9672 	.db #0x00	; 0
    00002566 5A                    9673 	.db #0x5a	; 90	'Z'
    00002567 00                    9674 	.db #0x00	; 0
    00002568 00                    9675 	.db #0x00	; 0
    00002569 5A                    9676 	.db #0x5a	; 90	'Z'
    0000256A 00                    9677 	.db #0x00	; 0
    0000256B 00                    9678 	.db #0x00	; 0
    0000256C 5A                    9679 	.db #0x5a	; 90	'Z'
    0000256D 00                    9680 	.db #0x00	; 0
    0000256E 00                    9681 	.db #0x00	; 0
    0000256F 5A                    9682 	.db #0x5a	; 90	'Z'
    00002570 00                    9683 	.db #0x00	; 0
    00002571 00                    9684 	.db #0x00	; 0
    00002572 5A                    9685 	.db #0x5a	; 90	'Z'
    00002573 00                    9686 	.db #0x00	; 0
    00002574 00                    9687 	.db #0x00	; 0
    00002575 5A                    9688 	.db #0x5a	; 90	'Z'
    00002576 00                    9689 	.db #0x00	; 0
    00002577 00                    9690 	.db #0x00	; 0
    00002578 5A                    9691 	.db #0x5a	; 90	'Z'
    00002579 00                    9692 	.db #0x00	; 0
    0000257A 00                    9693 	.db #0x00	; 0
    0000257B 5A                    9694 	.db #0x5a	; 90	'Z'
    0000257C 00                    9695 	.db #0x00	; 0
    0000257D 00                    9696 	.db #0x00	; 0
    0000257E 5A                    9697 	.db #0x5a	; 90	'Z'
    0000257F 10                    9698 	.db #0x10	; 16
    00002580 00                    9699 	.db #0x00	; 0
    00002581                       9700 _itNoiseSP7:
    00002581 3C                    9701 	.db #0x3c	; 60
    00002582 00                    9702 	.db #0x00	; 0
    00002583 00                    9703 	.db #0x00	; 0
    00002584 3B                    9704 	.db #0x3b	; 59
    00002585 20                    9705 	.db #0x20	; 32
    00002586 00                    9706 	.db #0x00	; 0
    00002587 5A                    9707 	.db #0x5a	; 90	'Z'
    00002588 00                    9708 	.db #0x00	; 0
    00002589 00                    9709 	.db #0x00	; 0
    0000258A 5A                    9710 	.db #0x5a	; 90	'Z'
    0000258B 00                    9711 	.db #0x00	; 0
    0000258C 00                    9712 	.db #0x00	; 0
    0000258D 5A                    9713 	.db #0x5a	; 90	'Z'
    0000258E 00                    9714 	.db #0x00	; 0
    0000258F 00                    9715 	.db #0x00	; 0
    00002590 5A                    9716 	.db #0x5a	; 90	'Z'
    00002591 00                    9717 	.db #0x00	; 0
    00002592 00                    9718 	.db #0x00	; 0
    00002593 5A                    9719 	.db #0x5a	; 90	'Z'
    00002594 00                    9720 	.db #0x00	; 0
    00002595 00                    9721 	.db #0x00	; 0
    00002596 5A                    9722 	.db #0x5a	; 90	'Z'
    00002597 00                    9723 	.db #0x00	; 0
    00002598 00                    9724 	.db #0x00	; 0
    00002599 5A                    9725 	.db #0x5a	; 90	'Z'
    0000259A 00                    9726 	.db #0x00	; 0
    0000259B 00                    9727 	.db #0x00	; 0
    0000259C 5A                    9728 	.db #0x5a	; 90	'Z'
    0000259D 00                    9729 	.db #0x00	; 0
    0000259E 00                    9730 	.db #0x00	; 0
    0000259F 5A                    9731 	.db #0x5a	; 90	'Z'
    000025A0 00                    9732 	.db #0x00	; 0
    000025A1 00                    9733 	.db #0x00	; 0
    000025A2 5A                    9734 	.db #0x5a	; 90	'Z'
    000025A3 00                    9735 	.db #0x00	; 0
    000025A4 00                    9736 	.db #0x00	; 0
    000025A5 5A                    9737 	.db #0x5a	; 90	'Z'
    000025A6 00                    9738 	.db #0x00	; 0
    000025A7 00                    9739 	.db #0x00	; 0
    000025A8 5A                    9740 	.db #0x5a	; 90	'Z'
    000025A9 00                    9741 	.db #0x00	; 0
    000025AA 00                    9742 	.db #0x00	; 0
    000025AB 5A                    9743 	.db #0x5a	; 90	'Z'
    000025AC 00                    9744 	.db #0x00	; 0
    000025AD 00                    9745 	.db #0x00	; 0
    000025AE 5A                    9746 	.db #0x5a	; 90	'Z'
    000025AF 00                    9747 	.db #0x00	; 0
    000025B0 00                    9748 	.db #0x00	; 0
    000025B1 5A                    9749 	.db #0x5a	; 90	'Z'
    000025B2 00                    9750 	.db #0x00	; 0
    000025B3 00                    9751 	.db #0x00	; 0
    000025B4 5A                    9752 	.db #0x5a	; 90	'Z'
    000025B5 00                    9753 	.db #0x00	; 0
    000025B6 00                    9754 	.db #0x00	; 0
    000025B7 5A                    9755 	.db #0x5a	; 90	'Z'
    000025B8 00                    9756 	.db #0x00	; 0
    000025B9 00                    9757 	.db #0x00	; 0
    000025BA 5A                    9758 	.db #0x5a	; 90	'Z'
    000025BB 00                    9759 	.db #0x00	; 0
    000025BC 00                    9760 	.db #0x00	; 0
    000025BD 5A                    9761 	.db #0x5a	; 90	'Z'
    000025BE 00                    9762 	.db #0x00	; 0
    000025BF 00                    9763 	.db #0x00	; 0
    000025C0 5A                    9764 	.db #0x5a	; 90	'Z'
    000025C1 00                    9765 	.db #0x00	; 0
    000025C2 00                    9766 	.db #0x00	; 0
    000025C3 5A                    9767 	.db #0x5a	; 90	'Z'
    000025C4 00                    9768 	.db #0x00	; 0
    000025C5 00                    9769 	.db #0x00	; 0
    000025C6 5A                    9770 	.db #0x5a	; 90	'Z'
    000025C7 00                    9771 	.db #0x00	; 0
    000025C8 00                    9772 	.db #0x00	; 0
    000025C9 5A                    9773 	.db #0x5a	; 90	'Z'
    000025CA 00                    9774 	.db #0x00	; 0
    000025CB 00                    9775 	.db #0x00	; 0
    000025CC 5A                    9776 	.db #0x5a	; 90	'Z'
    000025CD 00                    9777 	.db #0x00	; 0
    000025CE 00                    9778 	.db #0x00	; 0
    000025CF 5A                    9779 	.db #0x5a	; 90	'Z'
    000025D0 00                    9780 	.db #0x00	; 0
    000025D1 00                    9781 	.db #0x00	; 0
    000025D2 5A                    9782 	.db #0x5a	; 90	'Z'
    000025D3 00                    9783 	.db #0x00	; 0
    000025D4 00                    9784 	.db #0x00	; 0
    000025D5 5A                    9785 	.db #0x5a	; 90	'Z'
    000025D6 00                    9786 	.db #0x00	; 0
    000025D7 00                    9787 	.db #0x00	; 0
    000025D8 5A                    9788 	.db #0x5a	; 90	'Z'
    000025D9 00                    9789 	.db #0x00	; 0
    000025DA 00                    9790 	.db #0x00	; 0
    000025DB 5A                    9791 	.db #0x5a	; 90	'Z'
    000025DC 00                    9792 	.db #0x00	; 0
    000025DD 00                    9793 	.db #0x00	; 0
    000025DE 5A                    9794 	.db #0x5a	; 90	'Z'
    000025DF 10                    9795 	.db #0x10	; 16
    000025E0 00                    9796 	.db #0x00	; 0
    000025E1                       9797 _itNoiseSP8:
    000025E1 3C                    9798 	.db #0x3c	; 60
    000025E2 00                    9799 	.db #0x00	; 0
    000025E3 00                    9800 	.db #0x00	; 0
    000025E4 3C                    9801 	.db #0x3c	; 60
    000025E5 20                    9802 	.db #0x20	; 32
    000025E6 00                    9803 	.db #0x00	; 0
    000025E7 5A                    9804 	.db #0x5a	; 90	'Z'
    000025E8 00                    9805 	.db #0x00	; 0
    000025E9 00                    9806 	.db #0x00	; 0
    000025EA 5A                    9807 	.db #0x5a	; 90	'Z'
    000025EB 00                    9808 	.db #0x00	; 0
    000025EC 00                    9809 	.db #0x00	; 0
    000025ED 5A                    9810 	.db #0x5a	; 90	'Z'
    000025EE 00                    9811 	.db #0x00	; 0
    000025EF 00                    9812 	.db #0x00	; 0
    000025F0 5A                    9813 	.db #0x5a	; 90	'Z'
    000025F1 00                    9814 	.db #0x00	; 0
    000025F2 00                    9815 	.db #0x00	; 0
    000025F3 5A                    9816 	.db #0x5a	; 90	'Z'
    000025F4 00                    9817 	.db #0x00	; 0
    000025F5 00                    9818 	.db #0x00	; 0
    000025F6 5A                    9819 	.db #0x5a	; 90	'Z'
    000025F7 00                    9820 	.db #0x00	; 0
    000025F8 00                    9821 	.db #0x00	; 0
    000025F9 5A                    9822 	.db #0x5a	; 90	'Z'
    000025FA 00                    9823 	.db #0x00	; 0
    000025FB 00                    9824 	.db #0x00	; 0
    000025FC 5A                    9825 	.db #0x5a	; 90	'Z'
    000025FD 00                    9826 	.db #0x00	; 0
    000025FE 00                    9827 	.db #0x00	; 0
    000025FF 5A                    9828 	.db #0x5a	; 90	'Z'
    00002600 00                    9829 	.db #0x00	; 0
    00002601 00                    9830 	.db #0x00	; 0
    00002602 5A                    9831 	.db #0x5a	; 90	'Z'
    00002603 00                    9832 	.db #0x00	; 0
    00002604 00                    9833 	.db #0x00	; 0
    00002605 5A                    9834 	.db #0x5a	; 90	'Z'
    00002606 00                    9835 	.db #0x00	; 0
    00002607 00                    9836 	.db #0x00	; 0
    00002608 5A                    9837 	.db #0x5a	; 90	'Z'
    00002609 00                    9838 	.db #0x00	; 0
    0000260A 00                    9839 	.db #0x00	; 0
    0000260B 5A                    9840 	.db #0x5a	; 90	'Z'
    0000260C 00                    9841 	.db #0x00	; 0
    0000260D 00                    9842 	.db #0x00	; 0
    0000260E 5A                    9843 	.db #0x5a	; 90	'Z'
    0000260F 00                    9844 	.db #0x00	; 0
    00002610 00                    9845 	.db #0x00	; 0
    00002611 5A                    9846 	.db #0x5a	; 90	'Z'
    00002612 00                    9847 	.db #0x00	; 0
    00002613 00                    9848 	.db #0x00	; 0
    00002614 5A                    9849 	.db #0x5a	; 90	'Z'
    00002615 00                    9850 	.db #0x00	; 0
    00002616 00                    9851 	.db #0x00	; 0
    00002617 5A                    9852 	.db #0x5a	; 90	'Z'
    00002618 00                    9853 	.db #0x00	; 0
    00002619 00                    9854 	.db #0x00	; 0
    0000261A 5A                    9855 	.db #0x5a	; 90	'Z'
    0000261B 00                    9856 	.db #0x00	; 0
    0000261C 00                    9857 	.db #0x00	; 0
    0000261D 5A                    9858 	.db #0x5a	; 90	'Z'
    0000261E 00                    9859 	.db #0x00	; 0
    0000261F 00                    9860 	.db #0x00	; 0
    00002620 5A                    9861 	.db #0x5a	; 90	'Z'
    00002621 00                    9862 	.db #0x00	; 0
    00002622 00                    9863 	.db #0x00	; 0
    00002623 5A                    9864 	.db #0x5a	; 90	'Z'
    00002624 00                    9865 	.db #0x00	; 0
    00002625 00                    9866 	.db #0x00	; 0
    00002626 5A                    9867 	.db #0x5a	; 90	'Z'
    00002627 00                    9868 	.db #0x00	; 0
    00002628 00                    9869 	.db #0x00	; 0
    00002629 5A                    9870 	.db #0x5a	; 90	'Z'
    0000262A 00                    9871 	.db #0x00	; 0
    0000262B 00                    9872 	.db #0x00	; 0
    0000262C 5A                    9873 	.db #0x5a	; 90	'Z'
    0000262D 00                    9874 	.db #0x00	; 0
    0000262E 00                    9875 	.db #0x00	; 0
    0000262F 5A                    9876 	.db #0x5a	; 90	'Z'
    00002630 00                    9877 	.db #0x00	; 0
    00002631 00                    9878 	.db #0x00	; 0
    00002632 5A                    9879 	.db #0x5a	; 90	'Z'
    00002633 00                    9880 	.db #0x00	; 0
    00002634 00                    9881 	.db #0x00	; 0
    00002635 5A                    9882 	.db #0x5a	; 90	'Z'
    00002636 00                    9883 	.db #0x00	; 0
    00002637 00                    9884 	.db #0x00	; 0
    00002638 5A                    9885 	.db #0x5a	; 90	'Z'
    00002639 00                    9886 	.db #0x00	; 0
    0000263A 00                    9887 	.db #0x00	; 0
    0000263B 5A                    9888 	.db #0x5a	; 90	'Z'
    0000263C 00                    9889 	.db #0x00	; 0
    0000263D 00                    9890 	.db #0x00	; 0
    0000263E 5A                    9891 	.db #0x5a	; 90	'Z'
    0000263F 10                    9892 	.db #0x10	; 16
    00002640 00                    9893 	.db #0x00	; 0
    00002641                       9894 _itNoiseSP9:
    00002641 34                    9895 	.db #0x34	; 52	'4'
    00002642 00                    9896 	.db #0x00	; 0
    00002643 00                    9897 	.db #0x00	; 0
    00002644 33                    9898 	.db #0x33	; 51	'3'
    00002645 20                    9899 	.db #0x20	; 32
    00002646 00                    9900 	.db #0x00	; 0
    00002647 5A                    9901 	.db #0x5a	; 90	'Z'
    00002648 00                    9902 	.db #0x00	; 0
    00002649 00                    9903 	.db #0x00	; 0
    0000264A 5A                    9904 	.db #0x5a	; 90	'Z'
    0000264B 00                    9905 	.db #0x00	; 0
    0000264C 00                    9906 	.db #0x00	; 0
    0000264D 5A                    9907 	.db #0x5a	; 90	'Z'
    0000264E 00                    9908 	.db #0x00	; 0
    0000264F 00                    9909 	.db #0x00	; 0
    00002650 5A                    9910 	.db #0x5a	; 90	'Z'
    00002651 00                    9911 	.db #0x00	; 0
    00002652 00                    9912 	.db #0x00	; 0
    00002653 5A                    9913 	.db #0x5a	; 90	'Z'
    00002654 00                    9914 	.db #0x00	; 0
    00002655 00                    9915 	.db #0x00	; 0
    00002656 5A                    9916 	.db #0x5a	; 90	'Z'
    00002657 00                    9917 	.db #0x00	; 0
    00002658 00                    9918 	.db #0x00	; 0
    00002659 5A                    9919 	.db #0x5a	; 90	'Z'
    0000265A 00                    9920 	.db #0x00	; 0
    0000265B 00                    9921 	.db #0x00	; 0
    0000265C 5A                    9922 	.db #0x5a	; 90	'Z'
    0000265D 00                    9923 	.db #0x00	; 0
    0000265E 00                    9924 	.db #0x00	; 0
    0000265F 5A                    9925 	.db #0x5a	; 90	'Z'
    00002660 00                    9926 	.db #0x00	; 0
    00002661 00                    9927 	.db #0x00	; 0
    00002662 5A                    9928 	.db #0x5a	; 90	'Z'
    00002663 00                    9929 	.db #0x00	; 0
    00002664 00                    9930 	.db #0x00	; 0
    00002665 5A                    9931 	.db #0x5a	; 90	'Z'
    00002666 00                    9932 	.db #0x00	; 0
    00002667 00                    9933 	.db #0x00	; 0
    00002668 5A                    9934 	.db #0x5a	; 90	'Z'
    00002669 00                    9935 	.db #0x00	; 0
    0000266A 00                    9936 	.db #0x00	; 0
    0000266B 5A                    9937 	.db #0x5a	; 90	'Z'
    0000266C 00                    9938 	.db #0x00	; 0
    0000266D 00                    9939 	.db #0x00	; 0
    0000266E 5A                    9940 	.db #0x5a	; 90	'Z'
    0000266F 00                    9941 	.db #0x00	; 0
    00002670 00                    9942 	.db #0x00	; 0
    00002671 5A                    9943 	.db #0x5a	; 90	'Z'
    00002672 00                    9944 	.db #0x00	; 0
    00002673 00                    9945 	.db #0x00	; 0
    00002674 5A                    9946 	.db #0x5a	; 90	'Z'
    00002675 00                    9947 	.db #0x00	; 0
    00002676 00                    9948 	.db #0x00	; 0
    00002677 5A                    9949 	.db #0x5a	; 90	'Z'
    00002678 00                    9950 	.db #0x00	; 0
    00002679 00                    9951 	.db #0x00	; 0
    0000267A 5A                    9952 	.db #0x5a	; 90	'Z'
    0000267B 00                    9953 	.db #0x00	; 0
    0000267C 00                    9954 	.db #0x00	; 0
    0000267D 5A                    9955 	.db #0x5a	; 90	'Z'
    0000267E 00                    9956 	.db #0x00	; 0
    0000267F 00                    9957 	.db #0x00	; 0
    00002680 5A                    9958 	.db #0x5a	; 90	'Z'
    00002681 00                    9959 	.db #0x00	; 0
    00002682 00                    9960 	.db #0x00	; 0
    00002683 5A                    9961 	.db #0x5a	; 90	'Z'
    00002684 00                    9962 	.db #0x00	; 0
    00002685 00                    9963 	.db #0x00	; 0
    00002686 5A                    9964 	.db #0x5a	; 90	'Z'
    00002687 00                    9965 	.db #0x00	; 0
    00002688 00                    9966 	.db #0x00	; 0
    00002689 5A                    9967 	.db #0x5a	; 90	'Z'
    0000268A 00                    9968 	.db #0x00	; 0
    0000268B 00                    9969 	.db #0x00	; 0
    0000268C 5A                    9970 	.db #0x5a	; 90	'Z'
    0000268D 00                    9971 	.db #0x00	; 0
    0000268E 00                    9972 	.db #0x00	; 0
    0000268F 5A                    9973 	.db #0x5a	; 90	'Z'
    00002690 00                    9974 	.db #0x00	; 0
    00002691 00                    9975 	.db #0x00	; 0
    00002692 5A                    9976 	.db #0x5a	; 90	'Z'
    00002693 00                    9977 	.db #0x00	; 0
    00002694 00                    9978 	.db #0x00	; 0
    00002695 5A                    9979 	.db #0x5a	; 90	'Z'
    00002696 00                    9980 	.db #0x00	; 0
    00002697 00                    9981 	.db #0x00	; 0
    00002698 5A                    9982 	.db #0x5a	; 90	'Z'
    00002699 00                    9983 	.db #0x00	; 0
    0000269A 00                    9984 	.db #0x00	; 0
    0000269B 5A                    9985 	.db #0x5a	; 90	'Z'
    0000269C 00                    9986 	.db #0x00	; 0
    0000269D 00                    9987 	.db #0x00	; 0
    0000269E 5A                    9988 	.db #0x5a	; 90	'Z'
    0000269F 10                    9989 	.db #0x10	; 16
    000026A0 00                    9990 	.db #0x00	; 0
    000026A1                       9991 _itNoiseSP10:
    000026A1 44                    9992 	.db #0x44	; 68	'D'
    000026A2 00                    9993 	.db #0x00	; 0
    000026A3 00                    9994 	.db #0x00	; 0
    000026A4 44                    9995 	.db #0x44	; 68	'D'
    000026A5 20                    9996 	.db #0x20	; 32
    000026A6 00                    9997 	.db #0x00	; 0
    000026A7 5A                    9998 	.db #0x5a	; 90	'Z'
    000026A8 00                    9999 	.db #0x00	; 0
    000026A9 00                   10000 	.db #0x00	; 0
    000026AA 5A                   10001 	.db #0x5a	; 90	'Z'
    000026AB 00                   10002 	.db #0x00	; 0
    000026AC 00                   10003 	.db #0x00	; 0
    000026AD 5A                   10004 	.db #0x5a	; 90	'Z'
    000026AE 00                   10005 	.db #0x00	; 0
    000026AF 00                   10006 	.db #0x00	; 0
    000026B0 5A                   10007 	.db #0x5a	; 90	'Z'
    000026B1 00                   10008 	.db #0x00	; 0
    000026B2 00                   10009 	.db #0x00	; 0
    000026B3 5A                   10010 	.db #0x5a	; 90	'Z'
    000026B4 00                   10011 	.db #0x00	; 0
    000026B5 00                   10012 	.db #0x00	; 0
    000026B6 5A                   10013 	.db #0x5a	; 90	'Z'
    000026B7 00                   10014 	.db #0x00	; 0
    000026B8 00                   10015 	.db #0x00	; 0
    000026B9 5A                   10016 	.db #0x5a	; 90	'Z'
    000026BA 00                   10017 	.db #0x00	; 0
    000026BB 00                   10018 	.db #0x00	; 0
    000026BC 5A                   10019 	.db #0x5a	; 90	'Z'
    000026BD 00                   10020 	.db #0x00	; 0
    000026BE 00                   10021 	.db #0x00	; 0
    000026BF 5A                   10022 	.db #0x5a	; 90	'Z'
    000026C0 00                   10023 	.db #0x00	; 0
    000026C1 00                   10024 	.db #0x00	; 0
    000026C2 5A                   10025 	.db #0x5a	; 90	'Z'
    000026C3 00                   10026 	.db #0x00	; 0
    000026C4 00                   10027 	.db #0x00	; 0
    000026C5 5A                   10028 	.db #0x5a	; 90	'Z'
    000026C6 00                   10029 	.db #0x00	; 0
    000026C7 00                   10030 	.db #0x00	; 0
    000026C8 5A                   10031 	.db #0x5a	; 90	'Z'
    000026C9 00                   10032 	.db #0x00	; 0
    000026CA 00                   10033 	.db #0x00	; 0
    000026CB 5A                   10034 	.db #0x5a	; 90	'Z'
    000026CC 00                   10035 	.db #0x00	; 0
    000026CD 00                   10036 	.db #0x00	; 0
    000026CE 5A                   10037 	.db #0x5a	; 90	'Z'
    000026CF 00                   10038 	.db #0x00	; 0
    000026D0 00                   10039 	.db #0x00	; 0
    000026D1 5A                   10040 	.db #0x5a	; 90	'Z'
    000026D2 00                   10041 	.db #0x00	; 0
    000026D3 00                   10042 	.db #0x00	; 0
    000026D4 5A                   10043 	.db #0x5a	; 90	'Z'
    000026D5 00                   10044 	.db #0x00	; 0
    000026D6 00                   10045 	.db #0x00	; 0
    000026D7 5A                   10046 	.db #0x5a	; 90	'Z'
    000026D8 00                   10047 	.db #0x00	; 0
    000026D9 00                   10048 	.db #0x00	; 0
    000026DA 5A                   10049 	.db #0x5a	; 90	'Z'
    000026DB 00                   10050 	.db #0x00	; 0
    000026DC 00                   10051 	.db #0x00	; 0
    000026DD 5A                   10052 	.db #0x5a	; 90	'Z'
    000026DE 00                   10053 	.db #0x00	; 0
    000026DF 00                   10054 	.db #0x00	; 0
    000026E0 5A                   10055 	.db #0x5a	; 90	'Z'
    000026E1 00                   10056 	.db #0x00	; 0
    000026E2 00                   10057 	.db #0x00	; 0
    000026E3 5A                   10058 	.db #0x5a	; 90	'Z'
    000026E4 00                   10059 	.db #0x00	; 0
    000026E5 00                   10060 	.db #0x00	; 0
    000026E6 5A                   10061 	.db #0x5a	; 90	'Z'
    000026E7 00                   10062 	.db #0x00	; 0
    000026E8 00                   10063 	.db #0x00	; 0
    000026E9 5A                   10064 	.db #0x5a	; 90	'Z'
    000026EA 00                   10065 	.db #0x00	; 0
    000026EB 00                   10066 	.db #0x00	; 0
    000026EC 5A                   10067 	.db #0x5a	; 90	'Z'
    000026ED 00                   10068 	.db #0x00	; 0
    000026EE 00                   10069 	.db #0x00	; 0
    000026EF 5A                   10070 	.db #0x5a	; 90	'Z'
    000026F0 00                   10071 	.db #0x00	; 0
    000026F1 00                   10072 	.db #0x00	; 0
    000026F2 5A                   10073 	.db #0x5a	; 90	'Z'
    000026F3 00                   10074 	.db #0x00	; 0
    000026F4 00                   10075 	.db #0x00	; 0
    000026F5 5A                   10076 	.db #0x5a	; 90	'Z'
    000026F6 00                   10077 	.db #0x00	; 0
    000026F7 00                   10078 	.db #0x00	; 0
    000026F8 5A                   10079 	.db #0x5a	; 90	'Z'
    000026F9 00                   10080 	.db #0x00	; 0
    000026FA 00                   10081 	.db #0x00	; 0
    000026FB 5A                   10082 	.db #0x5a	; 90	'Z'
    000026FC 00                   10083 	.db #0x00	; 0
    000026FD 00                   10084 	.db #0x00	; 0
    000026FE 5A                   10085 	.db #0x5a	; 90	'Z'
    000026FF 10                   10086 	.db #0x10	; 16
    00002700 00                   10087 	.db #0x00	; 0
    00002701                      10088 _itNoiseSP11:
    00002701 34                   10089 	.db #0x34	; 52	'4'
    00002702 00                   10090 	.db #0x00	; 0
    00002703 00                   10091 	.db #0x00	; 0
    00002704 32                   10092 	.db #0x32	; 50	'2'
    00002705 20                   10093 	.db #0x20	; 32
    00002706 00                   10094 	.db #0x00	; 0
    00002707 5A                   10095 	.db #0x5a	; 90	'Z'
    00002708 00                   10096 	.db #0x00	; 0
    00002709 00                   10097 	.db #0x00	; 0
    0000270A 5A                   10098 	.db #0x5a	; 90	'Z'
    0000270B 00                   10099 	.db #0x00	; 0
    0000270C 00                   10100 	.db #0x00	; 0
    0000270D 5A                   10101 	.db #0x5a	; 90	'Z'
    0000270E 00                   10102 	.db #0x00	; 0
    0000270F 00                   10103 	.db #0x00	; 0
    00002710 5A                   10104 	.db #0x5a	; 90	'Z'
    00002711 00                   10105 	.db #0x00	; 0
    00002712 00                   10106 	.db #0x00	; 0
    00002713 5A                   10107 	.db #0x5a	; 90	'Z'
    00002714 00                   10108 	.db #0x00	; 0
    00002715 00                   10109 	.db #0x00	; 0
    00002716 5A                   10110 	.db #0x5a	; 90	'Z'
    00002717 00                   10111 	.db #0x00	; 0
    00002718 00                   10112 	.db #0x00	; 0
    00002719 5A                   10113 	.db #0x5a	; 90	'Z'
    0000271A 00                   10114 	.db #0x00	; 0
    0000271B 00                   10115 	.db #0x00	; 0
    0000271C 5A                   10116 	.db #0x5a	; 90	'Z'
    0000271D 00                   10117 	.db #0x00	; 0
    0000271E 00                   10118 	.db #0x00	; 0
    0000271F 5A                   10119 	.db #0x5a	; 90	'Z'
    00002720 00                   10120 	.db #0x00	; 0
    00002721 00                   10121 	.db #0x00	; 0
    00002722 5A                   10122 	.db #0x5a	; 90	'Z'
    00002723 00                   10123 	.db #0x00	; 0
    00002724 00                   10124 	.db #0x00	; 0
    00002725 5A                   10125 	.db #0x5a	; 90	'Z'
    00002726 00                   10126 	.db #0x00	; 0
    00002727 00                   10127 	.db #0x00	; 0
    00002728 5A                   10128 	.db #0x5a	; 90	'Z'
    00002729 00                   10129 	.db #0x00	; 0
    0000272A 00                   10130 	.db #0x00	; 0
    0000272B 5A                   10131 	.db #0x5a	; 90	'Z'
    0000272C 00                   10132 	.db #0x00	; 0
    0000272D 00                   10133 	.db #0x00	; 0
    0000272E 5A                   10134 	.db #0x5a	; 90	'Z'
    0000272F 00                   10135 	.db #0x00	; 0
    00002730 00                   10136 	.db #0x00	; 0
    00002731 5A                   10137 	.db #0x5a	; 90	'Z'
    00002732 00                   10138 	.db #0x00	; 0
    00002733 00                   10139 	.db #0x00	; 0
    00002734 5A                   10140 	.db #0x5a	; 90	'Z'
    00002735 00                   10141 	.db #0x00	; 0
    00002736 00                   10142 	.db #0x00	; 0
    00002737 5A                   10143 	.db #0x5a	; 90	'Z'
    00002738 00                   10144 	.db #0x00	; 0
    00002739 00                   10145 	.db #0x00	; 0
    0000273A 5A                   10146 	.db #0x5a	; 90	'Z'
    0000273B 00                   10147 	.db #0x00	; 0
    0000273C 00                   10148 	.db #0x00	; 0
    0000273D 5A                   10149 	.db #0x5a	; 90	'Z'
    0000273E 00                   10150 	.db #0x00	; 0
    0000273F 00                   10151 	.db #0x00	; 0
    00002740 5A                   10152 	.db #0x5a	; 90	'Z'
    00002741 00                   10153 	.db #0x00	; 0
    00002742 00                   10154 	.db #0x00	; 0
    00002743 5A                   10155 	.db #0x5a	; 90	'Z'
    00002744 00                   10156 	.db #0x00	; 0
    00002745 00                   10157 	.db #0x00	; 0
    00002746 5A                   10158 	.db #0x5a	; 90	'Z'
    00002747 00                   10159 	.db #0x00	; 0
    00002748 00                   10160 	.db #0x00	; 0
    00002749 5A                   10161 	.db #0x5a	; 90	'Z'
    0000274A 00                   10162 	.db #0x00	; 0
    0000274B 00                   10163 	.db #0x00	; 0
    0000274C 5A                   10164 	.db #0x5a	; 90	'Z'
    0000274D 00                   10165 	.db #0x00	; 0
    0000274E 00                   10166 	.db #0x00	; 0
    0000274F 5A                   10167 	.db #0x5a	; 90	'Z'
    00002750 00                   10168 	.db #0x00	; 0
    00002751 00                   10169 	.db #0x00	; 0
    00002752 5A                   10170 	.db #0x5a	; 90	'Z'
    00002753 00                   10171 	.db #0x00	; 0
    00002754 00                   10172 	.db #0x00	; 0
    00002755 5A                   10173 	.db #0x5a	; 90	'Z'
    00002756 00                   10174 	.db #0x00	; 0
    00002757 00                   10175 	.db #0x00	; 0
    00002758 5A                   10176 	.db #0x5a	; 90	'Z'
    00002759 00                   10177 	.db #0x00	; 0
    0000275A 00                   10178 	.db #0x00	; 0
    0000275B 5A                   10179 	.db #0x5a	; 90	'Z'
    0000275C 00                   10180 	.db #0x00	; 0
    0000275D 00                   10181 	.db #0x00	; 0
    0000275E 5A                   10182 	.db #0x5a	; 90	'Z'
    0000275F 10                   10183 	.db #0x10	; 16
    00002760 00                   10184 	.db #0x00	; 0
    00002761                      10185 _itNoiseSP12:
    00002761 3F                   10186 	.db #0x3f	; 63
    00002762 00                   10187 	.db #0x00	; 0
    00002763 00                   10188 	.db #0x00	; 0
    00002764 32                   10189 	.db #0x32	; 50	'2'
    00002765 00                   10190 	.db #0x00	; 0
    00002766 00                   10191 	.db #0x00	; 0
    00002767 35                   10192 	.db #0x35	; 53	'5'
    00002768 00                   10193 	.db #0x00	; 0
    00002769 00                   10194 	.db #0x00	; 0
    0000276A 22                   10195 	.db #0x22	; 34
    0000276B 00                   10196 	.db #0x00	; 0
    0000276C 00                   10197 	.db #0x00	; 0
    0000276D 24                   10198 	.db #0x24	; 36
    0000276E 00                   10199 	.db #0x00	; 0
    0000276F 00                   10200 	.db #0x00	; 0
    00002770 24                   10201 	.db #0x24	; 36
    00002771 60                   10202 	.db #0x60	; 96
    00002772 00                   10203 	.db #0x00	; 0
    00002773 5A                   10204 	.db #0x5a	; 90	'Z'
    00002774 00                   10205 	.db #0x00	; 0
    00002775 00                   10206 	.db #0x00	; 0
    00002776 5A                   10207 	.db #0x5a	; 90	'Z'
    00002777 00                   10208 	.db #0x00	; 0
    00002778 00                   10209 	.db #0x00	; 0
    00002779 5A                   10210 	.db #0x5a	; 90	'Z'
    0000277A 00                   10211 	.db #0x00	; 0
    0000277B 00                   10212 	.db #0x00	; 0
    0000277C 5A                   10213 	.db #0x5a	; 90	'Z'
    0000277D 00                   10214 	.db #0x00	; 0
    0000277E 00                   10215 	.db #0x00	; 0
    0000277F 5A                   10216 	.db #0x5a	; 90	'Z'
    00002780 00                   10217 	.db #0x00	; 0
    00002781 00                   10218 	.db #0x00	; 0
    00002782 5A                   10219 	.db #0x5a	; 90	'Z'
    00002783 00                   10220 	.db #0x00	; 0
    00002784 00                   10221 	.db #0x00	; 0
    00002785 5A                   10222 	.db #0x5a	; 90	'Z'
    00002786 00                   10223 	.db #0x00	; 0
    00002787 00                   10224 	.db #0x00	; 0
    00002788 5A                   10225 	.db #0x5a	; 90	'Z'
    00002789 00                   10226 	.db #0x00	; 0
    0000278A 00                   10227 	.db #0x00	; 0
    0000278B 5A                   10228 	.db #0x5a	; 90	'Z'
    0000278C 00                   10229 	.db #0x00	; 0
    0000278D 00                   10230 	.db #0x00	; 0
    0000278E 5A                   10231 	.db #0x5a	; 90	'Z'
    0000278F 00                   10232 	.db #0x00	; 0
    00002790 00                   10233 	.db #0x00	; 0
    00002791 5A                   10234 	.db #0x5a	; 90	'Z'
    00002792 00                   10235 	.db #0x00	; 0
    00002793 00                   10236 	.db #0x00	; 0
    00002794 5A                   10237 	.db #0x5a	; 90	'Z'
    00002795 00                   10238 	.db #0x00	; 0
    00002796 00                   10239 	.db #0x00	; 0
    00002797 5A                   10240 	.db #0x5a	; 90	'Z'
    00002798 00                   10241 	.db #0x00	; 0
    00002799 00                   10242 	.db #0x00	; 0
    0000279A 5A                   10243 	.db #0x5a	; 90	'Z'
    0000279B 00                   10244 	.db #0x00	; 0
    0000279C 00                   10245 	.db #0x00	; 0
    0000279D 5A                   10246 	.db #0x5a	; 90	'Z'
    0000279E 00                   10247 	.db #0x00	; 0
    0000279F 00                   10248 	.db #0x00	; 0
    000027A0 5A                   10249 	.db #0x5a	; 90	'Z'
    000027A1 00                   10250 	.db #0x00	; 0
    000027A2 00                   10251 	.db #0x00	; 0
    000027A3 5A                   10252 	.db #0x5a	; 90	'Z'
    000027A4 00                   10253 	.db #0x00	; 0
    000027A5 00                   10254 	.db #0x00	; 0
    000027A6 5A                   10255 	.db #0x5a	; 90	'Z'
    000027A7 00                   10256 	.db #0x00	; 0
    000027A8 00                   10257 	.db #0x00	; 0
    000027A9 5A                   10258 	.db #0x5a	; 90	'Z'
    000027AA 00                   10259 	.db #0x00	; 0
    000027AB 00                   10260 	.db #0x00	; 0
    000027AC 5A                   10261 	.db #0x5a	; 90	'Z'
    000027AD 00                   10262 	.db #0x00	; 0
    000027AE 00                   10263 	.db #0x00	; 0
    000027AF 5A                   10264 	.db #0x5a	; 90	'Z'
    000027B0 00                   10265 	.db #0x00	; 0
    000027B1 00                   10266 	.db #0x00	; 0
    000027B2 5A                   10267 	.db #0x5a	; 90	'Z'
    000027B3 00                   10268 	.db #0x00	; 0
    000027B4 00                   10269 	.db #0x00	; 0
    000027B5 5A                   10270 	.db #0x5a	; 90	'Z'
    000027B6 00                   10271 	.db #0x00	; 0
    000027B7 00                   10272 	.db #0x00	; 0
    000027B8 5A                   10273 	.db #0x5a	; 90	'Z'
    000027B9 00                   10274 	.db #0x00	; 0
    000027BA 00                   10275 	.db #0x00	; 0
    000027BB 5A                   10276 	.db #0x5a	; 90	'Z'
    000027BC 00                   10277 	.db #0x00	; 0
    000027BD 00                   10278 	.db #0x00	; 0
    000027BE 5A                   10279 	.db #0x5a	; 90	'Z'
    000027BF 10                   10280 	.db #0x10	; 16
    000027C0 00                   10281 	.db #0x00	; 0
    000027C1                      10282 _itNoiseSP13:
    000027C1 31                   10283 	.db #0x31	; 49	'1'
    000027C2 00                   10284 	.db #0x00	; 0
    000027C3 00                   10285 	.db #0x00	; 0
    000027C4 2F                   10286 	.db #0x2f	; 47
    000027C5 00                   10287 	.db #0x00	; 0
    000027C6 00                   10288 	.db #0x00	; 0
    000027C7 2D                   10289 	.db #0x2d	; 45
    000027C8 00                   10290 	.db #0x00	; 0
    000027C9 00                   10291 	.db #0x00	; 0
    000027CA 2B                   10292 	.db #0x2b	; 43
    000027CB 00                   10293 	.db #0x00	; 0
    000027CC 00                   10294 	.db #0x00	; 0
    000027CD 2B                   10295 	.db #0x2b	; 43
    000027CE 00                   10296 	.db #0x00	; 0
    000027CF 00                   10297 	.db #0x00	; 0
    000027D0 2B                   10298 	.db #0x2b	; 43
    000027D1 60                   10299 	.db #0x60	; 96
    000027D2 00                   10300 	.db #0x00	; 0
    000027D3 5A                   10301 	.db #0x5a	; 90	'Z'
    000027D4 00                   10302 	.db #0x00	; 0
    000027D5 00                   10303 	.db #0x00	; 0
    000027D6 5A                   10304 	.db #0x5a	; 90	'Z'
    000027D7 00                   10305 	.db #0x00	; 0
    000027D8 00                   10306 	.db #0x00	; 0
    000027D9 5A                   10307 	.db #0x5a	; 90	'Z'
    000027DA 00                   10308 	.db #0x00	; 0
    000027DB 00                   10309 	.db #0x00	; 0
    000027DC 5A                   10310 	.db #0x5a	; 90	'Z'
    000027DD 00                   10311 	.db #0x00	; 0
    000027DE 00                   10312 	.db #0x00	; 0
    000027DF 5A                   10313 	.db #0x5a	; 90	'Z'
    000027E0 00                   10314 	.db #0x00	; 0
    000027E1 00                   10315 	.db #0x00	; 0
    000027E2 5A                   10316 	.db #0x5a	; 90	'Z'
    000027E3 00                   10317 	.db #0x00	; 0
    000027E4 00                   10318 	.db #0x00	; 0
    000027E5 5A                   10319 	.db #0x5a	; 90	'Z'
    000027E6 00                   10320 	.db #0x00	; 0
    000027E7 00                   10321 	.db #0x00	; 0
    000027E8 5A                   10322 	.db #0x5a	; 90	'Z'
    000027E9 00                   10323 	.db #0x00	; 0
    000027EA 00                   10324 	.db #0x00	; 0
    000027EB 5A                   10325 	.db #0x5a	; 90	'Z'
    000027EC 00                   10326 	.db #0x00	; 0
    000027ED 00                   10327 	.db #0x00	; 0
    000027EE 5A                   10328 	.db #0x5a	; 90	'Z'
    000027EF 00                   10329 	.db #0x00	; 0
    000027F0 00                   10330 	.db #0x00	; 0
    000027F1 5A                   10331 	.db #0x5a	; 90	'Z'
    000027F2 00                   10332 	.db #0x00	; 0
    000027F3 00                   10333 	.db #0x00	; 0
    000027F4 5A                   10334 	.db #0x5a	; 90	'Z'
    000027F5 00                   10335 	.db #0x00	; 0
    000027F6 00                   10336 	.db #0x00	; 0
    000027F7 5A                   10337 	.db #0x5a	; 90	'Z'
    000027F8 00                   10338 	.db #0x00	; 0
    000027F9 00                   10339 	.db #0x00	; 0
    000027FA 5A                   10340 	.db #0x5a	; 90	'Z'
    000027FB 00                   10341 	.db #0x00	; 0
    000027FC 00                   10342 	.db #0x00	; 0
    000027FD 5A                   10343 	.db #0x5a	; 90	'Z'
    000027FE 00                   10344 	.db #0x00	; 0
    000027FF 00                   10345 	.db #0x00	; 0
    00002800 5A                   10346 	.db #0x5a	; 90	'Z'
    00002801 00                   10347 	.db #0x00	; 0
    00002802 00                   10348 	.db #0x00	; 0
    00002803 5A                   10349 	.db #0x5a	; 90	'Z'
    00002804 00                   10350 	.db #0x00	; 0
    00002805 00                   10351 	.db #0x00	; 0
    00002806 5A                   10352 	.db #0x5a	; 90	'Z'
    00002807 00                   10353 	.db #0x00	; 0
    00002808 00                   10354 	.db #0x00	; 0
    00002809 5A                   10355 	.db #0x5a	; 90	'Z'
    0000280A 00                   10356 	.db #0x00	; 0
    0000280B 00                   10357 	.db #0x00	; 0
    0000280C 5A                   10358 	.db #0x5a	; 90	'Z'
    0000280D 00                   10359 	.db #0x00	; 0
    0000280E 00                   10360 	.db #0x00	; 0
    0000280F 5A                   10361 	.db #0x5a	; 90	'Z'
    00002810 00                   10362 	.db #0x00	; 0
    00002811 00                   10363 	.db #0x00	; 0
    00002812 5A                   10364 	.db #0x5a	; 90	'Z'
    00002813 00                   10365 	.db #0x00	; 0
    00002814 00                   10366 	.db #0x00	; 0
    00002815 5A                   10367 	.db #0x5a	; 90	'Z'
    00002816 00                   10368 	.db #0x00	; 0
    00002817 00                   10369 	.db #0x00	; 0
    00002818 5A                   10370 	.db #0x5a	; 90	'Z'
    00002819 00                   10371 	.db #0x00	; 0
    0000281A 00                   10372 	.db #0x00	; 0
    0000281B 5A                   10373 	.db #0x5a	; 90	'Z'
    0000281C 00                   10374 	.db #0x00	; 0
    0000281D 00                   10375 	.db #0x00	; 0
    0000281E 5A                   10376 	.db #0x5a	; 90	'Z'
    0000281F 10                   10377 	.db #0x10	; 16
    00002820 00                   10378 	.db #0x00	; 0
    00002821                      10379 _itNoiseSP14:
    00002821 2C                   10380 	.db #0x2c	; 44
    00002822 00                   10381 	.db #0x00	; 0
    00002823 00                   10382 	.db #0x00	; 0
    00002824 2B                   10383 	.db #0x2b	; 43
    00002825 00                   10384 	.db #0x00	; 0
    00002826 00                   10385 	.db #0x00	; 0
    00002827 2A                   10386 	.db #0x2a	; 42
    00002828 00                   10387 	.db #0x00	; 0
    00002829 00                   10388 	.db #0x00	; 0
    0000282A 29                   10389 	.db #0x29	; 41
    0000282B 00                   10390 	.db #0x00	; 0
    0000282C 00                   10391 	.db #0x00	; 0
    0000282D 28                   10392 	.db #0x28	; 40
    0000282E 00                   10393 	.db #0x00	; 0
    0000282F 00                   10394 	.db #0x00	; 0
    00002830 28                   10395 	.db #0x28	; 40
    00002831 60                   10396 	.db #0x60	; 96
    00002832 00                   10397 	.db #0x00	; 0
    00002833 5A                   10398 	.db #0x5a	; 90	'Z'
    00002834 00                   10399 	.db #0x00	; 0
    00002835 00                   10400 	.db #0x00	; 0
    00002836 5A                   10401 	.db #0x5a	; 90	'Z'
    00002837 00                   10402 	.db #0x00	; 0
    00002838 00                   10403 	.db #0x00	; 0
    00002839 5A                   10404 	.db #0x5a	; 90	'Z'
    0000283A 00                   10405 	.db #0x00	; 0
    0000283B 00                   10406 	.db #0x00	; 0
    0000283C 5A                   10407 	.db #0x5a	; 90	'Z'
    0000283D 00                   10408 	.db #0x00	; 0
    0000283E 00                   10409 	.db #0x00	; 0
    0000283F 5A                   10410 	.db #0x5a	; 90	'Z'
    00002840 00                   10411 	.db #0x00	; 0
    00002841 00                   10412 	.db #0x00	; 0
    00002842 5A                   10413 	.db #0x5a	; 90	'Z'
    00002843 00                   10414 	.db #0x00	; 0
    00002844 00                   10415 	.db #0x00	; 0
    00002845 5A                   10416 	.db #0x5a	; 90	'Z'
    00002846 00                   10417 	.db #0x00	; 0
    00002847 00                   10418 	.db #0x00	; 0
    00002848 5A                   10419 	.db #0x5a	; 90	'Z'
    00002849 00                   10420 	.db #0x00	; 0
    0000284A 00                   10421 	.db #0x00	; 0
    0000284B 5A                   10422 	.db #0x5a	; 90	'Z'
    0000284C 00                   10423 	.db #0x00	; 0
    0000284D 00                   10424 	.db #0x00	; 0
    0000284E 5A                   10425 	.db #0x5a	; 90	'Z'
    0000284F 00                   10426 	.db #0x00	; 0
    00002850 00                   10427 	.db #0x00	; 0
    00002851 5A                   10428 	.db #0x5a	; 90	'Z'
    00002852 00                   10429 	.db #0x00	; 0
    00002853 00                   10430 	.db #0x00	; 0
    00002854 5A                   10431 	.db #0x5a	; 90	'Z'
    00002855 00                   10432 	.db #0x00	; 0
    00002856 00                   10433 	.db #0x00	; 0
    00002857 5A                   10434 	.db #0x5a	; 90	'Z'
    00002858 00                   10435 	.db #0x00	; 0
    00002859 00                   10436 	.db #0x00	; 0
    0000285A 5A                   10437 	.db #0x5a	; 90	'Z'
    0000285B 00                   10438 	.db #0x00	; 0
    0000285C 00                   10439 	.db #0x00	; 0
    0000285D 5A                   10440 	.db #0x5a	; 90	'Z'
    0000285E 00                   10441 	.db #0x00	; 0
    0000285F 00                   10442 	.db #0x00	; 0
    00002860 5A                   10443 	.db #0x5a	; 90	'Z'
    00002861 00                   10444 	.db #0x00	; 0
    00002862 00                   10445 	.db #0x00	; 0
    00002863 5A                   10446 	.db #0x5a	; 90	'Z'
    00002864 00                   10447 	.db #0x00	; 0
    00002865 00                   10448 	.db #0x00	; 0
    00002866 5A                   10449 	.db #0x5a	; 90	'Z'
    00002867 00                   10450 	.db #0x00	; 0
    00002868 00                   10451 	.db #0x00	; 0
    00002869 5A                   10452 	.db #0x5a	; 90	'Z'
    0000286A 00                   10453 	.db #0x00	; 0
    0000286B 00                   10454 	.db #0x00	; 0
    0000286C 5A                   10455 	.db #0x5a	; 90	'Z'
    0000286D 00                   10456 	.db #0x00	; 0
    0000286E 00                   10457 	.db #0x00	; 0
    0000286F 5A                   10458 	.db #0x5a	; 90	'Z'
    00002870 00                   10459 	.db #0x00	; 0
    00002871 00                   10460 	.db #0x00	; 0
    00002872 5A                   10461 	.db #0x5a	; 90	'Z'
    00002873 00                   10462 	.db #0x00	; 0
    00002874 00                   10463 	.db #0x00	; 0
    00002875 5A                   10464 	.db #0x5a	; 90	'Z'
    00002876 00                   10465 	.db #0x00	; 0
    00002877 00                   10466 	.db #0x00	; 0
    00002878 5A                   10467 	.db #0x5a	; 90	'Z'
    00002879 00                   10468 	.db #0x00	; 0
    0000287A 00                   10469 	.db #0x00	; 0
    0000287B 5A                   10470 	.db #0x5a	; 90	'Z'
    0000287C 00                   10471 	.db #0x00	; 0
    0000287D 00                   10472 	.db #0x00	; 0
    0000287E 5A                   10473 	.db #0x5a	; 90	'Z'
    0000287F 10                   10474 	.db #0x10	; 16
    00002880 00                   10475 	.db #0x00	; 0
    00002881                      10476 _order1:
    00002881r01r00                10477 	.dw _P0
    00002883r01r00                10478 	.dw _P0
    00002885r81r04                10479 	.dw _P8
    00002887rC1r06                10480 	.dw _P12
    00002889rC1r09                10481 	.dw _P16
    0000288BrC1r09                10482 	.dw _P16
    0000288DrC1r09                10483 	.dw _P16
    0000288FrC1r0C                10484 	.dw _P20
    00002891rC1r09                10485 	.dw _P16
    00002893rC1r09                10486 	.dw _P16
    00002895rC1r09                10487 	.dw _P16
    00002897r01r0F                10488 	.dw _P24
    00002899r81r04                10489 	.dw _P8
    0000289Br41r11                10490 	.dw _P28
    0000289Dr81r13                10491 	.dw _P32
    0000289Fr81r16                10492 	.dw _P36
    000028A1r81r13                10493 	.dw _P32
    000028A3r81r16                10494 	.dw _P36
    000028A5rC1r18                10495 	.dw _P40
    000028A7r01r1B                10496 	.dw _P44
    000028A9r01r1B                10497 	.dw _P44
    000028ABr01r1B                10498 	.dw _P44
    000028ADr01r00                10499 	.dw _P0
    000028AFr01r00                10500 	.dw _P0
    000028B1r81r04                10501 	.dw _P8
    000028B3rC1r06                10502 	.dw _P12
    000028B5                      10503 _order2:
    000028B5rC1r00                10504 	.dw _P1
    000028B7r01r03                10505 	.dw _P5
    000028B9r41r05                10506 	.dw _P9
    000028BBr81r07                10507 	.dw _P13
    000028BDr81r0A                10508 	.dw _P17
    000028BFr81r0A                10509 	.dw _P17
    000028C1r81r0A                10510 	.dw _P17
    000028C3r81r0D                10511 	.dw _P21
    000028C5r81r0A                10512 	.dw _P17
    000028C7r81r0A                10513 	.dw _P17
    000028C9r81r0A                10514 	.dw _P17
    000028CBr81r0D                10515 	.dw _P21
    000028CDr41r05                10516 	.dw _P9
    000028CFr81r07                10517 	.dw _P13
    000028D1r41r14                10518 	.dw _P33
    000028D3r41r17                10519 	.dw _P37
    000028D5r41r14                10520 	.dw _P33
    000028D7r41r17                10521 	.dw _P37
    000028D9rC1r00                10522 	.dw _P1
    000028DBr01r03                10523 	.dw _P5
    000028DDr01r03                10524 	.dw _P5
    000028DFr01r03                10525 	.dw _P5
    000028E1rC1r00                10526 	.dw _P1
    000028E3r01r03                10527 	.dw _P5
    000028E5r81r1F                10528 	.dw _P57
    000028E7r81r1F                10529 	.dw _P57
    000028E9                      10530 _order3:
    000028E9r81r01                10531 	.dw _P2
    000028EBr81r01                10532 	.dw _P2
    000028EDr81r01                10533 	.dw _P2
    000028EFr41r08                10534 	.dw _P14
    000028F1r41r0B                10535 	.dw _P18
    000028F3r41r0B                10536 	.dw _P18
    000028F5r41r0B                10537 	.dw _P18
    000028F7r41r0B                10538 	.dw _P18
    000028F9r41r0B                10539 	.dw _P18
    000028FBr41r0B                10540 	.dw _P18
    000028FDr41r0B                10541 	.dw _P18
    000028FFrC1r0F                10542 	.dw _P26
    00002901r81r01                10543 	.dw _P2
    00002903r01r12                10544 	.dw _P30
    00002905r01r15                10545 	.dw _P34
    00002907r01r15                10546 	.dw _P34
    00002909r01r15                10547 	.dw _P34
    0000290Br01r15                10548 	.dw _P34
    0000290Dr81r19                10549 	.dw _P42
    0000290FrC1r1B                10550 	.dw _P46
    00002911r41r1D                10551 	.dw _P50
    00002913r01r1E                10552 	.dw _P54
    00002915r81r01                10553 	.dw _P2
    00002917r81r01                10554 	.dw _P2
    00002919r81r01                10555 	.dw _P2
    0000291Br01r21                10556 	.dw _P62
    0000291D                      10557 _order4:
    0000291Dr41r02                10558 	.dw _P3
    0000291FrC1r03                10559 	.dw _P7
    00002921r01r06                10560 	.dw _P11
    00002923r01r09                10561 	.dw _P15
    00002925r01r0C                10562 	.dw _P19
    00002927r01r0C                10563 	.dw _P19
    00002929r01r0C                10564 	.dw _P19
    0000292Br41r0E                10565 	.dw _P23
    0000292Dr01r0C                10566 	.dw _P19
    0000292Fr01r0C                10567 	.dw _P19
    00002931r01r0C                10568 	.dw _P19
    00002933r81r10                10569 	.dw _P27
    00002935r01r06                10570 	.dw _P11
    00002937rC1r12                10571 	.dw _P31
    00002939rC1r15                10572 	.dw _P35
    0000293Br01r18                10573 	.dw _P39
    0000293DrC1r15                10574 	.dw _P35
    0000293Fr01r18                10575 	.dw _P39
    00002941r41r1A                10576 	.dw _P43
    00002943r81r1C                10577 	.dw _P47
    00002945r41r02                10578 	.dw _P3
    00002947rC1r1E                10579 	.dw _P55
    00002949r41r02                10580 	.dw _P3
    0000294BrC1r03                10581 	.dw _P7
    0000294Dr41r20                10582 	.dw _P59
    0000294FrC1r21                10583 	.dw _P63
    00002951                      10584 _duty_instruments:
    00002951 00                   10585 	.db #0x00	; 0
    00002952 70                   10586 	.db #0x70	; 112	'p'
    00002953 B5                   10587 	.db #0xb5	; 181
    00002954 00 00                10588 	.dw #0x0000
    00002956 C0                   10589 	.db #0xc0	; 192
    00002957 00                   10590 	.db #0x00	; 0
    00002958 80                   10591 	.db #0x80	; 128
    00002959 B5                   10592 	.db #0xb5	; 181
    0000295A 00 00                10593 	.dw #0x0000
    0000295C 80                   10594 	.db #0x80	; 128
    0000295D 00                   10595 	.db #0x00	; 0
    0000295E 00                   10596 	.db #0x00	; 0
    0000295F 09                   10597 	.db #0x09	; 9
    00002960 00 00                10598 	.dw #0x0000
    00002962 C0                   10599 	.db #0xc0	; 192
    00002963 00                   10600 	.db #0x00	; 0
    00002964 30                   10601 	.db #0x30	; 48	'0'
    00002965 B8                   10602 	.db #0xb8	; 184
    00002966 00 00                10603 	.dw #0x0000
    00002968 C0                   10604 	.db #0xc0	; 192
    00002969 00                   10605 	.db #0x00	; 0
    0000296A 70                   10606 	.db #0x70	; 112	'p'
    0000296B B8                   10607 	.db #0xb8	; 184
    0000296C 00 00                10608 	.dw #0x0000
    0000296E C0                   10609 	.db #0xc0	; 192
    0000296F 00                   10610 	.db #0x00	; 0
    00002970 B0                   10611 	.db #0xb0	; 176
    00002971 A8                   10612 	.db #0xa8	; 168
    00002972 00 00                10613 	.dw #0x0000
    00002974 C0                   10614 	.db #0xc0	; 192
    00002975 00                   10615 	.db #0x00	; 0
    00002976 00                   10616 	.db #0x00	; 0
    00002977 B8                   10617 	.db #0xb8	; 184
    00002978 00 00                10618 	.dw #0x0000
    0000297A 80                   10619 	.db #0x80	; 128
    0000297B 00                   10620 	.db #0x00	; 0
    0000297C 80                   10621 	.db #0x80	; 128
    0000297D 58                   10622 	.db #0x58	; 88	'X'
    0000297E 00 00                10623 	.dw #0x0000
    00002980 80                   10624 	.db #0x80	; 128
    00002981 00                   10625 	.db #0x00	; 0
    00002982 40                   10626 	.db #0x40	; 64
    00002983 58                   10627 	.db #0x58	; 88	'X'
    00002984r81r22                10628 	.dw _itSquareSP9
    00002986 80                   10629 	.db #0x80	; 128
    00002987 00                   10630 	.db #0x00	; 0
    00002988 C0                   10631 	.db #0xc0	; 192
    00002989 B8                   10632 	.db #0xb8	; 184
    0000298ArE1r22                10633 	.dw _itSquareSP10
    0000298C 80                   10634 	.db #0x80	; 128
    0000298D 1C                   10635 	.db #0x1c	; 28
    0000298E 80                   10636 	.db #0x80	; 128
    0000298F B2                   10637 	.db #0xb2	; 178
    00002990 00 00                10638 	.dw #0x0000
    00002992 C0                   10639 	.db #0xc0	; 192
    00002993                      10640 _wave_instruments:
    00002993 80                   10641 	.db #0x80	; 128
    00002994 20                   10642 	.db #0x20	; 32
    00002995 01                   10643 	.db #0x01	; 1
    00002996 00 00                10644 	.dw #0x0000
    00002998 C0                   10645 	.db #0xc0	; 192
    00002999 80                   10646 	.db #0x80	; 128
    0000299A 20                   10647 	.db #0x20	; 32
    0000299B 02                   10648 	.db #0x02	; 2
    0000299C 00 00                10649 	.dw #0x0000
    0000299E C0                   10650 	.db #0xc0	; 192
    0000299F 80                   10651 	.db #0x80	; 128
    000029A0 20                   10652 	.db #0x20	; 32
    000029A1 03                   10653 	.db #0x03	; 3
    000029A2 00 00                10654 	.dw #0x0000
    000029A4 C0                   10655 	.db #0xc0	; 192
    000029A5 80                   10656 	.db #0x80	; 128
    000029A6 20                   10657 	.db #0x20	; 32
    000029A7 04                   10658 	.db #0x04	; 4
    000029A8 00 00                10659 	.dw #0x0000
    000029AA C0                   10660 	.db #0xc0	; 192
    000029AB 80                   10661 	.db #0x80	; 128
    000029AC 20                   10662 	.db #0x20	; 32
    000029AD 05                   10663 	.db #0x05	; 5
    000029AE 00 00                10664 	.dw #0x0000
    000029B0 C0                   10665 	.db #0xc0	; 192
    000029B1 80                   10666 	.db #0x80	; 128
    000029B2 20                   10667 	.db #0x20	; 32
    000029B3 06                   10668 	.db #0x06	; 6
    000029B4 00 00                10669 	.dw #0x0000
    000029B6 C0                   10670 	.db #0xc0	; 192
    000029B7 00                   10671 	.db #0x00	; 0
    000029B8 20                   10672 	.db #0x20	; 32
    000029B9 07                   10673 	.db #0x07	; 7
    000029BA 00 00                10674 	.dw #0x0000
    000029BC 80                   10675 	.db #0x80	; 128
    000029BD 00                   10676 	.db #0x00	; 0
    000029BE 20                   10677 	.db #0x20	; 32
    000029BF 08                   10678 	.db #0x08	; 8
    000029C0 00 00                10679 	.dw #0x0000
    000029C2 80                   10680 	.db #0x80	; 128
    000029C3 00                   10681 	.db #0x00	; 0
    000029C4 20                   10682 	.db #0x20	; 32
    000029C5 09                   10683 	.db #0x09	; 9
    000029C6 00 00                10684 	.dw #0x0000
    000029C8 80                   10685 	.db #0x80	; 128
    000029C9 00                   10686 	.db #0x00	; 0
    000029CA 20                   10687 	.db #0x20	; 32
    000029CB 0A                   10688 	.db #0x0a	; 10
    000029CC 00 00                10689 	.dw #0x0000
    000029CE 80                   10690 	.db #0x80	; 128
    000029CF 00                   10691 	.db #0x00	; 0
    000029D0 20                   10692 	.db #0x20	; 32
    000029D1 0B                   10693 	.db #0x0b	; 11
    000029D2 00 00                10694 	.dw #0x0000
    000029D4 80                   10695 	.db #0x80	; 128
    000029D5 00                   10696 	.db #0x00	; 0
    000029D6 20                   10697 	.db #0x20	; 32
    000029D7 0C                   10698 	.db #0x0c	; 12
    000029D8 00 00                10699 	.dw #0x0000
    000029DA 80                   10700 	.db #0x80	; 128
    000029DB 00                   10701 	.db #0x00	; 0
    000029DC 20                   10702 	.db #0x20	; 32
    000029DD 0D                   10703 	.db #0x0d	; 13
    000029DE 00 00                10704 	.dw #0x0000
    000029E0 80                   10705 	.db #0x80	; 128
    000029E1 00                   10706 	.db #0x00	; 0
    000029E2 20                   10707 	.db #0x20	; 32
    000029E3 0E                   10708 	.db #0x0e	; 14
    000029E4 00 00                10709 	.dw #0x0000
    000029E6 80                   10710 	.db #0x80	; 128
    000029E7                      10711 _noise_instruments:
    000029E7 71                   10712 	.db #0x71	; 113	'q'
    000029E8r41r23                10713 	.dw _itNoiseSP1
    000029EA 70                   10714 	.db #0x70	; 112	'p'
    000029EB 00                   10715 	.db #0x00	; 0
    000029EC 00                   10716 	.db #0x00	; 0
    000029ED 91                   10717 	.db #0x91	; 145
    000029EErA1r23                10718 	.dw _itNoiseSP2
    000029F0 60                   10719 	.db #0x60	; 96
    000029F1 00                   10720 	.db #0x00	; 0
    000029F2 00                   10721 	.db #0x00	; 0
    000029F3 48                   10722 	.db #0x48	; 72	'H'
    000029F4r01r24                10723 	.dw _itNoiseSP3
    000029F6 00                   10724 	.db #0x00	; 0
    000029F7 00                   10725 	.db #0x00	; 0
    000029F8 00                   10726 	.db #0x00	; 0
    000029F9 92                   10727 	.db #0x92	; 146
    000029FAr61r24                10728 	.dw _itNoiseSP4
    000029FC 00                   10729 	.db #0x00	; 0
    000029FD 00                   10730 	.db #0x00	; 0
    000029FE 00                   10731 	.db #0x00	; 0
    000029FF 94                   10732 	.db #0x94	; 148
    00002A00rC1r24                10733 	.dw _itNoiseSP5
    00002A02 00                   10734 	.db #0x00	; 0
    00002A03 00                   10735 	.db #0x00	; 0
    00002A04 00                   10736 	.db #0x00	; 0
    00002A05 83                   10737 	.db #0x83	; 131
    00002A06r21r25                10738 	.dw _itNoiseSP6
    00002A08 00                   10739 	.db #0x00	; 0
    00002A09 00                   10740 	.db #0x00	; 0
    00002A0A 00                   10741 	.db #0x00	; 0
    00002A0B 97                   10742 	.db #0x97	; 151
    00002A0Cr81r25                10743 	.dw _itNoiseSP7
    00002A0E 00                   10744 	.db #0x00	; 0
    00002A0F 00                   10745 	.db #0x00	; 0
    00002A10 00                   10746 	.db #0x00	; 0
    00002A11 B1                   10747 	.db #0xb1	; 177
    00002A12rE1r25                10748 	.dw _itNoiseSP8
    00002A14 80                   10749 	.db #0x80	; 128
    00002A15 00                   10750 	.db #0x00	; 0
    00002A16 00                   10751 	.db #0x00	; 0
    00002A17 B1                   10752 	.db #0xb1	; 177
    00002A18r41r26                10753 	.dw _itNoiseSP9
    00002A1A 80                   10754 	.db #0x80	; 128
    00002A1B 00                   10755 	.db #0x00	; 0
    00002A1C 00                   10756 	.db #0x00	; 0
    00002A1D 91                   10757 	.db #0x91	; 145
    00002A1ErA1r26                10758 	.dw _itNoiseSP10
    00002A20 80                   10759 	.db #0x80	; 128
    00002A21 00                   10760 	.db #0x00	; 0
    00002A22 00                   10761 	.db #0x00	; 0
    00002A23 97                   10762 	.db #0x97	; 151
    00002A24r01r27                10763 	.dw _itNoiseSP11
    00002A26 00                   10764 	.db #0x00	; 0
    00002A27 00                   10765 	.db #0x00	; 0
    00002A28 00                   10766 	.db #0x00	; 0
    00002A29 B1                   10767 	.db #0xb1	; 177
    00002A2Ar61r27                10768 	.dw _itNoiseSP12
    00002A2C 56                   10769 	.db #0x56	; 86	'V'
    00002A2D 00                   10770 	.db #0x00	; 0
    00002A2E 00                   10771 	.db #0x00	; 0
    00002A2F B7                   10772 	.db #0xb7	; 183
    00002A30rC1r27                10773 	.dw _itNoiseSP13
    00002A32 00                   10774 	.db #0x00	; 0
    00002A33 00                   10775 	.db #0x00	; 0
    00002A34 00                   10776 	.db #0x00	; 0
    00002A35 B7                   10777 	.db #0xb7	; 183
    00002A36r21r28                10778 	.dw _itNoiseSP14
    00002A38 80                   10779 	.db #0x80	; 128
    00002A39 00                   10780 	.db #0x00	; 0
    00002A3A 00                   10781 	.db #0x00	; 0
    00002A3B                      10782 _waves:
    00002A3B 88                   10783 	.db #0x88	; 136
    00002A3C 88                   10784 	.db #0x88	; 136
    00002A3D 88                   10785 	.db #0x88	; 136
    00002A3E 88                   10786 	.db #0x88	; 136
    00002A3F 88                   10787 	.db #0x88	; 136
    00002A40 88                   10788 	.db #0x88	; 136
    00002A41 88                   10789 	.db #0x88	; 136
    00002A42 88                   10790 	.db #0x88	; 136
    00002A43 88                   10791 	.db #0x88	; 136
    00002A44 88                   10792 	.db #0x88	; 136
    00002A45 88                   10793 	.db #0x88	; 136
    00002A46 88                   10794 	.db #0x88	; 136
    00002A47 88                   10795 	.db #0x88	; 136
    00002A48 88                   10796 	.db #0x88	; 136
    00002A49 88                   10797 	.db #0x88	; 136
    00002A4A 88                   10798 	.db #0x88	; 136
    00002A4B FF                   10799 	.db #0xff	; 255
    00002A4C FF                   10800 	.db #0xff	; 255
    00002A4D 00                   10801 	.db #0x00	; 0
    00002A4E 00                   10802 	.db #0x00	; 0
    00002A4F 00                   10803 	.db #0x00	; 0
    00002A50 00                   10804 	.db #0x00	; 0
    00002A51 00                   10805 	.db #0x00	; 0
    00002A52 00                   10806 	.db #0x00	; 0
    00002A53 00                   10807 	.db #0x00	; 0
    00002A54 00                   10808 	.db #0x00	; 0
    00002A55 00                   10809 	.db #0x00	; 0
    00002A56 00                   10810 	.db #0x00	; 0
    00002A57 00                   10811 	.db #0x00	; 0
    00002A58 00                   10812 	.db #0x00	; 0
    00002A59 00                   10813 	.db #0x00	; 0
    00002A5A 00                   10814 	.db #0x00	; 0
    00002A5B FF                   10815 	.db #0xff	; 255
    00002A5C FF                   10816 	.db #0xff	; 255
    00002A5D FF                   10817 	.db #0xff	; 255
    00002A5E FF                   10818 	.db #0xff	; 255
    00002A5F 00                   10819 	.db #0x00	; 0
    00002A60 00                   10820 	.db #0x00	; 0
    00002A61 00                   10821 	.db #0x00	; 0
    00002A62 00                   10822 	.db #0x00	; 0
    00002A63 00                   10823 	.db #0x00	; 0
    00002A64 00                   10824 	.db #0x00	; 0
    00002A65 00                   10825 	.db #0x00	; 0
    00002A66 00                   10826 	.db #0x00	; 0
    00002A67 00                   10827 	.db #0x00	; 0
    00002A68 00                   10828 	.db #0x00	; 0
    00002A69 00                   10829 	.db #0x00	; 0
    00002A6A 00                   10830 	.db #0x00	; 0
    00002A6B FF                   10831 	.db #0xff	; 255
    00002A6C FF                   10832 	.db #0xff	; 255
    00002A6D FF                   10833 	.db #0xff	; 255
    00002A6E FF                   10834 	.db #0xff	; 255
    00002A6F FF                   10835 	.db #0xff	; 255
    00002A70 00                   10836 	.db #0x00	; 0
    00002A71 00                   10837 	.db #0x00	; 0
    00002A72 00                   10838 	.db #0x00	; 0
    00002A73 00                   10839 	.db #0x00	; 0
    00002A74 00                   10840 	.db #0x00	; 0
    00002A75 00                   10841 	.db #0x00	; 0
    00002A76 00                   10842 	.db #0x00	; 0
    00002A77 00                   10843 	.db #0x00	; 0
    00002A78 00                   10844 	.db #0x00	; 0
    00002A79 00                   10845 	.db #0x00	; 0
    00002A7A 00                   10846 	.db #0x00	; 0
    00002A7B FF                   10847 	.db #0xff	; 255
    00002A7C FF                   10848 	.db #0xff	; 255
    00002A7D FF                   10849 	.db #0xff	; 255
    00002A7E FF                   10850 	.db #0xff	; 255
    00002A7F FF                   10851 	.db #0xff	; 255
    00002A80 FF                   10852 	.db #0xff	; 255
    00002A81 00                   10853 	.db #0x00	; 0
    00002A82 00                   10854 	.db #0x00	; 0
    00002A83 00                   10855 	.db #0x00	; 0
    00002A84 00                   10856 	.db #0x00	; 0
    00002A85 00                   10857 	.db #0x00	; 0
    00002A86 00                   10858 	.db #0x00	; 0
    00002A87 00                   10859 	.db #0x00	; 0
    00002A88 00                   10860 	.db #0x00	; 0
    00002A89 00                   10861 	.db #0x00	; 0
    00002A8A 00                   10862 	.db #0x00	; 0
    00002A8B FF                   10863 	.db #0xff	; 255
    00002A8C FF                   10864 	.db #0xff	; 255
    00002A8D FF                   10865 	.db #0xff	; 255
    00002A8E FF                   10866 	.db #0xff	; 255
    00002A8F FF                   10867 	.db #0xff	; 255
    00002A90 FF                   10868 	.db #0xff	; 255
    00002A91 FF                   10869 	.db #0xff	; 255
    00002A92 00                   10870 	.db #0x00	; 0
    00002A93 00                   10871 	.db #0x00	; 0
    00002A94 00                   10872 	.db #0x00	; 0
    00002A95 00                   10873 	.db #0x00	; 0
    00002A96 00                   10874 	.db #0x00	; 0
    00002A97 00                   10875 	.db #0x00	; 0
    00002A98 00                   10876 	.db #0x00	; 0
    00002A99 00                   10877 	.db #0x00	; 0
    00002A9A 00                   10878 	.db #0x00	; 0
    00002A9B FF                   10879 	.db #0xff	; 255
    00002A9C FF                   10880 	.db #0xff	; 255
    00002A9D FF                   10881 	.db #0xff	; 255
    00002A9E FF                   10882 	.db #0xff	; 255
    00002A9F FF                   10883 	.db #0xff	; 255
    00002AA0 FF                   10884 	.db #0xff	; 255
    00002AA1 FF                   10885 	.db #0xff	; 255
    00002AA2 FF                   10886 	.db #0xff	; 255
    00002AA3 00                   10887 	.db #0x00	; 0
    00002AA4 00                   10888 	.db #0x00	; 0
    00002AA5 00                   10889 	.db #0x00	; 0
    00002AA6 00                   10890 	.db #0x00	; 0
    00002AA7 00                   10891 	.db #0x00	; 0
    00002AA8 00                   10892 	.db #0x00	; 0
    00002AA9 00                   10893 	.db #0x00	; 0
    00002AAA 00                   10894 	.db #0x00	; 0
    00002AAB CC                   10895 	.db #0xcc	; 204
    00002AAC CC                   10896 	.db #0xcc	; 204
    00002AAD CC                   10897 	.db #0xcc	; 204
    00002AAE CC                   10898 	.db #0xcc	; 204
    00002AAF CC                   10899 	.db #0xcc	; 204
    00002AB0 CC                   10900 	.db #0xcc	; 204
    00002AB1 CC                   10901 	.db #0xcc	; 204
    00002AB2 CC                   10902 	.db #0xcc	; 204
    00002AB3 33                   10903 	.db #0x33	; 51	'3'
    00002AB4 33                   10904 	.db #0x33	; 51	'3'
    00002AB5 33                   10905 	.db #0x33	; 51	'3'
    00002AB6 33                   10906 	.db #0x33	; 51	'3'
    00002AB7 33                   10907 	.db #0x33	; 51	'3'
    00002AB8 33                   10908 	.db #0x33	; 51	'3'
    00002AB9 33                   10909 	.db #0x33	; 51	'3'
    00002ABA 33                   10910 	.db #0x33	; 51	'3'
    00002ABB AA                   10911 	.db #0xaa	; 170
    00002ABC AA                   10912 	.db #0xaa	; 170
    00002ABD AA                   10913 	.db #0xaa	; 170
    00002ABE AA                   10914 	.db #0xaa	; 170
    00002ABF AA                   10915 	.db #0xaa	; 170
    00002AC0 AA                   10916 	.db #0xaa	; 170
    00002AC1 AA                   10917 	.db #0xaa	; 170
    00002AC2 AA                   10918 	.db #0xaa	; 170
    00002AC3 55                   10919 	.db #0x55	; 85	'U'
    00002AC4 55                   10920 	.db #0x55	; 85	'U'
    00002AC5 55                   10921 	.db #0x55	; 85	'U'
    00002AC6 55                   10922 	.db #0x55	; 85	'U'
    00002AC7 55                   10923 	.db #0x55	; 85	'U'
    00002AC8 55                   10924 	.db #0x55	; 85	'U'
    00002AC9 55                   10925 	.db #0x55	; 85	'U'
    00002ACA 55                   10926 	.db #0x55	; 85	'U'
    00002ACB 88                   10927 	.db #0x88	; 136
    00002ACC 88                   10928 	.db #0x88	; 136
    00002ACD 88                   10929 	.db #0x88	; 136
    00002ACE 88                   10930 	.db #0x88	; 136
    00002ACF 88                   10931 	.db #0x88	; 136
    00002AD0 88                   10932 	.db #0x88	; 136
    00002AD1 88                   10933 	.db #0x88	; 136
    00002AD2 88                   10934 	.db #0x88	; 136
    00002AD3 77                   10935 	.db #0x77	; 119	'w'
    00002AD4 77                   10936 	.db #0x77	; 119	'w'
    00002AD5 77                   10937 	.db #0x77	; 119	'w'
    00002AD6 77                   10938 	.db #0x77	; 119	'w'
    00002AD7 77                   10939 	.db #0x77	; 119	'w'
    00002AD8 77                   10940 	.db #0x77	; 119	'w'
    00002AD9 77                   10941 	.db #0x77	; 119	'w'
    00002ADA 77                   10942 	.db #0x77	; 119	'w'
    00002ADB FF                   10943 	.db #0xff	; 255
    00002ADC FF                   10944 	.db #0xff	; 255
    00002ADD CC                   10945 	.db #0xcc	; 204
    00002ADE CC                   10946 	.db #0xcc	; 204
    00002ADF FF                   10947 	.db #0xff	; 255
    00002AE0 FF                   10948 	.db #0xff	; 255
    00002AE1 CC                   10949 	.db #0xcc	; 204
    00002AE2 CC                   10950 	.db #0xcc	; 204
    00002AE3 00                   10951 	.db #0x00	; 0
    00002AE4 00                   10952 	.db #0x00	; 0
    00002AE5 33                   10953 	.db #0x33	; 51	'3'
    00002AE6 33                   10954 	.db #0x33	; 51	'3'
    00002AE7 00                   10955 	.db #0x00	; 0
    00002AE8 00                   10956 	.db #0x00	; 0
    00002AE9 33                   10957 	.db #0x33	; 51	'3'
    00002AEA 33                   10958 	.db #0x33	; 51	'3'
    00002AEB FE                   10959 	.db #0xfe	; 254
    00002AEC DC                   10960 	.db #0xdc	; 220
    00002AED BA                   10961 	.db #0xba	; 186
    00002AEE 98                   10962 	.db #0x98	; 152
    00002AEF 76                   10963 	.db #0x76	; 118	'v'
    00002AF0 54                   10964 	.db #0x54	; 84	'T'
    00002AF1 32                   10965 	.db #0x32	; 50	'2'
    00002AF2 10                   10966 	.db #0x10	; 16
    00002AF3 01                   10967 	.db #0x01	; 1
    00002AF4 23                   10968 	.db #0x23	; 35
    00002AF5 45                   10969 	.db #0x45	; 69	'E'
    00002AF6 67                   10970 	.db #0x67	; 103	'g'
    00002AF7 89                   10971 	.db #0x89	; 137
    00002AF8 AB                   10972 	.db #0xab	; 171
    00002AF9 CD                   10973 	.db #0xcd	; 205
    00002AFA EF                   10974 	.db #0xef	; 239
    00002AFB FF                   10975 	.db #0xff	; 255
    00002AFC FF                   10976 	.db #0xff	; 255
    00002AFD BA                   10977 	.db #0xba	; 186
    00002AFE 98                   10978 	.db #0x98	; 152
    00002AFF A9                   10979 	.db #0xa9	; 169
    00002B00 87                   10980 	.db #0x87	; 135
    00002B01 32                   10981 	.db #0x32	; 50	'2'
    00002B02 10                   10982 	.db #0x10	; 16
    00002B03 34                   10983 	.db #0x34	; 52	'4'
    00002B04 56                   10984 	.db #0x56	; 86	'V'
    00002B05 45                   10985 	.db #0x45	; 69	'E'
    00002B06 67                   10986 	.db #0x67	; 103	'g'
    00002B07 BC                   10987 	.db #0xbc	; 188
    00002B08 DE                   10988 	.db #0xde	; 222
    00002B09 CD                   10989 	.db #0xcd	; 205
    00002B0A EF                   10990 	.db #0xef	; 239
    00002B0B FF                   10991 	.db #0xff	; 255
    00002B0C EE                   10992 	.db #0xee	; 238
    00002B0D DD                   10993 	.db #0xdd	; 221
    00002B0E CC                   10994 	.db #0xcc	; 204
    00002B0F BB                   10995 	.db #0xbb	; 187
    00002B10 AA                   10996 	.db #0xaa	; 170
    00002B11 99                   10997 	.db #0x99	; 153
    00002B12 88                   10998 	.db #0x88	; 136
    00002B13 77                   10999 	.db #0x77	; 119	'w'
    00002B14 66                   11000 	.db #0x66	; 102	'f'
    00002B15 55                   11001 	.db #0x55	; 85	'U'
    00002B16 44                   11002 	.db #0x44	; 68	'D'
    00002B17 33                   11003 	.db #0x33	; 51	'3'
    00002B18 22                   11004 	.db #0x22	; 34
    00002B19 11                   11005 	.db #0x11	; 17
    00002B1A 00                   11006 	.db #0x00	; 0
    00002B1B FF                   11007 	.db #0xff	; 255
    00002B1C FE                   11008 	.db #0xfe	; 254
    00002B1D FD                   11009 	.db #0xfd	; 253
    00002B1E FC                   11010 	.db #0xfc	; 252
    00002B1F FB                   11011 	.db #0xfb	; 251
    00002B20 FA                   11012 	.db #0xfa	; 250
    00002B21 F9                   11013 	.db #0xf9	; 249
    00002B22 F8                   11014 	.db #0xf8	; 248
    00002B23 E7                   11015 	.db #0xe7	; 231
    00002B24 D6                   11016 	.db #0xd6	; 214
    00002B25 C5                   11017 	.db #0xc5	; 197
    00002B26 B4                   11018 	.db #0xb4	; 180
    00002B27 A3                   11019 	.db #0xa3	; 163
    00002B28 92                   11020 	.db #0x92	; 146
    00002B29 81                   11021 	.db #0x81	; 129
    00002B2A 70                   11022 	.db #0x70	; 112	'p'
    00002B2B                      11023 _boss_theme:
    00002B2B 06                   11024 	.db #0x06	; 6
    00002B2Cr00r00                11025 	.dw _order_cnt
    00002B2Er81r28                11026 	.dw _order1
    00002B30rB5r28                11027 	.dw _order2
    00002B32rE9r28                11028 	.dw _order3
    00002B34r1Dr29                11029 	.dw _order4
    00002B36r51r29                11030 	.dw _duty_instruments
    00002B38r93r29                11031 	.dw _wave_instruments
    00002B3ArE7r29                11032 	.dw _noise_instruments
    00002B3C 00 00                11033 	.dw #0x0000
    00002B3Er3Br2A                11034 	.dw _waves
                                  11035 	.area _INITIALIZER
                                  11036 	.area _CABS (ABS)
