                                      1 ;--------------------------------------------------------
                                      2 ; File Created by SDCC : free open source ISO C Compiler
                                      3 ; Version 4.5.1 #15267 (MINGW64)
                                      4 ;--------------------------------------------------------
                                      5 	.module boss_defeated
                                      6 	
                                      7 ;--------------------------------------------------------
                                      8 ; Public variables in this module
                                      9 ;--------------------------------------------------------
                                     10 	.globl _boss_defeated_jingle
                                     11 ;--------------------------------------------------------
                                     12 ; special function registers
                                     13 ;--------------------------------------------------------
                                     14 	.area _HRAM
                                     15 ;--------------------------------------------------------
                                     16 ; ram data
                                     17 ;--------------------------------------------------------
                                     18 	.area _DATA
                                     19 ;--------------------------------------------------------
                                     20 ; ram data
                                     21 ;--------------------------------------------------------
                                     22 	.area _INITIALIZED
                                     23 ;--------------------------------------------------------
                                     24 ; absolute external ram data
                                     25 ;--------------------------------------------------------
                                     26 	.area _DABS (ABS)
                                     27 ;--------------------------------------------------------
                                     28 ; global & static initialisations
                                     29 ;--------------------------------------------------------
                                     30 	.area _HOME
                                     31 	.area _GSINIT
                                     32 	.area _GSFINAL
                                     33 	.area _GSINIT
                                     34 ;--------------------------------------------------------
                                     35 ; Home
                                     36 ;--------------------------------------------------------
                                     37 	.area _HOME
                                     38 	.area _HOME
                                     39 ;--------------------------------------------------------
                                     40 ; code
                                     41 ;--------------------------------------------------------
                                     42 	.area _CODE_3
                                     43 	.area _CODE_3
    00000000                         44 _order_cnt:
    00000000 06                      45 	.db #0x06	; 6
    00000001                         46 _P0:
    00000001 18                      47 	.db #0x18	; 24
    00000002 10                      48 	.db #0x10	; 16
    00000003 00                      49 	.db #0x00	; 0
    00000004 5A                      50 	.db #0x5a	; 90	'Z'
    00000005 00                      51 	.db #0x00	; 0
    00000006 00                      52 	.db #0x00	; 0
    00000007 5A                      53 	.db #0x5a	; 90	'Z'
    00000008 00                      54 	.db #0x00	; 0
    00000009 00                      55 	.db #0x00	; 0
    0000000A 5A                      56 	.db #0x5a	; 90	'Z'
    0000000B 00                      57 	.db #0x00	; 0
    0000000C 00                      58 	.db #0x00	; 0
    0000000D 18                      59 	.db #0x18	; 24
    0000000E 10                      60 	.db #0x10	; 16
    0000000F 00                      61 	.db #0x00	; 0
    00000010 5A                      62 	.db #0x5a	; 90	'Z'
    00000011 00                      63 	.db #0x00	; 0
    00000012 00                      64 	.db #0x00	; 0
    00000013 18                      65 	.db #0x18	; 24
    00000014 10                      66 	.db #0x10	; 16
    00000015 00                      67 	.db #0x00	; 0
    00000016 18                      68 	.db #0x18	; 24
    00000017 10                      69 	.db #0x10	; 16
    00000018 00                      70 	.db #0x00	; 0
    00000019 16                      71 	.db #0x16	; 22
    0000001A 10                      72 	.db #0x10	; 16
    0000001B 00                      73 	.db #0x00	; 0
    0000001C 5A                      74 	.db #0x5a	; 90	'Z'
    0000001D 00                      75 	.db #0x00	; 0
    0000001E 00                      76 	.db #0x00	; 0
    0000001F 5A                      77 	.db #0x5a	; 90	'Z'
    00000020 00                      78 	.db #0x00	; 0
    00000021 00                      79 	.db #0x00	; 0
    00000022 5A                      80 	.db #0x5a	; 90	'Z'
    00000023 00                      81 	.db #0x00	; 0
    00000024 00                      82 	.db #0x00	; 0
    00000025 1B                      83 	.db #0x1b	; 27
    00000026 10                      84 	.db #0x10	; 16
    00000027 00                      85 	.db #0x00	; 0
    00000028 5A                      86 	.db #0x5a	; 90	'Z'
    00000029 00                      87 	.db #0x00	; 0
    0000002A 00                      88 	.db #0x00	; 0
    0000002B 5A                      89 	.db #0x5a	; 90	'Z'
    0000002C 00                      90 	.db #0x00	; 0
    0000002D 00                      91 	.db #0x00	; 0
    0000002E 16                      92 	.db #0x16	; 22
    0000002F 10                      93 	.db #0x10	; 16
    00000030 00                      94 	.db #0x00	; 0
    00000031 18                      95 	.db #0x18	; 24
    00000032 40                      96 	.db #0x40	; 64
    00000033 00                      97 	.db #0x00	; 0
    00000034 5A                      98 	.db #0x5a	; 90	'Z'
    00000035 00                      99 	.db #0x00	; 0
    00000036 00                     100 	.db #0x00	; 0
    00000037 5A                     101 	.db #0x5a	; 90	'Z'
    00000038 00                     102 	.db #0x00	; 0
    00000039 00                     103 	.db #0x00	; 0
    0000003A 5A                     104 	.db #0x5a	; 90	'Z'
    0000003B 00                     105 	.db #0x00	; 0
    0000003C 00                     106 	.db #0x00	; 0
    0000003D 5A                     107 	.db #0x5a	; 90	'Z'
    0000003E 00                     108 	.db #0x00	; 0
    0000003F 00                     109 	.db #0x00	; 0
    00000040 5A                     110 	.db #0x5a	; 90	'Z'
    00000041 00                     111 	.db #0x00	; 0
    00000042 00                     112 	.db #0x00	; 0
    00000043 5A                     113 	.db #0x5a	; 90	'Z'
    00000044 00                     114 	.db #0x00	; 0
    00000045 00                     115 	.db #0x00	; 0
    00000046 5A                     116 	.db #0x5a	; 90	'Z'
    00000047 00                     117 	.db #0x00	; 0
    00000048 00                     118 	.db #0x00	; 0
    00000049 5A                     119 	.db #0x5a	; 90	'Z'
    0000004A 00                     120 	.db #0x00	; 0
    0000004B 00                     121 	.db #0x00	; 0
    0000004C 5A                     122 	.db #0x5a	; 90	'Z'
    0000004D 00                     123 	.db #0x00	; 0
    0000004E 00                     124 	.db #0x00	; 0
    0000004F 5A                     125 	.db #0x5a	; 90	'Z'
    00000050 00                     126 	.db #0x00	; 0
    00000051 00                     127 	.db #0x00	; 0
    00000052 5A                     128 	.db #0x5a	; 90	'Z'
    00000053 00                     129 	.db #0x00	; 0
    00000054 00                     130 	.db #0x00	; 0
    00000055 5A                     131 	.db #0x5a	; 90	'Z'
    00000056 00                     132 	.db #0x00	; 0
    00000057 00                     133 	.db #0x00	; 0
    00000058 5A                     134 	.db #0x5a	; 90	'Z'
    00000059 00                     135 	.db #0x00	; 0
    0000005A 00                     136 	.db #0x00	; 0
    0000005B 5A                     137 	.db #0x5a	; 90	'Z'
    0000005C 00                     138 	.db #0x00	; 0
    0000005D 00                     139 	.db #0x00	; 0
    0000005E 5A                     140 	.db #0x5a	; 90	'Z'
    0000005F 00                     141 	.db #0x00	; 0
    00000060 00                     142 	.db #0x00	; 0
    00000061 5A                     143 	.db #0x5a	; 90	'Z'
    00000062 00                     144 	.db #0x00	; 0
    00000063 00                     145 	.db #0x00	; 0
    00000064 5A                     146 	.db #0x5a	; 90	'Z'
    00000065 00                     147 	.db #0x00	; 0
    00000066 00                     148 	.db #0x00	; 0
    00000067 5A                     149 	.db #0x5a	; 90	'Z'
    00000068 00                     150 	.db #0x00	; 0
    00000069 00                     151 	.db #0x00	; 0
    0000006A 5A                     152 	.db #0x5a	; 90	'Z'
    0000006B 00                     153 	.db #0x00	; 0
    0000006C 00                     154 	.db #0x00	; 0
    0000006D 5A                     155 	.db #0x5a	; 90	'Z'
    0000006E 00                     156 	.db #0x00	; 0
    0000006F 00                     157 	.db #0x00	; 0
    00000070 5A                     158 	.db #0x5a	; 90	'Z'
    00000071 00                     159 	.db #0x00	; 0
    00000072 00                     160 	.db #0x00	; 0
    00000073 5A                     161 	.db #0x5a	; 90	'Z'
    00000074 00                     162 	.db #0x00	; 0
    00000075 00                     163 	.db #0x00	; 0
    00000076 5A                     164 	.db #0x5a	; 90	'Z'
    00000077 00                     165 	.db #0x00	; 0
    00000078 00                     166 	.db #0x00	; 0
    00000079 5A                     167 	.db #0x5a	; 90	'Z'
    0000007A 00                     168 	.db #0x00	; 0
    0000007B 00                     169 	.db #0x00	; 0
    0000007C 5A                     170 	.db #0x5a	; 90	'Z'
    0000007D 00                     171 	.db #0x00	; 0
    0000007E 00                     172 	.db #0x00	; 0
    0000007F 5A                     173 	.db #0x5a	; 90	'Z'
    00000080 00                     174 	.db #0x00	; 0
    00000081 00                     175 	.db #0x00	; 0
    00000082 5A                     176 	.db #0x5a	; 90	'Z'
    00000083 00                     177 	.db #0x00	; 0
    00000084 00                     178 	.db #0x00	; 0
    00000085 5A                     179 	.db #0x5a	; 90	'Z'
    00000086 00                     180 	.db #0x00	; 0
    00000087 00                     181 	.db #0x00	; 0
    00000088 5A                     182 	.db #0x5a	; 90	'Z'
    00000089 00                     183 	.db #0x00	; 0
    0000008A 00                     184 	.db #0x00	; 0
    0000008B 5A                     185 	.db #0x5a	; 90	'Z'
    0000008C 00                     186 	.db #0x00	; 0
    0000008D 00                     187 	.db #0x00	; 0
    0000008E 5A                     188 	.db #0x5a	; 90	'Z'
    0000008F 00                     189 	.db #0x00	; 0
    00000090 00                     190 	.db #0x00	; 0
    00000091 5A                     191 	.db #0x5a	; 90	'Z'
    00000092 00                     192 	.db #0x00	; 0
    00000093 00                     193 	.db #0x00	; 0
    00000094 5A                     194 	.db #0x5a	; 90	'Z'
    00000095 00                     195 	.db #0x00	; 0
    00000096 00                     196 	.db #0x00	; 0
    00000097 5A                     197 	.db #0x5a	; 90	'Z'
    00000098 00                     198 	.db #0x00	; 0
    00000099 00                     199 	.db #0x00	; 0
    0000009A 5A                     200 	.db #0x5a	; 90	'Z'
    0000009B 00                     201 	.db #0x00	; 0
    0000009C 00                     202 	.db #0x00	; 0
    0000009D 5A                     203 	.db #0x5a	; 90	'Z'
    0000009E 00                     204 	.db #0x00	; 0
    0000009F 00                     205 	.db #0x00	; 0
    000000A0 5A                     206 	.db #0x5a	; 90	'Z'
    000000A1 00                     207 	.db #0x00	; 0
    000000A2 00                     208 	.db #0x00	; 0
    000000A3 5A                     209 	.db #0x5a	; 90	'Z'
    000000A4 00                     210 	.db #0x00	; 0
    000000A5 00                     211 	.db #0x00	; 0
    000000A6 5A                     212 	.db #0x5a	; 90	'Z'
    000000A7 00                     213 	.db #0x00	; 0
    000000A8 00                     214 	.db #0x00	; 0
    000000A9 5A                     215 	.db #0x5a	; 90	'Z'
    000000AA 00                     216 	.db #0x00	; 0
    000000AB 00                     217 	.db #0x00	; 0
    000000AC 5A                     218 	.db #0x5a	; 90	'Z'
    000000AD 00                     219 	.db #0x00	; 0
    000000AE 00                     220 	.db #0x00	; 0
    000000AF 5A                     221 	.db #0x5a	; 90	'Z'
    000000B0 00                     222 	.db #0x00	; 0
    000000B1 00                     223 	.db #0x00	; 0
    000000B2 5A                     224 	.db #0x5a	; 90	'Z'
    000000B3 00                     225 	.db #0x00	; 0
    000000B4 00                     226 	.db #0x00	; 0
    000000B5 5A                     227 	.db #0x5a	; 90	'Z'
    000000B6 00                     228 	.db #0x00	; 0
    000000B7 00                     229 	.db #0x00	; 0
    000000B8 5A                     230 	.db #0x5a	; 90	'Z'
    000000B9 00                     231 	.db #0x00	; 0
    000000BA 00                     232 	.db #0x00	; 0
    000000BB 5A                     233 	.db #0x5a	; 90	'Z'
    000000BC 00                     234 	.db #0x00	; 0
    000000BD 00                     235 	.db #0x00	; 0
    000000BE 5A                     236 	.db #0x5a	; 90	'Z'
    000000BF 00                     237 	.db #0x00	; 0
    000000C0 00                     238 	.db #0x00	; 0
    000000C1                        239 _P1:
    000000C1 28                     240 	.db #0x28	; 40
    000000C2 20                     241 	.db #0x20	; 32
    000000C3 00                     242 	.db #0x00	; 0
    000000C4 24                     243 	.db #0x24	; 36
    000000C5 20                     244 	.db #0x20	; 32
    000000C6 00                     245 	.db #0x00	; 0
    000000C7 21                     246 	.db #0x21	; 33
    000000C8 20                     247 	.db #0x20	; 32
    000000C9 00                     248 	.db #0x00	; 0
    000000CA 1F                     249 	.db #0x1f	; 31
    000000CB 20                     250 	.db #0x20	; 32
    000000CC 00                     251 	.db #0x00	; 0
    000000CD 28                     252 	.db #0x28	; 40
    000000CE 20                     253 	.db #0x20	; 32
    000000CF 00                     254 	.db #0x00	; 0
    000000D0 24                     255 	.db #0x24	; 36
    000000D1 20                     256 	.db #0x20	; 32
    000000D2 00                     257 	.db #0x00	; 0
    000000D3 21                     258 	.db #0x21	; 33
    000000D4 20                     259 	.db #0x20	; 32
    000000D5 00                     260 	.db #0x00	; 0
    000000D6 1F                     261 	.db #0x1f	; 31
    000000D7 20                     262 	.db #0x20	; 32
    000000D8 00                     263 	.db #0x00	; 0
    000000D9 22                     264 	.db #0x22	; 34
    000000DA 20                     265 	.db #0x20	; 32
    000000DB 00                     266 	.db #0x00	; 0
    000000DC 1F                     267 	.db #0x1f	; 31
    000000DD 20                     268 	.db #0x20	; 32
    000000DE 00                     269 	.db #0x00	; 0
    000000DF 1D                     270 	.db #0x1d	; 29
    000000E0 20                     271 	.db #0x20	; 32
    000000E1 00                     272 	.db #0x00	; 0
    000000E2 18                     273 	.db #0x18	; 24
    000000E3 20                     274 	.db #0x20	; 32
    000000E4 00                     275 	.db #0x00	; 0
    000000E5 1F                     276 	.db #0x1f	; 31
    000000E6 20                     277 	.db #0x20	; 32
    000000E7 00                     278 	.db #0x00	; 0
    000000E8 1D                     279 	.db #0x1d	; 29
    000000E9 20                     280 	.db #0x20	; 32
    000000EA 00                     281 	.db #0x00	; 0
    000000EB 1F                     282 	.db #0x1f	; 31
    000000EC 20                     283 	.db #0x20	; 32
    000000ED 00                     284 	.db #0x00	; 0
    000000EE 22                     285 	.db #0x22	; 34
    000000EF 20                     286 	.db #0x20	; 32
    000000F0 00                     287 	.db #0x00	; 0
    000000F1 28                     288 	.db #0x28	; 40
    000000F2 30                     289 	.db #0x30	; 48	'0'
    000000F3 00                     290 	.db #0x00	; 0
    000000F4 5A                     291 	.db #0x5a	; 90	'Z'
    000000F5 00                     292 	.db #0x00	; 0
    000000F6 00                     293 	.db #0x00	; 0
    000000F7 5A                     294 	.db #0x5a	; 90	'Z'
    000000F8 00                     295 	.db #0x00	; 0
    000000F9 00                     296 	.db #0x00	; 0
    000000FA 5A                     297 	.db #0x5a	; 90	'Z'
    000000FB 00                     298 	.db #0x00	; 0
    000000FC 00                     299 	.db #0x00	; 0
    000000FD 5A                     300 	.db #0x5a	; 90	'Z'
    000000FE 00                     301 	.db #0x00	; 0
    000000FF 00                     302 	.db #0x00	; 0
    00000100 5A                     303 	.db #0x5a	; 90	'Z'
    00000101 00                     304 	.db #0x00	; 0
    00000102 00                     305 	.db #0x00	; 0
    00000103 5A                     306 	.db #0x5a	; 90	'Z'
    00000104 00                     307 	.db #0x00	; 0
    00000105 00                     308 	.db #0x00	; 0
    00000106 5A                     309 	.db #0x5a	; 90	'Z'
    00000107 00                     310 	.db #0x00	; 0
    00000108 00                     311 	.db #0x00	; 0
    00000109 5A                     312 	.db #0x5a	; 90	'Z'
    0000010A 00                     313 	.db #0x00	; 0
    0000010B 00                     314 	.db #0x00	; 0
    0000010C 5A                     315 	.db #0x5a	; 90	'Z'
    0000010D 00                     316 	.db #0x00	; 0
    0000010E 00                     317 	.db #0x00	; 0
    0000010F 5A                     318 	.db #0x5a	; 90	'Z'
    00000110 00                     319 	.db #0x00	; 0
    00000111 00                     320 	.db #0x00	; 0
    00000112 5A                     321 	.db #0x5a	; 90	'Z'
    00000113 00                     322 	.db #0x00	; 0
    00000114 00                     323 	.db #0x00	; 0
    00000115 5A                     324 	.db #0x5a	; 90	'Z'
    00000116 00                     325 	.db #0x00	; 0
    00000117 00                     326 	.db #0x00	; 0
    00000118 5A                     327 	.db #0x5a	; 90	'Z'
    00000119 00                     328 	.db #0x00	; 0
    0000011A 00                     329 	.db #0x00	; 0
    0000011B 5A                     330 	.db #0x5a	; 90	'Z'
    0000011C 00                     331 	.db #0x00	; 0
    0000011D 00                     332 	.db #0x00	; 0
    0000011E 5A                     333 	.db #0x5a	; 90	'Z'
    0000011F 00                     334 	.db #0x00	; 0
    00000120 00                     335 	.db #0x00	; 0
    00000121 5A                     336 	.db #0x5a	; 90	'Z'
    00000122 00                     337 	.db #0x00	; 0
    00000123 00                     338 	.db #0x00	; 0
    00000124 5A                     339 	.db #0x5a	; 90	'Z'
    00000125 00                     340 	.db #0x00	; 0
    00000126 00                     341 	.db #0x00	; 0
    00000127 5A                     342 	.db #0x5a	; 90	'Z'
    00000128 00                     343 	.db #0x00	; 0
    00000129 00                     344 	.db #0x00	; 0
    0000012A 5A                     345 	.db #0x5a	; 90	'Z'
    0000012B 00                     346 	.db #0x00	; 0
    0000012C 00                     347 	.db #0x00	; 0
    0000012D 5A                     348 	.db #0x5a	; 90	'Z'
    0000012E 00                     349 	.db #0x00	; 0
    0000012F 00                     350 	.db #0x00	; 0
    00000130 5A                     351 	.db #0x5a	; 90	'Z'
    00000131 00                     352 	.db #0x00	; 0
    00000132 00                     353 	.db #0x00	; 0
    00000133 5A                     354 	.db #0x5a	; 90	'Z'
    00000134 00                     355 	.db #0x00	; 0
    00000135 00                     356 	.db #0x00	; 0
    00000136 5A                     357 	.db #0x5a	; 90	'Z'
    00000137 00                     358 	.db #0x00	; 0
    00000138 00                     359 	.db #0x00	; 0
    00000139 5A                     360 	.db #0x5a	; 90	'Z'
    0000013A 00                     361 	.db #0x00	; 0
    0000013B 00                     362 	.db #0x00	; 0
    0000013C 5A                     363 	.db #0x5a	; 90	'Z'
    0000013D 00                     364 	.db #0x00	; 0
    0000013E 00                     365 	.db #0x00	; 0
    0000013F 5A                     366 	.db #0x5a	; 90	'Z'
    00000140 00                     367 	.db #0x00	; 0
    00000141 00                     368 	.db #0x00	; 0
    00000142 5A                     369 	.db #0x5a	; 90	'Z'
    00000143 00                     370 	.db #0x00	; 0
    00000144 00                     371 	.db #0x00	; 0
    00000145 5A                     372 	.db #0x5a	; 90	'Z'
    00000146 00                     373 	.db #0x00	; 0
    00000147 00                     374 	.db #0x00	; 0
    00000148 5A                     375 	.db #0x5a	; 90	'Z'
    00000149 00                     376 	.db #0x00	; 0
    0000014A 00                     377 	.db #0x00	; 0
    0000014B 5A                     378 	.db #0x5a	; 90	'Z'
    0000014C 00                     379 	.db #0x00	; 0
    0000014D 00                     380 	.db #0x00	; 0
    0000014E 5A                     381 	.db #0x5a	; 90	'Z'
    0000014F 00                     382 	.db #0x00	; 0
    00000150 00                     383 	.db #0x00	; 0
    00000151 5A                     384 	.db #0x5a	; 90	'Z'
    00000152 00                     385 	.db #0x00	; 0
    00000153 00                     386 	.db #0x00	; 0
    00000154 5A                     387 	.db #0x5a	; 90	'Z'
    00000155 00                     388 	.db #0x00	; 0
    00000156 00                     389 	.db #0x00	; 0
    00000157 5A                     390 	.db #0x5a	; 90	'Z'
    00000158 00                     391 	.db #0x00	; 0
    00000159 00                     392 	.db #0x00	; 0
    0000015A 5A                     393 	.db #0x5a	; 90	'Z'
    0000015B 00                     394 	.db #0x00	; 0
    0000015C 00                     395 	.db #0x00	; 0
    0000015D 5A                     396 	.db #0x5a	; 90	'Z'
    0000015E 00                     397 	.db #0x00	; 0
    0000015F 00                     398 	.db #0x00	; 0
    00000160 5A                     399 	.db #0x5a	; 90	'Z'
    00000161 00                     400 	.db #0x00	; 0
    00000162 00                     401 	.db #0x00	; 0
    00000163 5A                     402 	.db #0x5a	; 90	'Z'
    00000164 00                     403 	.db #0x00	; 0
    00000165 00                     404 	.db #0x00	; 0
    00000166 5A                     405 	.db #0x5a	; 90	'Z'
    00000167 00                     406 	.db #0x00	; 0
    00000168 00                     407 	.db #0x00	; 0
    00000169 5A                     408 	.db #0x5a	; 90	'Z'
    0000016A 00                     409 	.db #0x00	; 0
    0000016B 00                     410 	.db #0x00	; 0
    0000016C 5A                     411 	.db #0x5a	; 90	'Z'
    0000016D 00                     412 	.db #0x00	; 0
    0000016E 00                     413 	.db #0x00	; 0
    0000016F 5A                     414 	.db #0x5a	; 90	'Z'
    00000170 00                     415 	.db #0x00	; 0
    00000171 00                     416 	.db #0x00	; 0
    00000172 5A                     417 	.db #0x5a	; 90	'Z'
    00000173 00                     418 	.db #0x00	; 0
    00000174 00                     419 	.db #0x00	; 0
    00000175 5A                     420 	.db #0x5a	; 90	'Z'
    00000176 00                     421 	.db #0x00	; 0
    00000177 00                     422 	.db #0x00	; 0
    00000178 5A                     423 	.db #0x5a	; 90	'Z'
    00000179 00                     424 	.db #0x00	; 0
    0000017A 00                     425 	.db #0x00	; 0
    0000017B 5A                     426 	.db #0x5a	; 90	'Z'
    0000017C 00                     427 	.db #0x00	; 0
    0000017D 00                     428 	.db #0x00	; 0
    0000017E 5A                     429 	.db #0x5a	; 90	'Z'
    0000017F 00                     430 	.db #0x00	; 0
    00000180 00                     431 	.db #0x00	; 0
    00000181                        432 _P2:
    00000181 0C                     433 	.db #0x0c	; 12
    00000182 70                     434 	.db #0x70	; 112	'p'
    00000183 00                     435 	.db #0x00	; 0
    00000184 5A                     436 	.db #0x5a	; 90	'Z'
    00000185 0C                     437 	.db #0x0c	; 12
    00000186 07                     438 	.db #0x07	; 7
    00000187 0C                     439 	.db #0x0c	; 12
    00000188 70                     440 	.db #0x70	; 112	'p'
    00000189 00                     441 	.db #0x00	; 0
    0000018A 5A                     442 	.db #0x5a	; 90	'Z'
    0000018B 0C                     443 	.db #0x0c	; 12
    0000018C 07                     444 	.db #0x07	; 7
    0000018D 5A                     445 	.db #0x5a	; 90	'Z'
    0000018E 00                     446 	.db #0x00	; 0
    0000018F 00                     447 	.db #0x00	; 0
    00000190 5A                     448 	.db #0x5a	; 90	'Z'
    00000191 00                     449 	.db #0x00	; 0
    00000192 00                     450 	.db #0x00	; 0
    00000193 0C                     451 	.db #0x0c	; 12
    00000194 70                     452 	.db #0x70	; 112	'p'
    00000195 00                     453 	.db #0x00	; 0
    00000196 0C                     454 	.db #0x0c	; 12
    00000197 70                     455 	.db #0x70	; 112	'p'
    00000198 00                     456 	.db #0x00	; 0
    00000199 0A                     457 	.db #0x0a	; 10
    0000019A 70                     458 	.db #0x70	; 112	'p'
    0000019B 00                     459 	.db #0x00	; 0
    0000019C 5A                     460 	.db #0x5a	; 90	'Z'
    0000019D 0C                     461 	.db #0x0c	; 12
    0000019E 07                     462 	.db #0x07	; 7
    0000019F 0A                     463 	.db #0x0a	; 10
    000001A0 70                     464 	.db #0x70	; 112	'p'
    000001A1 00                     465 	.db #0x00	; 0
    000001A2 5A                     466 	.db #0x5a	; 90	'Z'
    000001A3 00                     467 	.db #0x00	; 0
    000001A4 00                     468 	.db #0x00	; 0
    000001A5 07                     469 	.db #0x07	; 7
    000001A6 70                     470 	.db #0x70	; 112	'p'
    000001A7 00                     471 	.db #0x00	; 0
    000001A8 5A                     472 	.db #0x5a	; 90	'Z'
    000001A9 00                     473 	.db #0x00	; 0
    000001AA 00                     474 	.db #0x00	; 0
    000001AB 07                     475 	.db #0x07	; 7
    000001AC 70                     476 	.db #0x70	; 112	'p'
    000001AD 00                     477 	.db #0x00	; 0
    000001AE 5A                     478 	.db #0x5a	; 90	'Z'
    000001AF 00                     479 	.db #0x00	; 0
    000001B0 00                     480 	.db #0x00	; 0
    000001B1 0C                     481 	.db #0x0c	; 12
    000001B2 70                     482 	.db #0x70	; 112	'p'
    000001B3 00                     483 	.db #0x00	; 0
    000001B4 5A                     484 	.db #0x5a	; 90	'Z'
    000001B5 00                     485 	.db #0x00	; 0
    000001B6 00                     486 	.db #0x00	; 0
    000001B7 5A                     487 	.db #0x5a	; 90	'Z'
    000001B8 00                     488 	.db #0x00	; 0
    000001B9 00                     489 	.db #0x00	; 0
    000001BA 5A                     490 	.db #0x5a	; 90	'Z'
    000001BB 00                     491 	.db #0x00	; 0
    000001BC 00                     492 	.db #0x00	; 0
    000001BD 5A                     493 	.db #0x5a	; 90	'Z'
    000001BE 0C                     494 	.db #0x0c	; 12
    000001BF 07                     495 	.db #0x07	; 7
    000001C0 5A                     496 	.db #0x5a	; 90	'Z'
    000001C1 00                     497 	.db #0x00	; 0
    000001C2 00                     498 	.db #0x00	; 0
    000001C3 5A                     499 	.db #0x5a	; 90	'Z'
    000001C4 00                     500 	.db #0x00	; 0
    000001C5 00                     501 	.db #0x00	; 0
    000001C6 5A                     502 	.db #0x5a	; 90	'Z'
    000001C7 00                     503 	.db #0x00	; 0
    000001C8 00                     504 	.db #0x00	; 0
    000001C9 5A                     505 	.db #0x5a	; 90	'Z'
    000001CA 0C                     506 	.db #0x0c	; 12
    000001CB 03                     507 	.db #0x03	; 3
    000001CC 5A                     508 	.db #0x5a	; 90	'Z'
    000001CD 00                     509 	.db #0x00	; 0
    000001CE 00                     510 	.db #0x00	; 0
    000001CF 5A                     511 	.db #0x5a	; 90	'Z'
    000001D0 00                     512 	.db #0x00	; 0
    000001D1 00                     513 	.db #0x00	; 0
    000001D2 5A                     514 	.db #0x5a	; 90	'Z'
    000001D3 00                     515 	.db #0x00	; 0
    000001D4 00                     516 	.db #0x00	; 0
    000001D5 5A                     517 	.db #0x5a	; 90	'Z'
    000001D6 00                     518 	.db #0x00	; 0
    000001D7 00                     519 	.db #0x00	; 0
    000001D8 5A                     520 	.db #0x5a	; 90	'Z'
    000001D9 0E                     521 	.db #0x0e	; 14
    000001DA 00                     522 	.db #0x00	; 0
    000001DB 5A                     523 	.db #0x5a	; 90	'Z'
    000001DC 00                     524 	.db #0x00	; 0
    000001DD 00                     525 	.db #0x00	; 0
    000001DE 5A                     526 	.db #0x5a	; 90	'Z'
    000001DF 00                     527 	.db #0x00	; 0
    000001E0 00                     528 	.db #0x00	; 0
    000001E1 5A                     529 	.db #0x5a	; 90	'Z'
    000001E2 00                     530 	.db #0x00	; 0
    000001E3 00                     531 	.db #0x00	; 0
    000001E4 5A                     532 	.db #0x5a	; 90	'Z'
    000001E5 00                     533 	.db #0x00	; 0
    000001E6 00                     534 	.db #0x00	; 0
    000001E7 5A                     535 	.db #0x5a	; 90	'Z'
    000001E8 00                     536 	.db #0x00	; 0
    000001E9 00                     537 	.db #0x00	; 0
    000001EA 5A                     538 	.db #0x5a	; 90	'Z'
    000001EB 00                     539 	.db #0x00	; 0
    000001EC 00                     540 	.db #0x00	; 0
    000001ED 5A                     541 	.db #0x5a	; 90	'Z'
    000001EE 00                     542 	.db #0x00	; 0
    000001EF 00                     543 	.db #0x00	; 0
    000001F0 5A                     544 	.db #0x5a	; 90	'Z'
    000001F1 00                     545 	.db #0x00	; 0
    000001F2 00                     546 	.db #0x00	; 0
    000001F3 5A                     547 	.db #0x5a	; 90	'Z'
    000001F4 00                     548 	.db #0x00	; 0
    000001F5 00                     549 	.db #0x00	; 0
    000001F6 5A                     550 	.db #0x5a	; 90	'Z'
    000001F7 00                     551 	.db #0x00	; 0
    000001F8 00                     552 	.db #0x00	; 0
    000001F9 5A                     553 	.db #0x5a	; 90	'Z'
    000001FA 00                     554 	.db #0x00	; 0
    000001FB 00                     555 	.db #0x00	; 0
    000001FC 5A                     556 	.db #0x5a	; 90	'Z'
    000001FD 00                     557 	.db #0x00	; 0
    000001FE 00                     558 	.db #0x00	; 0
    000001FF 5A                     559 	.db #0x5a	; 90	'Z'
    00000200 00                     560 	.db #0x00	; 0
    00000201 00                     561 	.db #0x00	; 0
    00000202 5A                     562 	.db #0x5a	; 90	'Z'
    00000203 00                     563 	.db #0x00	; 0
    00000204 00                     564 	.db #0x00	; 0
    00000205 5A                     565 	.db #0x5a	; 90	'Z'
    00000206 00                     566 	.db #0x00	; 0
    00000207 00                     567 	.db #0x00	; 0
    00000208 5A                     568 	.db #0x5a	; 90	'Z'
    00000209 00                     569 	.db #0x00	; 0
    0000020A 00                     570 	.db #0x00	; 0
    0000020B 5A                     571 	.db #0x5a	; 90	'Z'
    0000020C 00                     572 	.db #0x00	; 0
    0000020D 00                     573 	.db #0x00	; 0
    0000020E 5A                     574 	.db #0x5a	; 90	'Z'
    0000020F 00                     575 	.db #0x00	; 0
    00000210 00                     576 	.db #0x00	; 0
    00000211 5A                     577 	.db #0x5a	; 90	'Z'
    00000212 00                     578 	.db #0x00	; 0
    00000213 00                     579 	.db #0x00	; 0
    00000214 5A                     580 	.db #0x5a	; 90	'Z'
    00000215 00                     581 	.db #0x00	; 0
    00000216 00                     582 	.db #0x00	; 0
    00000217 5A                     583 	.db #0x5a	; 90	'Z'
    00000218 00                     584 	.db #0x00	; 0
    00000219 00                     585 	.db #0x00	; 0
    0000021A 5A                     586 	.db #0x5a	; 90	'Z'
    0000021B 00                     587 	.db #0x00	; 0
    0000021C 00                     588 	.db #0x00	; 0
    0000021D 5A                     589 	.db #0x5a	; 90	'Z'
    0000021E 00                     590 	.db #0x00	; 0
    0000021F 00                     591 	.db #0x00	; 0
    00000220 5A                     592 	.db #0x5a	; 90	'Z'
    00000221 00                     593 	.db #0x00	; 0
    00000222 00                     594 	.db #0x00	; 0
    00000223 5A                     595 	.db #0x5a	; 90	'Z'
    00000224 00                     596 	.db #0x00	; 0
    00000225 00                     597 	.db #0x00	; 0
    00000226 5A                     598 	.db #0x5a	; 90	'Z'
    00000227 00                     599 	.db #0x00	; 0
    00000228 00                     600 	.db #0x00	; 0
    00000229 5A                     601 	.db #0x5a	; 90	'Z'
    0000022A 00                     602 	.db #0x00	; 0
    0000022B 00                     603 	.db #0x00	; 0
    0000022C 5A                     604 	.db #0x5a	; 90	'Z'
    0000022D 00                     605 	.db #0x00	; 0
    0000022E 00                     606 	.db #0x00	; 0
    0000022F 5A                     607 	.db #0x5a	; 90	'Z'
    00000230 00                     608 	.db #0x00	; 0
    00000231 00                     609 	.db #0x00	; 0
    00000232 5A                     610 	.db #0x5a	; 90	'Z'
    00000233 00                     611 	.db #0x00	; 0
    00000234 00                     612 	.db #0x00	; 0
    00000235 5A                     613 	.db #0x5a	; 90	'Z'
    00000236 00                     614 	.db #0x00	; 0
    00000237 00                     615 	.db #0x00	; 0
    00000238 5A                     616 	.db #0x5a	; 90	'Z'
    00000239 00                     617 	.db #0x00	; 0
    0000023A 00                     618 	.db #0x00	; 0
    0000023B 5A                     619 	.db #0x5a	; 90	'Z'
    0000023C 00                     620 	.db #0x00	; 0
    0000023D 00                     621 	.db #0x00	; 0
    0000023E 5A                     622 	.db #0x5a	; 90	'Z'
    0000023F 00                     623 	.db #0x00	; 0
    00000240 00                     624 	.db #0x00	; 0
    00000241                        625 _P3:
    00000241 34                     626 	.db #0x34	; 52	'4'
    00000242 30                     627 	.db #0x30	; 48	'0'
    00000243 00                     628 	.db #0x00	; 0
    00000244 5A                     629 	.db #0x5a	; 90	'Z'
    00000245 00                     630 	.db #0x00	; 0
    00000246 00                     631 	.db #0x00	; 0
    00000247 5A                     632 	.db #0x5a	; 90	'Z'
    00000248 00                     633 	.db #0x00	; 0
    00000249 00                     634 	.db #0x00	; 0
    0000024A 5A                     635 	.db #0x5a	; 90	'Z'
    0000024B 00                     636 	.db #0x00	; 0
    0000024C 00                     637 	.db #0x00	; 0
    0000024D 5A                     638 	.db #0x5a	; 90	'Z'
    0000024E 00                     639 	.db #0x00	; 0
    0000024F 00                     640 	.db #0x00	; 0
    00000250 5A                     641 	.db #0x5a	; 90	'Z'
    00000251 00                     642 	.db #0x00	; 0
    00000252 00                     643 	.db #0x00	; 0
    00000253 33                     644 	.db #0x33	; 51	'3'
    00000254 20                     645 	.db #0x20	; 32
    00000255 00                     646 	.db #0x00	; 0
    00000256 33                     647 	.db #0x33	; 51	'3'
    00000257 20                     648 	.db #0x20	; 32
    00000258 00                     649 	.db #0x00	; 0
    00000259 33                     650 	.db #0x33	; 51	'3'
    0000025A 10                     651 	.db #0x10	; 16
    0000025B 00                     652 	.db #0x00	; 0
    0000025C 5A                     653 	.db #0x5a	; 90	'Z'
    0000025D 00                     654 	.db #0x00	; 0
    0000025E 00                     655 	.db #0x00	; 0
    0000025F 33                     656 	.db #0x33	; 51	'3'
    00000260 20                     657 	.db #0x20	; 32
    00000261 00                     658 	.db #0x00	; 0
    00000262 5A                     659 	.db #0x5a	; 90	'Z'
    00000263 00                     660 	.db #0x00	; 0
    00000264 00                     661 	.db #0x00	; 0
    00000265 33                     662 	.db #0x33	; 51	'3'
    00000266 10                     663 	.db #0x10	; 16
    00000267 00                     664 	.db #0x00	; 0
    00000268 5A                     665 	.db #0x5a	; 90	'Z'
    00000269 00                     666 	.db #0x00	; 0
    0000026A 00                     667 	.db #0x00	; 0
    0000026B 33                     668 	.db #0x33	; 51	'3'
    0000026C 20                     669 	.db #0x20	; 32
    0000026D 00                     670 	.db #0x00	; 0
    0000026E 33                     671 	.db #0x33	; 51	'3'
    0000026F 20                     672 	.db #0x20	; 32
    00000270 00                     673 	.db #0x00	; 0
    00000271 34                     674 	.db #0x34	; 52	'4'
    00000272 30                     675 	.db #0x30	; 48	'0'
    00000273 00                     676 	.db #0x00	; 0
    00000274 5A                     677 	.db #0x5a	; 90	'Z'
    00000275 00                     678 	.db #0x00	; 0
    00000276 00                     679 	.db #0x00	; 0
    00000277 5A                     680 	.db #0x5a	; 90	'Z'
    00000278 00                     681 	.db #0x00	; 0
    00000279 00                     682 	.db #0x00	; 0
    0000027A 5A                     683 	.db #0x5a	; 90	'Z'
    0000027B 00                     684 	.db #0x00	; 0
    0000027C 00                     685 	.db #0x00	; 0
    0000027D 5A                     686 	.db #0x5a	; 90	'Z'
    0000027E 00                     687 	.db #0x00	; 0
    0000027F 00                     688 	.db #0x00	; 0
    00000280 5A                     689 	.db #0x5a	; 90	'Z'
    00000281 00                     690 	.db #0x00	; 0
    00000282 00                     691 	.db #0x00	; 0
    00000283 5A                     692 	.db #0x5a	; 90	'Z'
    00000284 00                     693 	.db #0x00	; 0
    00000285 00                     694 	.db #0x00	; 0
    00000286 5A                     695 	.db #0x5a	; 90	'Z'
    00000287 00                     696 	.db #0x00	; 0
    00000288 00                     697 	.db #0x00	; 0
    00000289 5A                     698 	.db #0x5a	; 90	'Z'
    0000028A 00                     699 	.db #0x00	; 0
    0000028B 00                     700 	.db #0x00	; 0
    0000028C 5A                     701 	.db #0x5a	; 90	'Z'
    0000028D 00                     702 	.db #0x00	; 0
    0000028E 00                     703 	.db #0x00	; 0
    0000028F 5A                     704 	.db #0x5a	; 90	'Z'
    00000290 00                     705 	.db #0x00	; 0
    00000291 00                     706 	.db #0x00	; 0
    00000292 5A                     707 	.db #0x5a	; 90	'Z'
    00000293 00                     708 	.db #0x00	; 0
    00000294 00                     709 	.db #0x00	; 0
    00000295 5A                     710 	.db #0x5a	; 90	'Z'
    00000296 00                     711 	.db #0x00	; 0
    00000297 00                     712 	.db #0x00	; 0
    00000298 5A                     713 	.db #0x5a	; 90	'Z'
    00000299 00                     714 	.db #0x00	; 0
    0000029A 00                     715 	.db #0x00	; 0
    0000029B 5A                     716 	.db #0x5a	; 90	'Z'
    0000029C 00                     717 	.db #0x00	; 0
    0000029D 00                     718 	.db #0x00	; 0
    0000029E 5A                     719 	.db #0x5a	; 90	'Z'
    0000029F 00                     720 	.db #0x00	; 0
    000002A0 00                     721 	.db #0x00	; 0
    000002A1 5A                     722 	.db #0x5a	; 90	'Z'
    000002A2 00                     723 	.db #0x00	; 0
    000002A3 00                     724 	.db #0x00	; 0
    000002A4 5A                     725 	.db #0x5a	; 90	'Z'
    000002A5 00                     726 	.db #0x00	; 0
    000002A6 00                     727 	.db #0x00	; 0
    000002A7 5A                     728 	.db #0x5a	; 90	'Z'
    000002A8 00                     729 	.db #0x00	; 0
    000002A9 00                     730 	.db #0x00	; 0
    000002AA 5A                     731 	.db #0x5a	; 90	'Z'
    000002AB 00                     732 	.db #0x00	; 0
    000002AC 00                     733 	.db #0x00	; 0
    000002AD 5A                     734 	.db #0x5a	; 90	'Z'
    000002AE 00                     735 	.db #0x00	; 0
    000002AF 00                     736 	.db #0x00	; 0
    000002B0 5A                     737 	.db #0x5a	; 90	'Z'
    000002B1 00                     738 	.db #0x00	; 0
    000002B2 00                     739 	.db #0x00	; 0
    000002B3 5A                     740 	.db #0x5a	; 90	'Z'
    000002B4 00                     741 	.db #0x00	; 0
    000002B5 00                     742 	.db #0x00	; 0
    000002B6 5A                     743 	.db #0x5a	; 90	'Z'
    000002B7 00                     744 	.db #0x00	; 0
    000002B8 00                     745 	.db #0x00	; 0
    000002B9 5A                     746 	.db #0x5a	; 90	'Z'
    000002BA 00                     747 	.db #0x00	; 0
    000002BB 00                     748 	.db #0x00	; 0
    000002BC 5A                     749 	.db #0x5a	; 90	'Z'
    000002BD 00                     750 	.db #0x00	; 0
    000002BE 00                     751 	.db #0x00	; 0
    000002BF 5A                     752 	.db #0x5a	; 90	'Z'
    000002C0 00                     753 	.db #0x00	; 0
    000002C1 00                     754 	.db #0x00	; 0
    000002C2 5A                     755 	.db #0x5a	; 90	'Z'
    000002C3 00                     756 	.db #0x00	; 0
    000002C4 00                     757 	.db #0x00	; 0
    000002C5 5A                     758 	.db #0x5a	; 90	'Z'
    000002C6 00                     759 	.db #0x00	; 0
    000002C7 00                     760 	.db #0x00	; 0
    000002C8 5A                     761 	.db #0x5a	; 90	'Z'
    000002C9 00                     762 	.db #0x00	; 0
    000002CA 00                     763 	.db #0x00	; 0
    000002CB 5A                     764 	.db #0x5a	; 90	'Z'
    000002CC 00                     765 	.db #0x00	; 0
    000002CD 00                     766 	.db #0x00	; 0
    000002CE 5A                     767 	.db #0x5a	; 90	'Z'
    000002CF 00                     768 	.db #0x00	; 0
    000002D0 00                     769 	.db #0x00	; 0
    000002D1 5A                     770 	.db #0x5a	; 90	'Z'
    000002D2 00                     771 	.db #0x00	; 0
    000002D3 00                     772 	.db #0x00	; 0
    000002D4 5A                     773 	.db #0x5a	; 90	'Z'
    000002D5 00                     774 	.db #0x00	; 0
    000002D6 00                     775 	.db #0x00	; 0
    000002D7 5A                     776 	.db #0x5a	; 90	'Z'
    000002D8 00                     777 	.db #0x00	; 0
    000002D9 00                     778 	.db #0x00	; 0
    000002DA 5A                     779 	.db #0x5a	; 90	'Z'
    000002DB 00                     780 	.db #0x00	; 0
    000002DC 00                     781 	.db #0x00	; 0
    000002DD 5A                     782 	.db #0x5a	; 90	'Z'
    000002DE 00                     783 	.db #0x00	; 0
    000002DF 00                     784 	.db #0x00	; 0
    000002E0 5A                     785 	.db #0x5a	; 90	'Z'
    000002E1 00                     786 	.db #0x00	; 0
    000002E2 00                     787 	.db #0x00	; 0
    000002E3 5A                     788 	.db #0x5a	; 90	'Z'
    000002E4 00                     789 	.db #0x00	; 0
    000002E5 00                     790 	.db #0x00	; 0
    000002E6 5A                     791 	.db #0x5a	; 90	'Z'
    000002E7 00                     792 	.db #0x00	; 0
    000002E8 00                     793 	.db #0x00	; 0
    000002E9 5A                     794 	.db #0x5a	; 90	'Z'
    000002EA 00                     795 	.db #0x00	; 0
    000002EB 00                     796 	.db #0x00	; 0
    000002EC 5A                     797 	.db #0x5a	; 90	'Z'
    000002ED 00                     798 	.db #0x00	; 0
    000002EE 00                     799 	.db #0x00	; 0
    000002EF 5A                     800 	.db #0x5a	; 90	'Z'
    000002F0 00                     801 	.db #0x00	; 0
    000002F1 00                     802 	.db #0x00	; 0
    000002F2 5A                     803 	.db #0x5a	; 90	'Z'
    000002F3 00                     804 	.db #0x00	; 0
    000002F4 00                     805 	.db #0x00	; 0
    000002F5 5A                     806 	.db #0x5a	; 90	'Z'
    000002F6 00                     807 	.db #0x00	; 0
    000002F7 00                     808 	.db #0x00	; 0
    000002F8 5A                     809 	.db #0x5a	; 90	'Z'
    000002F9 00                     810 	.db #0x00	; 0
    000002FA 00                     811 	.db #0x00	; 0
    000002FB 5A                     812 	.db #0x5a	; 90	'Z'
    000002FC 00                     813 	.db #0x00	; 0
    000002FD 00                     814 	.db #0x00	; 0
    000002FE 5A                     815 	.db #0x5a	; 90	'Z'
    000002FF 00                     816 	.db #0x00	; 0
    00000300 00                     817 	.db #0x00	; 0
    00000301                        818 _P4:
    00000301 5A                     819 	.db #0x5a	; 90	'Z'
    00000302 00                     820 	.db #0x00	; 0
    00000303 0E                     821 	.db #0x0e	; 14
    00000304 5A                     822 	.db #0x5a	; 90	'Z'
    00000305 00                     823 	.db #0x00	; 0
    00000306 00                     824 	.db #0x00	; 0
    00000307 5A                     825 	.db #0x5a	; 90	'Z'
    00000308 00                     826 	.db #0x00	; 0
    00000309 00                     827 	.db #0x00	; 0
    0000030A 5A                     828 	.db #0x5a	; 90	'Z'
    0000030B 00                     829 	.db #0x00	; 0
    0000030C 00                     830 	.db #0x00	; 0
    0000030D 5A                     831 	.db #0x5a	; 90	'Z'
    0000030E 00                     832 	.db #0x00	; 0
    0000030F 00                     833 	.db #0x00	; 0
    00000310 5A                     834 	.db #0x5a	; 90	'Z'
    00000311 00                     835 	.db #0x00	; 0
    00000312 00                     836 	.db #0x00	; 0
    00000313 5A                     837 	.db #0x5a	; 90	'Z'
    00000314 00                     838 	.db #0x00	; 0
    00000315 00                     839 	.db #0x00	; 0
    00000316 5A                     840 	.db #0x5a	; 90	'Z'
    00000317 00                     841 	.db #0x00	; 0
    00000318 00                     842 	.db #0x00	; 0
    00000319 5A                     843 	.db #0x5a	; 90	'Z'
    0000031A 00                     844 	.db #0x00	; 0
    0000031B 00                     845 	.db #0x00	; 0
    0000031C 5A                     846 	.db #0x5a	; 90	'Z'
    0000031D 00                     847 	.db #0x00	; 0
    0000031E 00                     848 	.db #0x00	; 0
    0000031F 5A                     849 	.db #0x5a	; 90	'Z'
    00000320 00                     850 	.db #0x00	; 0
    00000321 00                     851 	.db #0x00	; 0
    00000322 5A                     852 	.db #0x5a	; 90	'Z'
    00000323 00                     853 	.db #0x00	; 0
    00000324 00                     854 	.db #0x00	; 0
    00000325 5A                     855 	.db #0x5a	; 90	'Z'
    00000326 00                     856 	.db #0x00	; 0
    00000327 00                     857 	.db #0x00	; 0
    00000328 5A                     858 	.db #0x5a	; 90	'Z'
    00000329 00                     859 	.db #0x00	; 0
    0000032A 00                     860 	.db #0x00	; 0
    0000032B 5A                     861 	.db #0x5a	; 90	'Z'
    0000032C 00                     862 	.db #0x00	; 0
    0000032D 00                     863 	.db #0x00	; 0
    0000032E 5A                     864 	.db #0x5a	; 90	'Z'
    0000032F 00                     865 	.db #0x00	; 0
    00000330 00                     866 	.db #0x00	; 0
    00000331 5A                     867 	.db #0x5a	; 90	'Z'
    00000332 00                     868 	.db #0x00	; 0
    00000333 00                     869 	.db #0x00	; 0
    00000334 5A                     870 	.db #0x5a	; 90	'Z'
    00000335 00                     871 	.db #0x00	; 0
    00000336 00                     872 	.db #0x00	; 0
    00000337 5A                     873 	.db #0x5a	; 90	'Z'
    00000338 00                     874 	.db #0x00	; 0
    00000339 00                     875 	.db #0x00	; 0
    0000033A 5A                     876 	.db #0x5a	; 90	'Z'
    0000033B 00                     877 	.db #0x00	; 0
    0000033C 00                     878 	.db #0x00	; 0
    0000033D 5A                     879 	.db #0x5a	; 90	'Z'
    0000033E 00                     880 	.db #0x00	; 0
    0000033F 00                     881 	.db #0x00	; 0
    00000340 5A                     882 	.db #0x5a	; 90	'Z'
    00000341 00                     883 	.db #0x00	; 0
    00000342 00                     884 	.db #0x00	; 0
    00000343 5A                     885 	.db #0x5a	; 90	'Z'
    00000344 00                     886 	.db #0x00	; 0
    00000345 00                     887 	.db #0x00	; 0
    00000346 5A                     888 	.db #0x5a	; 90	'Z'
    00000347 00                     889 	.db #0x00	; 0
    00000348 00                     890 	.db #0x00	; 0
    00000349 5A                     891 	.db #0x5a	; 90	'Z'
    0000034A 00                     892 	.db #0x00	; 0
    0000034B 00                     893 	.db #0x00	; 0
    0000034C 5A                     894 	.db #0x5a	; 90	'Z'
    0000034D 00                     895 	.db #0x00	; 0
    0000034E 00                     896 	.db #0x00	; 0
    0000034F 5A                     897 	.db #0x5a	; 90	'Z'
    00000350 00                     898 	.db #0x00	; 0
    00000351 00                     899 	.db #0x00	; 0
    00000352 5A                     900 	.db #0x5a	; 90	'Z'
    00000353 00                     901 	.db #0x00	; 0
    00000354 00                     902 	.db #0x00	; 0
    00000355 5A                     903 	.db #0x5a	; 90	'Z'
    00000356 00                     904 	.db #0x00	; 0
    00000357 00                     905 	.db #0x00	; 0
    00000358 5A                     906 	.db #0x5a	; 90	'Z'
    00000359 00                     907 	.db #0x00	; 0
    0000035A 00                     908 	.db #0x00	; 0
    0000035B 5A                     909 	.db #0x5a	; 90	'Z'
    0000035C 00                     910 	.db #0x00	; 0
    0000035D 00                     911 	.db #0x00	; 0
    0000035E 5A                     912 	.db #0x5a	; 90	'Z'
    0000035F 00                     913 	.db #0x00	; 0
    00000360 00                     914 	.db #0x00	; 0
    00000361 5A                     915 	.db #0x5a	; 90	'Z'
    00000362 00                     916 	.db #0x00	; 0
    00000363 00                     917 	.db #0x00	; 0
    00000364 5A                     918 	.db #0x5a	; 90	'Z'
    00000365 00                     919 	.db #0x00	; 0
    00000366 00                     920 	.db #0x00	; 0
    00000367 5A                     921 	.db #0x5a	; 90	'Z'
    00000368 00                     922 	.db #0x00	; 0
    00000369 00                     923 	.db #0x00	; 0
    0000036A 5A                     924 	.db #0x5a	; 90	'Z'
    0000036B 00                     925 	.db #0x00	; 0
    0000036C 00                     926 	.db #0x00	; 0
    0000036D 5A                     927 	.db #0x5a	; 90	'Z'
    0000036E 00                     928 	.db #0x00	; 0
    0000036F 00                     929 	.db #0x00	; 0
    00000370 5A                     930 	.db #0x5a	; 90	'Z'
    00000371 00                     931 	.db #0x00	; 0
    00000372 00                     932 	.db #0x00	; 0
    00000373 5A                     933 	.db #0x5a	; 90	'Z'
    00000374 00                     934 	.db #0x00	; 0
    00000375 00                     935 	.db #0x00	; 0
    00000376 5A                     936 	.db #0x5a	; 90	'Z'
    00000377 00                     937 	.db #0x00	; 0
    00000378 00                     938 	.db #0x00	; 0
    00000379 5A                     939 	.db #0x5a	; 90	'Z'
    0000037A 00                     940 	.db #0x00	; 0
    0000037B 00                     941 	.db #0x00	; 0
    0000037C 5A                     942 	.db #0x5a	; 90	'Z'
    0000037D 00                     943 	.db #0x00	; 0
    0000037E 00                     944 	.db #0x00	; 0
    0000037F 5A                     945 	.db #0x5a	; 90	'Z'
    00000380 00                     946 	.db #0x00	; 0
    00000381 00                     947 	.db #0x00	; 0
    00000382 5A                     948 	.db #0x5a	; 90	'Z'
    00000383 00                     949 	.db #0x00	; 0
    00000384 00                     950 	.db #0x00	; 0
    00000385 5A                     951 	.db #0x5a	; 90	'Z'
    00000386 00                     952 	.db #0x00	; 0
    00000387 00                     953 	.db #0x00	; 0
    00000388 5A                     954 	.db #0x5a	; 90	'Z'
    00000389 00                     955 	.db #0x00	; 0
    0000038A 00                     956 	.db #0x00	; 0
    0000038B 5A                     957 	.db #0x5a	; 90	'Z'
    0000038C 00                     958 	.db #0x00	; 0
    0000038D 00                     959 	.db #0x00	; 0
    0000038E 5A                     960 	.db #0x5a	; 90	'Z'
    0000038F 00                     961 	.db #0x00	; 0
    00000390 00                     962 	.db #0x00	; 0
    00000391 5A                     963 	.db #0x5a	; 90	'Z'
    00000392 00                     964 	.db #0x00	; 0
    00000393 00                     965 	.db #0x00	; 0
    00000394 5A                     966 	.db #0x5a	; 90	'Z'
    00000395 00                     967 	.db #0x00	; 0
    00000396 00                     968 	.db #0x00	; 0
    00000397 5A                     969 	.db #0x5a	; 90	'Z'
    00000398 00                     970 	.db #0x00	; 0
    00000399 00                     971 	.db #0x00	; 0
    0000039A 5A                     972 	.db #0x5a	; 90	'Z'
    0000039B 00                     973 	.db #0x00	; 0
    0000039C 00                     974 	.db #0x00	; 0
    0000039D 5A                     975 	.db #0x5a	; 90	'Z'
    0000039E 00                     976 	.db #0x00	; 0
    0000039F 00                     977 	.db #0x00	; 0
    000003A0 5A                     978 	.db #0x5a	; 90	'Z'
    000003A1 00                     979 	.db #0x00	; 0
    000003A2 00                     980 	.db #0x00	; 0
    000003A3 5A                     981 	.db #0x5a	; 90	'Z'
    000003A4 00                     982 	.db #0x00	; 0
    000003A5 00                     983 	.db #0x00	; 0
    000003A6 5A                     984 	.db #0x5a	; 90	'Z'
    000003A7 00                     985 	.db #0x00	; 0
    000003A8 00                     986 	.db #0x00	; 0
    000003A9 5A                     987 	.db #0x5a	; 90	'Z'
    000003AA 00                     988 	.db #0x00	; 0
    000003AB 00                     989 	.db #0x00	; 0
    000003AC 5A                     990 	.db #0x5a	; 90	'Z'
    000003AD 00                     991 	.db #0x00	; 0
    000003AE 00                     992 	.db #0x00	; 0
    000003AF 5A                     993 	.db #0x5a	; 90	'Z'
    000003B0 00                     994 	.db #0x00	; 0
    000003B1 00                     995 	.db #0x00	; 0
    000003B2 5A                     996 	.db #0x5a	; 90	'Z'
    000003B3 00                     997 	.db #0x00	; 0
    000003B4 00                     998 	.db #0x00	; 0
    000003B5 5A                     999 	.db #0x5a	; 90	'Z'
    000003B6 00                    1000 	.db #0x00	; 0
    000003B7 00                    1001 	.db #0x00	; 0
    000003B8 5A                    1002 	.db #0x5a	; 90	'Z'
    000003B9 00                    1003 	.db #0x00	; 0
    000003BA 00                    1004 	.db #0x00	; 0
    000003BB 5A                    1005 	.db #0x5a	; 90	'Z'
    000003BC 00                    1006 	.db #0x00	; 0
    000003BD 00                    1007 	.db #0x00	; 0
    000003BE 5A                    1008 	.db #0x5a	; 90	'Z'
    000003BF 00                    1009 	.db #0x00	; 0
    000003C0 00                    1010 	.db #0x00	; 0
    000003C1                       1011 _P5:
    000003C1 5A                    1012 	.db #0x5a	; 90	'Z'
    000003C2 0E                    1013 	.db #0x0e	; 14
    000003C3 00                    1014 	.db #0x00	; 0
    000003C4 5A                    1015 	.db #0x5a	; 90	'Z'
    000003C5 00                    1016 	.db #0x00	; 0
    000003C6 00                    1017 	.db #0x00	; 0
    000003C7 5A                    1018 	.db #0x5a	; 90	'Z'
    000003C8 00                    1019 	.db #0x00	; 0
    000003C9 00                    1020 	.db #0x00	; 0
    000003CA 5A                    1021 	.db #0x5a	; 90	'Z'
    000003CB 00                    1022 	.db #0x00	; 0
    000003CC 00                    1023 	.db #0x00	; 0
    000003CD 5A                    1024 	.db #0x5a	; 90	'Z'
    000003CE 00                    1025 	.db #0x00	; 0
    000003CF 00                    1026 	.db #0x00	; 0
    000003D0 5A                    1027 	.db #0x5a	; 90	'Z'
    000003D1 00                    1028 	.db #0x00	; 0
    000003D2 00                    1029 	.db #0x00	; 0
    000003D3 5A                    1030 	.db #0x5a	; 90	'Z'
    000003D4 00                    1031 	.db #0x00	; 0
    000003D5 00                    1032 	.db #0x00	; 0
    000003D6 5A                    1033 	.db #0x5a	; 90	'Z'
    000003D7 00                    1034 	.db #0x00	; 0
    000003D8 00                    1035 	.db #0x00	; 0
    000003D9 5A                    1036 	.db #0x5a	; 90	'Z'
    000003DA 00                    1037 	.db #0x00	; 0
    000003DB 00                    1038 	.db #0x00	; 0
    000003DC 5A                    1039 	.db #0x5a	; 90	'Z'
    000003DD 00                    1040 	.db #0x00	; 0
    000003DE 00                    1041 	.db #0x00	; 0
    000003DF 5A                    1042 	.db #0x5a	; 90	'Z'
    000003E0 00                    1043 	.db #0x00	; 0
    000003E1 00                    1044 	.db #0x00	; 0
    000003E2 5A                    1045 	.db #0x5a	; 90	'Z'
    000003E3 00                    1046 	.db #0x00	; 0
    000003E4 00                    1047 	.db #0x00	; 0
    000003E5 5A                    1048 	.db #0x5a	; 90	'Z'
    000003E6 00                    1049 	.db #0x00	; 0
    000003E7 00                    1050 	.db #0x00	; 0
    000003E8 5A                    1051 	.db #0x5a	; 90	'Z'
    000003E9 00                    1052 	.db #0x00	; 0
    000003EA 00                    1053 	.db #0x00	; 0
    000003EB 5A                    1054 	.db #0x5a	; 90	'Z'
    000003EC 00                    1055 	.db #0x00	; 0
    000003ED 00                    1056 	.db #0x00	; 0
    000003EE 5A                    1057 	.db #0x5a	; 90	'Z'
    000003EF 00                    1058 	.db #0x00	; 0
    000003F0 00                    1059 	.db #0x00	; 0
    000003F1 5A                    1060 	.db #0x5a	; 90	'Z'
    000003F2 00                    1061 	.db #0x00	; 0
    000003F3 00                    1062 	.db #0x00	; 0
    000003F4 5A                    1063 	.db #0x5a	; 90	'Z'
    000003F5 00                    1064 	.db #0x00	; 0
    000003F6 00                    1065 	.db #0x00	; 0
    000003F7 5A                    1066 	.db #0x5a	; 90	'Z'
    000003F8 00                    1067 	.db #0x00	; 0
    000003F9 00                    1068 	.db #0x00	; 0
    000003FA 5A                    1069 	.db #0x5a	; 90	'Z'
    000003FB 00                    1070 	.db #0x00	; 0
    000003FC 00                    1071 	.db #0x00	; 0
    000003FD 5A                    1072 	.db #0x5a	; 90	'Z'
    000003FE 00                    1073 	.db #0x00	; 0
    000003FF 00                    1074 	.db #0x00	; 0
    00000400 5A                    1075 	.db #0x5a	; 90	'Z'
    00000401 00                    1076 	.db #0x00	; 0
    00000402 00                    1077 	.db #0x00	; 0
    00000403 5A                    1078 	.db #0x5a	; 90	'Z'
    00000404 00                    1079 	.db #0x00	; 0
    00000405 00                    1080 	.db #0x00	; 0
    00000406 5A                    1081 	.db #0x5a	; 90	'Z'
    00000407 00                    1082 	.db #0x00	; 0
    00000408 00                    1083 	.db #0x00	; 0
    00000409 5A                    1084 	.db #0x5a	; 90	'Z'
    0000040A 00                    1085 	.db #0x00	; 0
    0000040B 00                    1086 	.db #0x00	; 0
    0000040C 5A                    1087 	.db #0x5a	; 90	'Z'
    0000040D 00                    1088 	.db #0x00	; 0
    0000040E 00                    1089 	.db #0x00	; 0
    0000040F 5A                    1090 	.db #0x5a	; 90	'Z'
    00000410 00                    1091 	.db #0x00	; 0
    00000411 00                    1092 	.db #0x00	; 0
    00000412 5A                    1093 	.db #0x5a	; 90	'Z'
    00000413 00                    1094 	.db #0x00	; 0
    00000414 00                    1095 	.db #0x00	; 0
    00000415 5A                    1096 	.db #0x5a	; 90	'Z'
    00000416 00                    1097 	.db #0x00	; 0
    00000417 00                    1098 	.db #0x00	; 0
    00000418 5A                    1099 	.db #0x5a	; 90	'Z'
    00000419 00                    1100 	.db #0x00	; 0
    0000041A 00                    1101 	.db #0x00	; 0
    0000041B 5A                    1102 	.db #0x5a	; 90	'Z'
    0000041C 00                    1103 	.db #0x00	; 0
    0000041D 00                    1104 	.db #0x00	; 0
    0000041E 5A                    1105 	.db #0x5a	; 90	'Z'
    0000041F 00                    1106 	.db #0x00	; 0
    00000420 00                    1107 	.db #0x00	; 0
    00000421 5A                    1108 	.db #0x5a	; 90	'Z'
    00000422 00                    1109 	.db #0x00	; 0
    00000423 00                    1110 	.db #0x00	; 0
    00000424 5A                    1111 	.db #0x5a	; 90	'Z'
    00000425 00                    1112 	.db #0x00	; 0
    00000426 00                    1113 	.db #0x00	; 0
    00000427 5A                    1114 	.db #0x5a	; 90	'Z'
    00000428 00                    1115 	.db #0x00	; 0
    00000429 00                    1116 	.db #0x00	; 0
    0000042A 5A                    1117 	.db #0x5a	; 90	'Z'
    0000042B 00                    1118 	.db #0x00	; 0
    0000042C 00                    1119 	.db #0x00	; 0
    0000042D 5A                    1120 	.db #0x5a	; 90	'Z'
    0000042E 00                    1121 	.db #0x00	; 0
    0000042F 00                    1122 	.db #0x00	; 0
    00000430 5A                    1123 	.db #0x5a	; 90	'Z'
    00000431 00                    1124 	.db #0x00	; 0
    00000432 00                    1125 	.db #0x00	; 0
    00000433 5A                    1126 	.db #0x5a	; 90	'Z'
    00000434 00                    1127 	.db #0x00	; 0
    00000435 00                    1128 	.db #0x00	; 0
    00000436 5A                    1129 	.db #0x5a	; 90	'Z'
    00000437 00                    1130 	.db #0x00	; 0
    00000438 00                    1131 	.db #0x00	; 0
    00000439 5A                    1132 	.db #0x5a	; 90	'Z'
    0000043A 00                    1133 	.db #0x00	; 0
    0000043B 00                    1134 	.db #0x00	; 0
    0000043C 5A                    1135 	.db #0x5a	; 90	'Z'
    0000043D 00                    1136 	.db #0x00	; 0
    0000043E 00                    1137 	.db #0x00	; 0
    0000043F 5A                    1138 	.db #0x5a	; 90	'Z'
    00000440 00                    1139 	.db #0x00	; 0
    00000441 00                    1140 	.db #0x00	; 0
    00000442 5A                    1141 	.db #0x5a	; 90	'Z'
    00000443 00                    1142 	.db #0x00	; 0
    00000444 00                    1143 	.db #0x00	; 0
    00000445 5A                    1144 	.db #0x5a	; 90	'Z'
    00000446 00                    1145 	.db #0x00	; 0
    00000447 00                    1146 	.db #0x00	; 0
    00000448 5A                    1147 	.db #0x5a	; 90	'Z'
    00000449 00                    1148 	.db #0x00	; 0
    0000044A 00                    1149 	.db #0x00	; 0
    0000044B 5A                    1150 	.db #0x5a	; 90	'Z'
    0000044C 00                    1151 	.db #0x00	; 0
    0000044D 00                    1152 	.db #0x00	; 0
    0000044E 5A                    1153 	.db #0x5a	; 90	'Z'
    0000044F 00                    1154 	.db #0x00	; 0
    00000450 00                    1155 	.db #0x00	; 0
    00000451 5A                    1156 	.db #0x5a	; 90	'Z'
    00000452 00                    1157 	.db #0x00	; 0
    00000453 00                    1158 	.db #0x00	; 0
    00000454 5A                    1159 	.db #0x5a	; 90	'Z'
    00000455 00                    1160 	.db #0x00	; 0
    00000456 00                    1161 	.db #0x00	; 0
    00000457 5A                    1162 	.db #0x5a	; 90	'Z'
    00000458 00                    1163 	.db #0x00	; 0
    00000459 00                    1164 	.db #0x00	; 0
    0000045A 5A                    1165 	.db #0x5a	; 90	'Z'
    0000045B 00                    1166 	.db #0x00	; 0
    0000045C 00                    1167 	.db #0x00	; 0
    0000045D 5A                    1168 	.db #0x5a	; 90	'Z'
    0000045E 00                    1169 	.db #0x00	; 0
    0000045F 00                    1170 	.db #0x00	; 0
    00000460 5A                    1171 	.db #0x5a	; 90	'Z'
    00000461 00                    1172 	.db #0x00	; 0
    00000462 00                    1173 	.db #0x00	; 0
    00000463 5A                    1174 	.db #0x5a	; 90	'Z'
    00000464 00                    1175 	.db #0x00	; 0
    00000465 00                    1176 	.db #0x00	; 0
    00000466 5A                    1177 	.db #0x5a	; 90	'Z'
    00000467 00                    1178 	.db #0x00	; 0
    00000468 00                    1179 	.db #0x00	; 0
    00000469 5A                    1180 	.db #0x5a	; 90	'Z'
    0000046A 00                    1181 	.db #0x00	; 0
    0000046B 00                    1182 	.db #0x00	; 0
    0000046C 5A                    1183 	.db #0x5a	; 90	'Z'
    0000046D 00                    1184 	.db #0x00	; 0
    0000046E 00                    1185 	.db #0x00	; 0
    0000046F 5A                    1186 	.db #0x5a	; 90	'Z'
    00000470 00                    1187 	.db #0x00	; 0
    00000471 00                    1188 	.db #0x00	; 0
    00000472 5A                    1189 	.db #0x5a	; 90	'Z'
    00000473 00                    1190 	.db #0x00	; 0
    00000474 00                    1191 	.db #0x00	; 0
    00000475 5A                    1192 	.db #0x5a	; 90	'Z'
    00000476 00                    1193 	.db #0x00	; 0
    00000477 00                    1194 	.db #0x00	; 0
    00000478 5A                    1195 	.db #0x5a	; 90	'Z'
    00000479 00                    1196 	.db #0x00	; 0
    0000047A 00                    1197 	.db #0x00	; 0
    0000047B 5A                    1198 	.db #0x5a	; 90	'Z'
    0000047C 00                    1199 	.db #0x00	; 0
    0000047D 00                    1200 	.db #0x00	; 0
    0000047E 5A                    1201 	.db #0x5a	; 90	'Z'
    0000047F 00                    1202 	.db #0x00	; 0
    00000480 00                    1203 	.db #0x00	; 0
    00000481                       1204 _P6:
    00000481 5A                    1205 	.db #0x5a	; 90	'Z'
    00000482 0E                    1206 	.db #0x0e	; 14
    00000483 00                    1207 	.db #0x00	; 0
    00000484 5A                    1208 	.db #0x5a	; 90	'Z'
    00000485 00                    1209 	.db #0x00	; 0
    00000486 00                    1210 	.db #0x00	; 0
    00000487 5A                    1211 	.db #0x5a	; 90	'Z'
    00000488 00                    1212 	.db #0x00	; 0
    00000489 00                    1213 	.db #0x00	; 0
    0000048A 5A                    1214 	.db #0x5a	; 90	'Z'
    0000048B 00                    1215 	.db #0x00	; 0
    0000048C 00                    1216 	.db #0x00	; 0
    0000048D 5A                    1217 	.db #0x5a	; 90	'Z'
    0000048E 00                    1218 	.db #0x00	; 0
    0000048F 00                    1219 	.db #0x00	; 0
    00000490 5A                    1220 	.db #0x5a	; 90	'Z'
    00000491 00                    1221 	.db #0x00	; 0
    00000492 00                    1222 	.db #0x00	; 0
    00000493 5A                    1223 	.db #0x5a	; 90	'Z'
    00000494 00                    1224 	.db #0x00	; 0
    00000495 00                    1225 	.db #0x00	; 0
    00000496 5A                    1226 	.db #0x5a	; 90	'Z'
    00000497 00                    1227 	.db #0x00	; 0
    00000498 00                    1228 	.db #0x00	; 0
    00000499 5A                    1229 	.db #0x5a	; 90	'Z'
    0000049A 00                    1230 	.db #0x00	; 0
    0000049B 00                    1231 	.db #0x00	; 0
    0000049C 5A                    1232 	.db #0x5a	; 90	'Z'
    0000049D 00                    1233 	.db #0x00	; 0
    0000049E 00                    1234 	.db #0x00	; 0
    0000049F 5A                    1235 	.db #0x5a	; 90	'Z'
    000004A0 00                    1236 	.db #0x00	; 0
    000004A1 00                    1237 	.db #0x00	; 0
    000004A2 5A                    1238 	.db #0x5a	; 90	'Z'
    000004A3 00                    1239 	.db #0x00	; 0
    000004A4 00                    1240 	.db #0x00	; 0
    000004A5 5A                    1241 	.db #0x5a	; 90	'Z'
    000004A6 00                    1242 	.db #0x00	; 0
    000004A7 00                    1243 	.db #0x00	; 0
    000004A8 5A                    1244 	.db #0x5a	; 90	'Z'
    000004A9 00                    1245 	.db #0x00	; 0
    000004AA 00                    1246 	.db #0x00	; 0
    000004AB 5A                    1247 	.db #0x5a	; 90	'Z'
    000004AC 00                    1248 	.db #0x00	; 0
    000004AD 00                    1249 	.db #0x00	; 0
    000004AE 5A                    1250 	.db #0x5a	; 90	'Z'
    000004AF 00                    1251 	.db #0x00	; 0
    000004B0 00                    1252 	.db #0x00	; 0
    000004B1 5A                    1253 	.db #0x5a	; 90	'Z'
    000004B2 0B                    1254 	.db #0x0b	; 11
    000004B3 03                    1255 	.db #0x03	; 3
    000004B4 5A                    1256 	.db #0x5a	; 90	'Z'
    000004B5 00                    1257 	.db #0x00	; 0
    000004B6 00                    1258 	.db #0x00	; 0
    000004B7 5A                    1259 	.db #0x5a	; 90	'Z'
    000004B8 00                    1260 	.db #0x00	; 0
    000004B9 00                    1261 	.db #0x00	; 0
    000004BA 5A                    1262 	.db #0x5a	; 90	'Z'
    000004BB 00                    1263 	.db #0x00	; 0
    000004BC 00                    1264 	.db #0x00	; 0
    000004BD 5A                    1265 	.db #0x5a	; 90	'Z'
    000004BE 00                    1266 	.db #0x00	; 0
    000004BF 00                    1267 	.db #0x00	; 0
    000004C0 5A                    1268 	.db #0x5a	; 90	'Z'
    000004C1 00                    1269 	.db #0x00	; 0
    000004C2 00                    1270 	.db #0x00	; 0
    000004C3 5A                    1271 	.db #0x5a	; 90	'Z'
    000004C4 00                    1272 	.db #0x00	; 0
    000004C5 00                    1273 	.db #0x00	; 0
    000004C6 5A                    1274 	.db #0x5a	; 90	'Z'
    000004C7 00                    1275 	.db #0x00	; 0
    000004C8 00                    1276 	.db #0x00	; 0
    000004C9 5A                    1277 	.db #0x5a	; 90	'Z'
    000004CA 00                    1278 	.db #0x00	; 0
    000004CB 00                    1279 	.db #0x00	; 0
    000004CC 5A                    1280 	.db #0x5a	; 90	'Z'
    000004CD 00                    1281 	.db #0x00	; 0
    000004CE 00                    1282 	.db #0x00	; 0
    000004CF 5A                    1283 	.db #0x5a	; 90	'Z'
    000004D0 00                    1284 	.db #0x00	; 0
    000004D1 00                    1285 	.db #0x00	; 0
    000004D2 5A                    1286 	.db #0x5a	; 90	'Z'
    000004D3 00                    1287 	.db #0x00	; 0
    000004D4 00                    1288 	.db #0x00	; 0
    000004D5 5A                    1289 	.db #0x5a	; 90	'Z'
    000004D6 00                    1290 	.db #0x00	; 0
    000004D7 00                    1291 	.db #0x00	; 0
    000004D8 5A                    1292 	.db #0x5a	; 90	'Z'
    000004D9 00                    1293 	.db #0x00	; 0
    000004DA 00                    1294 	.db #0x00	; 0
    000004DB 5A                    1295 	.db #0x5a	; 90	'Z'
    000004DC 00                    1296 	.db #0x00	; 0
    000004DD 00                    1297 	.db #0x00	; 0
    000004DE 5A                    1298 	.db #0x5a	; 90	'Z'
    000004DF 00                    1299 	.db #0x00	; 0
    000004E0 00                    1300 	.db #0x00	; 0
    000004E1 5A                    1301 	.db #0x5a	; 90	'Z'
    000004E2 00                    1302 	.db #0x00	; 0
    000004E3 00                    1303 	.db #0x00	; 0
    000004E4 5A                    1304 	.db #0x5a	; 90	'Z'
    000004E5 00                    1305 	.db #0x00	; 0
    000004E6 00                    1306 	.db #0x00	; 0
    000004E7 5A                    1307 	.db #0x5a	; 90	'Z'
    000004E8 00                    1308 	.db #0x00	; 0
    000004E9 00                    1309 	.db #0x00	; 0
    000004EA 5A                    1310 	.db #0x5a	; 90	'Z'
    000004EB 00                    1311 	.db #0x00	; 0
    000004EC 00                    1312 	.db #0x00	; 0
    000004ED 5A                    1313 	.db #0x5a	; 90	'Z'
    000004EE 00                    1314 	.db #0x00	; 0
    000004EF 00                    1315 	.db #0x00	; 0
    000004F0 5A                    1316 	.db #0x5a	; 90	'Z'
    000004F1 00                    1317 	.db #0x00	; 0
    000004F2 00                    1318 	.db #0x00	; 0
    000004F3 5A                    1319 	.db #0x5a	; 90	'Z'
    000004F4 00                    1320 	.db #0x00	; 0
    000004F5 00                    1321 	.db #0x00	; 0
    000004F6 5A                    1322 	.db #0x5a	; 90	'Z'
    000004F7 00                    1323 	.db #0x00	; 0
    000004F8 00                    1324 	.db #0x00	; 0
    000004F9 5A                    1325 	.db #0x5a	; 90	'Z'
    000004FA 00                    1326 	.db #0x00	; 0
    000004FB 00                    1327 	.db #0x00	; 0
    000004FC 5A                    1328 	.db #0x5a	; 90	'Z'
    000004FD 00                    1329 	.db #0x00	; 0
    000004FE 00                    1330 	.db #0x00	; 0
    000004FF 5A                    1331 	.db #0x5a	; 90	'Z'
    00000500 00                    1332 	.db #0x00	; 0
    00000501 00                    1333 	.db #0x00	; 0
    00000502 5A                    1334 	.db #0x5a	; 90	'Z'
    00000503 00                    1335 	.db #0x00	; 0
    00000504 00                    1336 	.db #0x00	; 0
    00000505 5A                    1337 	.db #0x5a	; 90	'Z'
    00000506 00                    1338 	.db #0x00	; 0
    00000507 00                    1339 	.db #0x00	; 0
    00000508 5A                    1340 	.db #0x5a	; 90	'Z'
    00000509 00                    1341 	.db #0x00	; 0
    0000050A 00                    1342 	.db #0x00	; 0
    0000050B 5A                    1343 	.db #0x5a	; 90	'Z'
    0000050C 00                    1344 	.db #0x00	; 0
    0000050D 00                    1345 	.db #0x00	; 0
    0000050E 5A                    1346 	.db #0x5a	; 90	'Z'
    0000050F 00                    1347 	.db #0x00	; 0
    00000510 00                    1348 	.db #0x00	; 0
    00000511 5A                    1349 	.db #0x5a	; 90	'Z'
    00000512 00                    1350 	.db #0x00	; 0
    00000513 00                    1351 	.db #0x00	; 0
    00000514 5A                    1352 	.db #0x5a	; 90	'Z'
    00000515 00                    1353 	.db #0x00	; 0
    00000516 00                    1354 	.db #0x00	; 0
    00000517 5A                    1355 	.db #0x5a	; 90	'Z'
    00000518 00                    1356 	.db #0x00	; 0
    00000519 00                    1357 	.db #0x00	; 0
    0000051A 5A                    1358 	.db #0x5a	; 90	'Z'
    0000051B 00                    1359 	.db #0x00	; 0
    0000051C 00                    1360 	.db #0x00	; 0
    0000051D 5A                    1361 	.db #0x5a	; 90	'Z'
    0000051E 00                    1362 	.db #0x00	; 0
    0000051F 00                    1363 	.db #0x00	; 0
    00000520 5A                    1364 	.db #0x5a	; 90	'Z'
    00000521 00                    1365 	.db #0x00	; 0
    00000522 00                    1366 	.db #0x00	; 0
    00000523 5A                    1367 	.db #0x5a	; 90	'Z'
    00000524 00                    1368 	.db #0x00	; 0
    00000525 00                    1369 	.db #0x00	; 0
    00000526 5A                    1370 	.db #0x5a	; 90	'Z'
    00000527 00                    1371 	.db #0x00	; 0
    00000528 00                    1372 	.db #0x00	; 0
    00000529 5A                    1373 	.db #0x5a	; 90	'Z'
    0000052A 00                    1374 	.db #0x00	; 0
    0000052B 00                    1375 	.db #0x00	; 0
    0000052C 5A                    1376 	.db #0x5a	; 90	'Z'
    0000052D 00                    1377 	.db #0x00	; 0
    0000052E 00                    1378 	.db #0x00	; 0
    0000052F 5A                    1379 	.db #0x5a	; 90	'Z'
    00000530 00                    1380 	.db #0x00	; 0
    00000531 00                    1381 	.db #0x00	; 0
    00000532 5A                    1382 	.db #0x5a	; 90	'Z'
    00000533 00                    1383 	.db #0x00	; 0
    00000534 00                    1384 	.db #0x00	; 0
    00000535 5A                    1385 	.db #0x5a	; 90	'Z'
    00000536 00                    1386 	.db #0x00	; 0
    00000537 00                    1387 	.db #0x00	; 0
    00000538 5A                    1388 	.db #0x5a	; 90	'Z'
    00000539 00                    1389 	.db #0x00	; 0
    0000053A 00                    1390 	.db #0x00	; 0
    0000053B 5A                    1391 	.db #0x5a	; 90	'Z'
    0000053C 00                    1392 	.db #0x00	; 0
    0000053D 00                    1393 	.db #0x00	; 0
    0000053E 5A                    1394 	.db #0x5a	; 90	'Z'
    0000053F 00                    1395 	.db #0x00	; 0
    00000540 00                    1396 	.db #0x00	; 0
    00000541                       1397 _P8:
    00000541 10                    1398 	.db #0x10	; 16
    00000542 10                    1399 	.db #0x10	; 16
    00000543 00                    1400 	.db #0x00	; 0
    00000544 11                    1401 	.db #0x11	; 17
    00000545 10                    1402 	.db #0x10	; 16
    00000546 00                    1403 	.db #0x00	; 0
    00000547 13                    1404 	.db #0x13	; 19
    00000548 10                    1405 	.db #0x10	; 16
    00000549 00                    1406 	.db #0x00	; 0
    0000054A 17                    1407 	.db #0x17	; 23
    0000054B 1D                    1408 	.db #0x1d	; 29
    0000054C 01                    1409 	.db #0x01	; 1
    0000054D 5A                    1410 	.db #0x5a	; 90	'Z'
    0000054E 00                    1411 	.db #0x00	; 0
    0000054F 00                    1412 	.db #0x00	; 0
    00000550 5A                    1413 	.db #0x5a	; 90	'Z'
    00000551 00                    1414 	.db #0x00	; 0
    00000552 00                    1415 	.db #0x00	; 0
    00000553 5A                    1416 	.db #0x5a	; 90	'Z'
    00000554 00                    1417 	.db #0x00	; 0
    00000555 00                    1418 	.db #0x00	; 0
    00000556 5A                    1419 	.db #0x5a	; 90	'Z'
    00000557 00                    1420 	.db #0x00	; 0
    00000558 00                    1421 	.db #0x00	; 0
    00000559 5A                    1422 	.db #0x5a	; 90	'Z'
    0000055A 00                    1423 	.db #0x00	; 0
    0000055B 00                    1424 	.db #0x00	; 0
    0000055C 5A                    1425 	.db #0x5a	; 90	'Z'
    0000055D 00                    1426 	.db #0x00	; 0
    0000055E 00                    1427 	.db #0x00	; 0
    0000055F 5A                    1428 	.db #0x5a	; 90	'Z'
    00000560 00                    1429 	.db #0x00	; 0
    00000561 00                    1430 	.db #0x00	; 0
    00000562 5A                    1431 	.db #0x5a	; 90	'Z'
    00000563 00                    1432 	.db #0x00	; 0
    00000564 00                    1433 	.db #0x00	; 0
    00000565 5A                    1434 	.db #0x5a	; 90	'Z'
    00000566 00                    1435 	.db #0x00	; 0
    00000567 00                    1436 	.db #0x00	; 0
    00000568 5A                    1437 	.db #0x5a	; 90	'Z'
    00000569 00                    1438 	.db #0x00	; 0
    0000056A 00                    1439 	.db #0x00	; 0
    0000056B 5A                    1440 	.db #0x5a	; 90	'Z'
    0000056C 00                    1441 	.db #0x00	; 0
    0000056D 00                    1442 	.db #0x00	; 0
    0000056E 5A                    1443 	.db #0x5a	; 90	'Z'
    0000056F 00                    1444 	.db #0x00	; 0
    00000570 00                    1445 	.db #0x00	; 0
    00000571 5A                    1446 	.db #0x5a	; 90	'Z'
    00000572 00                    1447 	.db #0x00	; 0
    00000573 00                    1448 	.db #0x00	; 0
    00000574 5A                    1449 	.db #0x5a	; 90	'Z'
    00000575 00                    1450 	.db #0x00	; 0
    00000576 00                    1451 	.db #0x00	; 0
    00000577 5A                    1452 	.db #0x5a	; 90	'Z'
    00000578 00                    1453 	.db #0x00	; 0
    00000579 00                    1454 	.db #0x00	; 0
    0000057A 5A                    1455 	.db #0x5a	; 90	'Z'
    0000057B 00                    1456 	.db #0x00	; 0
    0000057C 00                    1457 	.db #0x00	; 0
    0000057D 5A                    1458 	.db #0x5a	; 90	'Z'
    0000057E 00                    1459 	.db #0x00	; 0
    0000057F 00                    1460 	.db #0x00	; 0
    00000580 5A                    1461 	.db #0x5a	; 90	'Z'
    00000581 00                    1462 	.db #0x00	; 0
    00000582 00                    1463 	.db #0x00	; 0
    00000583 5A                    1464 	.db #0x5a	; 90	'Z'
    00000584 00                    1465 	.db #0x00	; 0
    00000585 00                    1466 	.db #0x00	; 0
    00000586 5A                    1467 	.db #0x5a	; 90	'Z'
    00000587 00                    1468 	.db #0x00	; 0
    00000588 00                    1469 	.db #0x00	; 0
    00000589 5A                    1470 	.db #0x5a	; 90	'Z'
    0000058A 00                    1471 	.db #0x00	; 0
    0000058B 00                    1472 	.db #0x00	; 0
    0000058C 5A                    1473 	.db #0x5a	; 90	'Z'
    0000058D 00                    1474 	.db #0x00	; 0
    0000058E 00                    1475 	.db #0x00	; 0
    0000058F 5A                    1476 	.db #0x5a	; 90	'Z'
    00000590 00                    1477 	.db #0x00	; 0
    00000591 00                    1478 	.db #0x00	; 0
    00000592 5A                    1479 	.db #0x5a	; 90	'Z'
    00000593 00                    1480 	.db #0x00	; 0
    00000594 00                    1481 	.db #0x00	; 0
    00000595 5A                    1482 	.db #0x5a	; 90	'Z'
    00000596 00                    1483 	.db #0x00	; 0
    00000597 00                    1484 	.db #0x00	; 0
    00000598 5A                    1485 	.db #0x5a	; 90	'Z'
    00000599 00                    1486 	.db #0x00	; 0
    0000059A 00                    1487 	.db #0x00	; 0
    0000059B 5A                    1488 	.db #0x5a	; 90	'Z'
    0000059C 00                    1489 	.db #0x00	; 0
    0000059D 00                    1490 	.db #0x00	; 0
    0000059E 5A                    1491 	.db #0x5a	; 90	'Z'
    0000059F 00                    1492 	.db #0x00	; 0
    000005A0 00                    1493 	.db #0x00	; 0
    000005A1 5A                    1494 	.db #0x5a	; 90	'Z'
    000005A2 00                    1495 	.db #0x00	; 0
    000005A3 00                    1496 	.db #0x00	; 0
    000005A4 5A                    1497 	.db #0x5a	; 90	'Z'
    000005A5 00                    1498 	.db #0x00	; 0
    000005A6 00                    1499 	.db #0x00	; 0
    000005A7 5A                    1500 	.db #0x5a	; 90	'Z'
    000005A8 00                    1501 	.db #0x00	; 0
    000005A9 00                    1502 	.db #0x00	; 0
    000005AA 5A                    1503 	.db #0x5a	; 90	'Z'
    000005AB 00                    1504 	.db #0x00	; 0
    000005AC 00                    1505 	.db #0x00	; 0
    000005AD 5A                    1506 	.db #0x5a	; 90	'Z'
    000005AE 00                    1507 	.db #0x00	; 0
    000005AF 00                    1508 	.db #0x00	; 0
    000005B0 5A                    1509 	.db #0x5a	; 90	'Z'
    000005B1 00                    1510 	.db #0x00	; 0
    000005B2 00                    1511 	.db #0x00	; 0
    000005B3 5A                    1512 	.db #0x5a	; 90	'Z'
    000005B4 00                    1513 	.db #0x00	; 0
    000005B5 00                    1514 	.db #0x00	; 0
    000005B6 5A                    1515 	.db #0x5a	; 90	'Z'
    000005B7 00                    1516 	.db #0x00	; 0
    000005B8 00                    1517 	.db #0x00	; 0
    000005B9 5A                    1518 	.db #0x5a	; 90	'Z'
    000005BA 00                    1519 	.db #0x00	; 0
    000005BB 00                    1520 	.db #0x00	; 0
    000005BC 5A                    1521 	.db #0x5a	; 90	'Z'
    000005BD 00                    1522 	.db #0x00	; 0
    000005BE 00                    1523 	.db #0x00	; 0
    000005BF 5A                    1524 	.db #0x5a	; 90	'Z'
    000005C0 00                    1525 	.db #0x00	; 0
    000005C1 00                    1526 	.db #0x00	; 0
    000005C2 5A                    1527 	.db #0x5a	; 90	'Z'
    000005C3 00                    1528 	.db #0x00	; 0
    000005C4 00                    1529 	.db #0x00	; 0
    000005C5 5A                    1530 	.db #0x5a	; 90	'Z'
    000005C6 00                    1531 	.db #0x00	; 0
    000005C7 00                    1532 	.db #0x00	; 0
    000005C8 5A                    1533 	.db #0x5a	; 90	'Z'
    000005C9 00                    1534 	.db #0x00	; 0
    000005CA 00                    1535 	.db #0x00	; 0
    000005CB 5A                    1536 	.db #0x5a	; 90	'Z'
    000005CC 00                    1537 	.db #0x00	; 0
    000005CD 00                    1538 	.db #0x00	; 0
    000005CE 5A                    1539 	.db #0x5a	; 90	'Z'
    000005CF 00                    1540 	.db #0x00	; 0
    000005D0 00                    1541 	.db #0x00	; 0
    000005D1 5A                    1542 	.db #0x5a	; 90	'Z'
    000005D2 00                    1543 	.db #0x00	; 0
    000005D3 00                    1544 	.db #0x00	; 0
    000005D4 5A                    1545 	.db #0x5a	; 90	'Z'
    000005D5 00                    1546 	.db #0x00	; 0
    000005D6 00                    1547 	.db #0x00	; 0
    000005D7 5A                    1548 	.db #0x5a	; 90	'Z'
    000005D8 00                    1549 	.db #0x00	; 0
    000005D9 00                    1550 	.db #0x00	; 0
    000005DA 5A                    1551 	.db #0x5a	; 90	'Z'
    000005DB 00                    1552 	.db #0x00	; 0
    000005DC 00                    1553 	.db #0x00	; 0
    000005DD 5A                    1554 	.db #0x5a	; 90	'Z'
    000005DE 00                    1555 	.db #0x00	; 0
    000005DF 00                    1556 	.db #0x00	; 0
    000005E0 5A                    1557 	.db #0x5a	; 90	'Z'
    000005E1 00                    1558 	.db #0x00	; 0
    000005E2 00                    1559 	.db #0x00	; 0
    000005E3 5A                    1560 	.db #0x5a	; 90	'Z'
    000005E4 00                    1561 	.db #0x00	; 0
    000005E5 00                    1562 	.db #0x00	; 0
    000005E6 5A                    1563 	.db #0x5a	; 90	'Z'
    000005E7 00                    1564 	.db #0x00	; 0
    000005E8 00                    1565 	.db #0x00	; 0
    000005E9 5A                    1566 	.db #0x5a	; 90	'Z'
    000005EA 00                    1567 	.db #0x00	; 0
    000005EB 00                    1568 	.db #0x00	; 0
    000005EC 5A                    1569 	.db #0x5a	; 90	'Z'
    000005ED 00                    1570 	.db #0x00	; 0
    000005EE 00                    1571 	.db #0x00	; 0
    000005EF 5A                    1572 	.db #0x5a	; 90	'Z'
    000005F0 00                    1573 	.db #0x00	; 0
    000005F1 00                    1574 	.db #0x00	; 0
    000005F2 5A                    1575 	.db #0x5a	; 90	'Z'
    000005F3 00                    1576 	.db #0x00	; 0
    000005F4 00                    1577 	.db #0x00	; 0
    000005F5 5A                    1578 	.db #0x5a	; 90	'Z'
    000005F6 00                    1579 	.db #0x00	; 0
    000005F7 00                    1580 	.db #0x00	; 0
    000005F8 5A                    1581 	.db #0x5a	; 90	'Z'
    000005F9 00                    1582 	.db #0x00	; 0
    000005FA 00                    1583 	.db #0x00	; 0
    000005FB 5A                    1584 	.db #0x5a	; 90	'Z'
    000005FC 00                    1585 	.db #0x00	; 0
    000005FD 00                    1586 	.db #0x00	; 0
    000005FE 5A                    1587 	.db #0x5a	; 90	'Z'
    000005FF 00                    1588 	.db #0x00	; 0
    00000600 00                    1589 	.db #0x00	; 0
    00000601                       1590 _P9:
    00000601 18                    1591 	.db #0x18	; 24
    00000602 20                    1592 	.db #0x20	; 32
    00000603 00                    1593 	.db #0x00	; 0
    00000604 1A                    1594 	.db #0x1a	; 26
    00000605 20                    1595 	.db #0x20	; 32
    00000606 00                    1596 	.db #0x00	; 0
    00000607 1C                    1597 	.db #0x1c	; 28
    00000608 20                    1598 	.db #0x20	; 32
    00000609 00                    1599 	.db #0x00	; 0
    0000060A 1F                    1600 	.db #0x1f	; 31
    0000060B 20                    1601 	.db #0x20	; 32
    0000060C 00                    1602 	.db #0x00	; 0
    0000060D 5A                    1603 	.db #0x5a	; 90	'Z'
    0000060E 00                    1604 	.db #0x00	; 0
    0000060F 00                    1605 	.db #0x00	; 0
    00000610 5A                    1606 	.db #0x5a	; 90	'Z'
    00000611 00                    1607 	.db #0x00	; 0
    00000612 00                    1608 	.db #0x00	; 0
    00000613 5A                    1609 	.db #0x5a	; 90	'Z'
    00000614 00                    1610 	.db #0x00	; 0
    00000615 00                    1611 	.db #0x00	; 0
    00000616 5A                    1612 	.db #0x5a	; 90	'Z'
    00000617 00                    1613 	.db #0x00	; 0
    00000618 00                    1614 	.db #0x00	; 0
    00000619 5A                    1615 	.db #0x5a	; 90	'Z'
    0000061A 00                    1616 	.db #0x00	; 0
    0000061B 00                    1617 	.db #0x00	; 0
    0000061C 5A                    1618 	.db #0x5a	; 90	'Z'
    0000061D 00                    1619 	.db #0x00	; 0
    0000061E 00                    1620 	.db #0x00	; 0
    0000061F 5A                    1621 	.db #0x5a	; 90	'Z'
    00000620 00                    1622 	.db #0x00	; 0
    00000621 00                    1623 	.db #0x00	; 0
    00000622 5A                    1624 	.db #0x5a	; 90	'Z'
    00000623 00                    1625 	.db #0x00	; 0
    00000624 00                    1626 	.db #0x00	; 0
    00000625 5A                    1627 	.db #0x5a	; 90	'Z'
    00000626 00                    1628 	.db #0x00	; 0
    00000627 00                    1629 	.db #0x00	; 0
    00000628 5A                    1630 	.db #0x5a	; 90	'Z'
    00000629 00                    1631 	.db #0x00	; 0
    0000062A 00                    1632 	.db #0x00	; 0
    0000062B 5A                    1633 	.db #0x5a	; 90	'Z'
    0000062C 00                    1634 	.db #0x00	; 0
    0000062D 00                    1635 	.db #0x00	; 0
    0000062E 5A                    1636 	.db #0x5a	; 90	'Z'
    0000062F 00                    1637 	.db #0x00	; 0
    00000630 00                    1638 	.db #0x00	; 0
    00000631 5A                    1639 	.db #0x5a	; 90	'Z'
    00000632 00                    1640 	.db #0x00	; 0
    00000633 00                    1641 	.db #0x00	; 0
    00000634 5A                    1642 	.db #0x5a	; 90	'Z'
    00000635 00                    1643 	.db #0x00	; 0
    00000636 00                    1644 	.db #0x00	; 0
    00000637 5A                    1645 	.db #0x5a	; 90	'Z'
    00000638 00                    1646 	.db #0x00	; 0
    00000639 00                    1647 	.db #0x00	; 0
    0000063A 5A                    1648 	.db #0x5a	; 90	'Z'
    0000063B 00                    1649 	.db #0x00	; 0
    0000063C 00                    1650 	.db #0x00	; 0
    0000063D 5A                    1651 	.db #0x5a	; 90	'Z'
    0000063E 00                    1652 	.db #0x00	; 0
    0000063F 00                    1653 	.db #0x00	; 0
    00000640 5A                    1654 	.db #0x5a	; 90	'Z'
    00000641 00                    1655 	.db #0x00	; 0
    00000642 00                    1656 	.db #0x00	; 0
    00000643 5A                    1657 	.db #0x5a	; 90	'Z'
    00000644 00                    1658 	.db #0x00	; 0
    00000645 00                    1659 	.db #0x00	; 0
    00000646 5A                    1660 	.db #0x5a	; 90	'Z'
    00000647 00                    1661 	.db #0x00	; 0
    00000648 00                    1662 	.db #0x00	; 0
    00000649 5A                    1663 	.db #0x5a	; 90	'Z'
    0000064A 00                    1664 	.db #0x00	; 0
    0000064B 00                    1665 	.db #0x00	; 0
    0000064C 5A                    1666 	.db #0x5a	; 90	'Z'
    0000064D 00                    1667 	.db #0x00	; 0
    0000064E 00                    1668 	.db #0x00	; 0
    0000064F 5A                    1669 	.db #0x5a	; 90	'Z'
    00000650 00                    1670 	.db #0x00	; 0
    00000651 00                    1671 	.db #0x00	; 0
    00000652 5A                    1672 	.db #0x5a	; 90	'Z'
    00000653 00                    1673 	.db #0x00	; 0
    00000654 00                    1674 	.db #0x00	; 0
    00000655 5A                    1675 	.db #0x5a	; 90	'Z'
    00000656 00                    1676 	.db #0x00	; 0
    00000657 00                    1677 	.db #0x00	; 0
    00000658 5A                    1678 	.db #0x5a	; 90	'Z'
    00000659 00                    1679 	.db #0x00	; 0
    0000065A 00                    1680 	.db #0x00	; 0
    0000065B 5A                    1681 	.db #0x5a	; 90	'Z'
    0000065C 00                    1682 	.db #0x00	; 0
    0000065D 00                    1683 	.db #0x00	; 0
    0000065E 5A                    1684 	.db #0x5a	; 90	'Z'
    0000065F 00                    1685 	.db #0x00	; 0
    00000660 00                    1686 	.db #0x00	; 0
    00000661 5A                    1687 	.db #0x5a	; 90	'Z'
    00000662 00                    1688 	.db #0x00	; 0
    00000663 00                    1689 	.db #0x00	; 0
    00000664 5A                    1690 	.db #0x5a	; 90	'Z'
    00000665 00                    1691 	.db #0x00	; 0
    00000666 00                    1692 	.db #0x00	; 0
    00000667 5A                    1693 	.db #0x5a	; 90	'Z'
    00000668 00                    1694 	.db #0x00	; 0
    00000669 00                    1695 	.db #0x00	; 0
    0000066A 5A                    1696 	.db #0x5a	; 90	'Z'
    0000066B 00                    1697 	.db #0x00	; 0
    0000066C 00                    1698 	.db #0x00	; 0
    0000066D 5A                    1699 	.db #0x5a	; 90	'Z'
    0000066E 00                    1700 	.db #0x00	; 0
    0000066F 00                    1701 	.db #0x00	; 0
    00000670 5A                    1702 	.db #0x5a	; 90	'Z'
    00000671 00                    1703 	.db #0x00	; 0
    00000672 00                    1704 	.db #0x00	; 0
    00000673 5A                    1705 	.db #0x5a	; 90	'Z'
    00000674 00                    1706 	.db #0x00	; 0
    00000675 00                    1707 	.db #0x00	; 0
    00000676 5A                    1708 	.db #0x5a	; 90	'Z'
    00000677 00                    1709 	.db #0x00	; 0
    00000678 00                    1710 	.db #0x00	; 0
    00000679 5A                    1711 	.db #0x5a	; 90	'Z'
    0000067A 00                    1712 	.db #0x00	; 0
    0000067B 00                    1713 	.db #0x00	; 0
    0000067C 5A                    1714 	.db #0x5a	; 90	'Z'
    0000067D 00                    1715 	.db #0x00	; 0
    0000067E 00                    1716 	.db #0x00	; 0
    0000067F 5A                    1717 	.db #0x5a	; 90	'Z'
    00000680 00                    1718 	.db #0x00	; 0
    00000681 00                    1719 	.db #0x00	; 0
    00000682 5A                    1720 	.db #0x5a	; 90	'Z'
    00000683 00                    1721 	.db #0x00	; 0
    00000684 00                    1722 	.db #0x00	; 0
    00000685 5A                    1723 	.db #0x5a	; 90	'Z'
    00000686 00                    1724 	.db #0x00	; 0
    00000687 00                    1725 	.db #0x00	; 0
    00000688 5A                    1726 	.db #0x5a	; 90	'Z'
    00000689 00                    1727 	.db #0x00	; 0
    0000068A 00                    1728 	.db #0x00	; 0
    0000068B 5A                    1729 	.db #0x5a	; 90	'Z'
    0000068C 00                    1730 	.db #0x00	; 0
    0000068D 00                    1731 	.db #0x00	; 0
    0000068E 5A                    1732 	.db #0x5a	; 90	'Z'
    0000068F 00                    1733 	.db #0x00	; 0
    00000690 00                    1734 	.db #0x00	; 0
    00000691 5A                    1735 	.db #0x5a	; 90	'Z'
    00000692 00                    1736 	.db #0x00	; 0
    00000693 00                    1737 	.db #0x00	; 0
    00000694 5A                    1738 	.db #0x5a	; 90	'Z'
    00000695 00                    1739 	.db #0x00	; 0
    00000696 00                    1740 	.db #0x00	; 0
    00000697 5A                    1741 	.db #0x5a	; 90	'Z'
    00000698 00                    1742 	.db #0x00	; 0
    00000699 00                    1743 	.db #0x00	; 0
    0000069A 5A                    1744 	.db #0x5a	; 90	'Z'
    0000069B 00                    1745 	.db #0x00	; 0
    0000069C 00                    1746 	.db #0x00	; 0
    0000069D 5A                    1747 	.db #0x5a	; 90	'Z'
    0000069E 00                    1748 	.db #0x00	; 0
    0000069F 00                    1749 	.db #0x00	; 0
    000006A0 5A                    1750 	.db #0x5a	; 90	'Z'
    000006A1 00                    1751 	.db #0x00	; 0
    000006A2 00                    1752 	.db #0x00	; 0
    000006A3 5A                    1753 	.db #0x5a	; 90	'Z'
    000006A4 00                    1754 	.db #0x00	; 0
    000006A5 00                    1755 	.db #0x00	; 0
    000006A6 5A                    1756 	.db #0x5a	; 90	'Z'
    000006A7 00                    1757 	.db #0x00	; 0
    000006A8 00                    1758 	.db #0x00	; 0
    000006A9 5A                    1759 	.db #0x5a	; 90	'Z'
    000006AA 00                    1760 	.db #0x00	; 0
    000006AB 00                    1761 	.db #0x00	; 0
    000006AC 5A                    1762 	.db #0x5a	; 90	'Z'
    000006AD 00                    1763 	.db #0x00	; 0
    000006AE 00                    1764 	.db #0x00	; 0
    000006AF 5A                    1765 	.db #0x5a	; 90	'Z'
    000006B0 00                    1766 	.db #0x00	; 0
    000006B1 00                    1767 	.db #0x00	; 0
    000006B2 5A                    1768 	.db #0x5a	; 90	'Z'
    000006B3 00                    1769 	.db #0x00	; 0
    000006B4 00                    1770 	.db #0x00	; 0
    000006B5 5A                    1771 	.db #0x5a	; 90	'Z'
    000006B6 00                    1772 	.db #0x00	; 0
    000006B7 00                    1773 	.db #0x00	; 0
    000006B8 5A                    1774 	.db #0x5a	; 90	'Z'
    000006B9 00                    1775 	.db #0x00	; 0
    000006BA 00                    1776 	.db #0x00	; 0
    000006BB 5A                    1777 	.db #0x5a	; 90	'Z'
    000006BC 00                    1778 	.db #0x00	; 0
    000006BD 00                    1779 	.db #0x00	; 0
    000006BE 5A                    1780 	.db #0x5a	; 90	'Z'
    000006BF 00                    1781 	.db #0x00	; 0
    000006C0 00                    1782 	.db #0x00	; 0
    000006C1                       1783 _P10:
    000006C1 5A                    1784 	.db #0x5a	; 90	'Z'
    000006C2 00                    1785 	.db #0x00	; 0
    000006C3 00                    1786 	.db #0x00	; 0
    000006C4 5A                    1787 	.db #0x5a	; 90	'Z'
    000006C5 00                    1788 	.db #0x00	; 0
    000006C6 00                    1789 	.db #0x00	; 0
    000006C7 5A                    1790 	.db #0x5a	; 90	'Z'
    000006C8 00                    1791 	.db #0x00	; 0
    000006C9 00                    1792 	.db #0x00	; 0
    000006CA 5A                    1793 	.db #0x5a	; 90	'Z'
    000006CB 00                    1794 	.db #0x00	; 0
    000006CC 00                    1795 	.db #0x00	; 0
    000006CD 5A                    1796 	.db #0x5a	; 90	'Z'
    000006CE 00                    1797 	.db #0x00	; 0
    000006CF 00                    1798 	.db #0x00	; 0
    000006D0 5A                    1799 	.db #0x5a	; 90	'Z'
    000006D1 00                    1800 	.db #0x00	; 0
    000006D2 00                    1801 	.db #0x00	; 0
    000006D3 5A                    1802 	.db #0x5a	; 90	'Z'
    000006D4 00                    1803 	.db #0x00	; 0
    000006D5 00                    1804 	.db #0x00	; 0
    000006D6 5A                    1805 	.db #0x5a	; 90	'Z'
    000006D7 00                    1806 	.db #0x00	; 0
    000006D8 00                    1807 	.db #0x00	; 0
    000006D9 5A                    1808 	.db #0x5a	; 90	'Z'
    000006DA 00                    1809 	.db #0x00	; 0
    000006DB 00                    1810 	.db #0x00	; 0
    000006DC 5A                    1811 	.db #0x5a	; 90	'Z'
    000006DD 00                    1812 	.db #0x00	; 0
    000006DE 00                    1813 	.db #0x00	; 0
    000006DF 5A                    1814 	.db #0x5a	; 90	'Z'
    000006E0 00                    1815 	.db #0x00	; 0
    000006E1 00                    1816 	.db #0x00	; 0
    000006E2 5A                    1817 	.db #0x5a	; 90	'Z'
    000006E3 00                    1818 	.db #0x00	; 0
    000006E4 00                    1819 	.db #0x00	; 0
    000006E5 5A                    1820 	.db #0x5a	; 90	'Z'
    000006E6 00                    1821 	.db #0x00	; 0
    000006E7 00                    1822 	.db #0x00	; 0
    000006E8 5A                    1823 	.db #0x5a	; 90	'Z'
    000006E9 00                    1824 	.db #0x00	; 0
    000006EA 00                    1825 	.db #0x00	; 0
    000006EB 5A                    1826 	.db #0x5a	; 90	'Z'
    000006EC 00                    1827 	.db #0x00	; 0
    000006ED 00                    1828 	.db #0x00	; 0
    000006EE 5A                    1829 	.db #0x5a	; 90	'Z'
    000006EF 00                    1830 	.db #0x00	; 0
    000006F0 00                    1831 	.db #0x00	; 0
    000006F1 5A                    1832 	.db #0x5a	; 90	'Z'
    000006F2 00                    1833 	.db #0x00	; 0
    000006F3 00                    1834 	.db #0x00	; 0
    000006F4 5A                    1835 	.db #0x5a	; 90	'Z'
    000006F5 00                    1836 	.db #0x00	; 0
    000006F6 00                    1837 	.db #0x00	; 0
    000006F7 5A                    1838 	.db #0x5a	; 90	'Z'
    000006F8 00                    1839 	.db #0x00	; 0
    000006F9 00                    1840 	.db #0x00	; 0
    000006FA 5A                    1841 	.db #0x5a	; 90	'Z'
    000006FB 00                    1842 	.db #0x00	; 0
    000006FC 00                    1843 	.db #0x00	; 0
    000006FD 5A                    1844 	.db #0x5a	; 90	'Z'
    000006FE 00                    1845 	.db #0x00	; 0
    000006FF 00                    1846 	.db #0x00	; 0
    00000700 5A                    1847 	.db #0x5a	; 90	'Z'
    00000701 00                    1848 	.db #0x00	; 0
    00000702 00                    1849 	.db #0x00	; 0
    00000703 5A                    1850 	.db #0x5a	; 90	'Z'
    00000704 00                    1851 	.db #0x00	; 0
    00000705 00                    1852 	.db #0x00	; 0
    00000706 5A                    1853 	.db #0x5a	; 90	'Z'
    00000707 00                    1854 	.db #0x00	; 0
    00000708 00                    1855 	.db #0x00	; 0
    00000709 5A                    1856 	.db #0x5a	; 90	'Z'
    0000070A 00                    1857 	.db #0x00	; 0
    0000070B 00                    1858 	.db #0x00	; 0
    0000070C 5A                    1859 	.db #0x5a	; 90	'Z'
    0000070D 00                    1860 	.db #0x00	; 0
    0000070E 00                    1861 	.db #0x00	; 0
    0000070F 5A                    1862 	.db #0x5a	; 90	'Z'
    00000710 00                    1863 	.db #0x00	; 0
    00000711 00                    1864 	.db #0x00	; 0
    00000712 5A                    1865 	.db #0x5a	; 90	'Z'
    00000713 00                    1866 	.db #0x00	; 0
    00000714 00                    1867 	.db #0x00	; 0
    00000715 5A                    1868 	.db #0x5a	; 90	'Z'
    00000716 00                    1869 	.db #0x00	; 0
    00000717 00                    1870 	.db #0x00	; 0
    00000718 5A                    1871 	.db #0x5a	; 90	'Z'
    00000719 00                    1872 	.db #0x00	; 0
    0000071A 00                    1873 	.db #0x00	; 0
    0000071B 5A                    1874 	.db #0x5a	; 90	'Z'
    0000071C 00                    1875 	.db #0x00	; 0
    0000071D 00                    1876 	.db #0x00	; 0
    0000071E 5A                    1877 	.db #0x5a	; 90	'Z'
    0000071F 00                    1878 	.db #0x00	; 0
    00000720 00                    1879 	.db #0x00	; 0
    00000721 5A                    1880 	.db #0x5a	; 90	'Z'
    00000722 00                    1881 	.db #0x00	; 0
    00000723 00                    1882 	.db #0x00	; 0
    00000724 5A                    1883 	.db #0x5a	; 90	'Z'
    00000725 00                    1884 	.db #0x00	; 0
    00000726 00                    1885 	.db #0x00	; 0
    00000727 5A                    1886 	.db #0x5a	; 90	'Z'
    00000728 00                    1887 	.db #0x00	; 0
    00000729 00                    1888 	.db #0x00	; 0
    0000072A 5A                    1889 	.db #0x5a	; 90	'Z'
    0000072B 00                    1890 	.db #0x00	; 0
    0000072C 00                    1891 	.db #0x00	; 0
    0000072D 5A                    1892 	.db #0x5a	; 90	'Z'
    0000072E 00                    1893 	.db #0x00	; 0
    0000072F 00                    1894 	.db #0x00	; 0
    00000730 5A                    1895 	.db #0x5a	; 90	'Z'
    00000731 00                    1896 	.db #0x00	; 0
    00000732 00                    1897 	.db #0x00	; 0
    00000733 5A                    1898 	.db #0x5a	; 90	'Z'
    00000734 00                    1899 	.db #0x00	; 0
    00000735 00                    1900 	.db #0x00	; 0
    00000736 5A                    1901 	.db #0x5a	; 90	'Z'
    00000737 00                    1902 	.db #0x00	; 0
    00000738 00                    1903 	.db #0x00	; 0
    00000739 5A                    1904 	.db #0x5a	; 90	'Z'
    0000073A 00                    1905 	.db #0x00	; 0
    0000073B 00                    1906 	.db #0x00	; 0
    0000073C 5A                    1907 	.db #0x5a	; 90	'Z'
    0000073D 00                    1908 	.db #0x00	; 0
    0000073E 00                    1909 	.db #0x00	; 0
    0000073F 5A                    1910 	.db #0x5a	; 90	'Z'
    00000740 00                    1911 	.db #0x00	; 0
    00000741 00                    1912 	.db #0x00	; 0
    00000742 5A                    1913 	.db #0x5a	; 90	'Z'
    00000743 00                    1914 	.db #0x00	; 0
    00000744 00                    1915 	.db #0x00	; 0
    00000745 5A                    1916 	.db #0x5a	; 90	'Z'
    00000746 00                    1917 	.db #0x00	; 0
    00000747 00                    1918 	.db #0x00	; 0
    00000748 5A                    1919 	.db #0x5a	; 90	'Z'
    00000749 00                    1920 	.db #0x00	; 0
    0000074A 00                    1921 	.db #0x00	; 0
    0000074B 5A                    1922 	.db #0x5a	; 90	'Z'
    0000074C 00                    1923 	.db #0x00	; 0
    0000074D 00                    1924 	.db #0x00	; 0
    0000074E 5A                    1925 	.db #0x5a	; 90	'Z'
    0000074F 00                    1926 	.db #0x00	; 0
    00000750 00                    1927 	.db #0x00	; 0
    00000751 5A                    1928 	.db #0x5a	; 90	'Z'
    00000752 00                    1929 	.db #0x00	; 0
    00000753 00                    1930 	.db #0x00	; 0
    00000754 5A                    1931 	.db #0x5a	; 90	'Z'
    00000755 00                    1932 	.db #0x00	; 0
    00000756 00                    1933 	.db #0x00	; 0
    00000757 5A                    1934 	.db #0x5a	; 90	'Z'
    00000758 00                    1935 	.db #0x00	; 0
    00000759 00                    1936 	.db #0x00	; 0
    0000075A 5A                    1937 	.db #0x5a	; 90	'Z'
    0000075B 00                    1938 	.db #0x00	; 0
    0000075C 00                    1939 	.db #0x00	; 0
    0000075D 5A                    1940 	.db #0x5a	; 90	'Z'
    0000075E 00                    1941 	.db #0x00	; 0
    0000075F 00                    1942 	.db #0x00	; 0
    00000760 5A                    1943 	.db #0x5a	; 90	'Z'
    00000761 00                    1944 	.db #0x00	; 0
    00000762 00                    1945 	.db #0x00	; 0
    00000763 5A                    1946 	.db #0x5a	; 90	'Z'
    00000764 00                    1947 	.db #0x00	; 0
    00000765 00                    1948 	.db #0x00	; 0
    00000766 5A                    1949 	.db #0x5a	; 90	'Z'
    00000767 00                    1950 	.db #0x00	; 0
    00000768 00                    1951 	.db #0x00	; 0
    00000769 5A                    1952 	.db #0x5a	; 90	'Z'
    0000076A 00                    1953 	.db #0x00	; 0
    0000076B 00                    1954 	.db #0x00	; 0
    0000076C 5A                    1955 	.db #0x5a	; 90	'Z'
    0000076D 00                    1956 	.db #0x00	; 0
    0000076E 00                    1957 	.db #0x00	; 0
    0000076F 5A                    1958 	.db #0x5a	; 90	'Z'
    00000770 00                    1959 	.db #0x00	; 0
    00000771 00                    1960 	.db #0x00	; 0
    00000772 5A                    1961 	.db #0x5a	; 90	'Z'
    00000773 00                    1962 	.db #0x00	; 0
    00000774 00                    1963 	.db #0x00	; 0
    00000775 5A                    1964 	.db #0x5a	; 90	'Z'
    00000776 00                    1965 	.db #0x00	; 0
    00000777 00                    1966 	.db #0x00	; 0
    00000778 5A                    1967 	.db #0x5a	; 90	'Z'
    00000779 00                    1968 	.db #0x00	; 0
    0000077A 00                    1969 	.db #0x00	; 0
    0000077B 5A                    1970 	.db #0x5a	; 90	'Z'
    0000077C 00                    1971 	.db #0x00	; 0
    0000077D 00                    1972 	.db #0x00	; 0
    0000077E 5A                    1973 	.db #0x5a	; 90	'Z'
    0000077F 00                    1974 	.db #0x00	; 0
    00000780 00                    1975 	.db #0x00	; 0
    00000781                       1976 _order1:
    00000781r41r05                 1977 	.dw _P8
    00000783r01r00                 1978 	.dw _P0
    00000785r01r03                 1979 	.dw _P4
    00000787                       1980 _order2:
    00000787r01r06                 1981 	.dw _P9
    00000789rC1r00                 1982 	.dw _P1
    0000078BrC1r03                 1983 	.dw _P5
    0000078D                       1984 _order3:
    0000078DrC1r06                 1985 	.dw _P10
    0000078Fr81r01                 1986 	.dw _P2
    00000791r81r04                 1987 	.dw _P6
    00000793                       1988 _order4:
    00000793rC1r06                 1989 	.dw _P10
    00000795r41r02                 1990 	.dw _P3
    00000797rC1r03                 1991 	.dw _P5
    00000799                       1992 _duty_instruments:
    00000799 08                    1993 	.db #0x08	; 8
    0000079A C0                    1994 	.db #0xc0	; 192
    0000079B F4                    1995 	.db #0xf4	; 244
    0000079C 00 00                 1996 	.dw #0x0000
    0000079E 80                    1997 	.db #0x80	; 128
    0000079F 08                    1998 	.db #0x08	; 8
    000007A0 80                    1999 	.db #0x80	; 128
    000007A1 69                    2000 	.db #0x69	; 105	'i'
    000007A2 00 00                 2001 	.dw #0x0000
    000007A4 80                    2002 	.db #0x80	; 128
    000007A5 08                    2003 	.db #0x08	; 8
    000007A6 80                    2004 	.db #0x80	; 128
    000007A7 87                    2005 	.db #0x87	; 135
    000007A8 00 00                 2006 	.dw #0x0000
    000007AA 80                    2007 	.db #0x80	; 128
    000007AB 08                    2008 	.db #0x08	; 8
    000007AC C0                    2009 	.db #0xc0	; 192
    000007AD A7                    2010 	.db #0xa7	; 167
    000007AE 00 00                 2011 	.dw #0x0000
    000007B0 80                    2012 	.db #0x80	; 128
    000007B1                       2013 _wave_instruments:
    000007B1 00                    2014 	.db #0x00	; 0
    000007B2 20                    2015 	.db #0x20	; 32
    000007B3 00                    2016 	.db #0x00	; 0
    000007B4 00 00                 2017 	.dw #0x0000
    000007B6 80                    2018 	.db #0x80	; 128
    000007B7 00                    2019 	.db #0x00	; 0
    000007B8 20                    2020 	.db #0x20	; 32
    000007B9 01                    2021 	.db #0x01	; 1
    000007BA 00 00                 2022 	.dw #0x0000
    000007BC 80                    2023 	.db #0x80	; 128
    000007BD 00                    2024 	.db #0x00	; 0
    000007BE 20                    2025 	.db #0x20	; 32
    000007BF 02                    2026 	.db #0x02	; 2
    000007C0 00 00                 2027 	.dw #0x0000
    000007C2 80                    2028 	.db #0x80	; 128
    000007C3 00                    2029 	.db #0x00	; 0
    000007C4 20                    2030 	.db #0x20	; 32
    000007C5 03                    2031 	.db #0x03	; 3
    000007C6 00 00                 2032 	.dw #0x0000
    000007C8 80                    2033 	.db #0x80	; 128
    000007C9 00                    2034 	.db #0x00	; 0
    000007CA 20                    2035 	.db #0x20	; 32
    000007CB 04                    2036 	.db #0x04	; 4
    000007CC 00 00                 2037 	.dw #0x0000
    000007CE 80                    2038 	.db #0x80	; 128
    000007CF 00                    2039 	.db #0x00	; 0
    000007D0 20                    2040 	.db #0x20	; 32
    000007D1 05                    2041 	.db #0x05	; 5
    000007D2 00 00                 2042 	.dw #0x0000
    000007D4 80                    2043 	.db #0x80	; 128
    000007D5 00                    2044 	.db #0x00	; 0
    000007D6 20                    2045 	.db #0x20	; 32
    000007D7 06                    2046 	.db #0x06	; 6
    000007D8 00 00                 2047 	.dw #0x0000
    000007DA 80                    2048 	.db #0x80	; 128
    000007DB                       2049 _noise_instruments:
    000007DB C1                    2050 	.db #0xc1	; 193
    000007DC 00 00                 2051 	.dw #0x0000
    000007DE 70                    2052 	.db #0x70	; 112	'p'
    000007DF 00                    2053 	.db #0x00	; 0
    000007E0 00                    2054 	.db #0x00	; 0
    000007E1 A1                    2055 	.db #0xa1	; 161
    000007E2 00 00                 2056 	.dw #0x0000
    000007E4 72                    2057 	.db #0x72	; 114	'r'
    000007E5 00                    2058 	.db #0x00	; 0
    000007E6 00                    2059 	.db #0x00	; 0
    000007E7 97                    2060 	.db #0x97	; 151
    000007E8 00 00                 2061 	.dw #0x0000
    000007EA 00                    2062 	.db #0x00	; 0
    000007EB 00                    2063 	.db #0x00	; 0
    000007EC 00                    2064 	.db #0x00	; 0
    000007ED                       2065 _waves:
    000007ED 00                    2066 	.db #0x00	; 0
    000007EE 00                    2067 	.db #0x00	; 0
    000007EF FF                    2068 	.db #0xff	; 255
    000007F0 FF                    2069 	.db #0xff	; 255
    000007F1 FF                    2070 	.db #0xff	; 255
    000007F2 FF                    2071 	.db #0xff	; 255
    000007F3 FF                    2072 	.db #0xff	; 255
    000007F4 FF                    2073 	.db #0xff	; 255
    000007F5 FF                    2074 	.db #0xff	; 255
    000007F6 FF                    2075 	.db #0xff	; 255
    000007F7 FF                    2076 	.db #0xff	; 255
    000007F8 FF                    2077 	.db #0xff	; 255
    000007F9 FF                    2078 	.db #0xff	; 255
    000007FA FF                    2079 	.db #0xff	; 255
    000007FB FF                    2080 	.db #0xff	; 255
    000007FC FF                    2081 	.db #0xff	; 255
    000007FD 00                    2082 	.db #0x00	; 0
    000007FE 00                    2083 	.db #0x00	; 0
    000007FF 00                    2084 	.db #0x00	; 0
    00000800 00                    2085 	.db #0x00	; 0
    00000801 FF                    2086 	.db #0xff	; 255
    00000802 FF                    2087 	.db #0xff	; 255
    00000803 FF                    2088 	.db #0xff	; 255
    00000804 FF                    2089 	.db #0xff	; 255
    00000805 FF                    2090 	.db #0xff	; 255
    00000806 FF                    2091 	.db #0xff	; 255
    00000807 FF                    2092 	.db #0xff	; 255
    00000808 FF                    2093 	.db #0xff	; 255
    00000809 FF                    2094 	.db #0xff	; 255
    0000080A FF                    2095 	.db #0xff	; 255
    0000080B FF                    2096 	.db #0xff	; 255
    0000080C FF                    2097 	.db #0xff	; 255
    0000080D 00                    2098 	.db #0x00	; 0
    0000080E 00                    2099 	.db #0x00	; 0
    0000080F 00                    2100 	.db #0x00	; 0
    00000810 00                    2101 	.db #0x00	; 0
    00000811 00                    2102 	.db #0x00	; 0
    00000812 00                    2103 	.db #0x00	; 0
    00000813 00                    2104 	.db #0x00	; 0
    00000814 00                    2105 	.db #0x00	; 0
    00000815 FF                    2106 	.db #0xff	; 255
    00000816 FF                    2107 	.db #0xff	; 255
    00000817 FF                    2108 	.db #0xff	; 255
    00000818 FF                    2109 	.db #0xff	; 255
    00000819 FF                    2110 	.db #0xff	; 255
    0000081A FF                    2111 	.db #0xff	; 255
    0000081B FF                    2112 	.db #0xff	; 255
    0000081C FF                    2113 	.db #0xff	; 255
    0000081D 00                    2114 	.db #0x00	; 0
    0000081E 00                    2115 	.db #0x00	; 0
    0000081F 00                    2116 	.db #0x00	; 0
    00000820 00                    2117 	.db #0x00	; 0
    00000821 00                    2118 	.db #0x00	; 0
    00000822 00                    2119 	.db #0x00	; 0
    00000823 00                    2120 	.db #0x00	; 0
    00000824 00                    2121 	.db #0x00	; 0
    00000825 00                    2122 	.db #0x00	; 0
    00000826 00                    2123 	.db #0x00	; 0
    00000827 00                    2124 	.db #0x00	; 0
    00000828 00                    2125 	.db #0x00	; 0
    00000829 FF                    2126 	.db #0xff	; 255
    0000082A FF                    2127 	.db #0xff	; 255
    0000082B FF                    2128 	.db #0xff	; 255
    0000082C FF                    2129 	.db #0xff	; 255
    0000082D 00                    2130 	.db #0x00	; 0
    0000082E 01                    2131 	.db #0x01	; 1
    0000082F 12                    2132 	.db #0x12	; 18
    00000830 23                    2133 	.db #0x23	; 35
    00000831 34                    2134 	.db #0x34	; 52	'4'
    00000832 45                    2135 	.db #0x45	; 69	'E'
    00000833 56                    2136 	.db #0x56	; 86	'V'
    00000834 67                    2137 	.db #0x67	; 103	'g'
    00000835 78                    2138 	.db #0x78	; 120	'x'
    00000836 89                    2139 	.db #0x89	; 137
    00000837 9A                    2140 	.db #0x9a	; 154
    00000838 AB                    2141 	.db #0xab	; 171
    00000839 BC                    2142 	.db #0xbc	; 188
    0000083A CD                    2143 	.db #0xcd	; 205
    0000083B DE                    2144 	.db #0xde	; 222
    0000083C EF                    2145 	.db #0xef	; 239
    0000083D FE                    2146 	.db #0xfe	; 254
    0000083E DC                    2147 	.db #0xdc	; 220
    0000083F BA                    2148 	.db #0xba	; 186
    00000840 98                    2149 	.db #0x98	; 152
    00000841 76                    2150 	.db #0x76	; 118	'v'
    00000842 54                    2151 	.db #0x54	; 84	'T'
    00000843 32                    2152 	.db #0x32	; 50	'2'
    00000844 10                    2153 	.db #0x10	; 16
    00000845 12                    2154 	.db #0x12	; 18
    00000846 34                    2155 	.db #0x34	; 52	'4'
    00000847 56                    2156 	.db #0x56	; 86	'V'
    00000848 78                    2157 	.db #0x78	; 120	'x'
    00000849 9A                    2158 	.db #0x9a	; 154
    0000084A BC                    2159 	.db #0xbc	; 188
    0000084B DE                    2160 	.db #0xde	; 222
    0000084C FF                    2161 	.db #0xff	; 255
    0000084D 7A                    2162 	.db #0x7a	; 122	'z'
    0000084E CD                    2163 	.db #0xcd	; 205
    0000084F DB                    2164 	.db #0xdb	; 219
    00000850 75                    2165 	.db #0x75	; 117	'u'
    00000851 21                    2166 	.db #0x21	; 33
    00000852 13                    2167 	.db #0x13	; 19
    00000853 68                    2168 	.db #0x68	; 104	'h'
    00000854 BD                    2169 	.db #0xbd	; 189
    00000855 DC                    2170 	.db #0xdc	; 220
    00000856 97                    2171 	.db #0x97	; 151
    00000857 41                    2172 	.db #0x41	; 65	'A'
    00000858 01                    2173 	.db #0x01	; 1
    00000859 47                    2174 	.db #0x47	; 71	'G'
    0000085A 9C                    2175 	.db #0x9c	; 156
    0000085B DD                    2176 	.db #0xdd	; 221
    0000085C B8                    2177 	.db #0xb8	; 184
    0000085D                       2178 _boss_defeated_jingle:
    0000085D 07                    2179 	.db #0x07	; 7
    0000085Er00r00                 2180 	.dw _order_cnt
    00000860r81r07                 2181 	.dw _order1
    00000862r87r07                 2182 	.dw _order2
    00000864r8Dr07                 2183 	.dw _order3
    00000866r93r07                 2184 	.dw _order4
    00000868r99r07                 2185 	.dw _duty_instruments
    0000086ArB1r07                 2186 	.dw _wave_instruments
    0000086CrDBr07                 2187 	.dw _noise_instruments
    0000086E 00 00                 2188 	.dw #0x0000
    00000870rEDr07                 2189 	.dw _waves
                                   2190 	.area _INITIALIZER
                                   2191 	.area _CABS (ABS)
