                                      1 ;--------------------------------------------------------
                                      2 ; File Created by SDCC : free open source ISO C Compiler
                                      3 ; Version 4.5.1 #15267 (MINGW64)
                                      4 ;--------------------------------------------------------
                                      5 	.module dungeon_song
                                      6 	
                                      7 ;--------------------------------------------------------
                                      8 ; Public variables in this module
                                      9 ;--------------------------------------------------------
                                     10 	.globl _dungeon_theme
                                     11 ;--------------------------------------------------------
                                     12 ; special function registers
                                     13 ;--------------------------------------------------------
                                     14 	.area _HRAM
                                     15 ;--------------------------------------------------------
                                     16 ; ram data
                                     17 ;--------------------------------------------------------
                                     18 	.area _DATA
                                     19 ;--------------------------------------------------------
                                     20 ; ram data
                                     21 ;--------------------------------------------------------
                                     22 	.area _INITIALIZED
                                     23 ;--------------------------------------------------------
                                     24 ; absolute external ram data
                                     25 ;--------------------------------------------------------
                                     26 	.area _DABS (ABS)
                                     27 ;--------------------------------------------------------
                                     28 ; global & static initialisations
                                     29 ;--------------------------------------------------------
                                     30 	.area _HOME
                                     31 	.area _GSINIT
                                     32 	.area _GSFINAL
                                     33 	.area _GSINIT
                                     34 ;--------------------------------------------------------
                                     35 ; Home
                                     36 ;--------------------------------------------------------
                                     37 	.area _HOME
                                     38 	.area _HOME
                                     39 ;--------------------------------------------------------
                                     40 ; code
                                     41 ;--------------------------------------------------------
                                     42 	.area _CODE_4
                                     43 	.area _CODE_4
    00000000                         44 _order_cnt:
    00000000 24                      45 	.db #0x24	; 36
    00000001                         46 _P0:
    00000001 1A                      47 	.db #0x1a	; 26
    00000002 20                      48 	.db #0x20	; 32
    00000003 00                      49 	.db #0x00	; 0
    00000004 5A                      50 	.db #0x5a	; 90	'Z'
    00000005 00                      51 	.db #0x00	; 0
    00000006 00                      52 	.db #0x00	; 0
    00000007 5A                      53 	.db #0x5a	; 90	'Z'
    00000008 00                      54 	.db #0x00	; 0
    00000009 00                      55 	.db #0x00	; 0
    0000000A 5A                      56 	.db #0x5a	; 90	'Z'
    0000000B 00                      57 	.db #0x00	; 0
    0000000C 00                      58 	.db #0x00	; 0
    0000000D 5A                      59 	.db #0x5a	; 90	'Z'
    0000000E 00                      60 	.db #0x00	; 0
    0000000F 00                      61 	.db #0x00	; 0
    00000010 5A                      62 	.db #0x5a	; 90	'Z'
    00000011 00                      63 	.db #0x00	; 0
    00000012 00                      64 	.db #0x00	; 0
    00000013 5A                      65 	.db #0x5a	; 90	'Z'
    00000014 00                      66 	.db #0x00	; 0
    00000015 00                      67 	.db #0x00	; 0
    00000016 5A                      68 	.db #0x5a	; 90	'Z'
    00000017 00                      69 	.db #0x00	; 0
    00000018 00                      70 	.db #0x00	; 0
    00000019 5A                      71 	.db #0x5a	; 90	'Z'
    0000001A 00                      72 	.db #0x00	; 0
    0000001B 00                      73 	.db #0x00	; 0
    0000001C 5A                      74 	.db #0x5a	; 90	'Z'
    0000001D 00                      75 	.db #0x00	; 0
    0000001E 00                      76 	.db #0x00	; 0
    0000001F 5A                      77 	.db #0x5a	; 90	'Z'
    00000020 00                      78 	.db #0x00	; 0
    00000021 00                      79 	.db #0x00	; 0
    00000022 5A                      80 	.db #0x5a	; 90	'Z'
    00000023 00                      81 	.db #0x00	; 0
    00000024 00                      82 	.db #0x00	; 0
    00000025 5A                      83 	.db #0x5a	; 90	'Z'
    00000026 00                      84 	.db #0x00	; 0
    00000027 00                      85 	.db #0x00	; 0
    00000028 5A                      86 	.db #0x5a	; 90	'Z'
    00000029 00                      87 	.db #0x00	; 0
    0000002A 00                      88 	.db #0x00	; 0
    0000002B 16                      89 	.db #0x16	; 22
    0000002C 20                      90 	.db #0x20	; 32
    0000002D 00                      91 	.db #0x00	; 0
    0000002E 5A                      92 	.db #0x5a	; 90	'Z'
    0000002F 00                      93 	.db #0x00	; 0
    00000030 00                      94 	.db #0x00	; 0
    00000031 5A                      95 	.db #0x5a	; 90	'Z'
    00000032 00                      96 	.db #0x00	; 0
    00000033 00                      97 	.db #0x00	; 0
    00000034 5A                      98 	.db #0x5a	; 90	'Z'
    00000035 00                      99 	.db #0x00	; 0
    00000036 00                     100 	.db #0x00	; 0
    00000037 5A                     101 	.db #0x5a	; 90	'Z'
    00000038 00                     102 	.db #0x00	; 0
    00000039 00                     103 	.db #0x00	; 0
    0000003A 5A                     104 	.db #0x5a	; 90	'Z'
    0000003B 00                     105 	.db #0x00	; 0
    0000003C 00                     106 	.db #0x00	; 0
    0000003D 5A                     107 	.db #0x5a	; 90	'Z'
    0000003E 00                     108 	.db #0x00	; 0
    0000003F 00                     109 	.db #0x00	; 0
    00000040 5A                     110 	.db #0x5a	; 90	'Z'
    00000041 00                     111 	.db #0x00	; 0
    00000042 00                     112 	.db #0x00	; 0
    00000043 5A                     113 	.db #0x5a	; 90	'Z'
    00000044 00                     114 	.db #0x00	; 0
    00000045 00                     115 	.db #0x00	; 0
    00000046 5A                     116 	.db #0x5a	; 90	'Z'
    00000047 00                     117 	.db #0x00	; 0
    00000048 00                     118 	.db #0x00	; 0
    00000049 5A                     119 	.db #0x5a	; 90	'Z'
    0000004A 00                     120 	.db #0x00	; 0
    0000004B 00                     121 	.db #0x00	; 0
    0000004C 5A                     122 	.db #0x5a	; 90	'Z'
    0000004D 00                     123 	.db #0x00	; 0
    0000004E 00                     124 	.db #0x00	; 0
    0000004F 5A                     125 	.db #0x5a	; 90	'Z'
    00000050 00                     126 	.db #0x00	; 0
    00000051 00                     127 	.db #0x00	; 0
    00000052 5A                     128 	.db #0x5a	; 90	'Z'
    00000053 00                     129 	.db #0x00	; 0
    00000054 00                     130 	.db #0x00	; 0
    00000055 13                     131 	.db #0x13	; 19
    00000056 20                     132 	.db #0x20	; 32
    00000057 00                     133 	.db #0x00	; 0
    00000058 5A                     134 	.db #0x5a	; 90	'Z'
    00000059 00                     135 	.db #0x00	; 0
    0000005A 00                     136 	.db #0x00	; 0
    0000005B 5A                     137 	.db #0x5a	; 90	'Z'
    0000005C 00                     138 	.db #0x00	; 0
    0000005D 00                     139 	.db #0x00	; 0
    0000005E 5A                     140 	.db #0x5a	; 90	'Z'
    0000005F 00                     141 	.db #0x00	; 0
    00000060 00                     142 	.db #0x00	; 0
    00000061 19                     143 	.db #0x19	; 25
    00000062 20                     144 	.db #0x20	; 32
    00000063 00                     145 	.db #0x00	; 0
    00000064 5A                     146 	.db #0x5a	; 90	'Z'
    00000065 00                     147 	.db #0x00	; 0
    00000066 00                     148 	.db #0x00	; 0
    00000067 5A                     149 	.db #0x5a	; 90	'Z'
    00000068 00                     150 	.db #0x00	; 0
    00000069 00                     151 	.db #0x00	; 0
    0000006A 5A                     152 	.db #0x5a	; 90	'Z'
    0000006B 00                     153 	.db #0x00	; 0
    0000006C 00                     154 	.db #0x00	; 0
    0000006D 5A                     155 	.db #0x5a	; 90	'Z'
    0000006E 00                     156 	.db #0x00	; 0
    0000006F 00                     157 	.db #0x00	; 0
    00000070 5A                     158 	.db #0x5a	; 90	'Z'
    00000071 00                     159 	.db #0x00	; 0
    00000072 00                     160 	.db #0x00	; 0
    00000073 5A                     161 	.db #0x5a	; 90	'Z'
    00000074 00                     162 	.db #0x00	; 0
    00000075 00                     163 	.db #0x00	; 0
    00000076 5A                     164 	.db #0x5a	; 90	'Z'
    00000077 00                     165 	.db #0x00	; 0
    00000078 00                     166 	.db #0x00	; 0
    00000079 5A                     167 	.db #0x5a	; 90	'Z'
    0000007A 00                     168 	.db #0x00	; 0
    0000007B 00                     169 	.db #0x00	; 0
    0000007C 5A                     170 	.db #0x5a	; 90	'Z'
    0000007D 00                     171 	.db #0x00	; 0
    0000007E 00                     172 	.db #0x00	; 0
    0000007F 5A                     173 	.db #0x5a	; 90	'Z'
    00000080 00                     174 	.db #0x00	; 0
    00000081 00                     175 	.db #0x00	; 0
    00000082 5A                     176 	.db #0x5a	; 90	'Z'
    00000083 00                     177 	.db #0x00	; 0
    00000084 00                     178 	.db #0x00	; 0
    00000085 5A                     179 	.db #0x5a	; 90	'Z'
    00000086 00                     180 	.db #0x00	; 0
    00000087 00                     181 	.db #0x00	; 0
    00000088 5A                     182 	.db #0x5a	; 90	'Z'
    00000089 00                     183 	.db #0x00	; 0
    0000008A 00                     184 	.db #0x00	; 0
    0000008B 15                     185 	.db #0x15	; 21
    0000008C 20                     186 	.db #0x20	; 32
    0000008D 00                     187 	.db #0x00	; 0
    0000008E 5A                     188 	.db #0x5a	; 90	'Z'
    0000008F 00                     189 	.db #0x00	; 0
    00000090 00                     190 	.db #0x00	; 0
    00000091 5A                     191 	.db #0x5a	; 90	'Z'
    00000092 00                     192 	.db #0x00	; 0
    00000093 00                     193 	.db #0x00	; 0
    00000094 5A                     194 	.db #0x5a	; 90	'Z'
    00000095 00                     195 	.db #0x00	; 0
    00000096 00                     196 	.db #0x00	; 0
    00000097 5A                     197 	.db #0x5a	; 90	'Z'
    00000098 00                     198 	.db #0x00	; 0
    00000099 00                     199 	.db #0x00	; 0
    0000009A 5A                     200 	.db #0x5a	; 90	'Z'
    0000009B 00                     201 	.db #0x00	; 0
    0000009C 00                     202 	.db #0x00	; 0
    0000009D 5A                     203 	.db #0x5a	; 90	'Z'
    0000009E 00                     204 	.db #0x00	; 0
    0000009F 00                     205 	.db #0x00	; 0
    000000A0 5A                     206 	.db #0x5a	; 90	'Z'
    000000A1 00                     207 	.db #0x00	; 0
    000000A2 00                     208 	.db #0x00	; 0
    000000A3 5A                     209 	.db #0x5a	; 90	'Z'
    000000A4 00                     210 	.db #0x00	; 0
    000000A5 00                     211 	.db #0x00	; 0
    000000A6 5A                     212 	.db #0x5a	; 90	'Z'
    000000A7 00                     213 	.db #0x00	; 0
    000000A8 00                     214 	.db #0x00	; 0
    000000A9 5A                     215 	.db #0x5a	; 90	'Z'
    000000AA 00                     216 	.db #0x00	; 0
    000000AB 00                     217 	.db #0x00	; 0
    000000AC 5A                     218 	.db #0x5a	; 90	'Z'
    000000AD 00                     219 	.db #0x00	; 0
    000000AE 00                     220 	.db #0x00	; 0
    000000AF 5A                     221 	.db #0x5a	; 90	'Z'
    000000B0 00                     222 	.db #0x00	; 0
    000000B1 00                     223 	.db #0x00	; 0
    000000B2 5A                     224 	.db #0x5a	; 90	'Z'
    000000B3 00                     225 	.db #0x00	; 0
    000000B4 00                     226 	.db #0x00	; 0
    000000B5 5A                     227 	.db #0x5a	; 90	'Z'
    000000B6 00                     228 	.db #0x00	; 0
    000000B7 00                     229 	.db #0x00	; 0
    000000B8 5A                     230 	.db #0x5a	; 90	'Z'
    000000B9 00                     231 	.db #0x00	; 0
    000000BA 00                     232 	.db #0x00	; 0
    000000BB 5A                     233 	.db #0x5a	; 90	'Z'
    000000BC 00                     234 	.db #0x00	; 0
    000000BD 00                     235 	.db #0x00	; 0
    000000BE 5A                     236 	.db #0x5a	; 90	'Z'
    000000BF 00                     237 	.db #0x00	; 0
    000000C0 00                     238 	.db #0x00	; 0
    000000C1                        239 _P1:
    000000C1 5A                     240 	.db #0x5a	; 90	'Z'
    000000C2 00                     241 	.db #0x00	; 0
    000000C3 00                     242 	.db #0x00	; 0
    000000C4 5A                     243 	.db #0x5a	; 90	'Z'
    000000C5 00                     244 	.db #0x00	; 0
    000000C6 00                     245 	.db #0x00	; 0
    000000C7 5A                     246 	.db #0x5a	; 90	'Z'
    000000C8 00                     247 	.db #0x00	; 0
    000000C9 00                     248 	.db #0x00	; 0
    000000CA 5A                     249 	.db #0x5a	; 90	'Z'
    000000CB 00                     250 	.db #0x00	; 0
    000000CC 00                     251 	.db #0x00	; 0
    000000CD 5A                     252 	.db #0x5a	; 90	'Z'
    000000CE 00                     253 	.db #0x00	; 0
    000000CF 00                     254 	.db #0x00	; 0
    000000D0 5A                     255 	.db #0x5a	; 90	'Z'
    000000D1 00                     256 	.db #0x00	; 0
    000000D2 00                     257 	.db #0x00	; 0
    000000D3 5A                     258 	.db #0x5a	; 90	'Z'
    000000D4 00                     259 	.db #0x00	; 0
    000000D5 00                     260 	.db #0x00	; 0
    000000D6 5A                     261 	.db #0x5a	; 90	'Z'
    000000D7 00                     262 	.db #0x00	; 0
    000000D8 00                     263 	.db #0x00	; 0
    000000D9 5A                     264 	.db #0x5a	; 90	'Z'
    000000DA 00                     265 	.db #0x00	; 0
    000000DB 00                     266 	.db #0x00	; 0
    000000DC 5A                     267 	.db #0x5a	; 90	'Z'
    000000DD 00                     268 	.db #0x00	; 0
    000000DE 00                     269 	.db #0x00	; 0
    000000DF 5A                     270 	.db #0x5a	; 90	'Z'
    000000E0 00                     271 	.db #0x00	; 0
    000000E1 00                     272 	.db #0x00	; 0
    000000E2 5A                     273 	.db #0x5a	; 90	'Z'
    000000E3 00                     274 	.db #0x00	; 0
    000000E4 00                     275 	.db #0x00	; 0
    000000E5 5A                     276 	.db #0x5a	; 90	'Z'
    000000E6 00                     277 	.db #0x00	; 0
    000000E7 00                     278 	.db #0x00	; 0
    000000E8 5A                     279 	.db #0x5a	; 90	'Z'
    000000E9 00                     280 	.db #0x00	; 0
    000000EA 00                     281 	.db #0x00	; 0
    000000EB 5A                     282 	.db #0x5a	; 90	'Z'
    000000EC 00                     283 	.db #0x00	; 0
    000000ED 00                     284 	.db #0x00	; 0
    000000EE 5A                     285 	.db #0x5a	; 90	'Z'
    000000EF 00                     286 	.db #0x00	; 0
    000000F0 00                     287 	.db #0x00	; 0
    000000F1 5A                     288 	.db #0x5a	; 90	'Z'
    000000F2 00                     289 	.db #0x00	; 0
    000000F3 00                     290 	.db #0x00	; 0
    000000F4 5A                     291 	.db #0x5a	; 90	'Z'
    000000F5 00                     292 	.db #0x00	; 0
    000000F6 00                     293 	.db #0x00	; 0
    000000F7 5A                     294 	.db #0x5a	; 90	'Z'
    000000F8 00                     295 	.db #0x00	; 0
    000000F9 00                     296 	.db #0x00	; 0
    000000FA 5A                     297 	.db #0x5a	; 90	'Z'
    000000FB 00                     298 	.db #0x00	; 0
    000000FC 00                     299 	.db #0x00	; 0
    000000FD 5A                     300 	.db #0x5a	; 90	'Z'
    000000FE 00                     301 	.db #0x00	; 0
    000000FF 00                     302 	.db #0x00	; 0
    00000100 5A                     303 	.db #0x5a	; 90	'Z'
    00000101 00                     304 	.db #0x00	; 0
    00000102 00                     305 	.db #0x00	; 0
    00000103 5A                     306 	.db #0x5a	; 90	'Z'
    00000104 00                     307 	.db #0x00	; 0
    00000105 00                     308 	.db #0x00	; 0
    00000106 5A                     309 	.db #0x5a	; 90	'Z'
    00000107 00                     310 	.db #0x00	; 0
    00000108 00                     311 	.db #0x00	; 0
    00000109 5A                     312 	.db #0x5a	; 90	'Z'
    0000010A 00                     313 	.db #0x00	; 0
    0000010B 00                     314 	.db #0x00	; 0
    0000010C 5A                     315 	.db #0x5a	; 90	'Z'
    0000010D 00                     316 	.db #0x00	; 0
    0000010E 00                     317 	.db #0x00	; 0
    0000010F 5A                     318 	.db #0x5a	; 90	'Z'
    00000110 00                     319 	.db #0x00	; 0
    00000111 00                     320 	.db #0x00	; 0
    00000112 5A                     321 	.db #0x5a	; 90	'Z'
    00000113 00                     322 	.db #0x00	; 0
    00000114 00                     323 	.db #0x00	; 0
    00000115 5A                     324 	.db #0x5a	; 90	'Z'
    00000116 00                     325 	.db #0x00	; 0
    00000117 00                     326 	.db #0x00	; 0
    00000118 5A                     327 	.db #0x5a	; 90	'Z'
    00000119 00                     328 	.db #0x00	; 0
    0000011A 00                     329 	.db #0x00	; 0
    0000011B 5A                     330 	.db #0x5a	; 90	'Z'
    0000011C 00                     331 	.db #0x00	; 0
    0000011D 00                     332 	.db #0x00	; 0
    0000011E 5A                     333 	.db #0x5a	; 90	'Z'
    0000011F 00                     334 	.db #0x00	; 0
    00000120 00                     335 	.db #0x00	; 0
    00000121 5A                     336 	.db #0x5a	; 90	'Z'
    00000122 00                     337 	.db #0x00	; 0
    00000123 00                     338 	.db #0x00	; 0
    00000124 5A                     339 	.db #0x5a	; 90	'Z'
    00000125 00                     340 	.db #0x00	; 0
    00000126 00                     341 	.db #0x00	; 0
    00000127 5A                     342 	.db #0x5a	; 90	'Z'
    00000128 00                     343 	.db #0x00	; 0
    00000129 00                     344 	.db #0x00	; 0
    0000012A 5A                     345 	.db #0x5a	; 90	'Z'
    0000012B 00                     346 	.db #0x00	; 0
    0000012C 00                     347 	.db #0x00	; 0
    0000012D 5A                     348 	.db #0x5a	; 90	'Z'
    0000012E 00                     349 	.db #0x00	; 0
    0000012F 00                     350 	.db #0x00	; 0
    00000130 5A                     351 	.db #0x5a	; 90	'Z'
    00000131 00                     352 	.db #0x00	; 0
    00000132 00                     353 	.db #0x00	; 0
    00000133 5A                     354 	.db #0x5a	; 90	'Z'
    00000134 00                     355 	.db #0x00	; 0
    00000135 00                     356 	.db #0x00	; 0
    00000136 5A                     357 	.db #0x5a	; 90	'Z'
    00000137 00                     358 	.db #0x00	; 0
    00000138 00                     359 	.db #0x00	; 0
    00000139 5A                     360 	.db #0x5a	; 90	'Z'
    0000013A 00                     361 	.db #0x00	; 0
    0000013B 00                     362 	.db #0x00	; 0
    0000013C 5A                     363 	.db #0x5a	; 90	'Z'
    0000013D 00                     364 	.db #0x00	; 0
    0000013E 00                     365 	.db #0x00	; 0
    0000013F 5A                     366 	.db #0x5a	; 90	'Z'
    00000140 00                     367 	.db #0x00	; 0
    00000141 00                     368 	.db #0x00	; 0
    00000142 5A                     369 	.db #0x5a	; 90	'Z'
    00000143 00                     370 	.db #0x00	; 0
    00000144 00                     371 	.db #0x00	; 0
    00000145 5A                     372 	.db #0x5a	; 90	'Z'
    00000146 00                     373 	.db #0x00	; 0
    00000147 00                     374 	.db #0x00	; 0
    00000148 5A                     375 	.db #0x5a	; 90	'Z'
    00000149 00                     376 	.db #0x00	; 0
    0000014A 00                     377 	.db #0x00	; 0
    0000014B 5A                     378 	.db #0x5a	; 90	'Z'
    0000014C 00                     379 	.db #0x00	; 0
    0000014D 00                     380 	.db #0x00	; 0
    0000014E 5A                     381 	.db #0x5a	; 90	'Z'
    0000014F 00                     382 	.db #0x00	; 0
    00000150 00                     383 	.db #0x00	; 0
    00000151 5A                     384 	.db #0x5a	; 90	'Z'
    00000152 00                     385 	.db #0x00	; 0
    00000153 00                     386 	.db #0x00	; 0
    00000154 5A                     387 	.db #0x5a	; 90	'Z'
    00000155 00                     388 	.db #0x00	; 0
    00000156 00                     389 	.db #0x00	; 0
    00000157 5A                     390 	.db #0x5a	; 90	'Z'
    00000158 00                     391 	.db #0x00	; 0
    00000159 00                     392 	.db #0x00	; 0
    0000015A 5A                     393 	.db #0x5a	; 90	'Z'
    0000015B 00                     394 	.db #0x00	; 0
    0000015C 00                     395 	.db #0x00	; 0
    0000015D 5A                     396 	.db #0x5a	; 90	'Z'
    0000015E 00                     397 	.db #0x00	; 0
    0000015F 00                     398 	.db #0x00	; 0
    00000160 5A                     399 	.db #0x5a	; 90	'Z'
    00000161 00                     400 	.db #0x00	; 0
    00000162 00                     401 	.db #0x00	; 0
    00000163 5A                     402 	.db #0x5a	; 90	'Z'
    00000164 00                     403 	.db #0x00	; 0
    00000165 00                     404 	.db #0x00	; 0
    00000166 5A                     405 	.db #0x5a	; 90	'Z'
    00000167 00                     406 	.db #0x00	; 0
    00000168 00                     407 	.db #0x00	; 0
    00000169 5A                     408 	.db #0x5a	; 90	'Z'
    0000016A 00                     409 	.db #0x00	; 0
    0000016B 00                     410 	.db #0x00	; 0
    0000016C 5A                     411 	.db #0x5a	; 90	'Z'
    0000016D 00                     412 	.db #0x00	; 0
    0000016E 00                     413 	.db #0x00	; 0
    0000016F 5A                     414 	.db #0x5a	; 90	'Z'
    00000170 00                     415 	.db #0x00	; 0
    00000171 00                     416 	.db #0x00	; 0
    00000172 5A                     417 	.db #0x5a	; 90	'Z'
    00000173 00                     418 	.db #0x00	; 0
    00000174 00                     419 	.db #0x00	; 0
    00000175 5A                     420 	.db #0x5a	; 90	'Z'
    00000176 00                     421 	.db #0x00	; 0
    00000177 00                     422 	.db #0x00	; 0
    00000178 5A                     423 	.db #0x5a	; 90	'Z'
    00000179 00                     424 	.db #0x00	; 0
    0000017A 00                     425 	.db #0x00	; 0
    0000017B 5A                     426 	.db #0x5a	; 90	'Z'
    0000017C 00                     427 	.db #0x00	; 0
    0000017D 00                     428 	.db #0x00	; 0
    0000017E 5A                     429 	.db #0x5a	; 90	'Z'
    0000017F 00                     430 	.db #0x00	; 0
    00000180 00                     431 	.db #0x00	; 0
    00000181                        432 _P2:
    00000181 1F                     433 	.db #0x1f	; 31
    00000182 D2                     434 	.db #0xd2	; 210
    00000183 AA                     435 	.db #0xaa	; 170
    00000184 07                     436 	.db #0x07	; 7
    00000185 D0                     437 	.db #0xd0	; 208
    00000186 00                     438 	.db #0x00	; 0
    00000187 5A                     439 	.db #0x5a	; 90	'Z'
    00000188 00                     440 	.db #0x00	; 0
    00000189 00                     441 	.db #0x00	; 0
    0000018A 5A                     442 	.db #0x5a	; 90	'Z'
    0000018B 00                     443 	.db #0x00	; 0
    0000018C 00                     444 	.db #0x00	; 0
    0000018D 5A                     445 	.db #0x5a	; 90	'Z'
    0000018E 00                     446 	.db #0x00	; 0
    0000018F 00                     447 	.db #0x00	; 0
    00000190 5A                     448 	.db #0x5a	; 90	'Z'
    00000191 00                     449 	.db #0x00	; 0
    00000192 00                     450 	.db #0x00	; 0
    00000193 5A                     451 	.db #0x5a	; 90	'Z'
    00000194 00                     452 	.db #0x00	; 0
    00000195 00                     453 	.db #0x00	; 0
    00000196 5A                     454 	.db #0x5a	; 90	'Z'
    00000197 00                     455 	.db #0x00	; 0
    00000198 00                     456 	.db #0x00	; 0
    00000199 5A                     457 	.db #0x5a	; 90	'Z'
    0000019A 00                     458 	.db #0x00	; 0
    0000019B 00                     459 	.db #0x00	; 0
    0000019C 5A                     460 	.db #0x5a	; 90	'Z'
    0000019D 00                     461 	.db #0x00	; 0
    0000019E 00                     462 	.db #0x00	; 0
    0000019F 5A                     463 	.db #0x5a	; 90	'Z'
    000001A0 00                     464 	.db #0x00	; 0
    000001A1 00                     465 	.db #0x00	; 0
    000001A2 5A                     466 	.db #0x5a	; 90	'Z'
    000001A3 00                     467 	.db #0x00	; 0
    000001A4 00                     468 	.db #0x00	; 0
    000001A5 5A                     469 	.db #0x5a	; 90	'Z'
    000001A6 00                     470 	.db #0x00	; 0
    000001A7 00                     471 	.db #0x00	; 0
    000001A8 5A                     472 	.db #0x5a	; 90	'Z'
    000001A9 00                     473 	.db #0x00	; 0
    000001AA 00                     474 	.db #0x00	; 0
    000001AB 1F                     475 	.db #0x1f	; 31
    000001AC D2                     476 	.db #0xd2	; 210
    000001AD AA                     477 	.db #0xaa	; 170
    000001AE 5A                     478 	.db #0x5a	; 90	'Z'
    000001AF 0E                     479 	.db #0x0e	; 14
    000001B0 00                     480 	.db #0x00	; 0
    000001B1 5A                     481 	.db #0x5a	; 90	'Z'
    000001B2 00                     482 	.db #0x00	; 0
    000001B3 00                     483 	.db #0x00	; 0
    000001B4 5A                     484 	.db #0x5a	; 90	'Z'
    000001B5 00                     485 	.db #0x00	; 0
    000001B6 00                     486 	.db #0x00	; 0
    000001B7 1F                     487 	.db #0x1f	; 31
    000001B8 D2                     488 	.db #0xd2	; 210
    000001B9 AA                     489 	.db #0xaa	; 170
    000001BA 5A                     490 	.db #0x5a	; 90	'Z'
    000001BB 0E                     491 	.db #0x0e	; 14
    000001BC 00                     492 	.db #0x00	; 0
    000001BD 1F                     493 	.db #0x1f	; 31
    000001BE D2                     494 	.db #0xd2	; 210
    000001BF AA                     495 	.db #0xaa	; 170
    000001C0 5A                     496 	.db #0x5a	; 90	'Z'
    000001C1 0E                     497 	.db #0x0e	; 14
    000001C2 00                     498 	.db #0x00	; 0
    000001C3 5A                     499 	.db #0x5a	; 90	'Z'
    000001C4 00                     500 	.db #0x00	; 0
    000001C5 00                     501 	.db #0x00	; 0
    000001C6 5A                     502 	.db #0x5a	; 90	'Z'
    000001C7 00                     503 	.db #0x00	; 0
    000001C8 00                     504 	.db #0x00	; 0
    000001C9 5A                     505 	.db #0x5a	; 90	'Z'
    000001CA 00                     506 	.db #0x00	; 0
    000001CB 00                     507 	.db #0x00	; 0
    000001CC 5A                     508 	.db #0x5a	; 90	'Z'
    000001CD 00                     509 	.db #0x00	; 0
    000001CE 00                     510 	.db #0x00	; 0
    000001CF 5A                     511 	.db #0x5a	; 90	'Z'
    000001D0 00                     512 	.db #0x00	; 0
    000001D1 00                     513 	.db #0x00	; 0
    000001D2 5A                     514 	.db #0x5a	; 90	'Z'
    000001D3 00                     515 	.db #0x00	; 0
    000001D4 00                     516 	.db #0x00	; 0
    000001D5 1F                     517 	.db #0x1f	; 31
    000001D6 D2                     518 	.db #0xd2	; 210
    000001D7 AA                     519 	.db #0xaa	; 170
    000001D8 5A                     520 	.db #0x5a	; 90	'Z'
    000001D9 0E                     521 	.db #0x0e	; 14
    000001DA 00                     522 	.db #0x00	; 0
    000001DB 1F                     523 	.db #0x1f	; 31
    000001DC D2                     524 	.db #0xd2	; 210
    000001DD AA                     525 	.db #0xaa	; 170
    000001DE 5A                     526 	.db #0x5a	; 90	'Z'
    000001DF 0E                     527 	.db #0x0e	; 14
    000001E0 00                     528 	.db #0x00	; 0
    000001E1 1E                     529 	.db #0x1e	; 30
    000001E2 D2                     530 	.db #0xd2	; 210
    000001E3 AA                     531 	.db #0xaa	; 170
    000001E4 06                     532 	.db #0x06	; 6
    000001E5 D0                     533 	.db #0xd0	; 208
    000001E6 00                     534 	.db #0x00	; 0
    000001E7 5A                     535 	.db #0x5a	; 90	'Z'
    000001E8 00                     536 	.db #0x00	; 0
    000001E9 00                     537 	.db #0x00	; 0
    000001EA 5A                     538 	.db #0x5a	; 90	'Z'
    000001EB 00                     539 	.db #0x00	; 0
    000001EC 00                     540 	.db #0x00	; 0
    000001ED 5A                     541 	.db #0x5a	; 90	'Z'
    000001EE 00                     542 	.db #0x00	; 0
    000001EF 00                     543 	.db #0x00	; 0
    000001F0 5A                     544 	.db #0x5a	; 90	'Z'
    000001F1 00                     545 	.db #0x00	; 0
    000001F2 00                     546 	.db #0x00	; 0
    000001F3 5A                     547 	.db #0x5a	; 90	'Z'
    000001F4 00                     548 	.db #0x00	; 0
    000001F5 00                     549 	.db #0x00	; 0
    000001F6 5A                     550 	.db #0x5a	; 90	'Z'
    000001F7 00                     551 	.db #0x00	; 0
    000001F8 00                     552 	.db #0x00	; 0
    000001F9 5A                     553 	.db #0x5a	; 90	'Z'
    000001FA 00                     554 	.db #0x00	; 0
    000001FB 00                     555 	.db #0x00	; 0
    000001FC 5A                     556 	.db #0x5a	; 90	'Z'
    000001FD 00                     557 	.db #0x00	; 0
    000001FE 00                     558 	.db #0x00	; 0
    000001FF 5A                     559 	.db #0x5a	; 90	'Z'
    00000200 00                     560 	.db #0x00	; 0
    00000201 00                     561 	.db #0x00	; 0
    00000202 5A                     562 	.db #0x5a	; 90	'Z'
    00000203 00                     563 	.db #0x00	; 0
    00000204 00                     564 	.db #0x00	; 0
    00000205 5A                     565 	.db #0x5a	; 90	'Z'
    00000206 00                     566 	.db #0x00	; 0
    00000207 00                     567 	.db #0x00	; 0
    00000208 5A                     568 	.db #0x5a	; 90	'Z'
    00000209 00                     569 	.db #0x00	; 0
    0000020A 00                     570 	.db #0x00	; 0
    0000020B 1E                     571 	.db #0x1e	; 30
    0000020C D2                     572 	.db #0xd2	; 210
    0000020D AA                     573 	.db #0xaa	; 170
    0000020E 5A                     574 	.db #0x5a	; 90	'Z'
    0000020F 0E                     575 	.db #0x0e	; 14
    00000210 00                     576 	.db #0x00	; 0
    00000211 5A                     577 	.db #0x5a	; 90	'Z'
    00000212 00                     578 	.db #0x00	; 0
    00000213 00                     579 	.db #0x00	; 0
    00000214 5A                     580 	.db #0x5a	; 90	'Z'
    00000215 00                     581 	.db #0x00	; 0
    00000216 00                     582 	.db #0x00	; 0
    00000217 1E                     583 	.db #0x1e	; 30
    00000218 D2                     584 	.db #0xd2	; 210
    00000219 AA                     585 	.db #0xaa	; 170
    0000021A 5A                     586 	.db #0x5a	; 90	'Z'
    0000021B 0E                     587 	.db #0x0e	; 14
    0000021C 00                     588 	.db #0x00	; 0
    0000021D 1E                     589 	.db #0x1e	; 30
    0000021E D2                     590 	.db #0xd2	; 210
    0000021F AA                     591 	.db #0xaa	; 170
    00000220 5A                     592 	.db #0x5a	; 90	'Z'
    00000221 0E                     593 	.db #0x0e	; 14
    00000222 00                     594 	.db #0x00	; 0
    00000223 5A                     595 	.db #0x5a	; 90	'Z'
    00000224 00                     596 	.db #0x00	; 0
    00000225 00                     597 	.db #0x00	; 0
    00000226 5A                     598 	.db #0x5a	; 90	'Z'
    00000227 00                     599 	.db #0x00	; 0
    00000228 00                     600 	.db #0x00	; 0
    00000229 5A                     601 	.db #0x5a	; 90	'Z'
    0000022A 00                     602 	.db #0x00	; 0
    0000022B 00                     603 	.db #0x00	; 0
    0000022C 5A                     604 	.db #0x5a	; 90	'Z'
    0000022D 00                     605 	.db #0x00	; 0
    0000022E 00                     606 	.db #0x00	; 0
    0000022F 5A                     607 	.db #0x5a	; 90	'Z'
    00000230 00                     608 	.db #0x00	; 0
    00000231 00                     609 	.db #0x00	; 0
    00000232 5A                     610 	.db #0x5a	; 90	'Z'
    00000233 00                     611 	.db #0x00	; 0
    00000234 00                     612 	.db #0x00	; 0
    00000235 1E                     613 	.db #0x1e	; 30
    00000236 D2                     614 	.db #0xd2	; 210
    00000237 AA                     615 	.db #0xaa	; 170
    00000238 5A                     616 	.db #0x5a	; 90	'Z'
    00000239 0E                     617 	.db #0x0e	; 14
    0000023A 00                     618 	.db #0x00	; 0
    0000023B 1E                     619 	.db #0x1e	; 30
    0000023C D2                     620 	.db #0xd2	; 210
    0000023D AA                     621 	.db #0xaa	; 170
    0000023E 5A                     622 	.db #0x5a	; 90	'Z'
    0000023F 0E                     623 	.db #0x0e	; 14
    00000240 00                     624 	.db #0x00	; 0
    00000241                        625 _P4:
    00000241 1A                     626 	.db #0x1a	; 26
    00000242 20                     627 	.db #0x20	; 32
    00000243 00                     628 	.db #0x00	; 0
    00000244 5A                     629 	.db #0x5a	; 90	'Z'
    00000245 00                     630 	.db #0x00	; 0
    00000246 00                     631 	.db #0x00	; 0
    00000247 5A                     632 	.db #0x5a	; 90	'Z'
    00000248 00                     633 	.db #0x00	; 0
    00000249 00                     634 	.db #0x00	; 0
    0000024A 5A                     635 	.db #0x5a	; 90	'Z'
    0000024B 00                     636 	.db #0x00	; 0
    0000024C 00                     637 	.db #0x00	; 0
    0000024D 5A                     638 	.db #0x5a	; 90	'Z'
    0000024E 00                     639 	.db #0x00	; 0
    0000024F 00                     640 	.db #0x00	; 0
    00000250 5A                     641 	.db #0x5a	; 90	'Z'
    00000251 00                     642 	.db #0x00	; 0
    00000252 00                     643 	.db #0x00	; 0
    00000253 5A                     644 	.db #0x5a	; 90	'Z'
    00000254 00                     645 	.db #0x00	; 0
    00000255 00                     646 	.db #0x00	; 0
    00000256 5A                     647 	.db #0x5a	; 90	'Z'
    00000257 00                     648 	.db #0x00	; 0
    00000258 00                     649 	.db #0x00	; 0
    00000259 5A                     650 	.db #0x5a	; 90	'Z'
    0000025A 00                     651 	.db #0x00	; 0
    0000025B 00                     652 	.db #0x00	; 0
    0000025C 5A                     653 	.db #0x5a	; 90	'Z'
    0000025D 00                     654 	.db #0x00	; 0
    0000025E 00                     655 	.db #0x00	; 0
    0000025F 5A                     656 	.db #0x5a	; 90	'Z'
    00000260 00                     657 	.db #0x00	; 0
    00000261 00                     658 	.db #0x00	; 0
    00000262 5A                     659 	.db #0x5a	; 90	'Z'
    00000263 00                     660 	.db #0x00	; 0
    00000264 00                     661 	.db #0x00	; 0
    00000265 5A                     662 	.db #0x5a	; 90	'Z'
    00000266 00                     663 	.db #0x00	; 0
    00000267 00                     664 	.db #0x00	; 0
    00000268 5A                     665 	.db #0x5a	; 90	'Z'
    00000269 00                     666 	.db #0x00	; 0
    0000026A 00                     667 	.db #0x00	; 0
    0000026B 16                     668 	.db #0x16	; 22
    0000026C 20                     669 	.db #0x20	; 32
    0000026D 00                     670 	.db #0x00	; 0
    0000026E 5A                     671 	.db #0x5a	; 90	'Z'
    0000026F 00                     672 	.db #0x00	; 0
    00000270 00                     673 	.db #0x00	; 0
    00000271 5A                     674 	.db #0x5a	; 90	'Z'
    00000272 00                     675 	.db #0x00	; 0
    00000273 00                     676 	.db #0x00	; 0
    00000274 5A                     677 	.db #0x5a	; 90	'Z'
    00000275 00                     678 	.db #0x00	; 0
    00000276 00                     679 	.db #0x00	; 0
    00000277 5A                     680 	.db #0x5a	; 90	'Z'
    00000278 00                     681 	.db #0x00	; 0
    00000279 00                     682 	.db #0x00	; 0
    0000027A 5A                     683 	.db #0x5a	; 90	'Z'
    0000027B 00                     684 	.db #0x00	; 0
    0000027C 00                     685 	.db #0x00	; 0
    0000027D 5A                     686 	.db #0x5a	; 90	'Z'
    0000027E 00                     687 	.db #0x00	; 0
    0000027F 00                     688 	.db #0x00	; 0
    00000280 5A                     689 	.db #0x5a	; 90	'Z'
    00000281 00                     690 	.db #0x00	; 0
    00000282 00                     691 	.db #0x00	; 0
    00000283 5A                     692 	.db #0x5a	; 90	'Z'
    00000284 00                     693 	.db #0x00	; 0
    00000285 00                     694 	.db #0x00	; 0
    00000286 5A                     695 	.db #0x5a	; 90	'Z'
    00000287 00                     696 	.db #0x00	; 0
    00000288 00                     697 	.db #0x00	; 0
    00000289 5A                     698 	.db #0x5a	; 90	'Z'
    0000028A 00                     699 	.db #0x00	; 0
    0000028B 00                     700 	.db #0x00	; 0
    0000028C 5A                     701 	.db #0x5a	; 90	'Z'
    0000028D 00                     702 	.db #0x00	; 0
    0000028E 00                     703 	.db #0x00	; 0
    0000028F 5A                     704 	.db #0x5a	; 90	'Z'
    00000290 00                     705 	.db #0x00	; 0
    00000291 00                     706 	.db #0x00	; 0
    00000292 5A                     707 	.db #0x5a	; 90	'Z'
    00000293 00                     708 	.db #0x00	; 0
    00000294 00                     709 	.db #0x00	; 0
    00000295 13                     710 	.db #0x13	; 19
    00000296 20                     711 	.db #0x20	; 32
    00000297 00                     712 	.db #0x00	; 0
    00000298 5A                     713 	.db #0x5a	; 90	'Z'
    00000299 00                     714 	.db #0x00	; 0
    0000029A 00                     715 	.db #0x00	; 0
    0000029B 5A                     716 	.db #0x5a	; 90	'Z'
    0000029C 00                     717 	.db #0x00	; 0
    0000029D 00                     718 	.db #0x00	; 0
    0000029E 5A                     719 	.db #0x5a	; 90	'Z'
    0000029F 00                     720 	.db #0x00	; 0
    000002A0 00                     721 	.db #0x00	; 0
    000002A1 19                     722 	.db #0x19	; 25
    000002A2 20                     723 	.db #0x20	; 32
    000002A3 00                     724 	.db #0x00	; 0
    000002A4 5A                     725 	.db #0x5a	; 90	'Z'
    000002A5 00                     726 	.db #0x00	; 0
    000002A6 00                     727 	.db #0x00	; 0
    000002A7 5A                     728 	.db #0x5a	; 90	'Z'
    000002A8 00                     729 	.db #0x00	; 0
    000002A9 00                     730 	.db #0x00	; 0
    000002AA 5A                     731 	.db #0x5a	; 90	'Z'
    000002AB 00                     732 	.db #0x00	; 0
    000002AC 00                     733 	.db #0x00	; 0
    000002AD 5A                     734 	.db #0x5a	; 90	'Z'
    000002AE 00                     735 	.db #0x00	; 0
    000002AF 00                     736 	.db #0x00	; 0
    000002B0 5A                     737 	.db #0x5a	; 90	'Z'
    000002B1 00                     738 	.db #0x00	; 0
    000002B2 00                     739 	.db #0x00	; 0
    000002B3 5A                     740 	.db #0x5a	; 90	'Z'
    000002B4 00                     741 	.db #0x00	; 0
    000002B5 00                     742 	.db #0x00	; 0
    000002B6 5A                     743 	.db #0x5a	; 90	'Z'
    000002B7 00                     744 	.db #0x00	; 0
    000002B8 00                     745 	.db #0x00	; 0
    000002B9 5A                     746 	.db #0x5a	; 90	'Z'
    000002BA 00                     747 	.db #0x00	; 0
    000002BB 00                     748 	.db #0x00	; 0
    000002BC 5A                     749 	.db #0x5a	; 90	'Z'
    000002BD 00                     750 	.db #0x00	; 0
    000002BE 00                     751 	.db #0x00	; 0
    000002BF 5A                     752 	.db #0x5a	; 90	'Z'
    000002C0 00                     753 	.db #0x00	; 0
    000002C1 00                     754 	.db #0x00	; 0
    000002C2 5A                     755 	.db #0x5a	; 90	'Z'
    000002C3 00                     756 	.db #0x00	; 0
    000002C4 00                     757 	.db #0x00	; 0
    000002C5 5A                     758 	.db #0x5a	; 90	'Z'
    000002C6 00                     759 	.db #0x00	; 0
    000002C7 00                     760 	.db #0x00	; 0
    000002C8 5A                     761 	.db #0x5a	; 90	'Z'
    000002C9 00                     762 	.db #0x00	; 0
    000002CA 00                     763 	.db #0x00	; 0
    000002CB 15                     764 	.db #0x15	; 21
    000002CC 20                     765 	.db #0x20	; 32
    000002CD 00                     766 	.db #0x00	; 0
    000002CE 5A                     767 	.db #0x5a	; 90	'Z'
    000002CF 00                     768 	.db #0x00	; 0
    000002D0 00                     769 	.db #0x00	; 0
    000002D1 5A                     770 	.db #0x5a	; 90	'Z'
    000002D2 00                     771 	.db #0x00	; 0
    000002D3 00                     772 	.db #0x00	; 0
    000002D4 5A                     773 	.db #0x5a	; 90	'Z'
    000002D5 00                     774 	.db #0x00	; 0
    000002D6 00                     775 	.db #0x00	; 0
    000002D7 5A                     776 	.db #0x5a	; 90	'Z'
    000002D8 00                     777 	.db #0x00	; 0
    000002D9 00                     778 	.db #0x00	; 0
    000002DA 5A                     779 	.db #0x5a	; 90	'Z'
    000002DB 00                     780 	.db #0x00	; 0
    000002DC 00                     781 	.db #0x00	; 0
    000002DD 5A                     782 	.db #0x5a	; 90	'Z'
    000002DE 00                     783 	.db #0x00	; 0
    000002DF 00                     784 	.db #0x00	; 0
    000002E0 5A                     785 	.db #0x5a	; 90	'Z'
    000002E1 00                     786 	.db #0x00	; 0
    000002E2 00                     787 	.db #0x00	; 0
    000002E3 5A                     788 	.db #0x5a	; 90	'Z'
    000002E4 00                     789 	.db #0x00	; 0
    000002E5 00                     790 	.db #0x00	; 0
    000002E6 5A                     791 	.db #0x5a	; 90	'Z'
    000002E7 00                     792 	.db #0x00	; 0
    000002E8 00                     793 	.db #0x00	; 0
    000002E9 5A                     794 	.db #0x5a	; 90	'Z'
    000002EA 00                     795 	.db #0x00	; 0
    000002EB 00                     796 	.db #0x00	; 0
    000002EC 5A                     797 	.db #0x5a	; 90	'Z'
    000002ED 00                     798 	.db #0x00	; 0
    000002EE 00                     799 	.db #0x00	; 0
    000002EF 5A                     800 	.db #0x5a	; 90	'Z'
    000002F0 00                     801 	.db #0x00	; 0
    000002F1 00                     802 	.db #0x00	; 0
    000002F2 5A                     803 	.db #0x5a	; 90	'Z'
    000002F3 00                     804 	.db #0x00	; 0
    000002F4 00                     805 	.db #0x00	; 0
    000002F5 25                     806 	.db #0x25	; 37
    000002F6 50                     807 	.db #0x50	; 80	'P'
    000002F7 00                     808 	.db #0x00	; 0
    000002F8 5A                     809 	.db #0x5a	; 90	'Z'
    000002F9 00                     810 	.db #0x00	; 0
    000002FA 00                     811 	.db #0x00	; 0
    000002FB 25                     812 	.db #0x25	; 37
    000002FC 50                     813 	.db #0x50	; 80	'P'
    000002FD 00                     814 	.db #0x00	; 0
    000002FE 5A                     815 	.db #0x5a	; 90	'Z'
    000002FF 00                     816 	.db #0x00	; 0
    00000300 00                     817 	.db #0x00	; 0
    00000301                        818 _P5:
    00000301 5A                     819 	.db #0x5a	; 90	'Z'
    00000302 0E                     820 	.db #0x0e	; 14
    00000303 00                     821 	.db #0x00	; 0
    00000304 5A                     822 	.db #0x5a	; 90	'Z'
    00000305 00                     823 	.db #0x00	; 0
    00000306 00                     824 	.db #0x00	; 0
    00000307 5A                     825 	.db #0x5a	; 90	'Z'
    00000308 00                     826 	.db #0x00	; 0
    00000309 00                     827 	.db #0x00	; 0
    0000030A 5A                     828 	.db #0x5a	; 90	'Z'
    0000030B 00                     829 	.db #0x00	; 0
    0000030C 00                     830 	.db #0x00	; 0
    0000030D 5A                     831 	.db #0x5a	; 90	'Z'
    0000030E 00                     832 	.db #0x00	; 0
    0000030F 00                     833 	.db #0x00	; 0
    00000310 5A                     834 	.db #0x5a	; 90	'Z'
    00000311 00                     835 	.db #0x00	; 0
    00000312 00                     836 	.db #0x00	; 0
    00000313 5A                     837 	.db #0x5a	; 90	'Z'
    00000314 00                     838 	.db #0x00	; 0
    00000315 00                     839 	.db #0x00	; 0
    00000316 5A                     840 	.db #0x5a	; 90	'Z'
    00000317 00                     841 	.db #0x00	; 0
    00000318 00                     842 	.db #0x00	; 0
    00000319 5A                     843 	.db #0x5a	; 90	'Z'
    0000031A 00                     844 	.db #0x00	; 0
    0000031B 00                     845 	.db #0x00	; 0
    0000031C 5A                     846 	.db #0x5a	; 90	'Z'
    0000031D 00                     847 	.db #0x00	; 0
    0000031E 00                     848 	.db #0x00	; 0
    0000031F 5A                     849 	.db #0x5a	; 90	'Z'
    00000320 00                     850 	.db #0x00	; 0
    00000321 00                     851 	.db #0x00	; 0
    00000322 5A                     852 	.db #0x5a	; 90	'Z'
    00000323 00                     853 	.db #0x00	; 0
    00000324 00                     854 	.db #0x00	; 0
    00000325 5A                     855 	.db #0x5a	; 90	'Z'
    00000326 00                     856 	.db #0x00	; 0
    00000327 00                     857 	.db #0x00	; 0
    00000328 5A                     858 	.db #0x5a	; 90	'Z'
    00000329 00                     859 	.db #0x00	; 0
    0000032A 00                     860 	.db #0x00	; 0
    0000032B 5A                     861 	.db #0x5a	; 90	'Z'
    0000032C 00                     862 	.db #0x00	; 0
    0000032D 00                     863 	.db #0x00	; 0
    0000032E 5A                     864 	.db #0x5a	; 90	'Z'
    0000032F 00                     865 	.db #0x00	; 0
    00000330 00                     866 	.db #0x00	; 0
    00000331 5A                     867 	.db #0x5a	; 90	'Z'
    00000332 00                     868 	.db #0x00	; 0
    00000333 00                     869 	.db #0x00	; 0
    00000334 5A                     870 	.db #0x5a	; 90	'Z'
    00000335 00                     871 	.db #0x00	; 0
    00000336 00                     872 	.db #0x00	; 0
    00000337 5A                     873 	.db #0x5a	; 90	'Z'
    00000338 00                     874 	.db #0x00	; 0
    00000339 00                     875 	.db #0x00	; 0
    0000033A 5A                     876 	.db #0x5a	; 90	'Z'
    0000033B 00                     877 	.db #0x00	; 0
    0000033C 00                     878 	.db #0x00	; 0
    0000033D 5A                     879 	.db #0x5a	; 90	'Z'
    0000033E 00                     880 	.db #0x00	; 0
    0000033F 00                     881 	.db #0x00	; 0
    00000340 5A                     882 	.db #0x5a	; 90	'Z'
    00000341 00                     883 	.db #0x00	; 0
    00000342 00                     884 	.db #0x00	; 0
    00000343 5A                     885 	.db #0x5a	; 90	'Z'
    00000344 00                     886 	.db #0x00	; 0
    00000345 00                     887 	.db #0x00	; 0
    00000346 5A                     888 	.db #0x5a	; 90	'Z'
    00000347 00                     889 	.db #0x00	; 0
    00000348 00                     890 	.db #0x00	; 0
    00000349 5A                     891 	.db #0x5a	; 90	'Z'
    0000034A 00                     892 	.db #0x00	; 0
    0000034B 00                     893 	.db #0x00	; 0
    0000034C 5A                     894 	.db #0x5a	; 90	'Z'
    0000034D 00                     895 	.db #0x00	; 0
    0000034E 00                     896 	.db #0x00	; 0
    0000034F 5A                     897 	.db #0x5a	; 90	'Z'
    00000350 00                     898 	.db #0x00	; 0
    00000351 00                     899 	.db #0x00	; 0
    00000352 5A                     900 	.db #0x5a	; 90	'Z'
    00000353 00                     901 	.db #0x00	; 0
    00000354 00                     902 	.db #0x00	; 0
    00000355 5A                     903 	.db #0x5a	; 90	'Z'
    00000356 00                     904 	.db #0x00	; 0
    00000357 00                     905 	.db #0x00	; 0
    00000358 5A                     906 	.db #0x5a	; 90	'Z'
    00000359 00                     907 	.db #0x00	; 0
    0000035A 00                     908 	.db #0x00	; 0
    0000035B 5A                     909 	.db #0x5a	; 90	'Z'
    0000035C 00                     910 	.db #0x00	; 0
    0000035D 00                     911 	.db #0x00	; 0
    0000035E 5A                     912 	.db #0x5a	; 90	'Z'
    0000035F 00                     913 	.db #0x00	; 0
    00000360 00                     914 	.db #0x00	; 0
    00000361 5A                     915 	.db #0x5a	; 90	'Z'
    00000362 00                     916 	.db #0x00	; 0
    00000363 00                     917 	.db #0x00	; 0
    00000364 5A                     918 	.db #0x5a	; 90	'Z'
    00000365 00                     919 	.db #0x00	; 0
    00000366 00                     920 	.db #0x00	; 0
    00000367 5A                     921 	.db #0x5a	; 90	'Z'
    00000368 00                     922 	.db #0x00	; 0
    00000369 00                     923 	.db #0x00	; 0
    0000036A 5A                     924 	.db #0x5a	; 90	'Z'
    0000036B 00                     925 	.db #0x00	; 0
    0000036C 00                     926 	.db #0x00	; 0
    0000036D 5A                     927 	.db #0x5a	; 90	'Z'
    0000036E 00                     928 	.db #0x00	; 0
    0000036F 00                     929 	.db #0x00	; 0
    00000370 5A                     930 	.db #0x5a	; 90	'Z'
    00000371 00                     931 	.db #0x00	; 0
    00000372 00                     932 	.db #0x00	; 0
    00000373 5A                     933 	.db #0x5a	; 90	'Z'
    00000374 00                     934 	.db #0x00	; 0
    00000375 00                     935 	.db #0x00	; 0
    00000376 5A                     936 	.db #0x5a	; 90	'Z'
    00000377 00                     937 	.db #0x00	; 0
    00000378 00                     938 	.db #0x00	; 0
    00000379 5A                     939 	.db #0x5a	; 90	'Z'
    0000037A 00                     940 	.db #0x00	; 0
    0000037B 00                     941 	.db #0x00	; 0
    0000037C 5A                     942 	.db #0x5a	; 90	'Z'
    0000037D 00                     943 	.db #0x00	; 0
    0000037E 00                     944 	.db #0x00	; 0
    0000037F 5A                     945 	.db #0x5a	; 90	'Z'
    00000380 00                     946 	.db #0x00	; 0
    00000381 00                     947 	.db #0x00	; 0
    00000382 5A                     948 	.db #0x5a	; 90	'Z'
    00000383 00                     949 	.db #0x00	; 0
    00000384 00                     950 	.db #0x00	; 0
    00000385 5A                     951 	.db #0x5a	; 90	'Z'
    00000386 00                     952 	.db #0x00	; 0
    00000387 00                     953 	.db #0x00	; 0
    00000388 5A                     954 	.db #0x5a	; 90	'Z'
    00000389 00                     955 	.db #0x00	; 0
    0000038A 00                     956 	.db #0x00	; 0
    0000038B 5A                     957 	.db #0x5a	; 90	'Z'
    0000038C 00                     958 	.db #0x00	; 0
    0000038D 00                     959 	.db #0x00	; 0
    0000038E 5A                     960 	.db #0x5a	; 90	'Z'
    0000038F 00                     961 	.db #0x00	; 0
    00000390 00                     962 	.db #0x00	; 0
    00000391 5A                     963 	.db #0x5a	; 90	'Z'
    00000392 00                     964 	.db #0x00	; 0
    00000393 00                     965 	.db #0x00	; 0
    00000394 5A                     966 	.db #0x5a	; 90	'Z'
    00000395 00                     967 	.db #0x00	; 0
    00000396 00                     968 	.db #0x00	; 0
    00000397 5A                     969 	.db #0x5a	; 90	'Z'
    00000398 00                     970 	.db #0x00	; 0
    00000399 00                     971 	.db #0x00	; 0
    0000039A 5A                     972 	.db #0x5a	; 90	'Z'
    0000039B 00                     973 	.db #0x00	; 0
    0000039C 00                     974 	.db #0x00	; 0
    0000039D 5A                     975 	.db #0x5a	; 90	'Z'
    0000039E 00                     976 	.db #0x00	; 0
    0000039F 00                     977 	.db #0x00	; 0
    000003A0 5A                     978 	.db #0x5a	; 90	'Z'
    000003A1 00                     979 	.db #0x00	; 0
    000003A2 00                     980 	.db #0x00	; 0
    000003A3 5A                     981 	.db #0x5a	; 90	'Z'
    000003A4 00                     982 	.db #0x00	; 0
    000003A5 00                     983 	.db #0x00	; 0
    000003A6 5A                     984 	.db #0x5a	; 90	'Z'
    000003A7 00                     985 	.db #0x00	; 0
    000003A8 00                     986 	.db #0x00	; 0
    000003A9 5A                     987 	.db #0x5a	; 90	'Z'
    000003AA 00                     988 	.db #0x00	; 0
    000003AB 00                     989 	.db #0x00	; 0
    000003AC 5A                     990 	.db #0x5a	; 90	'Z'
    000003AD 00                     991 	.db #0x00	; 0
    000003AE 00                     992 	.db #0x00	; 0
    000003AF 5A                     993 	.db #0x5a	; 90	'Z'
    000003B0 00                     994 	.db #0x00	; 0
    000003B1 00                     995 	.db #0x00	; 0
    000003B2 5A                     996 	.db #0x5a	; 90	'Z'
    000003B3 00                     997 	.db #0x00	; 0
    000003B4 00                     998 	.db #0x00	; 0
    000003B5 5A                     999 	.db #0x5a	; 90	'Z'
    000003B6 00                    1000 	.db #0x00	; 0
    000003B7 00                    1001 	.db #0x00	; 0
    000003B8 5A                    1002 	.db #0x5a	; 90	'Z'
    000003B9 00                    1003 	.db #0x00	; 0
    000003BA 00                    1004 	.db #0x00	; 0
    000003BB 5A                    1005 	.db #0x5a	; 90	'Z'
    000003BC 00                    1006 	.db #0x00	; 0
    000003BD 00                    1007 	.db #0x00	; 0
    000003BE 5A                    1008 	.db #0x5a	; 90	'Z'
    000003BF 00                    1009 	.db #0x00	; 0
    000003C0 00                    1010 	.db #0x00	; 0
    000003C1                       1011 _P9:
    000003C1 07                    1012 	.db #0x07	; 7
    000003C2 80                    1013 	.db #0x80	; 128
    000003C3 00                    1014 	.db #0x00	; 0
    000003C4 5A                    1015 	.db #0x5a	; 90	'Z'
    000003C5 00                    1016 	.db #0x00	; 0
    000003C6 00                    1017 	.db #0x00	; 0
    000003C7 5A                    1018 	.db #0x5a	; 90	'Z'
    000003C8 00                    1019 	.db #0x00	; 0
    000003C9 00                    1020 	.db #0x00	; 0
    000003CA 5A                    1021 	.db #0x5a	; 90	'Z'
    000003CB 00                    1022 	.db #0x00	; 0
    000003CC 00                    1023 	.db #0x00	; 0
    000003CD 0A                    1024 	.db #0x0a	; 10
    000003CE 80                    1025 	.db #0x80	; 128
    000003CF 00                    1026 	.db #0x00	; 0
    000003D0 5A                    1027 	.db #0x5a	; 90	'Z'
    000003D1 00                    1028 	.db #0x00	; 0
    000003D2 00                    1029 	.db #0x00	; 0
    000003D3 5A                    1030 	.db #0x5a	; 90	'Z'
    000003D4 00                    1031 	.db #0x00	; 0
    000003D5 00                    1032 	.db #0x00	; 0
    000003D6 5A                    1033 	.db #0x5a	; 90	'Z'
    000003D7 00                    1034 	.db #0x00	; 0
    000003D8 00                    1035 	.db #0x00	; 0
    000003D9 0E                    1036 	.db #0x0e	; 14
    000003DA 80                    1037 	.db #0x80	; 128
    000003DB 00                    1038 	.db #0x00	; 0
    000003DC 5A                    1039 	.db #0x5a	; 90	'Z'
    000003DD 00                    1040 	.db #0x00	; 0
    000003DE 00                    1041 	.db #0x00	; 0
    000003DF 5A                    1042 	.db #0x5a	; 90	'Z'
    000003E0 00                    1043 	.db #0x00	; 0
    000003E1 00                    1044 	.db #0x00	; 0
    000003E2 5A                    1045 	.db #0x5a	; 90	'Z'
    000003E3 00                    1046 	.db #0x00	; 0
    000003E4 00                    1047 	.db #0x00	; 0
    000003E5 07                    1048 	.db #0x07	; 7
    000003E6 80                    1049 	.db #0x80	; 128
    000003E7 00                    1050 	.db #0x00	; 0
    000003E8 5A                    1051 	.db #0x5a	; 90	'Z'
    000003E9 00                    1052 	.db #0x00	; 0
    000003EA 00                    1053 	.db #0x00	; 0
    000003EB 0A                    1054 	.db #0x0a	; 10
    000003EC 80                    1055 	.db #0x80	; 128
    000003ED 00                    1056 	.db #0x00	; 0
    000003EE 5A                    1057 	.db #0x5a	; 90	'Z'
    000003EF 00                    1058 	.db #0x00	; 0
    000003F0 00                    1059 	.db #0x00	; 0
    000003F1 5A                    1060 	.db #0x5a	; 90	'Z'
    000003F2 00                    1061 	.db #0x00	; 0
    000003F3 00                    1062 	.db #0x00	; 0
    000003F4 5A                    1063 	.db #0x5a	; 90	'Z'
    000003F5 00                    1064 	.db #0x00	; 0
    000003F6 00                    1065 	.db #0x00	; 0
    000003F7 0E                    1066 	.db #0x0e	; 14
    000003F8 80                    1067 	.db #0x80	; 128
    000003F9 00                    1068 	.db #0x00	; 0
    000003FA 5A                    1069 	.db #0x5a	; 90	'Z'
    000003FB 00                    1070 	.db #0x00	; 0
    000003FC 00                    1071 	.db #0x00	; 0
    000003FD 5A                    1072 	.db #0x5a	; 90	'Z'
    000003FE 00                    1073 	.db #0x00	; 0
    000003FF 00                    1074 	.db #0x00	; 0
    00000400 5A                    1075 	.db #0x5a	; 90	'Z'
    00000401 00                    1076 	.db #0x00	; 0
    00000402 00                    1077 	.db #0x00	; 0
    00000403 07                    1078 	.db #0x07	; 7
    00000404 80                    1079 	.db #0x80	; 128
    00000405 00                    1080 	.db #0x00	; 0
    00000406 5A                    1081 	.db #0x5a	; 90	'Z'
    00000407 00                    1082 	.db #0x00	; 0
    00000408 00                    1083 	.db #0x00	; 0
    00000409 0A                    1084 	.db #0x0a	; 10
    0000040A 80                    1085 	.db #0x80	; 128
    0000040B 00                    1086 	.db #0x00	; 0
    0000040C 5A                    1087 	.db #0x5a	; 90	'Z'
    0000040D 00                    1088 	.db #0x00	; 0
    0000040E 00                    1089 	.db #0x00	; 0
    0000040F 5A                    1090 	.db #0x5a	; 90	'Z'
    00000410 00                    1091 	.db #0x00	; 0
    00000411 00                    1092 	.db #0x00	; 0
    00000412 5A                    1093 	.db #0x5a	; 90	'Z'
    00000413 00                    1094 	.db #0x00	; 0
    00000414 00                    1095 	.db #0x00	; 0
    00000415 0E                    1096 	.db #0x0e	; 14
    00000416 80                    1097 	.db #0x80	; 128
    00000417 00                    1098 	.db #0x00	; 0
    00000418 5A                    1099 	.db #0x5a	; 90	'Z'
    00000419 00                    1100 	.db #0x00	; 0
    0000041A 00                    1101 	.db #0x00	; 0
    0000041B 5A                    1102 	.db #0x5a	; 90	'Z'
    0000041C 00                    1103 	.db #0x00	; 0
    0000041D 00                    1104 	.db #0x00	; 0
    0000041E 5A                    1105 	.db #0x5a	; 90	'Z'
    0000041F 00                    1106 	.db #0x00	; 0
    00000420 00                    1107 	.db #0x00	; 0
    00000421 06                    1108 	.db #0x06	; 6
    00000422 80                    1109 	.db #0x80	; 128
    00000423 00                    1110 	.db #0x00	; 0
    00000424 5A                    1111 	.db #0x5a	; 90	'Z'
    00000425 00                    1112 	.db #0x00	; 0
    00000426 00                    1113 	.db #0x00	; 0
    00000427 5A                    1114 	.db #0x5a	; 90	'Z'
    00000428 00                    1115 	.db #0x00	; 0
    00000429 00                    1116 	.db #0x00	; 0
    0000042A 5A                    1117 	.db #0x5a	; 90	'Z'
    0000042B 00                    1118 	.db #0x00	; 0
    0000042C 00                    1119 	.db #0x00	; 0
    0000042D 09                    1120 	.db #0x09	; 9
    0000042E 80                    1121 	.db #0x80	; 128
    0000042F 00                    1122 	.db #0x00	; 0
    00000430 5A                    1123 	.db #0x5a	; 90	'Z'
    00000431 00                    1124 	.db #0x00	; 0
    00000432 00                    1125 	.db #0x00	; 0
    00000433 5A                    1126 	.db #0x5a	; 90	'Z'
    00000434 00                    1127 	.db #0x00	; 0
    00000435 00                    1128 	.db #0x00	; 0
    00000436 5A                    1129 	.db #0x5a	; 90	'Z'
    00000437 00                    1130 	.db #0x00	; 0
    00000438 00                    1131 	.db #0x00	; 0
    00000439 0D                    1132 	.db #0x0d	; 13
    0000043A 80                    1133 	.db #0x80	; 128
    0000043B 00                    1134 	.db #0x00	; 0
    0000043C 5A                    1135 	.db #0x5a	; 90	'Z'
    0000043D 00                    1136 	.db #0x00	; 0
    0000043E 00                    1137 	.db #0x00	; 0
    0000043F 5A                    1138 	.db #0x5a	; 90	'Z'
    00000440 00                    1139 	.db #0x00	; 0
    00000441 00                    1140 	.db #0x00	; 0
    00000442 5A                    1141 	.db #0x5a	; 90	'Z'
    00000443 00                    1142 	.db #0x00	; 0
    00000444 00                    1143 	.db #0x00	; 0
    00000445 06                    1144 	.db #0x06	; 6
    00000446 80                    1145 	.db #0x80	; 128
    00000447 00                    1146 	.db #0x00	; 0
    00000448 5A                    1147 	.db #0x5a	; 90	'Z'
    00000449 00                    1148 	.db #0x00	; 0
    0000044A 00                    1149 	.db #0x00	; 0
    0000044B 09                    1150 	.db #0x09	; 9
    0000044C 80                    1151 	.db #0x80	; 128
    0000044D 00                    1152 	.db #0x00	; 0
    0000044E 5A                    1153 	.db #0x5a	; 90	'Z'
    0000044F 00                    1154 	.db #0x00	; 0
    00000450 00                    1155 	.db #0x00	; 0
    00000451 5A                    1156 	.db #0x5a	; 90	'Z'
    00000452 00                    1157 	.db #0x00	; 0
    00000453 00                    1158 	.db #0x00	; 0
    00000454 5A                    1159 	.db #0x5a	; 90	'Z'
    00000455 00                    1160 	.db #0x00	; 0
    00000456 00                    1161 	.db #0x00	; 0
    00000457 0D                    1162 	.db #0x0d	; 13
    00000458 80                    1163 	.db #0x80	; 128
    00000459 00                    1164 	.db #0x00	; 0
    0000045A 5A                    1165 	.db #0x5a	; 90	'Z'
    0000045B 00                    1166 	.db #0x00	; 0
    0000045C 00                    1167 	.db #0x00	; 0
    0000045D 5A                    1168 	.db #0x5a	; 90	'Z'
    0000045E 00                    1169 	.db #0x00	; 0
    0000045F 00                    1170 	.db #0x00	; 0
    00000460 5A                    1171 	.db #0x5a	; 90	'Z'
    00000461 00                    1172 	.db #0x00	; 0
    00000462 00                    1173 	.db #0x00	; 0
    00000463 06                    1174 	.db #0x06	; 6
    00000464 80                    1175 	.db #0x80	; 128
    00000465 00                    1176 	.db #0x00	; 0
    00000466 5A                    1177 	.db #0x5a	; 90	'Z'
    00000467 00                    1178 	.db #0x00	; 0
    00000468 00                    1179 	.db #0x00	; 0
    00000469 09                    1180 	.db #0x09	; 9
    0000046A 80                    1181 	.db #0x80	; 128
    0000046B 00                    1182 	.db #0x00	; 0
    0000046C 5A                    1183 	.db #0x5a	; 90	'Z'
    0000046D 00                    1184 	.db #0x00	; 0
    0000046E 00                    1185 	.db #0x00	; 0
    0000046F 5A                    1186 	.db #0x5a	; 90	'Z'
    00000470 00                    1187 	.db #0x00	; 0
    00000471 00                    1188 	.db #0x00	; 0
    00000472 5A                    1189 	.db #0x5a	; 90	'Z'
    00000473 00                    1190 	.db #0x00	; 0
    00000474 00                    1191 	.db #0x00	; 0
    00000475 0D                    1192 	.db #0x0d	; 13
    00000476 80                    1193 	.db #0x80	; 128
    00000477 00                    1194 	.db #0x00	; 0
    00000478 5A                    1195 	.db #0x5a	; 90	'Z'
    00000479 00                    1196 	.db #0x00	; 0
    0000047A 00                    1197 	.db #0x00	; 0
    0000047B 5A                    1198 	.db #0x5a	; 90	'Z'
    0000047C 00                    1199 	.db #0x00	; 0
    0000047D 00                    1200 	.db #0x00	; 0
    0000047E 5A                    1201 	.db #0x5a	; 90	'Z'
    0000047F 00                    1202 	.db #0x00	; 0
    00000480 00                    1203 	.db #0x00	; 0
    00000481                       1204 _P11:
    00000481 5A                    1205 	.db #0x5a	; 90	'Z'
    00000482 00                    1206 	.db #0x00	; 0
    00000483 00                    1207 	.db #0x00	; 0
    00000484 5A                    1208 	.db #0x5a	; 90	'Z'
    00000485 00                    1209 	.db #0x00	; 0
    00000486 00                    1210 	.db #0x00	; 0
    00000487 5A                    1211 	.db #0x5a	; 90	'Z'
    00000488 00                    1212 	.db #0x00	; 0
    00000489 00                    1213 	.db #0x00	; 0
    0000048A 5A                    1214 	.db #0x5a	; 90	'Z'
    0000048B 00                    1215 	.db #0x00	; 0
    0000048C 00                    1216 	.db #0x00	; 0
    0000048D 5A                    1217 	.db #0x5a	; 90	'Z'
    0000048E 00                    1218 	.db #0x00	; 0
    0000048F 00                    1219 	.db #0x00	; 0
    00000490 5A                    1220 	.db #0x5a	; 90	'Z'
    00000491 00                    1221 	.db #0x00	; 0
    00000492 00                    1222 	.db #0x00	; 0
    00000493 5A                    1223 	.db #0x5a	; 90	'Z'
    00000494 00                    1224 	.db #0x00	; 0
    00000495 00                    1225 	.db #0x00	; 0
    00000496 5A                    1226 	.db #0x5a	; 90	'Z'
    00000497 00                    1227 	.db #0x00	; 0
    00000498 00                    1228 	.db #0x00	; 0
    00000499 18                    1229 	.db #0x18	; 24
    0000049A 70                    1230 	.db #0x70	; 112	'p'
    0000049B 00                    1231 	.db #0x00	; 0
    0000049C 5A                    1232 	.db #0x5a	; 90	'Z'
    0000049D 00                    1233 	.db #0x00	; 0
    0000049E 00                    1234 	.db #0x00	; 0
    0000049F 5A                    1235 	.db #0x5a	; 90	'Z'
    000004A0 00                    1236 	.db #0x00	; 0
    000004A1 00                    1237 	.db #0x00	; 0
    000004A2 5A                    1238 	.db #0x5a	; 90	'Z'
    000004A3 00                    1239 	.db #0x00	; 0
    000004A4 00                    1240 	.db #0x00	; 0
    000004A5 5A                    1241 	.db #0x5a	; 90	'Z'
    000004A6 00                    1242 	.db #0x00	; 0
    000004A7 00                    1243 	.db #0x00	; 0
    000004A8 5A                    1244 	.db #0x5a	; 90	'Z'
    000004A9 00                    1245 	.db #0x00	; 0
    000004AA 00                    1246 	.db #0x00	; 0
    000004AB 5A                    1247 	.db #0x5a	; 90	'Z'
    000004AC 00                    1248 	.db #0x00	; 0
    000004AD 00                    1249 	.db #0x00	; 0
    000004AE 5A                    1250 	.db #0x5a	; 90	'Z'
    000004AF 00                    1251 	.db #0x00	; 0
    000004B0 00                    1252 	.db #0x00	; 0
    000004B1 5A                    1253 	.db #0x5a	; 90	'Z'
    000004B2 00                    1254 	.db #0x00	; 0
    000004B3 00                    1255 	.db #0x00	; 0
    000004B4 5A                    1256 	.db #0x5a	; 90	'Z'
    000004B5 00                    1257 	.db #0x00	; 0
    000004B6 00                    1258 	.db #0x00	; 0
    000004B7 5A                    1259 	.db #0x5a	; 90	'Z'
    000004B8 00                    1260 	.db #0x00	; 0
    000004B9 00                    1261 	.db #0x00	; 0
    000004BA 5A                    1262 	.db #0x5a	; 90	'Z'
    000004BB 00                    1263 	.db #0x00	; 0
    000004BC 00                    1264 	.db #0x00	; 0
    000004BD 5A                    1265 	.db #0x5a	; 90	'Z'
    000004BE 00                    1266 	.db #0x00	; 0
    000004BF 00                    1267 	.db #0x00	; 0
    000004C0 5A                    1268 	.db #0x5a	; 90	'Z'
    000004C1 00                    1269 	.db #0x00	; 0
    000004C2 00                    1270 	.db #0x00	; 0
    000004C3 5A                    1271 	.db #0x5a	; 90	'Z'
    000004C4 00                    1272 	.db #0x00	; 0
    000004C5 00                    1273 	.db #0x00	; 0
    000004C6 5A                    1274 	.db #0x5a	; 90	'Z'
    000004C7 00                    1275 	.db #0x00	; 0
    000004C8 00                    1276 	.db #0x00	; 0
    000004C9 18                    1277 	.db #0x18	; 24
    000004CA 70                    1278 	.db #0x70	; 112	'p'
    000004CB 00                    1279 	.db #0x00	; 0
    000004CC 5A                    1280 	.db #0x5a	; 90	'Z'
    000004CD 00                    1281 	.db #0x00	; 0
    000004CE 00                    1282 	.db #0x00	; 0
    000004CF 5A                    1283 	.db #0x5a	; 90	'Z'
    000004D0 00                    1284 	.db #0x00	; 0
    000004D1 00                    1285 	.db #0x00	; 0
    000004D2 5A                    1286 	.db #0x5a	; 90	'Z'
    000004D3 00                    1287 	.db #0x00	; 0
    000004D4 00                    1288 	.db #0x00	; 0
    000004D5 5A                    1289 	.db #0x5a	; 90	'Z'
    000004D6 00                    1290 	.db #0x00	; 0
    000004D7 00                    1291 	.db #0x00	; 0
    000004D8 5A                    1292 	.db #0x5a	; 90	'Z'
    000004D9 00                    1293 	.db #0x00	; 0
    000004DA 00                    1294 	.db #0x00	; 0
    000004DB 5A                    1295 	.db #0x5a	; 90	'Z'
    000004DC 00                    1296 	.db #0x00	; 0
    000004DD 00                    1297 	.db #0x00	; 0
    000004DE 5A                    1298 	.db #0x5a	; 90	'Z'
    000004DF 00                    1299 	.db #0x00	; 0
    000004E0 00                    1300 	.db #0x00	; 0
    000004E1 5A                    1301 	.db #0x5a	; 90	'Z'
    000004E2 00                    1302 	.db #0x00	; 0
    000004E3 00                    1303 	.db #0x00	; 0
    000004E4 5A                    1304 	.db #0x5a	; 90	'Z'
    000004E5 00                    1305 	.db #0x00	; 0
    000004E6 00                    1306 	.db #0x00	; 0
    000004E7 5A                    1307 	.db #0x5a	; 90	'Z'
    000004E8 00                    1308 	.db #0x00	; 0
    000004E9 00                    1309 	.db #0x00	; 0
    000004EA 5A                    1310 	.db #0x5a	; 90	'Z'
    000004EB 00                    1311 	.db #0x00	; 0
    000004EC 00                    1312 	.db #0x00	; 0
    000004ED 5A                    1313 	.db #0x5a	; 90	'Z'
    000004EE 00                    1314 	.db #0x00	; 0
    000004EF 00                    1315 	.db #0x00	; 0
    000004F0 5A                    1316 	.db #0x5a	; 90	'Z'
    000004F1 00                    1317 	.db #0x00	; 0
    000004F2 00                    1318 	.db #0x00	; 0
    000004F3 5A                    1319 	.db #0x5a	; 90	'Z'
    000004F4 00                    1320 	.db #0x00	; 0
    000004F5 00                    1321 	.db #0x00	; 0
    000004F6 5A                    1322 	.db #0x5a	; 90	'Z'
    000004F7 00                    1323 	.db #0x00	; 0
    000004F8 00                    1324 	.db #0x00	; 0
    000004F9 18                    1325 	.db #0x18	; 24
    000004FA 70                    1326 	.db #0x70	; 112	'p'
    000004FB 00                    1327 	.db #0x00	; 0
    000004FC 5A                    1328 	.db #0x5a	; 90	'Z'
    000004FD 00                    1329 	.db #0x00	; 0
    000004FE 00                    1330 	.db #0x00	; 0
    000004FF 5A                    1331 	.db #0x5a	; 90	'Z'
    00000500 00                    1332 	.db #0x00	; 0
    00000501 00                    1333 	.db #0x00	; 0
    00000502 5A                    1334 	.db #0x5a	; 90	'Z'
    00000503 00                    1335 	.db #0x00	; 0
    00000504 00                    1336 	.db #0x00	; 0
    00000505 5A                    1337 	.db #0x5a	; 90	'Z'
    00000506 00                    1338 	.db #0x00	; 0
    00000507 00                    1339 	.db #0x00	; 0
    00000508 5A                    1340 	.db #0x5a	; 90	'Z'
    00000509 00                    1341 	.db #0x00	; 0
    0000050A 00                    1342 	.db #0x00	; 0
    0000050B 5A                    1343 	.db #0x5a	; 90	'Z'
    0000050C 00                    1344 	.db #0x00	; 0
    0000050D 00                    1345 	.db #0x00	; 0
    0000050E 5A                    1346 	.db #0x5a	; 90	'Z'
    0000050F 00                    1347 	.db #0x00	; 0
    00000510 00                    1348 	.db #0x00	; 0
    00000511 5A                    1349 	.db #0x5a	; 90	'Z'
    00000512 00                    1350 	.db #0x00	; 0
    00000513 00                    1351 	.db #0x00	; 0
    00000514 5A                    1352 	.db #0x5a	; 90	'Z'
    00000515 00                    1353 	.db #0x00	; 0
    00000516 00                    1354 	.db #0x00	; 0
    00000517 5A                    1355 	.db #0x5a	; 90	'Z'
    00000518 00                    1356 	.db #0x00	; 0
    00000519 00                    1357 	.db #0x00	; 0
    0000051A 5A                    1358 	.db #0x5a	; 90	'Z'
    0000051B 00                    1359 	.db #0x00	; 0
    0000051C 00                    1360 	.db #0x00	; 0
    0000051D 5A                    1361 	.db #0x5a	; 90	'Z'
    0000051E 00                    1362 	.db #0x00	; 0
    0000051F 00                    1363 	.db #0x00	; 0
    00000520 5A                    1364 	.db #0x5a	; 90	'Z'
    00000521 00                    1365 	.db #0x00	; 0
    00000522 00                    1366 	.db #0x00	; 0
    00000523 5A                    1367 	.db #0x5a	; 90	'Z'
    00000524 00                    1368 	.db #0x00	; 0
    00000525 00                    1369 	.db #0x00	; 0
    00000526 5A                    1370 	.db #0x5a	; 90	'Z'
    00000527 00                    1371 	.db #0x00	; 0
    00000528 00                    1372 	.db #0x00	; 0
    00000529 18                    1373 	.db #0x18	; 24
    0000052A 70                    1374 	.db #0x70	; 112	'p'
    0000052B 00                    1375 	.db #0x00	; 0
    0000052C 5A                    1376 	.db #0x5a	; 90	'Z'
    0000052D 00                    1377 	.db #0x00	; 0
    0000052E 00                    1378 	.db #0x00	; 0
    0000052F 5A                    1379 	.db #0x5a	; 90	'Z'
    00000530 00                    1380 	.db #0x00	; 0
    00000531 00                    1381 	.db #0x00	; 0
    00000532 5A                    1382 	.db #0x5a	; 90	'Z'
    00000533 00                    1383 	.db #0x00	; 0
    00000534 00                    1384 	.db #0x00	; 0
    00000535 5A                    1385 	.db #0x5a	; 90	'Z'
    00000536 00                    1386 	.db #0x00	; 0
    00000537 00                    1387 	.db #0x00	; 0
    00000538 5A                    1388 	.db #0x5a	; 90	'Z'
    00000539 00                    1389 	.db #0x00	; 0
    0000053A 00                    1390 	.db #0x00	; 0
    0000053B 5A                    1391 	.db #0x5a	; 90	'Z'
    0000053C 00                    1392 	.db #0x00	; 0
    0000053D 00                    1393 	.db #0x00	; 0
    0000053E 5A                    1394 	.db #0x5a	; 90	'Z'
    0000053F 00                    1395 	.db #0x00	; 0
    00000540 00                    1396 	.db #0x00	; 0
    00000541                       1397 _P13:
    00000541 07                    1398 	.db #0x07	; 7
    00000542 80                    1399 	.db #0x80	; 128
    00000543 00                    1400 	.db #0x00	; 0
    00000544 5A                    1401 	.db #0x5a	; 90	'Z'
    00000545 00                    1402 	.db #0x00	; 0
    00000546 00                    1403 	.db #0x00	; 0
    00000547 0A                    1404 	.db #0x0a	; 10
    00000548 80                    1405 	.db #0x80	; 128
    00000549 00                    1406 	.db #0x00	; 0
    0000054A 5A                    1407 	.db #0x5a	; 90	'Z'
    0000054B 00                    1408 	.db #0x00	; 0
    0000054C 00                    1409 	.db #0x00	; 0
    0000054D 0E                    1410 	.db #0x0e	; 14
    0000054E 80                    1411 	.db #0x80	; 128
    0000054F 00                    1412 	.db #0x00	; 0
    00000550 5A                    1413 	.db #0x5a	; 90	'Z'
    00000551 00                    1414 	.db #0x00	; 0
    00000552 00                    1415 	.db #0x00	; 0
    00000553 16                    1416 	.db #0x16	; 22
    00000554 80                    1417 	.db #0x80	; 128
    00000555 00                    1418 	.db #0x00	; 0
    00000556 5A                    1419 	.db #0x5a	; 90	'Z'
    00000557 00                    1420 	.db #0x00	; 0
    00000558 00                    1421 	.db #0x00	; 0
    00000559 13                    1422 	.db #0x13	; 19
    0000055A 80                    1423 	.db #0x80	; 128
    0000055B 00                    1424 	.db #0x00	; 0
    0000055C 5A                    1425 	.db #0x5a	; 90	'Z'
    0000055D 00                    1426 	.db #0x00	; 0
    0000055E 00                    1427 	.db #0x00	; 0
    0000055F 11                    1428 	.db #0x11	; 17
    00000560 80                    1429 	.db #0x80	; 128
    00000561 00                    1430 	.db #0x00	; 0
    00000562 5A                    1431 	.db #0x5a	; 90	'Z'
    00000563 00                    1432 	.db #0x00	; 0
    00000564 00                    1433 	.db #0x00	; 0
    00000565 07                    1434 	.db #0x07	; 7
    00000566 80                    1435 	.db #0x80	; 128
    00000567 00                    1436 	.db #0x00	; 0
    00000568 5A                    1437 	.db #0x5a	; 90	'Z'
    00000569 00                    1438 	.db #0x00	; 0
    0000056A 00                    1439 	.db #0x00	; 0
    0000056B 0A                    1440 	.db #0x0a	; 10
    0000056C 80                    1441 	.db #0x80	; 128
    0000056D 00                    1442 	.db #0x00	; 0
    0000056E 5A                    1443 	.db #0x5a	; 90	'Z'
    0000056F 00                    1444 	.db #0x00	; 0
    00000570 00                    1445 	.db #0x00	; 0
    00000571 0E                    1446 	.db #0x0e	; 14
    00000572 80                    1447 	.db #0x80	; 128
    00000573 00                    1448 	.db #0x00	; 0
    00000574 5A                    1449 	.db #0x5a	; 90	'Z'
    00000575 00                    1450 	.db #0x00	; 0
    00000576 00                    1451 	.db #0x00	; 0
    00000577 16                    1452 	.db #0x16	; 22
    00000578 80                    1453 	.db #0x80	; 128
    00000579 00                    1454 	.db #0x00	; 0
    0000057A 5A                    1455 	.db #0x5a	; 90	'Z'
    0000057B 00                    1456 	.db #0x00	; 0
    0000057C 00                    1457 	.db #0x00	; 0
    0000057D 13                    1458 	.db #0x13	; 19
    0000057E 80                    1459 	.db #0x80	; 128
    0000057F 00                    1460 	.db #0x00	; 0
    00000580 5A                    1461 	.db #0x5a	; 90	'Z'
    00000581 00                    1462 	.db #0x00	; 0
    00000582 00                    1463 	.db #0x00	; 0
    00000583 07                    1464 	.db #0x07	; 7
    00000584 80                    1465 	.db #0x80	; 128
    00000585 00                    1466 	.db #0x00	; 0
    00000586 5A                    1467 	.db #0x5a	; 90	'Z'
    00000587 00                    1468 	.db #0x00	; 0
    00000588 00                    1469 	.db #0x00	; 0
    00000589 0A                    1470 	.db #0x0a	; 10
    0000058A 80                    1471 	.db #0x80	; 128
    0000058B 00                    1472 	.db #0x00	; 0
    0000058C 5A                    1473 	.db #0x5a	; 90	'Z'
    0000058D 00                    1474 	.db #0x00	; 0
    0000058E 00                    1475 	.db #0x00	; 0
    0000058F 0E                    1476 	.db #0x0e	; 14
    00000590 80                    1477 	.db #0x80	; 128
    00000591 00                    1478 	.db #0x00	; 0
    00000592 5A                    1479 	.db #0x5a	; 90	'Z'
    00000593 00                    1480 	.db #0x00	; 0
    00000594 00                    1481 	.db #0x00	; 0
    00000595 16                    1482 	.db #0x16	; 22
    00000596 80                    1483 	.db #0x80	; 128
    00000597 00                    1484 	.db #0x00	; 0
    00000598 5A                    1485 	.db #0x5a	; 90	'Z'
    00000599 00                    1486 	.db #0x00	; 0
    0000059A 00                    1487 	.db #0x00	; 0
    0000059B 13                    1488 	.db #0x13	; 19
    0000059C 80                    1489 	.db #0x80	; 128
    0000059D 00                    1490 	.db #0x00	; 0
    0000059E 5A                    1491 	.db #0x5a	; 90	'Z'
    0000059F 00                    1492 	.db #0x00	; 0
    000005A0 00                    1493 	.db #0x00	; 0
    000005A1 06                    1494 	.db #0x06	; 6
    000005A2 80                    1495 	.db #0x80	; 128
    000005A3 00                    1496 	.db #0x00	; 0
    000005A4 5A                    1497 	.db #0x5a	; 90	'Z'
    000005A5 00                    1498 	.db #0x00	; 0
    000005A6 00                    1499 	.db #0x00	; 0
    000005A7 09                    1500 	.db #0x09	; 9
    000005A8 80                    1501 	.db #0x80	; 128
    000005A9 00                    1502 	.db #0x00	; 0
    000005AA 5A                    1503 	.db #0x5a	; 90	'Z'
    000005AB 00                    1504 	.db #0x00	; 0
    000005AC 00                    1505 	.db #0x00	; 0
    000005AD 0D                    1506 	.db #0x0d	; 13
    000005AE 80                    1507 	.db #0x80	; 128
    000005AF 00                    1508 	.db #0x00	; 0
    000005B0 5A                    1509 	.db #0x5a	; 90	'Z'
    000005B1 00                    1510 	.db #0x00	; 0
    000005B2 00                    1511 	.db #0x00	; 0
    000005B3 15                    1512 	.db #0x15	; 21
    000005B4 80                    1513 	.db #0x80	; 128
    000005B5 00                    1514 	.db #0x00	; 0
    000005B6 5A                    1515 	.db #0x5a	; 90	'Z'
    000005B7 00                    1516 	.db #0x00	; 0
    000005B8 00                    1517 	.db #0x00	; 0
    000005B9 12                    1518 	.db #0x12	; 18
    000005BA 80                    1519 	.db #0x80	; 128
    000005BB 00                    1520 	.db #0x00	; 0
    000005BC 5A                    1521 	.db #0x5a	; 90	'Z'
    000005BD 00                    1522 	.db #0x00	; 0
    000005BE 00                    1523 	.db #0x00	; 0
    000005BF 10                    1524 	.db #0x10	; 16
    000005C0 80                    1525 	.db #0x80	; 128
    000005C1 00                    1526 	.db #0x00	; 0
    000005C2 5A                    1527 	.db #0x5a	; 90	'Z'
    000005C3 00                    1528 	.db #0x00	; 0
    000005C4 00                    1529 	.db #0x00	; 0
    000005C5 06                    1530 	.db #0x06	; 6
    000005C6 80                    1531 	.db #0x80	; 128
    000005C7 00                    1532 	.db #0x00	; 0
    000005C8 5A                    1533 	.db #0x5a	; 90	'Z'
    000005C9 00                    1534 	.db #0x00	; 0
    000005CA 00                    1535 	.db #0x00	; 0
    000005CB 09                    1536 	.db #0x09	; 9
    000005CC 80                    1537 	.db #0x80	; 128
    000005CD 00                    1538 	.db #0x00	; 0
    000005CE 5A                    1539 	.db #0x5a	; 90	'Z'
    000005CF 00                    1540 	.db #0x00	; 0
    000005D0 00                    1541 	.db #0x00	; 0
    000005D1 0D                    1542 	.db #0x0d	; 13
    000005D2 80                    1543 	.db #0x80	; 128
    000005D3 00                    1544 	.db #0x00	; 0
    000005D4 5A                    1545 	.db #0x5a	; 90	'Z'
    000005D5 00                    1546 	.db #0x00	; 0
    000005D6 00                    1547 	.db #0x00	; 0
    000005D7 15                    1548 	.db #0x15	; 21
    000005D8 80                    1549 	.db #0x80	; 128
    000005D9 00                    1550 	.db #0x00	; 0
    000005DA 5A                    1551 	.db #0x5a	; 90	'Z'
    000005DB 00                    1552 	.db #0x00	; 0
    000005DC 00                    1553 	.db #0x00	; 0
    000005DD 12                    1554 	.db #0x12	; 18
    000005DE 80                    1555 	.db #0x80	; 128
    000005DF 00                    1556 	.db #0x00	; 0
    000005E0 5A                    1557 	.db #0x5a	; 90	'Z'
    000005E1 00                    1558 	.db #0x00	; 0
    000005E2 00                    1559 	.db #0x00	; 0
    000005E3 06                    1560 	.db #0x06	; 6
    000005E4 80                    1561 	.db #0x80	; 128
    000005E5 00                    1562 	.db #0x00	; 0
    000005E6 5A                    1563 	.db #0x5a	; 90	'Z'
    000005E7 00                    1564 	.db #0x00	; 0
    000005E8 00                    1565 	.db #0x00	; 0
    000005E9 09                    1566 	.db #0x09	; 9
    000005EA 80                    1567 	.db #0x80	; 128
    000005EB 00                    1568 	.db #0x00	; 0
    000005EC 5A                    1569 	.db #0x5a	; 90	'Z'
    000005ED 00                    1570 	.db #0x00	; 0
    000005EE 00                    1571 	.db #0x00	; 0
    000005EF 0D                    1572 	.db #0x0d	; 13
    000005F0 80                    1573 	.db #0x80	; 128
    000005F1 00                    1574 	.db #0x00	; 0
    000005F2 5A                    1575 	.db #0x5a	; 90	'Z'
    000005F3 00                    1576 	.db #0x00	; 0
    000005F4 00                    1577 	.db #0x00	; 0
    000005F5 15                    1578 	.db #0x15	; 21
    000005F6 80                    1579 	.db #0x80	; 128
    000005F7 00                    1580 	.db #0x00	; 0
    000005F8 5A                    1581 	.db #0x5a	; 90	'Z'
    000005F9 00                    1582 	.db #0x00	; 0
    000005FA 00                    1583 	.db #0x00	; 0
    000005FB 12                    1584 	.db #0x12	; 18
    000005FC 80                    1585 	.db #0x80	; 128
    000005FD 00                    1586 	.db #0x00	; 0
    000005FE 5A                    1587 	.db #0x5a	; 90	'Z'
    000005FF 00                    1588 	.db #0x00	; 0
    00000600 00                    1589 	.db #0x00	; 0
    00000601                       1590 _P16:
    00000601 26                    1591 	.db #0x26	; 38
    00000602 A4                    1592 	.db #0xa4	; 164
    00000603 41                    1593 	.db #0x41	; 65	'A'
    00000604 5A                    1594 	.db #0x5a	; 90	'Z'
    00000605 04                    1595 	.db #0x04	; 4
    00000606 41                    1596 	.db #0x41	; 65	'A'
    00000607 5A                    1597 	.db #0x5a	; 90	'Z'
    00000608 04                    1598 	.db #0x04	; 4
    00000609 41                    1599 	.db #0x41	; 65	'A'
    0000060A 5A                    1600 	.db #0x5a	; 90	'Z'
    0000060B 04                    1601 	.db #0x04	; 4
    0000060C 41                    1602 	.db #0x41	; 65	'A'
    0000060D 5A                    1603 	.db #0x5a	; 90	'Z'
    0000060E 04                    1604 	.db #0x04	; 4
    0000060F 41                    1605 	.db #0x41	; 65	'A'
    00000610 5A                    1606 	.db #0x5a	; 90	'Z'
    00000611 04                    1607 	.db #0x04	; 4
    00000612 41                    1608 	.db #0x41	; 65	'A'
    00000613 5A                    1609 	.db #0x5a	; 90	'Z'
    00000614 04                    1610 	.db #0x04	; 4
    00000615 41                    1611 	.db #0x41	; 65	'A'
    00000616 5A                    1612 	.db #0x5a	; 90	'Z'
    00000617 04                    1613 	.db #0x04	; 4
    00000618 41                    1614 	.db #0x41	; 65	'A'
    00000619 5A                    1615 	.db #0x5a	; 90	'Z'
    0000061A 04                    1616 	.db #0x04	; 4
    0000061B 41                    1617 	.db #0x41	; 65	'A'
    0000061C 5A                    1618 	.db #0x5a	; 90	'Z'
    0000061D 04                    1619 	.db #0x04	; 4
    0000061E 41                    1620 	.db #0x41	; 65	'A'
    0000061F 5A                    1621 	.db #0x5a	; 90	'Z'
    00000620 04                    1622 	.db #0x04	; 4
    00000621 41                    1623 	.db #0x41	; 65	'A'
    00000622 5A                    1624 	.db #0x5a	; 90	'Z'
    00000623 04                    1625 	.db #0x04	; 4
    00000624 41                    1626 	.db #0x41	; 65	'A'
    00000625 5A                    1627 	.db #0x5a	; 90	'Z'
    00000626 04                    1628 	.db #0x04	; 4
    00000627 41                    1629 	.db #0x41	; 65	'A'
    00000628 5A                    1630 	.db #0x5a	; 90	'Z'
    00000629 04                    1631 	.db #0x04	; 4
    0000062A 41                    1632 	.db #0x41	; 65	'A'
    0000062B 2B                    1633 	.db #0x2b	; 43
    0000062C A4                    1634 	.db #0xa4	; 164
    0000062D 41                    1635 	.db #0x41	; 65	'A'
    0000062E 5A                    1636 	.db #0x5a	; 90	'Z'
    0000062F 04                    1637 	.db #0x04	; 4
    00000630 41                    1638 	.db #0x41	; 65	'A'
    00000631 5A                    1639 	.db #0x5a	; 90	'Z'
    00000632 04                    1640 	.db #0x04	; 4
    00000633 41                    1641 	.db #0x41	; 65	'A'
    00000634 5A                    1642 	.db #0x5a	; 90	'Z'
    00000635 04                    1643 	.db #0x04	; 4
    00000636 41                    1644 	.db #0x41	; 65	'A'
    00000637 5A                    1645 	.db #0x5a	; 90	'Z'
    00000638 04                    1646 	.db #0x04	; 4
    00000639 41                    1647 	.db #0x41	; 65	'A'
    0000063A 5A                    1648 	.db #0x5a	; 90	'Z'
    0000063B 04                    1649 	.db #0x04	; 4
    0000063C 41                    1650 	.db #0x41	; 65	'A'
    0000063D 5A                    1651 	.db #0x5a	; 90	'Z'
    0000063E 04                    1652 	.db #0x04	; 4
    0000063F 41                    1653 	.db #0x41	; 65	'A'
    00000640 5A                    1654 	.db #0x5a	; 90	'Z'
    00000641 04                    1655 	.db #0x04	; 4
    00000642 41                    1656 	.db #0x41	; 65	'A'
    00000643 5A                    1657 	.db #0x5a	; 90	'Z'
    00000644 04                    1658 	.db #0x04	; 4
    00000645 41                    1659 	.db #0x41	; 65	'A'
    00000646 5A                    1660 	.db #0x5a	; 90	'Z'
    00000647 04                    1661 	.db #0x04	; 4
    00000648 41                    1662 	.db #0x41	; 65	'A'
    00000649 5A                    1663 	.db #0x5a	; 90	'Z'
    0000064A 04                    1664 	.db #0x04	; 4
    0000064B 41                    1665 	.db #0x41	; 65	'A'
    0000064C 5A                    1666 	.db #0x5a	; 90	'Z'
    0000064D 04                    1667 	.db #0x04	; 4
    0000064E 41                    1668 	.db #0x41	; 65	'A'
    0000064F 5A                    1669 	.db #0x5a	; 90	'Z'
    00000650 04                    1670 	.db #0x04	; 4
    00000651 41                    1671 	.db #0x41	; 65	'A'
    00000652 5A                    1672 	.db #0x5a	; 90	'Z'
    00000653 04                    1673 	.db #0x04	; 4
    00000654 41                    1674 	.db #0x41	; 65	'A'
    00000655 5A                    1675 	.db #0x5a	; 90	'Z'
    00000656 04                    1676 	.db #0x04	; 4
    00000657 41                    1677 	.db #0x41	; 65	'A'
    00000658 5A                    1678 	.db #0x5a	; 90	'Z'
    00000659 04                    1679 	.db #0x04	; 4
    0000065A 41                    1680 	.db #0x41	; 65	'A'
    0000065B 5A                    1681 	.db #0x5a	; 90	'Z'
    0000065C 04                    1682 	.db #0x04	; 4
    0000065D 41                    1683 	.db #0x41	; 65	'A'
    0000065E 5A                    1684 	.db #0x5a	; 90	'Z'
    0000065F 04                    1685 	.db #0x04	; 4
    00000660 41                    1686 	.db #0x41	; 65	'A'
    00000661 2A                    1687 	.db #0x2a	; 42
    00000662 A4                    1688 	.db #0xa4	; 164
    00000663 41                    1689 	.db #0x41	; 65	'A'
    00000664 5A                    1690 	.db #0x5a	; 90	'Z'
    00000665 04                    1691 	.db #0x04	; 4
    00000666 41                    1692 	.db #0x41	; 65	'A'
    00000667 5A                    1693 	.db #0x5a	; 90	'Z'
    00000668 04                    1694 	.db #0x04	; 4
    00000669 41                    1695 	.db #0x41	; 65	'A'
    0000066A 5A                    1696 	.db #0x5a	; 90	'Z'
    0000066B 04                    1697 	.db #0x04	; 4
    0000066C 41                    1698 	.db #0x41	; 65	'A'
    0000066D 5A                    1699 	.db #0x5a	; 90	'Z'
    0000066E 04                    1700 	.db #0x04	; 4
    0000066F 41                    1701 	.db #0x41	; 65	'A'
    00000670 5A                    1702 	.db #0x5a	; 90	'Z'
    00000671 04                    1703 	.db #0x04	; 4
    00000672 41                    1704 	.db #0x41	; 65	'A'
    00000673 5A                    1705 	.db #0x5a	; 90	'Z'
    00000674 04                    1706 	.db #0x04	; 4
    00000675 41                    1707 	.db #0x41	; 65	'A'
    00000676 5A                    1708 	.db #0x5a	; 90	'Z'
    00000677 04                    1709 	.db #0x04	; 4
    00000678 41                    1710 	.db #0x41	; 65	'A'
    00000679 5A                    1711 	.db #0x5a	; 90	'Z'
    0000067A 04                    1712 	.db #0x04	; 4
    0000067B 41                    1713 	.db #0x41	; 65	'A'
    0000067C 5A                    1714 	.db #0x5a	; 90	'Z'
    0000067D 04                    1715 	.db #0x04	; 4
    0000067E 41                    1716 	.db #0x41	; 65	'A'
    0000067F 5A                    1717 	.db #0x5a	; 90	'Z'
    00000680 04                    1718 	.db #0x04	; 4
    00000681 41                    1719 	.db #0x41	; 65	'A'
    00000682 5A                    1720 	.db #0x5a	; 90	'Z'
    00000683 04                    1721 	.db #0x04	; 4
    00000684 41                    1722 	.db #0x41	; 65	'A'
    00000685 5A                    1723 	.db #0x5a	; 90	'Z'
    00000686 04                    1724 	.db #0x04	; 4
    00000687 41                    1725 	.db #0x41	; 65	'A'
    00000688 5A                    1726 	.db #0x5a	; 90	'Z'
    00000689 04                    1727 	.db #0x04	; 4
    0000068A 41                    1728 	.db #0x41	; 65	'A'
    0000068B 25                    1729 	.db #0x25	; 37
    0000068C A4                    1730 	.db #0xa4	; 164
    0000068D 41                    1731 	.db #0x41	; 65	'A'
    0000068E 5A                    1732 	.db #0x5a	; 90	'Z'
    0000068F 04                    1733 	.db #0x04	; 4
    00000690 41                    1734 	.db #0x41	; 65	'A'
    00000691 5A                    1735 	.db #0x5a	; 90	'Z'
    00000692 04                    1736 	.db #0x04	; 4
    00000693 41                    1737 	.db #0x41	; 65	'A'
    00000694 5A                    1738 	.db #0x5a	; 90	'Z'
    00000695 04                    1739 	.db #0x04	; 4
    00000696 41                    1740 	.db #0x41	; 65	'A'
    00000697 5A                    1741 	.db #0x5a	; 90	'Z'
    00000698 04                    1742 	.db #0x04	; 4
    00000699 41                    1743 	.db #0x41	; 65	'A'
    0000069A 5A                    1744 	.db #0x5a	; 90	'Z'
    0000069B 04                    1745 	.db #0x04	; 4
    0000069C 41                    1746 	.db #0x41	; 65	'A'
    0000069D 5A                    1747 	.db #0x5a	; 90	'Z'
    0000069E 04                    1748 	.db #0x04	; 4
    0000069F 41                    1749 	.db #0x41	; 65	'A'
    000006A0 5A                    1750 	.db #0x5a	; 90	'Z'
    000006A1 04                    1751 	.db #0x04	; 4
    000006A2 41                    1752 	.db #0x41	; 65	'A'
    000006A3 5A                    1753 	.db #0x5a	; 90	'Z'
    000006A4 04                    1754 	.db #0x04	; 4
    000006A5 41                    1755 	.db #0x41	; 65	'A'
    000006A6 5A                    1756 	.db #0x5a	; 90	'Z'
    000006A7 04                    1757 	.db #0x04	; 4
    000006A8 41                    1758 	.db #0x41	; 65	'A'
    000006A9 5A                    1759 	.db #0x5a	; 90	'Z'
    000006AA 04                    1760 	.db #0x04	; 4
    000006AB 41                    1761 	.db #0x41	; 65	'A'
    000006AC 5A                    1762 	.db #0x5a	; 90	'Z'
    000006AD 04                    1763 	.db #0x04	; 4
    000006AE 41                    1764 	.db #0x41	; 65	'A'
    000006AF 5A                    1765 	.db #0x5a	; 90	'Z'
    000006B0 04                    1766 	.db #0x04	; 4
    000006B1 41                    1767 	.db #0x41	; 65	'A'
    000006B2 5A                    1768 	.db #0x5a	; 90	'Z'
    000006B3 04                    1769 	.db #0x04	; 4
    000006B4 41                    1770 	.db #0x41	; 65	'A'
    000006B5 25                    1771 	.db #0x25	; 37
    000006B6 50                    1772 	.db #0x50	; 80	'P'
    000006B7 00                    1773 	.db #0x00	; 0
    000006B8 5A                    1774 	.db #0x5a	; 90	'Z'
    000006B9 00                    1775 	.db #0x00	; 0
    000006BA 00                    1776 	.db #0x00	; 0
    000006BB 25                    1777 	.db #0x25	; 37
    000006BC 50                    1778 	.db #0x50	; 80	'P'
    000006BD 00                    1779 	.db #0x00	; 0
    000006BE 5A                    1780 	.db #0x5a	; 90	'Z'
    000006BF 00                    1781 	.db #0x00	; 0
    000006C0 00                    1782 	.db #0x00	; 0
    000006C1                       1783 _P20:
    000006C1 26                    1784 	.db #0x26	; 38
    000006C2 A4                    1785 	.db #0xa4	; 164
    000006C3 41                    1786 	.db #0x41	; 65	'A'
    000006C4 5A                    1787 	.db #0x5a	; 90	'Z'
    000006C5 04                    1788 	.db #0x04	; 4
    000006C6 41                    1789 	.db #0x41	; 65	'A'
    000006C7 5A                    1790 	.db #0x5a	; 90	'Z'
    000006C8 04                    1791 	.db #0x04	; 4
    000006C9 41                    1792 	.db #0x41	; 65	'A'
    000006CA 5A                    1793 	.db #0x5a	; 90	'Z'
    000006CB 04                    1794 	.db #0x04	; 4
    000006CC 41                    1795 	.db #0x41	; 65	'A'
    000006CD 5A                    1796 	.db #0x5a	; 90	'Z'
    000006CE 04                    1797 	.db #0x04	; 4
    000006CF 41                    1798 	.db #0x41	; 65	'A'
    000006D0 5A                    1799 	.db #0x5a	; 90	'Z'
    000006D1 04                    1800 	.db #0x04	; 4
    000006D2 41                    1801 	.db #0x41	; 65	'A'
    000006D3 5A                    1802 	.db #0x5a	; 90	'Z'
    000006D4 04                    1803 	.db #0x04	; 4
    000006D5 41                    1804 	.db #0x41	; 65	'A'
    000006D6 5A                    1805 	.db #0x5a	; 90	'Z'
    000006D7 04                    1806 	.db #0x04	; 4
    000006D8 41                    1807 	.db #0x41	; 65	'A'
    000006D9 5A                    1808 	.db #0x5a	; 90	'Z'
    000006DA 04                    1809 	.db #0x04	; 4
    000006DB 41                    1810 	.db #0x41	; 65	'A'
    000006DC 5A                    1811 	.db #0x5a	; 90	'Z'
    000006DD 04                    1812 	.db #0x04	; 4
    000006DE 41                    1813 	.db #0x41	; 65	'A'
    000006DF 5A                    1814 	.db #0x5a	; 90	'Z'
    000006E0 04                    1815 	.db #0x04	; 4
    000006E1 41                    1816 	.db #0x41	; 65	'A'
    000006E2 5A                    1817 	.db #0x5a	; 90	'Z'
    000006E3 04                    1818 	.db #0x04	; 4
    000006E4 41                    1819 	.db #0x41	; 65	'A'
    000006E5 5A                    1820 	.db #0x5a	; 90	'Z'
    000006E6 04                    1821 	.db #0x04	; 4
    000006E7 41                    1822 	.db #0x41	; 65	'A'
    000006E8 5A                    1823 	.db #0x5a	; 90	'Z'
    000006E9 04                    1824 	.db #0x04	; 4
    000006EA 41                    1825 	.db #0x41	; 65	'A'
    000006EB 2B                    1826 	.db #0x2b	; 43
    000006EC A4                    1827 	.db #0xa4	; 164
    000006ED 41                    1828 	.db #0x41	; 65	'A'
    000006EE 5A                    1829 	.db #0x5a	; 90	'Z'
    000006EF 04                    1830 	.db #0x04	; 4
    000006F0 41                    1831 	.db #0x41	; 65	'A'
    000006F1 5A                    1832 	.db #0x5a	; 90	'Z'
    000006F2 04                    1833 	.db #0x04	; 4
    000006F3 41                    1834 	.db #0x41	; 65	'A'
    000006F4 5A                    1835 	.db #0x5a	; 90	'Z'
    000006F5 04                    1836 	.db #0x04	; 4
    000006F6 41                    1837 	.db #0x41	; 65	'A'
    000006F7 5A                    1838 	.db #0x5a	; 90	'Z'
    000006F8 04                    1839 	.db #0x04	; 4
    000006F9 41                    1840 	.db #0x41	; 65	'A'
    000006FA 5A                    1841 	.db #0x5a	; 90	'Z'
    000006FB 04                    1842 	.db #0x04	; 4
    000006FC 41                    1843 	.db #0x41	; 65	'A'
    000006FD 5A                    1844 	.db #0x5a	; 90	'Z'
    000006FE 04                    1845 	.db #0x04	; 4
    000006FF 41                    1846 	.db #0x41	; 65	'A'
    00000700 5A                    1847 	.db #0x5a	; 90	'Z'
    00000701 04                    1848 	.db #0x04	; 4
    00000702 41                    1849 	.db #0x41	; 65	'A'
    00000703 5A                    1850 	.db #0x5a	; 90	'Z'
    00000704 04                    1851 	.db #0x04	; 4
    00000705 41                    1852 	.db #0x41	; 65	'A'
    00000706 5A                    1853 	.db #0x5a	; 90	'Z'
    00000707 04                    1854 	.db #0x04	; 4
    00000708 41                    1855 	.db #0x41	; 65	'A'
    00000709 5A                    1856 	.db #0x5a	; 90	'Z'
    0000070A 04                    1857 	.db #0x04	; 4
    0000070B 41                    1858 	.db #0x41	; 65	'A'
    0000070C 5A                    1859 	.db #0x5a	; 90	'Z'
    0000070D 04                    1860 	.db #0x04	; 4
    0000070E 41                    1861 	.db #0x41	; 65	'A'
    0000070F 5A                    1862 	.db #0x5a	; 90	'Z'
    00000710 04                    1863 	.db #0x04	; 4
    00000711 41                    1864 	.db #0x41	; 65	'A'
    00000712 5A                    1865 	.db #0x5a	; 90	'Z'
    00000713 04                    1866 	.db #0x04	; 4
    00000714 41                    1867 	.db #0x41	; 65	'A'
    00000715 5A                    1868 	.db #0x5a	; 90	'Z'
    00000716 04                    1869 	.db #0x04	; 4
    00000717 41                    1870 	.db #0x41	; 65	'A'
    00000718 5A                    1871 	.db #0x5a	; 90	'Z'
    00000719 04                    1872 	.db #0x04	; 4
    0000071A 41                    1873 	.db #0x41	; 65	'A'
    0000071B 5A                    1874 	.db #0x5a	; 90	'Z'
    0000071C 04                    1875 	.db #0x04	; 4
    0000071D 41                    1876 	.db #0x41	; 65	'A'
    0000071E 5A                    1877 	.db #0x5a	; 90	'Z'
    0000071F 04                    1878 	.db #0x04	; 4
    00000720 41                    1879 	.db #0x41	; 65	'A'
    00000721 2A                    1880 	.db #0x2a	; 42
    00000722 A4                    1881 	.db #0xa4	; 164
    00000723 41                    1882 	.db #0x41	; 65	'A'
    00000724 5A                    1883 	.db #0x5a	; 90	'Z'
    00000725 04                    1884 	.db #0x04	; 4
    00000726 41                    1885 	.db #0x41	; 65	'A'
    00000727 5A                    1886 	.db #0x5a	; 90	'Z'
    00000728 04                    1887 	.db #0x04	; 4
    00000729 41                    1888 	.db #0x41	; 65	'A'
    0000072A 5A                    1889 	.db #0x5a	; 90	'Z'
    0000072B 04                    1890 	.db #0x04	; 4
    0000072C 41                    1891 	.db #0x41	; 65	'A'
    0000072D 5A                    1892 	.db #0x5a	; 90	'Z'
    0000072E 04                    1893 	.db #0x04	; 4
    0000072F 41                    1894 	.db #0x41	; 65	'A'
    00000730 5A                    1895 	.db #0x5a	; 90	'Z'
    00000731 04                    1896 	.db #0x04	; 4
    00000732 41                    1897 	.db #0x41	; 65	'A'
    00000733 5A                    1898 	.db #0x5a	; 90	'Z'
    00000734 04                    1899 	.db #0x04	; 4
    00000735 41                    1900 	.db #0x41	; 65	'A'
    00000736 5A                    1901 	.db #0x5a	; 90	'Z'
    00000737 04                    1902 	.db #0x04	; 4
    00000738 41                    1903 	.db #0x41	; 65	'A'
    00000739 5A                    1904 	.db #0x5a	; 90	'Z'
    0000073A 04                    1905 	.db #0x04	; 4
    0000073B 41                    1906 	.db #0x41	; 65	'A'
    0000073C 5A                    1907 	.db #0x5a	; 90	'Z'
    0000073D 04                    1908 	.db #0x04	; 4
    0000073E 41                    1909 	.db #0x41	; 65	'A'
    0000073F 5A                    1910 	.db #0x5a	; 90	'Z'
    00000740 04                    1911 	.db #0x04	; 4
    00000741 41                    1912 	.db #0x41	; 65	'A'
    00000742 5A                    1913 	.db #0x5a	; 90	'Z'
    00000743 04                    1914 	.db #0x04	; 4
    00000744 41                    1915 	.db #0x41	; 65	'A'
    00000745 5A                    1916 	.db #0x5a	; 90	'Z'
    00000746 04                    1917 	.db #0x04	; 4
    00000747 41                    1918 	.db #0x41	; 65	'A'
    00000748 5A                    1919 	.db #0x5a	; 90	'Z'
    00000749 04                    1920 	.db #0x04	; 4
    0000074A 41                    1921 	.db #0x41	; 65	'A'
    0000074B 5A                    1922 	.db #0x5a	; 90	'Z'
    0000074C 04                    1923 	.db #0x04	; 4
    0000074D 41                    1924 	.db #0x41	; 65	'A'
    0000074E 5A                    1925 	.db #0x5a	; 90	'Z'
    0000074F 04                    1926 	.db #0x04	; 4
    00000750 41                    1927 	.db #0x41	; 65	'A'
    00000751 5A                    1928 	.db #0x5a	; 90	'Z'
    00000752 04                    1929 	.db #0x04	; 4
    00000753 41                    1930 	.db #0x41	; 65	'A'
    00000754 5A                    1931 	.db #0x5a	; 90	'Z'
    00000755 04                    1932 	.db #0x04	; 4
    00000756 41                    1933 	.db #0x41	; 65	'A'
    00000757 5A                    1934 	.db #0x5a	; 90	'Z'
    00000758 04                    1935 	.db #0x04	; 4
    00000759 41                    1936 	.db #0x41	; 65	'A'
    0000075A 5A                    1937 	.db #0x5a	; 90	'Z'
    0000075B 04                    1938 	.db #0x04	; 4
    0000075C 41                    1939 	.db #0x41	; 65	'A'
    0000075D 5A                    1940 	.db #0x5a	; 90	'Z'
    0000075E 04                    1941 	.db #0x04	; 4
    0000075F 41                    1942 	.db #0x41	; 65	'A'
    00000760 5A                    1943 	.db #0x5a	; 90	'Z'
    00000761 04                    1944 	.db #0x04	; 4
    00000762 41                    1945 	.db #0x41	; 65	'A'
    00000763 5A                    1946 	.db #0x5a	; 90	'Z'
    00000764 04                    1947 	.db #0x04	; 4
    00000765 41                    1948 	.db #0x41	; 65	'A'
    00000766 5A                    1949 	.db #0x5a	; 90	'Z'
    00000767 04                    1950 	.db #0x04	; 4
    00000768 41                    1951 	.db #0x41	; 65	'A'
    00000769 5A                    1952 	.db #0x5a	; 90	'Z'
    0000076A 04                    1953 	.db #0x04	; 4
    0000076B 41                    1954 	.db #0x41	; 65	'A'
    0000076C 5A                    1955 	.db #0x5a	; 90	'Z'
    0000076D 04                    1956 	.db #0x04	; 4
    0000076E 41                    1957 	.db #0x41	; 65	'A'
    0000076F 5A                    1958 	.db #0x5a	; 90	'Z'
    00000770 04                    1959 	.db #0x04	; 4
    00000771 41                    1960 	.db #0x41	; 65	'A'
    00000772 5A                    1961 	.db #0x5a	; 90	'Z'
    00000773 04                    1962 	.db #0x04	; 4
    00000774 41                    1963 	.db #0x41	; 65	'A'
    00000775 5A                    1964 	.db #0x5a	; 90	'Z'
    00000776 00                    1965 	.db #0x00	; 0
    00000777 00                    1966 	.db #0x00	; 0
    00000778 5A                    1967 	.db #0x5a	; 90	'Z'
    00000779 00                    1968 	.db #0x00	; 0
    0000077A 00                    1969 	.db #0x00	; 0
    0000077B 5A                    1970 	.db #0x5a	; 90	'Z'
    0000077C 00                    1971 	.db #0x00	; 0
    0000077D 00                    1972 	.db #0x00	; 0
    0000077E 5A                    1973 	.db #0x5a	; 90	'Z'
    0000077F 00                    1974 	.db #0x00	; 0
    00000780 00                    1975 	.db #0x00	; 0
    00000781                       1976 _P24:
    00000781 13                    1977 	.db #0x13	; 19
    00000782 90                    1978 	.db #0x90	; 144
    00000783 00                    1979 	.db #0x00	; 0
    00000784 5A                    1980 	.db #0x5a	; 90	'Z'
    00000785 00                    1981 	.db #0x00	; 0
    00000786 00                    1982 	.db #0x00	; 0
    00000787 1A                    1983 	.db #0x1a	; 26
    00000788 90                    1984 	.db #0x90	; 144
    00000789 00                    1985 	.db #0x00	; 0
    0000078A 5A                    1986 	.db #0x5a	; 90	'Z'
    0000078B 00                    1987 	.db #0x00	; 0
    0000078C 00                    1988 	.db #0x00	; 0
    0000078D 15                    1989 	.db #0x15	; 21
    0000078E 90                    1990 	.db #0x90	; 144
    0000078F 00                    1991 	.db #0x00	; 0
    00000790 5A                    1992 	.db #0x5a	; 90	'Z'
    00000791 00                    1993 	.db #0x00	; 0
    00000792 00                    1994 	.db #0x00	; 0
    00000793 16                    1995 	.db #0x16	; 22
    00000794 90                    1996 	.db #0x90	; 144
    00000795 00                    1997 	.db #0x00	; 0
    00000796 5A                    1998 	.db #0x5a	; 90	'Z'
    00000797 00                    1999 	.db #0x00	; 0
    00000798 00                    2000 	.db #0x00	; 0
    00000799 1A                    2001 	.db #0x1a	; 26
    0000079A 90                    2002 	.db #0x90	; 144
    0000079B 00                    2003 	.db #0x00	; 0
    0000079C 5A                    2004 	.db #0x5a	; 90	'Z'
    0000079D 00                    2005 	.db #0x00	; 0
    0000079E 00                    2006 	.db #0x00	; 0
    0000079F 16                    2007 	.db #0x16	; 22
    000007A0 90                    2008 	.db #0x90	; 144
    000007A1 00                    2009 	.db #0x00	; 0
    000007A2 5A                    2010 	.db #0x5a	; 90	'Z'
    000007A3 00                    2011 	.db #0x00	; 0
    000007A4 00                    2012 	.db #0x00	; 0
    000007A5 15                    2013 	.db #0x15	; 21
    000007A6 90                    2014 	.db #0x90	; 144
    000007A7 00                    2015 	.db #0x00	; 0
    000007A8 5A                    2016 	.db #0x5a	; 90	'Z'
    000007A9 00                    2017 	.db #0x00	; 0
    000007AA 00                    2018 	.db #0x00	; 0
    000007AB 13                    2019 	.db #0x13	; 19
    000007AC 90                    2020 	.db #0x90	; 144
    000007AD 00                    2021 	.db #0x00	; 0
    000007AE 5A                    2022 	.db #0x5a	; 90	'Z'
    000007AF 00                    2023 	.db #0x00	; 0
    000007B0 00                    2024 	.db #0x00	; 0
    000007B1 13                    2025 	.db #0x13	; 19
    000007B2 90                    2026 	.db #0x90	; 144
    000007B3 00                    2027 	.db #0x00	; 0
    000007B4 5A                    2028 	.db #0x5a	; 90	'Z'
    000007B5 00                    2029 	.db #0x00	; 0
    000007B6 00                    2030 	.db #0x00	; 0
    000007B7 1A                    2031 	.db #0x1a	; 26
    000007B8 90                    2032 	.db #0x90	; 144
    000007B9 00                    2033 	.db #0x00	; 0
    000007BA 5A                    2034 	.db #0x5a	; 90	'Z'
    000007BB 00                    2035 	.db #0x00	; 0
    000007BC 00                    2036 	.db #0x00	; 0
    000007BD 15                    2037 	.db #0x15	; 21
    000007BE 90                    2038 	.db #0x90	; 144
    000007BF 00                    2039 	.db #0x00	; 0
    000007C0 5A                    2040 	.db #0x5a	; 90	'Z'
    000007C1 00                    2041 	.db #0x00	; 0
    000007C2 00                    2042 	.db #0x00	; 0
    000007C3 16                    2043 	.db #0x16	; 22
    000007C4 90                    2044 	.db #0x90	; 144
    000007C5 00                    2045 	.db #0x00	; 0
    000007C6 5A                    2046 	.db #0x5a	; 90	'Z'
    000007C7 00                    2047 	.db #0x00	; 0
    000007C8 00                    2048 	.db #0x00	; 0
    000007C9 1A                    2049 	.db #0x1a	; 26
    000007CA 90                    2050 	.db #0x90	; 144
    000007CB 00                    2051 	.db #0x00	; 0
    000007CC 5A                    2052 	.db #0x5a	; 90	'Z'
    000007CD 00                    2053 	.db #0x00	; 0
    000007CE 00                    2054 	.db #0x00	; 0
    000007CF 16                    2055 	.db #0x16	; 22
    000007D0 90                    2056 	.db #0x90	; 144
    000007D1 00                    2057 	.db #0x00	; 0
    000007D2 5A                    2058 	.db #0x5a	; 90	'Z'
    000007D3 00                    2059 	.db #0x00	; 0
    000007D4 00                    2060 	.db #0x00	; 0
    000007D5 15                    2061 	.db #0x15	; 21
    000007D6 90                    2062 	.db #0x90	; 144
    000007D7 00                    2063 	.db #0x00	; 0
    000007D8 5A                    2064 	.db #0x5a	; 90	'Z'
    000007D9 00                    2065 	.db #0x00	; 0
    000007DA 00                    2066 	.db #0x00	; 0
    000007DB 13                    2067 	.db #0x13	; 19
    000007DC 90                    2068 	.db #0x90	; 144
    000007DD 00                    2069 	.db #0x00	; 0
    000007DE 5A                    2070 	.db #0x5a	; 90	'Z'
    000007DF 00                    2071 	.db #0x00	; 0
    000007E0 00                    2072 	.db #0x00	; 0
    000007E1 12                    2073 	.db #0x12	; 18
    000007E2 90                    2074 	.db #0x90	; 144
    000007E3 00                    2075 	.db #0x00	; 0
    000007E4 5A                    2076 	.db #0x5a	; 90	'Z'
    000007E5 00                    2077 	.db #0x00	; 0
    000007E6 00                    2078 	.db #0x00	; 0
    000007E7 19                    2079 	.db #0x19	; 25
    000007E8 90                    2080 	.db #0x90	; 144
    000007E9 00                    2081 	.db #0x00	; 0
    000007EA 5A                    2082 	.db #0x5a	; 90	'Z'
    000007EB 00                    2083 	.db #0x00	; 0
    000007EC 00                    2084 	.db #0x00	; 0
    000007ED 14                    2085 	.db #0x14	; 20
    000007EE 90                    2086 	.db #0x90	; 144
    000007EF 00                    2087 	.db #0x00	; 0
    000007F0 5A                    2088 	.db #0x5a	; 90	'Z'
    000007F1 00                    2089 	.db #0x00	; 0
    000007F2 00                    2090 	.db #0x00	; 0
    000007F3 15                    2091 	.db #0x15	; 21
    000007F4 90                    2092 	.db #0x90	; 144
    000007F5 00                    2093 	.db #0x00	; 0
    000007F6 5A                    2094 	.db #0x5a	; 90	'Z'
    000007F7 00                    2095 	.db #0x00	; 0
    000007F8 00                    2096 	.db #0x00	; 0
    000007F9 19                    2097 	.db #0x19	; 25
    000007FA 90                    2098 	.db #0x90	; 144
    000007FB 00                    2099 	.db #0x00	; 0
    000007FC 5A                    2100 	.db #0x5a	; 90	'Z'
    000007FD 00                    2101 	.db #0x00	; 0
    000007FE 00                    2102 	.db #0x00	; 0
    000007FF 15                    2103 	.db #0x15	; 21
    00000800 90                    2104 	.db #0x90	; 144
    00000801 00                    2105 	.db #0x00	; 0
    00000802 5A                    2106 	.db #0x5a	; 90	'Z'
    00000803 00                    2107 	.db #0x00	; 0
    00000804 00                    2108 	.db #0x00	; 0
    00000805 14                    2109 	.db #0x14	; 20
    00000806 90                    2110 	.db #0x90	; 144
    00000807 00                    2111 	.db #0x00	; 0
    00000808 5A                    2112 	.db #0x5a	; 90	'Z'
    00000809 00                    2113 	.db #0x00	; 0
    0000080A 00                    2114 	.db #0x00	; 0
    0000080B 12                    2115 	.db #0x12	; 18
    0000080C 90                    2116 	.db #0x90	; 144
    0000080D 00                    2117 	.db #0x00	; 0
    0000080E 5A                    2118 	.db #0x5a	; 90	'Z'
    0000080F 00                    2119 	.db #0x00	; 0
    00000810 00                    2120 	.db #0x00	; 0
    00000811 12                    2121 	.db #0x12	; 18
    00000812 90                    2122 	.db #0x90	; 144
    00000813 00                    2123 	.db #0x00	; 0
    00000814 5A                    2124 	.db #0x5a	; 90	'Z'
    00000815 00                    2125 	.db #0x00	; 0
    00000816 00                    2126 	.db #0x00	; 0
    00000817 19                    2127 	.db #0x19	; 25
    00000818 90                    2128 	.db #0x90	; 144
    00000819 00                    2129 	.db #0x00	; 0
    0000081A 5A                    2130 	.db #0x5a	; 90	'Z'
    0000081B 00                    2131 	.db #0x00	; 0
    0000081C 00                    2132 	.db #0x00	; 0
    0000081D 14                    2133 	.db #0x14	; 20
    0000081E 90                    2134 	.db #0x90	; 144
    0000081F 00                    2135 	.db #0x00	; 0
    00000820 5A                    2136 	.db #0x5a	; 90	'Z'
    00000821 00                    2137 	.db #0x00	; 0
    00000822 00                    2138 	.db #0x00	; 0
    00000823 15                    2139 	.db #0x15	; 21
    00000824 90                    2140 	.db #0x90	; 144
    00000825 00                    2141 	.db #0x00	; 0
    00000826 5A                    2142 	.db #0x5a	; 90	'Z'
    00000827 00                    2143 	.db #0x00	; 0
    00000828 00                    2144 	.db #0x00	; 0
    00000829 19                    2145 	.db #0x19	; 25
    0000082A 90                    2146 	.db #0x90	; 144
    0000082B 00                    2147 	.db #0x00	; 0
    0000082C 5A                    2148 	.db #0x5a	; 90	'Z'
    0000082D 00                    2149 	.db #0x00	; 0
    0000082E 00                    2150 	.db #0x00	; 0
    0000082F 15                    2151 	.db #0x15	; 21
    00000830 90                    2152 	.db #0x90	; 144
    00000831 00                    2153 	.db #0x00	; 0
    00000832 5A                    2154 	.db #0x5a	; 90	'Z'
    00000833 00                    2155 	.db #0x00	; 0
    00000834 00                    2156 	.db #0x00	; 0
    00000835 14                    2157 	.db #0x14	; 20
    00000836 90                    2158 	.db #0x90	; 144
    00000837 00                    2159 	.db #0x00	; 0
    00000838 5A                    2160 	.db #0x5a	; 90	'Z'
    00000839 00                    2161 	.db #0x00	; 0
    0000083A 00                    2162 	.db #0x00	; 0
    0000083B 12                    2163 	.db #0x12	; 18
    0000083C 90                    2164 	.db #0x90	; 144
    0000083D 00                    2165 	.db #0x00	; 0
    0000083E 5A                    2166 	.db #0x5a	; 90	'Z'
    0000083F 00                    2167 	.db #0x00	; 0
    00000840 00                    2168 	.db #0x00	; 0
    00000841                       2169 _P25:
    00000841 07                    2170 	.db #0x07	; 7
    00000842 50                    2171 	.db #0x50	; 80	'P'
    00000843 00                    2172 	.db #0x00	; 0
    00000844 5A                    2173 	.db #0x5a	; 90	'Z'
    00000845 00                    2174 	.db #0x00	; 0
    00000846 00                    2175 	.db #0x00	; 0
    00000847 0A                    2176 	.db #0x0a	; 10
    00000848 50                    2177 	.db #0x50	; 80	'P'
    00000849 00                    2178 	.db #0x00	; 0
    0000084A 5A                    2179 	.db #0x5a	; 90	'Z'
    0000084B 00                    2180 	.db #0x00	; 0
    0000084C 00                    2181 	.db #0x00	; 0
    0000084D 0E                    2182 	.db #0x0e	; 14
    0000084E 50                    2183 	.db #0x50	; 80	'P'
    0000084F 00                    2184 	.db #0x00	; 0
    00000850 5A                    2185 	.db #0x5a	; 90	'Z'
    00000851 00                    2186 	.db #0x00	; 0
    00000852 00                    2187 	.db #0x00	; 0
    00000853 16                    2188 	.db #0x16	; 22
    00000854 50                    2189 	.db #0x50	; 80	'P'
    00000855 00                    2190 	.db #0x00	; 0
    00000856 5A                    2191 	.db #0x5a	; 90	'Z'
    00000857 00                    2192 	.db #0x00	; 0
    00000858 00                    2193 	.db #0x00	; 0
    00000859 13                    2194 	.db #0x13	; 19
    0000085A 50                    2195 	.db #0x50	; 80	'P'
    0000085B 00                    2196 	.db #0x00	; 0
    0000085C 5A                    2197 	.db #0x5a	; 90	'Z'
    0000085D 00                    2198 	.db #0x00	; 0
    0000085E 00                    2199 	.db #0x00	; 0
    0000085F 11                    2200 	.db #0x11	; 17
    00000860 50                    2201 	.db #0x50	; 80	'P'
    00000861 00                    2202 	.db #0x00	; 0
    00000862 5A                    2203 	.db #0x5a	; 90	'Z'
    00000863 00                    2204 	.db #0x00	; 0
    00000864 00                    2205 	.db #0x00	; 0
    00000865 07                    2206 	.db #0x07	; 7
    00000866 50                    2207 	.db #0x50	; 80	'P'
    00000867 00                    2208 	.db #0x00	; 0
    00000868 5A                    2209 	.db #0x5a	; 90	'Z'
    00000869 00                    2210 	.db #0x00	; 0
    0000086A 00                    2211 	.db #0x00	; 0
    0000086B 0A                    2212 	.db #0x0a	; 10
    0000086C 50                    2213 	.db #0x50	; 80	'P'
    0000086D 00                    2214 	.db #0x00	; 0
    0000086E 5A                    2215 	.db #0x5a	; 90	'Z'
    0000086F 00                    2216 	.db #0x00	; 0
    00000870 00                    2217 	.db #0x00	; 0
    00000871 0E                    2218 	.db #0x0e	; 14
    00000872 50                    2219 	.db #0x50	; 80	'P'
    00000873 00                    2220 	.db #0x00	; 0
    00000874 5A                    2221 	.db #0x5a	; 90	'Z'
    00000875 00                    2222 	.db #0x00	; 0
    00000876 00                    2223 	.db #0x00	; 0
    00000877 16                    2224 	.db #0x16	; 22
    00000878 50                    2225 	.db #0x50	; 80	'P'
    00000879 00                    2226 	.db #0x00	; 0
    0000087A 5A                    2227 	.db #0x5a	; 90	'Z'
    0000087B 00                    2228 	.db #0x00	; 0
    0000087C 00                    2229 	.db #0x00	; 0
    0000087D 13                    2230 	.db #0x13	; 19
    0000087E 50                    2231 	.db #0x50	; 80	'P'
    0000087F 00                    2232 	.db #0x00	; 0
    00000880 5A                    2233 	.db #0x5a	; 90	'Z'
    00000881 00                    2234 	.db #0x00	; 0
    00000882 00                    2235 	.db #0x00	; 0
    00000883 07                    2236 	.db #0x07	; 7
    00000884 50                    2237 	.db #0x50	; 80	'P'
    00000885 00                    2238 	.db #0x00	; 0
    00000886 5A                    2239 	.db #0x5a	; 90	'Z'
    00000887 00                    2240 	.db #0x00	; 0
    00000888 00                    2241 	.db #0x00	; 0
    00000889 0A                    2242 	.db #0x0a	; 10
    0000088A 50                    2243 	.db #0x50	; 80	'P'
    0000088B 00                    2244 	.db #0x00	; 0
    0000088C 5A                    2245 	.db #0x5a	; 90	'Z'
    0000088D 00                    2246 	.db #0x00	; 0
    0000088E 00                    2247 	.db #0x00	; 0
    0000088F 0E                    2248 	.db #0x0e	; 14
    00000890 50                    2249 	.db #0x50	; 80	'P'
    00000891 00                    2250 	.db #0x00	; 0
    00000892 5A                    2251 	.db #0x5a	; 90	'Z'
    00000893 00                    2252 	.db #0x00	; 0
    00000894 00                    2253 	.db #0x00	; 0
    00000895 16                    2254 	.db #0x16	; 22
    00000896 50                    2255 	.db #0x50	; 80	'P'
    00000897 00                    2256 	.db #0x00	; 0
    00000898 5A                    2257 	.db #0x5a	; 90	'Z'
    00000899 00                    2258 	.db #0x00	; 0
    0000089A 00                    2259 	.db #0x00	; 0
    0000089B 13                    2260 	.db #0x13	; 19
    0000089C 50                    2261 	.db #0x50	; 80	'P'
    0000089D 00                    2262 	.db #0x00	; 0
    0000089E 5A                    2263 	.db #0x5a	; 90	'Z'
    0000089F 00                    2264 	.db #0x00	; 0
    000008A0 00                    2265 	.db #0x00	; 0
    000008A1 06                    2266 	.db #0x06	; 6
    000008A2 50                    2267 	.db #0x50	; 80	'P'
    000008A3 00                    2268 	.db #0x00	; 0
    000008A4 5A                    2269 	.db #0x5a	; 90	'Z'
    000008A5 00                    2270 	.db #0x00	; 0
    000008A6 00                    2271 	.db #0x00	; 0
    000008A7 09                    2272 	.db #0x09	; 9
    000008A8 50                    2273 	.db #0x50	; 80	'P'
    000008A9 00                    2274 	.db #0x00	; 0
    000008AA 5A                    2275 	.db #0x5a	; 90	'Z'
    000008AB 00                    2276 	.db #0x00	; 0
    000008AC 00                    2277 	.db #0x00	; 0
    000008AD 0D                    2278 	.db #0x0d	; 13
    000008AE 50                    2279 	.db #0x50	; 80	'P'
    000008AF 00                    2280 	.db #0x00	; 0
    000008B0 5A                    2281 	.db #0x5a	; 90	'Z'
    000008B1 00                    2282 	.db #0x00	; 0
    000008B2 00                    2283 	.db #0x00	; 0
    000008B3 15                    2284 	.db #0x15	; 21
    000008B4 50                    2285 	.db #0x50	; 80	'P'
    000008B5 00                    2286 	.db #0x00	; 0
    000008B6 5A                    2287 	.db #0x5a	; 90	'Z'
    000008B7 00                    2288 	.db #0x00	; 0
    000008B8 00                    2289 	.db #0x00	; 0
    000008B9 12                    2290 	.db #0x12	; 18
    000008BA 50                    2291 	.db #0x50	; 80	'P'
    000008BB 00                    2292 	.db #0x00	; 0
    000008BC 5A                    2293 	.db #0x5a	; 90	'Z'
    000008BD 00                    2294 	.db #0x00	; 0
    000008BE 00                    2295 	.db #0x00	; 0
    000008BF 10                    2296 	.db #0x10	; 16
    000008C0 50                    2297 	.db #0x50	; 80	'P'
    000008C1 00                    2298 	.db #0x00	; 0
    000008C2 5A                    2299 	.db #0x5a	; 90	'Z'
    000008C3 00                    2300 	.db #0x00	; 0
    000008C4 00                    2301 	.db #0x00	; 0
    000008C5 06                    2302 	.db #0x06	; 6
    000008C6 50                    2303 	.db #0x50	; 80	'P'
    000008C7 00                    2304 	.db #0x00	; 0
    000008C8 5A                    2305 	.db #0x5a	; 90	'Z'
    000008C9 00                    2306 	.db #0x00	; 0
    000008CA 00                    2307 	.db #0x00	; 0
    000008CB 09                    2308 	.db #0x09	; 9
    000008CC 50                    2309 	.db #0x50	; 80	'P'
    000008CD 00                    2310 	.db #0x00	; 0
    000008CE 5A                    2311 	.db #0x5a	; 90	'Z'
    000008CF 00                    2312 	.db #0x00	; 0
    000008D0 00                    2313 	.db #0x00	; 0
    000008D1 0D                    2314 	.db #0x0d	; 13
    000008D2 50                    2315 	.db #0x50	; 80	'P'
    000008D3 00                    2316 	.db #0x00	; 0
    000008D4 5A                    2317 	.db #0x5a	; 90	'Z'
    000008D5 00                    2318 	.db #0x00	; 0
    000008D6 00                    2319 	.db #0x00	; 0
    000008D7 15                    2320 	.db #0x15	; 21
    000008D8 50                    2321 	.db #0x50	; 80	'P'
    000008D9 00                    2322 	.db #0x00	; 0
    000008DA 5A                    2323 	.db #0x5a	; 90	'Z'
    000008DB 00                    2324 	.db #0x00	; 0
    000008DC 00                    2325 	.db #0x00	; 0
    000008DD 12                    2326 	.db #0x12	; 18
    000008DE 50                    2327 	.db #0x50	; 80	'P'
    000008DF 00                    2328 	.db #0x00	; 0
    000008E0 5A                    2329 	.db #0x5a	; 90	'Z'
    000008E1 00                    2330 	.db #0x00	; 0
    000008E2 00                    2331 	.db #0x00	; 0
    000008E3 06                    2332 	.db #0x06	; 6
    000008E4 50                    2333 	.db #0x50	; 80	'P'
    000008E5 00                    2334 	.db #0x00	; 0
    000008E6 5A                    2335 	.db #0x5a	; 90	'Z'
    000008E7 00                    2336 	.db #0x00	; 0
    000008E8 00                    2337 	.db #0x00	; 0
    000008E9 09                    2338 	.db #0x09	; 9
    000008EA 50                    2339 	.db #0x50	; 80	'P'
    000008EB 00                    2340 	.db #0x00	; 0
    000008EC 5A                    2341 	.db #0x5a	; 90	'Z'
    000008ED 00                    2342 	.db #0x00	; 0
    000008EE 00                    2343 	.db #0x00	; 0
    000008EF 0D                    2344 	.db #0x0d	; 13
    000008F0 50                    2345 	.db #0x50	; 80	'P'
    000008F1 00                    2346 	.db #0x00	; 0
    000008F2 5A                    2347 	.db #0x5a	; 90	'Z'
    000008F3 00                    2348 	.db #0x00	; 0
    000008F4 00                    2349 	.db #0x00	; 0
    000008F5 15                    2350 	.db #0x15	; 21
    000008F6 50                    2351 	.db #0x50	; 80	'P'
    000008F7 00                    2352 	.db #0x00	; 0
    000008F8 5A                    2353 	.db #0x5a	; 90	'Z'
    000008F9 00                    2354 	.db #0x00	; 0
    000008FA 00                    2355 	.db #0x00	; 0
    000008FB 12                    2356 	.db #0x12	; 18
    000008FC 50                    2357 	.db #0x50	; 80	'P'
    000008FD 00                    2358 	.db #0x00	; 0
    000008FE 5A                    2359 	.db #0x5a	; 90	'Z'
    000008FF 00                    2360 	.db #0x00	; 0
    00000900 00                    2361 	.db #0x00	; 0
    00000901                       2362 _P29:
    00000901 07                    2363 	.db #0x07	; 7
    00000902 50                    2364 	.db #0x50	; 80	'P'
    00000903 00                    2365 	.db #0x00	; 0
    00000904 5A                    2366 	.db #0x5a	; 90	'Z'
    00000905 00                    2367 	.db #0x00	; 0
    00000906 00                    2368 	.db #0x00	; 0
    00000907 0A                    2369 	.db #0x0a	; 10
    00000908 50                    2370 	.db #0x50	; 80	'P'
    00000909 00                    2371 	.db #0x00	; 0
    0000090A 5A                    2372 	.db #0x5a	; 90	'Z'
    0000090B 00                    2373 	.db #0x00	; 0
    0000090C 00                    2374 	.db #0x00	; 0
    0000090D 0E                    2375 	.db #0x0e	; 14
    0000090E 50                    2376 	.db #0x50	; 80	'P'
    0000090F 00                    2377 	.db #0x00	; 0
    00000910 5A                    2378 	.db #0x5a	; 90	'Z'
    00000911 00                    2379 	.db #0x00	; 0
    00000912 00                    2380 	.db #0x00	; 0
    00000913 16                    2381 	.db #0x16	; 22
    00000914 50                    2382 	.db #0x50	; 80	'P'
    00000915 00                    2383 	.db #0x00	; 0
    00000916 5A                    2384 	.db #0x5a	; 90	'Z'
    00000917 00                    2385 	.db #0x00	; 0
    00000918 00                    2386 	.db #0x00	; 0
    00000919 13                    2387 	.db #0x13	; 19
    0000091A 50                    2388 	.db #0x50	; 80	'P'
    0000091B 00                    2389 	.db #0x00	; 0
    0000091C 5A                    2390 	.db #0x5a	; 90	'Z'
    0000091D 00                    2391 	.db #0x00	; 0
    0000091E 00                    2392 	.db #0x00	; 0
    0000091F 11                    2393 	.db #0x11	; 17
    00000920 50                    2394 	.db #0x50	; 80	'P'
    00000921 00                    2395 	.db #0x00	; 0
    00000922 5A                    2396 	.db #0x5a	; 90	'Z'
    00000923 00                    2397 	.db #0x00	; 0
    00000924 00                    2398 	.db #0x00	; 0
    00000925 07                    2399 	.db #0x07	; 7
    00000926 50                    2400 	.db #0x50	; 80	'P'
    00000927 00                    2401 	.db #0x00	; 0
    00000928 5A                    2402 	.db #0x5a	; 90	'Z'
    00000929 00                    2403 	.db #0x00	; 0
    0000092A 00                    2404 	.db #0x00	; 0
    0000092B 0A                    2405 	.db #0x0a	; 10
    0000092C 50                    2406 	.db #0x50	; 80	'P'
    0000092D 00                    2407 	.db #0x00	; 0
    0000092E 5A                    2408 	.db #0x5a	; 90	'Z'
    0000092F 00                    2409 	.db #0x00	; 0
    00000930 00                    2410 	.db #0x00	; 0
    00000931 0E                    2411 	.db #0x0e	; 14
    00000932 50                    2412 	.db #0x50	; 80	'P'
    00000933 00                    2413 	.db #0x00	; 0
    00000934 5A                    2414 	.db #0x5a	; 90	'Z'
    00000935 00                    2415 	.db #0x00	; 0
    00000936 00                    2416 	.db #0x00	; 0
    00000937 16                    2417 	.db #0x16	; 22
    00000938 50                    2418 	.db #0x50	; 80	'P'
    00000939 00                    2419 	.db #0x00	; 0
    0000093A 5A                    2420 	.db #0x5a	; 90	'Z'
    0000093B 00                    2421 	.db #0x00	; 0
    0000093C 00                    2422 	.db #0x00	; 0
    0000093D 13                    2423 	.db #0x13	; 19
    0000093E 50                    2424 	.db #0x50	; 80	'P'
    0000093F 00                    2425 	.db #0x00	; 0
    00000940 5A                    2426 	.db #0x5a	; 90	'Z'
    00000941 00                    2427 	.db #0x00	; 0
    00000942 00                    2428 	.db #0x00	; 0
    00000943 07                    2429 	.db #0x07	; 7
    00000944 50                    2430 	.db #0x50	; 80	'P'
    00000945 00                    2431 	.db #0x00	; 0
    00000946 5A                    2432 	.db #0x5a	; 90	'Z'
    00000947 00                    2433 	.db #0x00	; 0
    00000948 00                    2434 	.db #0x00	; 0
    00000949 0A                    2435 	.db #0x0a	; 10
    0000094A 50                    2436 	.db #0x50	; 80	'P'
    0000094B 00                    2437 	.db #0x00	; 0
    0000094C 5A                    2438 	.db #0x5a	; 90	'Z'
    0000094D 00                    2439 	.db #0x00	; 0
    0000094E 00                    2440 	.db #0x00	; 0
    0000094F 0E                    2441 	.db #0x0e	; 14
    00000950 50                    2442 	.db #0x50	; 80	'P'
    00000951 00                    2443 	.db #0x00	; 0
    00000952 5A                    2444 	.db #0x5a	; 90	'Z'
    00000953 00                    2445 	.db #0x00	; 0
    00000954 00                    2446 	.db #0x00	; 0
    00000955 16                    2447 	.db #0x16	; 22
    00000956 50                    2448 	.db #0x50	; 80	'P'
    00000957 00                    2449 	.db #0x00	; 0
    00000958 5A                    2450 	.db #0x5a	; 90	'Z'
    00000959 00                    2451 	.db #0x00	; 0
    0000095A 00                    2452 	.db #0x00	; 0
    0000095B 13                    2453 	.db #0x13	; 19
    0000095C 50                    2454 	.db #0x50	; 80	'P'
    0000095D 00                    2455 	.db #0x00	; 0
    0000095E 5A                    2456 	.db #0x5a	; 90	'Z'
    0000095F 00                    2457 	.db #0x00	; 0
    00000960 00                    2458 	.db #0x00	; 0
    00000961 06                    2459 	.db #0x06	; 6
    00000962 50                    2460 	.db #0x50	; 80	'P'
    00000963 00                    2461 	.db #0x00	; 0
    00000964 5A                    2462 	.db #0x5a	; 90	'Z'
    00000965 00                    2463 	.db #0x00	; 0
    00000966 00                    2464 	.db #0x00	; 0
    00000967 09                    2465 	.db #0x09	; 9
    00000968 50                    2466 	.db #0x50	; 80	'P'
    00000969 00                    2467 	.db #0x00	; 0
    0000096A 5A                    2468 	.db #0x5a	; 90	'Z'
    0000096B 00                    2469 	.db #0x00	; 0
    0000096C 00                    2470 	.db #0x00	; 0
    0000096D 0D                    2471 	.db #0x0d	; 13
    0000096E 5C                    2472 	.db #0x5c	; 92
    0000096F 07                    2473 	.db #0x07	; 7
    00000970 5A                    2474 	.db #0x5a	; 90	'Z'
    00000971 00                    2475 	.db #0x00	; 0
    00000972 00                    2476 	.db #0x00	; 0
    00000973 15                    2477 	.db #0x15	; 21
    00000974 5C                    2478 	.db #0x5c	; 92
    00000975 07                    2479 	.db #0x07	; 7
    00000976 5A                    2480 	.db #0x5a	; 90	'Z'
    00000977 00                    2481 	.db #0x00	; 0
    00000978 00                    2482 	.db #0x00	; 0
    00000979 12                    2483 	.db #0x12	; 18
    0000097A 5C                    2484 	.db #0x5c	; 92
    0000097B 06                    2485 	.db #0x06	; 6
    0000097C 5A                    2486 	.db #0x5a	; 90	'Z'
    0000097D 00                    2487 	.db #0x00	; 0
    0000097E 00                    2488 	.db #0x00	; 0
    0000097F 10                    2489 	.db #0x10	; 16
    00000980 5C                    2490 	.db #0x5c	; 92
    00000981 06                    2491 	.db #0x06	; 6
    00000982 5A                    2492 	.db #0x5a	; 90	'Z'
    00000983 00                    2493 	.db #0x00	; 0
    00000984 00                    2494 	.db #0x00	; 0
    00000985 06                    2495 	.db #0x06	; 6
    00000986 5C                    2496 	.db #0x5c	; 92
    00000987 05                    2497 	.db #0x05	; 5
    00000988 5A                    2498 	.db #0x5a	; 90	'Z'
    00000989 00                    2499 	.db #0x00	; 0
    0000098A 00                    2500 	.db #0x00	; 0
    0000098B 09                    2501 	.db #0x09	; 9
    0000098C 5C                    2502 	.db #0x5c	; 92
    0000098D 05                    2503 	.db #0x05	; 5
    0000098E 5A                    2504 	.db #0x5a	; 90	'Z'
    0000098F 00                    2505 	.db #0x00	; 0
    00000990 00                    2506 	.db #0x00	; 0
    00000991 0D                    2507 	.db #0x0d	; 13
    00000992 5C                    2508 	.db #0x5c	; 92
    00000993 04                    2509 	.db #0x04	; 4
    00000994 5A                    2510 	.db #0x5a	; 90	'Z'
    00000995 00                    2511 	.db #0x00	; 0
    00000996 00                    2512 	.db #0x00	; 0
    00000997 15                    2513 	.db #0x15	; 21
    00000998 5C                    2514 	.db #0x5c	; 92
    00000999 04                    2515 	.db #0x04	; 4
    0000099A 5A                    2516 	.db #0x5a	; 90	'Z'
    0000099B 00                    2517 	.db #0x00	; 0
    0000099C 00                    2518 	.db #0x00	; 0
    0000099D 12                    2519 	.db #0x12	; 18
    0000099E 5C                    2520 	.db #0x5c	; 92
    0000099F 03                    2521 	.db #0x03	; 3
    000009A0 5A                    2522 	.db #0x5a	; 90	'Z'
    000009A1 00                    2523 	.db #0x00	; 0
    000009A2 00                    2524 	.db #0x00	; 0
    000009A3 06                    2525 	.db #0x06	; 6
    000009A4 5C                    2526 	.db #0x5c	; 92
    000009A5 03                    2527 	.db #0x03	; 3
    000009A6 5A                    2528 	.db #0x5a	; 90	'Z'
    000009A7 00                    2529 	.db #0x00	; 0
    000009A8 00                    2530 	.db #0x00	; 0
    000009A9 09                    2531 	.db #0x09	; 9
    000009AA 5C                    2532 	.db #0x5c	; 92
    000009AB 02                    2533 	.db #0x02	; 2
    000009AC 5A                    2534 	.db #0x5a	; 90	'Z'
    000009AD 00                    2535 	.db #0x00	; 0
    000009AE 00                    2536 	.db #0x00	; 0
    000009AF 0D                    2537 	.db #0x0d	; 13
    000009B0 5C                    2538 	.db #0x5c	; 92
    000009B1 02                    2539 	.db #0x02	; 2
    000009B2 5A                    2540 	.db #0x5a	; 90	'Z'
    000009B3 00                    2541 	.db #0x00	; 0
    000009B4 00                    2542 	.db #0x00	; 0
    000009B5 15                    2543 	.db #0x15	; 21
    000009B6 5C                    2544 	.db #0x5c	; 92
    000009B7 01                    2545 	.db #0x01	; 1
    000009B8 5A                    2546 	.db #0x5a	; 90	'Z'
    000009B9 00                    2547 	.db #0x00	; 0
    000009BA 00                    2548 	.db #0x00	; 0
    000009BB 12                    2549 	.db #0x12	; 18
    000009BC 5C                    2550 	.db #0x5c	; 92
    000009BD 01                    2551 	.db #0x01	; 1
    000009BE 5A                    2552 	.db #0x5a	; 90	'Z'
    000009BF 00                    2553 	.db #0x00	; 0
    000009C0 00                    2554 	.db #0x00	; 0
    000009C1                       2555 _P30:
    000009C1 1F                    2556 	.db #0x1f	; 31
    000009C2 D2                    2557 	.db #0xd2	; 210
    000009C3 AA                    2558 	.db #0xaa	; 170
    000009C4 07                    2559 	.db #0x07	; 7
    000009C5 D0                    2560 	.db #0xd0	; 208
    000009C6 00                    2561 	.db #0x00	; 0
    000009C7 5A                    2562 	.db #0x5a	; 90	'Z'
    000009C8 00                    2563 	.db #0x00	; 0
    000009C9 00                    2564 	.db #0x00	; 0
    000009CA 5A                    2565 	.db #0x5a	; 90	'Z'
    000009CB 00                    2566 	.db #0x00	; 0
    000009CC 00                    2567 	.db #0x00	; 0
    000009CD 5A                    2568 	.db #0x5a	; 90	'Z'
    000009CE 00                    2569 	.db #0x00	; 0
    000009CF 00                    2570 	.db #0x00	; 0
    000009D0 5A                    2571 	.db #0x5a	; 90	'Z'
    000009D1 00                    2572 	.db #0x00	; 0
    000009D2 00                    2573 	.db #0x00	; 0
    000009D3 5A                    2574 	.db #0x5a	; 90	'Z'
    000009D4 00                    2575 	.db #0x00	; 0
    000009D5 00                    2576 	.db #0x00	; 0
    000009D6 5A                    2577 	.db #0x5a	; 90	'Z'
    000009D7 00                    2578 	.db #0x00	; 0
    000009D8 00                    2579 	.db #0x00	; 0
    000009D9 5A                    2580 	.db #0x5a	; 90	'Z'
    000009DA 00                    2581 	.db #0x00	; 0
    000009DB 00                    2582 	.db #0x00	; 0
    000009DC 5A                    2583 	.db #0x5a	; 90	'Z'
    000009DD 00                    2584 	.db #0x00	; 0
    000009DE 00                    2585 	.db #0x00	; 0
    000009DF 5A                    2586 	.db #0x5a	; 90	'Z'
    000009E0 00                    2587 	.db #0x00	; 0
    000009E1 00                    2588 	.db #0x00	; 0
    000009E2 5A                    2589 	.db #0x5a	; 90	'Z'
    000009E3 00                    2590 	.db #0x00	; 0
    000009E4 00                    2591 	.db #0x00	; 0
    000009E5 5A                    2592 	.db #0x5a	; 90	'Z'
    000009E6 00                    2593 	.db #0x00	; 0
    000009E7 00                    2594 	.db #0x00	; 0
    000009E8 5A                    2595 	.db #0x5a	; 90	'Z'
    000009E9 00                    2596 	.db #0x00	; 0
    000009EA 00                    2597 	.db #0x00	; 0
    000009EB 1F                    2598 	.db #0x1f	; 31
    000009EC D2                    2599 	.db #0xd2	; 210
    000009ED AA                    2600 	.db #0xaa	; 170
    000009EE 5A                    2601 	.db #0x5a	; 90	'Z'
    000009EF 0E                    2602 	.db #0x0e	; 14
    000009F0 00                    2603 	.db #0x00	; 0
    000009F1 5A                    2604 	.db #0x5a	; 90	'Z'
    000009F2 00                    2605 	.db #0x00	; 0
    000009F3 00                    2606 	.db #0x00	; 0
    000009F4 5A                    2607 	.db #0x5a	; 90	'Z'
    000009F5 00                    2608 	.db #0x00	; 0
    000009F6 00                    2609 	.db #0x00	; 0
    000009F7 1F                    2610 	.db #0x1f	; 31
    000009F8 D2                    2611 	.db #0xd2	; 210
    000009F9 AA                    2612 	.db #0xaa	; 170
    000009FA 5A                    2613 	.db #0x5a	; 90	'Z'
    000009FB 0E                    2614 	.db #0x0e	; 14
    000009FC 00                    2615 	.db #0x00	; 0
    000009FD 1F                    2616 	.db #0x1f	; 31
    000009FE D2                    2617 	.db #0xd2	; 210
    000009FF AA                    2618 	.db #0xaa	; 170
    00000A00 5A                    2619 	.db #0x5a	; 90	'Z'
    00000A01 0E                    2620 	.db #0x0e	; 14
    00000A02 00                    2621 	.db #0x00	; 0
    00000A03 5A                    2622 	.db #0x5a	; 90	'Z'
    00000A04 00                    2623 	.db #0x00	; 0
    00000A05 00                    2624 	.db #0x00	; 0
    00000A06 5A                    2625 	.db #0x5a	; 90	'Z'
    00000A07 00                    2626 	.db #0x00	; 0
    00000A08 00                    2627 	.db #0x00	; 0
    00000A09 5A                    2628 	.db #0x5a	; 90	'Z'
    00000A0A 00                    2629 	.db #0x00	; 0
    00000A0B 00                    2630 	.db #0x00	; 0
    00000A0C 5A                    2631 	.db #0x5a	; 90	'Z'
    00000A0D 00                    2632 	.db #0x00	; 0
    00000A0E 00                    2633 	.db #0x00	; 0
    00000A0F 5A                    2634 	.db #0x5a	; 90	'Z'
    00000A10 00                    2635 	.db #0x00	; 0
    00000A11 00                    2636 	.db #0x00	; 0
    00000A12 5A                    2637 	.db #0x5a	; 90	'Z'
    00000A13 00                    2638 	.db #0x00	; 0
    00000A14 00                    2639 	.db #0x00	; 0
    00000A15 1F                    2640 	.db #0x1f	; 31
    00000A16 D2                    2641 	.db #0xd2	; 210
    00000A17 AA                    2642 	.db #0xaa	; 170
    00000A18 5A                    2643 	.db #0x5a	; 90	'Z'
    00000A19 0E                    2644 	.db #0x0e	; 14
    00000A1A 00                    2645 	.db #0x00	; 0
    00000A1B 1F                    2646 	.db #0x1f	; 31
    00000A1C D2                    2647 	.db #0xd2	; 210
    00000A1D AA                    2648 	.db #0xaa	; 170
    00000A1E 5A                    2649 	.db #0x5a	; 90	'Z'
    00000A1F 0E                    2650 	.db #0x0e	; 14
    00000A20 00                    2651 	.db #0x00	; 0
    00000A21 1E                    2652 	.db #0x1e	; 30
    00000A22 D2                    2653 	.db #0xd2	; 210
    00000A23 AA                    2654 	.db #0xaa	; 170
    00000A24 06                    2655 	.db #0x06	; 6
    00000A25 D0                    2656 	.db #0xd0	; 208
    00000A26 00                    2657 	.db #0x00	; 0
    00000A27 5A                    2658 	.db #0x5a	; 90	'Z'
    00000A28 00                    2659 	.db #0x00	; 0
    00000A29 00                    2660 	.db #0x00	; 0
    00000A2A 5A                    2661 	.db #0x5a	; 90	'Z'
    00000A2B 00                    2662 	.db #0x00	; 0
    00000A2C 00                    2663 	.db #0x00	; 0
    00000A2D 5A                    2664 	.db #0x5a	; 90	'Z'
    00000A2E 00                    2665 	.db #0x00	; 0
    00000A2F 00                    2666 	.db #0x00	; 0
    00000A30 5A                    2667 	.db #0x5a	; 90	'Z'
    00000A31 00                    2668 	.db #0x00	; 0
    00000A32 00                    2669 	.db #0x00	; 0
    00000A33 5A                    2670 	.db #0x5a	; 90	'Z'
    00000A34 00                    2671 	.db #0x00	; 0
    00000A35 00                    2672 	.db #0x00	; 0
    00000A36 5A                    2673 	.db #0x5a	; 90	'Z'
    00000A37 00                    2674 	.db #0x00	; 0
    00000A38 00                    2675 	.db #0x00	; 0
    00000A39 5A                    2676 	.db #0x5a	; 90	'Z'
    00000A3A 00                    2677 	.db #0x00	; 0
    00000A3B 00                    2678 	.db #0x00	; 0
    00000A3C 5A                    2679 	.db #0x5a	; 90	'Z'
    00000A3D 00                    2680 	.db #0x00	; 0
    00000A3E 00                    2681 	.db #0x00	; 0
    00000A3F 5A                    2682 	.db #0x5a	; 90	'Z'
    00000A40 00                    2683 	.db #0x00	; 0
    00000A41 00                    2684 	.db #0x00	; 0
    00000A42 5A                    2685 	.db #0x5a	; 90	'Z'
    00000A43 00                    2686 	.db #0x00	; 0
    00000A44 00                    2687 	.db #0x00	; 0
    00000A45 5A                    2688 	.db #0x5a	; 90	'Z'
    00000A46 00                    2689 	.db #0x00	; 0
    00000A47 00                    2690 	.db #0x00	; 0
    00000A48 5A                    2691 	.db #0x5a	; 90	'Z'
    00000A49 00                    2692 	.db #0x00	; 0
    00000A4A 00                    2693 	.db #0x00	; 0
    00000A4B 1E                    2694 	.db #0x1e	; 30
    00000A4C D2                    2695 	.db #0xd2	; 210
    00000A4D AA                    2696 	.db #0xaa	; 170
    00000A4E 5A                    2697 	.db #0x5a	; 90	'Z'
    00000A4F 0E                    2698 	.db #0x0e	; 14
    00000A50 00                    2699 	.db #0x00	; 0
    00000A51 5A                    2700 	.db #0x5a	; 90	'Z'
    00000A52 00                    2701 	.db #0x00	; 0
    00000A53 00                    2702 	.db #0x00	; 0
    00000A54 5A                    2703 	.db #0x5a	; 90	'Z'
    00000A55 00                    2704 	.db #0x00	; 0
    00000A56 00                    2705 	.db #0x00	; 0
    00000A57 1E                    2706 	.db #0x1e	; 30
    00000A58 D2                    2707 	.db #0xd2	; 210
    00000A59 AA                    2708 	.db #0xaa	; 170
    00000A5A 5A                    2709 	.db #0x5a	; 90	'Z'
    00000A5B 0E                    2710 	.db #0x0e	; 14
    00000A5C 00                    2711 	.db #0x00	; 0
    00000A5D 1E                    2712 	.db #0x1e	; 30
    00000A5E D2                    2713 	.db #0xd2	; 210
    00000A5F AA                    2714 	.db #0xaa	; 170
    00000A60 5A                    2715 	.db #0x5a	; 90	'Z'
    00000A61 0E                    2716 	.db #0x0e	; 14
    00000A62 00                    2717 	.db #0x00	; 0
    00000A63 5A                    2718 	.db #0x5a	; 90	'Z'
    00000A64 00                    2719 	.db #0x00	; 0
    00000A65 00                    2720 	.db #0x00	; 0
    00000A66 5A                    2721 	.db #0x5a	; 90	'Z'
    00000A67 00                    2722 	.db #0x00	; 0
    00000A68 00                    2723 	.db #0x00	; 0
    00000A69 5A                    2724 	.db #0x5a	; 90	'Z'
    00000A6A 00                    2725 	.db #0x00	; 0
    00000A6B 00                    2726 	.db #0x00	; 0
    00000A6C 5A                    2727 	.db #0x5a	; 90	'Z'
    00000A6D 00                    2728 	.db #0x00	; 0
    00000A6E 00                    2729 	.db #0x00	; 0
    00000A6F 5A                    2730 	.db #0x5a	; 90	'Z'
    00000A70 00                    2731 	.db #0x00	; 0
    00000A71 00                    2732 	.db #0x00	; 0
    00000A72 5A                    2733 	.db #0x5a	; 90	'Z'
    00000A73 00                    2734 	.db #0x00	; 0
    00000A74 00                    2735 	.db #0x00	; 0
    00000A75 5A                    2736 	.db #0x5a	; 90	'Z'
    00000A76 00                    2737 	.db #0x00	; 0
    00000A77 00                    2738 	.db #0x00	; 0
    00000A78 5A                    2739 	.db #0x5a	; 90	'Z'
    00000A79 00                    2740 	.db #0x00	; 0
    00000A7A 00                    2741 	.db #0x00	; 0
    00000A7B 5A                    2742 	.db #0x5a	; 90	'Z'
    00000A7C 00                    2743 	.db #0x00	; 0
    00000A7D 00                    2744 	.db #0x00	; 0
    00000A7E 5A                    2745 	.db #0x5a	; 90	'Z'
    00000A7F 00                    2746 	.db #0x00	; 0
    00000A80 00                    2747 	.db #0x00	; 0
    00000A81                       2748 _P31:
    00000A81 5A                    2749 	.db #0x5a	; 90	'Z'
    00000A82 00                    2750 	.db #0x00	; 0
    00000A83 00                    2751 	.db #0x00	; 0
    00000A84 5A                    2752 	.db #0x5a	; 90	'Z'
    00000A85 00                    2753 	.db #0x00	; 0
    00000A86 00                    2754 	.db #0x00	; 0
    00000A87 5A                    2755 	.db #0x5a	; 90	'Z'
    00000A88 00                    2756 	.db #0x00	; 0
    00000A89 00                    2757 	.db #0x00	; 0
    00000A8A 5A                    2758 	.db #0x5a	; 90	'Z'
    00000A8B 00                    2759 	.db #0x00	; 0
    00000A8C 00                    2760 	.db #0x00	; 0
    00000A8D 5A                    2761 	.db #0x5a	; 90	'Z'
    00000A8E 00                    2762 	.db #0x00	; 0
    00000A8F 00                    2763 	.db #0x00	; 0
    00000A90 5A                    2764 	.db #0x5a	; 90	'Z'
    00000A91 00                    2765 	.db #0x00	; 0
    00000A92 00                    2766 	.db #0x00	; 0
    00000A93 5A                    2767 	.db #0x5a	; 90	'Z'
    00000A94 00                    2768 	.db #0x00	; 0
    00000A95 00                    2769 	.db #0x00	; 0
    00000A96 5A                    2770 	.db #0x5a	; 90	'Z'
    00000A97 00                    2771 	.db #0x00	; 0
    00000A98 00                    2772 	.db #0x00	; 0
    00000A99 18                    2773 	.db #0x18	; 24
    00000A9A 70                    2774 	.db #0x70	; 112	'p'
    00000A9B 00                    2775 	.db #0x00	; 0
    00000A9C 5A                    2776 	.db #0x5a	; 90	'Z'
    00000A9D 00                    2777 	.db #0x00	; 0
    00000A9E 00                    2778 	.db #0x00	; 0
    00000A9F 5A                    2779 	.db #0x5a	; 90	'Z'
    00000AA0 00                    2780 	.db #0x00	; 0
    00000AA1 00                    2781 	.db #0x00	; 0
    00000AA2 5A                    2782 	.db #0x5a	; 90	'Z'
    00000AA3 00                    2783 	.db #0x00	; 0
    00000AA4 00                    2784 	.db #0x00	; 0
    00000AA5 5A                    2785 	.db #0x5a	; 90	'Z'
    00000AA6 00                    2786 	.db #0x00	; 0
    00000AA7 00                    2787 	.db #0x00	; 0
    00000AA8 5A                    2788 	.db #0x5a	; 90	'Z'
    00000AA9 00                    2789 	.db #0x00	; 0
    00000AAA 00                    2790 	.db #0x00	; 0
    00000AAB 5A                    2791 	.db #0x5a	; 90	'Z'
    00000AAC 00                    2792 	.db #0x00	; 0
    00000AAD 00                    2793 	.db #0x00	; 0
    00000AAE 5A                    2794 	.db #0x5a	; 90	'Z'
    00000AAF 00                    2795 	.db #0x00	; 0
    00000AB0 00                    2796 	.db #0x00	; 0
    00000AB1 5A                    2797 	.db #0x5a	; 90	'Z'
    00000AB2 00                    2798 	.db #0x00	; 0
    00000AB3 00                    2799 	.db #0x00	; 0
    00000AB4 5A                    2800 	.db #0x5a	; 90	'Z'
    00000AB5 00                    2801 	.db #0x00	; 0
    00000AB6 00                    2802 	.db #0x00	; 0
    00000AB7 5A                    2803 	.db #0x5a	; 90	'Z'
    00000AB8 00                    2804 	.db #0x00	; 0
    00000AB9 00                    2805 	.db #0x00	; 0
    00000ABA 5A                    2806 	.db #0x5a	; 90	'Z'
    00000ABB 00                    2807 	.db #0x00	; 0
    00000ABC 00                    2808 	.db #0x00	; 0
    00000ABD 5A                    2809 	.db #0x5a	; 90	'Z'
    00000ABE 00                    2810 	.db #0x00	; 0
    00000ABF 00                    2811 	.db #0x00	; 0
    00000AC0 5A                    2812 	.db #0x5a	; 90	'Z'
    00000AC1 00                    2813 	.db #0x00	; 0
    00000AC2 00                    2814 	.db #0x00	; 0
    00000AC3 5A                    2815 	.db #0x5a	; 90	'Z'
    00000AC4 00                    2816 	.db #0x00	; 0
    00000AC5 00                    2817 	.db #0x00	; 0
    00000AC6 5A                    2818 	.db #0x5a	; 90	'Z'
    00000AC7 00                    2819 	.db #0x00	; 0
    00000AC8 00                    2820 	.db #0x00	; 0
    00000AC9 18                    2821 	.db #0x18	; 24
    00000ACA 70                    2822 	.db #0x70	; 112	'p'
    00000ACB 00                    2823 	.db #0x00	; 0
    00000ACC 5A                    2824 	.db #0x5a	; 90	'Z'
    00000ACD 00                    2825 	.db #0x00	; 0
    00000ACE 00                    2826 	.db #0x00	; 0
    00000ACF 5A                    2827 	.db #0x5a	; 90	'Z'
    00000AD0 00                    2828 	.db #0x00	; 0
    00000AD1 00                    2829 	.db #0x00	; 0
    00000AD2 5A                    2830 	.db #0x5a	; 90	'Z'
    00000AD3 00                    2831 	.db #0x00	; 0
    00000AD4 00                    2832 	.db #0x00	; 0
    00000AD5 5A                    2833 	.db #0x5a	; 90	'Z'
    00000AD6 00                    2834 	.db #0x00	; 0
    00000AD7 00                    2835 	.db #0x00	; 0
    00000AD8 5A                    2836 	.db #0x5a	; 90	'Z'
    00000AD9 00                    2837 	.db #0x00	; 0
    00000ADA 00                    2838 	.db #0x00	; 0
    00000ADB 5A                    2839 	.db #0x5a	; 90	'Z'
    00000ADC 00                    2840 	.db #0x00	; 0
    00000ADD 00                    2841 	.db #0x00	; 0
    00000ADE 5A                    2842 	.db #0x5a	; 90	'Z'
    00000ADF 00                    2843 	.db #0x00	; 0
    00000AE0 00                    2844 	.db #0x00	; 0
    00000AE1 5A                    2845 	.db #0x5a	; 90	'Z'
    00000AE2 00                    2846 	.db #0x00	; 0
    00000AE3 00                    2847 	.db #0x00	; 0
    00000AE4 5A                    2848 	.db #0x5a	; 90	'Z'
    00000AE5 00                    2849 	.db #0x00	; 0
    00000AE6 00                    2850 	.db #0x00	; 0
    00000AE7 5A                    2851 	.db #0x5a	; 90	'Z'
    00000AE8 00                    2852 	.db #0x00	; 0
    00000AE9 00                    2853 	.db #0x00	; 0
    00000AEA 5A                    2854 	.db #0x5a	; 90	'Z'
    00000AEB 00                    2855 	.db #0x00	; 0
    00000AEC 00                    2856 	.db #0x00	; 0
    00000AED 5A                    2857 	.db #0x5a	; 90	'Z'
    00000AEE 00                    2858 	.db #0x00	; 0
    00000AEF 00                    2859 	.db #0x00	; 0
    00000AF0 5A                    2860 	.db #0x5a	; 90	'Z'
    00000AF1 00                    2861 	.db #0x00	; 0
    00000AF2 00                    2862 	.db #0x00	; 0
    00000AF3 5A                    2863 	.db #0x5a	; 90	'Z'
    00000AF4 00                    2864 	.db #0x00	; 0
    00000AF5 00                    2865 	.db #0x00	; 0
    00000AF6 5A                    2866 	.db #0x5a	; 90	'Z'
    00000AF7 00                    2867 	.db #0x00	; 0
    00000AF8 00                    2868 	.db #0x00	; 0
    00000AF9 18                    2869 	.db #0x18	; 24
    00000AFA 70                    2870 	.db #0x70	; 112	'p'
    00000AFB 00                    2871 	.db #0x00	; 0
    00000AFC 5A                    2872 	.db #0x5a	; 90	'Z'
    00000AFD 00                    2873 	.db #0x00	; 0
    00000AFE 00                    2874 	.db #0x00	; 0
    00000AFF 5A                    2875 	.db #0x5a	; 90	'Z'
    00000B00 00                    2876 	.db #0x00	; 0
    00000B01 00                    2877 	.db #0x00	; 0
    00000B02 5A                    2878 	.db #0x5a	; 90	'Z'
    00000B03 00                    2879 	.db #0x00	; 0
    00000B04 00                    2880 	.db #0x00	; 0
    00000B05 5A                    2881 	.db #0x5a	; 90	'Z'
    00000B06 00                    2882 	.db #0x00	; 0
    00000B07 00                    2883 	.db #0x00	; 0
    00000B08 5A                    2884 	.db #0x5a	; 90	'Z'
    00000B09 00                    2885 	.db #0x00	; 0
    00000B0A 00                    2886 	.db #0x00	; 0
    00000B0B 5A                    2887 	.db #0x5a	; 90	'Z'
    00000B0C 00                    2888 	.db #0x00	; 0
    00000B0D 00                    2889 	.db #0x00	; 0
    00000B0E 5A                    2890 	.db #0x5a	; 90	'Z'
    00000B0F 00                    2891 	.db #0x00	; 0
    00000B10 00                    2892 	.db #0x00	; 0
    00000B11 5A                    2893 	.db #0x5a	; 90	'Z'
    00000B12 00                    2894 	.db #0x00	; 0
    00000B13 00                    2895 	.db #0x00	; 0
    00000B14 5A                    2896 	.db #0x5a	; 90	'Z'
    00000B15 00                    2897 	.db #0x00	; 0
    00000B16 00                    2898 	.db #0x00	; 0
    00000B17 5A                    2899 	.db #0x5a	; 90	'Z'
    00000B18 00                    2900 	.db #0x00	; 0
    00000B19 00                    2901 	.db #0x00	; 0
    00000B1A 5A                    2902 	.db #0x5a	; 90	'Z'
    00000B1B 00                    2903 	.db #0x00	; 0
    00000B1C 00                    2904 	.db #0x00	; 0
    00000B1D 5A                    2905 	.db #0x5a	; 90	'Z'
    00000B1E 00                    2906 	.db #0x00	; 0
    00000B1F 00                    2907 	.db #0x00	; 0
    00000B20 5A                    2908 	.db #0x5a	; 90	'Z'
    00000B21 00                    2909 	.db #0x00	; 0
    00000B22 00                    2910 	.db #0x00	; 0
    00000B23 5A                    2911 	.db #0x5a	; 90	'Z'
    00000B24 00                    2912 	.db #0x00	; 0
    00000B25 00                    2913 	.db #0x00	; 0
    00000B26 5A                    2914 	.db #0x5a	; 90	'Z'
    00000B27 00                    2915 	.db #0x00	; 0
    00000B28 00                    2916 	.db #0x00	; 0
    00000B29 5A                    2917 	.db #0x5a	; 90	'Z'
    00000B2A 00                    2918 	.db #0x00	; 0
    00000B2B 00                    2919 	.db #0x00	; 0
    00000B2C 5A                    2920 	.db #0x5a	; 90	'Z'
    00000B2D 00                    2921 	.db #0x00	; 0
    00000B2E 00                    2922 	.db #0x00	; 0
    00000B2F 5A                    2923 	.db #0x5a	; 90	'Z'
    00000B30 00                    2924 	.db #0x00	; 0
    00000B31 00                    2925 	.db #0x00	; 0
    00000B32 5A                    2926 	.db #0x5a	; 90	'Z'
    00000B33 00                    2927 	.db #0x00	; 0
    00000B34 00                    2928 	.db #0x00	; 0
    00000B35 5A                    2929 	.db #0x5a	; 90	'Z'
    00000B36 00                    2930 	.db #0x00	; 0
    00000B37 00                    2931 	.db #0x00	; 0
    00000B38 5A                    2932 	.db #0x5a	; 90	'Z'
    00000B39 00                    2933 	.db #0x00	; 0
    00000B3A 00                    2934 	.db #0x00	; 0
    00000B3B 5A                    2935 	.db #0x5a	; 90	'Z'
    00000B3C 00                    2936 	.db #0x00	; 0
    00000B3D 00                    2937 	.db #0x00	; 0
    00000B3E 5A                    2938 	.db #0x5a	; 90	'Z'
    00000B3F 00                    2939 	.db #0x00	; 0
    00000B40 00                    2940 	.db #0x00	; 0
    00000B41                       2941 _P32:
    00000B41 13                    2942 	.db #0x13	; 19
    00000B42 90                    2943 	.db #0x90	; 144
    00000B43 00                    2944 	.db #0x00	; 0
    00000B44 5A                    2945 	.db #0x5a	; 90	'Z'
    00000B45 00                    2946 	.db #0x00	; 0
    00000B46 00                    2947 	.db #0x00	; 0
    00000B47 1A                    2948 	.db #0x1a	; 26
    00000B48 90                    2949 	.db #0x90	; 144
    00000B49 00                    2950 	.db #0x00	; 0
    00000B4A 5A                    2951 	.db #0x5a	; 90	'Z'
    00000B4B 00                    2952 	.db #0x00	; 0
    00000B4C 00                    2953 	.db #0x00	; 0
    00000B4D 15                    2954 	.db #0x15	; 21
    00000B4E 9C                    2955 	.db #0x9c	; 156
    00000B4F 0A                    2956 	.db #0x0a	; 10
    00000B50 5A                    2957 	.db #0x5a	; 90	'Z'
    00000B51 00                    2958 	.db #0x00	; 0
    00000B52 00                    2959 	.db #0x00	; 0
    00000B53 16                    2960 	.db #0x16	; 22
    00000B54 9C                    2961 	.db #0x9c	; 156
    00000B55 0A                    2962 	.db #0x0a	; 10
    00000B56 5A                    2963 	.db #0x5a	; 90	'Z'
    00000B57 00                    2964 	.db #0x00	; 0
    00000B58 00                    2965 	.db #0x00	; 0
    00000B59 1A                    2966 	.db #0x1a	; 26
    00000B5A 9C                    2967 	.db #0x9c	; 156
    00000B5B 09                    2968 	.db #0x09	; 9
    00000B5C 5A                    2969 	.db #0x5a	; 90	'Z'
    00000B5D 00                    2970 	.db #0x00	; 0
    00000B5E 00                    2971 	.db #0x00	; 0
    00000B5F 16                    2972 	.db #0x16	; 22
    00000B60 9C                    2973 	.db #0x9c	; 156
    00000B61 09                    2974 	.db #0x09	; 9
    00000B62 5A                    2975 	.db #0x5a	; 90	'Z'
    00000B63 00                    2976 	.db #0x00	; 0
    00000B64 00                    2977 	.db #0x00	; 0
    00000B65 15                    2978 	.db #0x15	; 21
    00000B66 9C                    2979 	.db #0x9c	; 156
    00000B67 08                    2980 	.db #0x08	; 8
    00000B68 5A                    2981 	.db #0x5a	; 90	'Z'
    00000B69 00                    2982 	.db #0x00	; 0
    00000B6A 00                    2983 	.db #0x00	; 0
    00000B6B 13                    2984 	.db #0x13	; 19
    00000B6C 9C                    2985 	.db #0x9c	; 156
    00000B6D 08                    2986 	.db #0x08	; 8
    00000B6E 5A                    2987 	.db #0x5a	; 90	'Z'
    00000B6F 00                    2988 	.db #0x00	; 0
    00000B70 00                    2989 	.db #0x00	; 0
    00000B71 13                    2990 	.db #0x13	; 19
    00000B72 9C                    2991 	.db #0x9c	; 156
    00000B73 07                    2992 	.db #0x07	; 7
    00000B74 5A                    2993 	.db #0x5a	; 90	'Z'
    00000B75 00                    2994 	.db #0x00	; 0
    00000B76 00                    2995 	.db #0x00	; 0
    00000B77 1A                    2996 	.db #0x1a	; 26
    00000B78 9C                    2997 	.db #0x9c	; 156
    00000B79 07                    2998 	.db #0x07	; 7
    00000B7A 5A                    2999 	.db #0x5a	; 90	'Z'
    00000B7B 00                    3000 	.db #0x00	; 0
    00000B7C 00                    3001 	.db #0x00	; 0
    00000B7D 15                    3002 	.db #0x15	; 21
    00000B7E 9C                    3003 	.db #0x9c	; 156
    00000B7F 06                    3004 	.db #0x06	; 6
    00000B80 5A                    3005 	.db #0x5a	; 90	'Z'
    00000B81 00                    3006 	.db #0x00	; 0
    00000B82 00                    3007 	.db #0x00	; 0
    00000B83 16                    3008 	.db #0x16	; 22
    00000B84 9C                    3009 	.db #0x9c	; 156
    00000B85 06                    3010 	.db #0x06	; 6
    00000B86 5A                    3011 	.db #0x5a	; 90	'Z'
    00000B87 00                    3012 	.db #0x00	; 0
    00000B88 00                    3013 	.db #0x00	; 0
    00000B89 1A                    3014 	.db #0x1a	; 26
    00000B8A 9C                    3015 	.db #0x9c	; 156
    00000B8B 05                    3016 	.db #0x05	; 5
    00000B8C 5A                    3017 	.db #0x5a	; 90	'Z'
    00000B8D 00                    3018 	.db #0x00	; 0
    00000B8E 00                    3019 	.db #0x00	; 0
    00000B8F 16                    3020 	.db #0x16	; 22
    00000B90 9C                    3021 	.db #0x9c	; 156
    00000B91 05                    3022 	.db #0x05	; 5
    00000B92 5A                    3023 	.db #0x5a	; 90	'Z'
    00000B93 00                    3024 	.db #0x00	; 0
    00000B94 00                    3025 	.db #0x00	; 0
    00000B95 15                    3026 	.db #0x15	; 21
    00000B96 9C                    3027 	.db #0x9c	; 156
    00000B97 04                    3028 	.db #0x04	; 4
    00000B98 5A                    3029 	.db #0x5a	; 90	'Z'
    00000B99 00                    3030 	.db #0x00	; 0
    00000B9A 00                    3031 	.db #0x00	; 0
    00000B9B 13                    3032 	.db #0x13	; 19
    00000B9C 9C                    3033 	.db #0x9c	; 156
    00000B9D 04                    3034 	.db #0x04	; 4
    00000B9E 5A                    3035 	.db #0x5a	; 90	'Z'
    00000B9F 00                    3036 	.db #0x00	; 0
    00000BA0 00                    3037 	.db #0x00	; 0
    00000BA1 12                    3038 	.db #0x12	; 18
    00000BA2 9C                    3039 	.db #0x9c	; 156
    00000BA3 03                    3040 	.db #0x03	; 3
    00000BA4 5A                    3041 	.db #0x5a	; 90	'Z'
    00000BA5 00                    3042 	.db #0x00	; 0
    00000BA6 00                    3043 	.db #0x00	; 0
    00000BA7 19                    3044 	.db #0x19	; 25
    00000BA8 9C                    3045 	.db #0x9c	; 156
    00000BA9 03                    3046 	.db #0x03	; 3
    00000BAA 5A                    3047 	.db #0x5a	; 90	'Z'
    00000BAB 00                    3048 	.db #0x00	; 0
    00000BAC 00                    3049 	.db #0x00	; 0
    00000BAD 14                    3050 	.db #0x14	; 20
    00000BAE 9C                    3051 	.db #0x9c	; 156
    00000BAF 02                    3052 	.db #0x02	; 2
    00000BB0 5A                    3053 	.db #0x5a	; 90	'Z'
    00000BB1 00                    3054 	.db #0x00	; 0
    00000BB2 00                    3055 	.db #0x00	; 0
    00000BB3 15                    3056 	.db #0x15	; 21
    00000BB4 9C                    3057 	.db #0x9c	; 156
    00000BB5 02                    3058 	.db #0x02	; 2
    00000BB6 5A                    3059 	.db #0x5a	; 90	'Z'
    00000BB7 00                    3060 	.db #0x00	; 0
    00000BB8 00                    3061 	.db #0x00	; 0
    00000BB9 19                    3062 	.db #0x19	; 25
    00000BBA 9C                    3063 	.db #0x9c	; 156
    00000BBB 01                    3064 	.db #0x01	; 1
    00000BBC 5A                    3065 	.db #0x5a	; 90	'Z'
    00000BBD 00                    3066 	.db #0x00	; 0
    00000BBE 00                    3067 	.db #0x00	; 0
    00000BBF 15                    3068 	.db #0x15	; 21
    00000BC0 9C                    3069 	.db #0x9c	; 156
    00000BC1 01                    3070 	.db #0x01	; 1
    00000BC2 5A                    3071 	.db #0x5a	; 90	'Z'
    00000BC3 00                    3072 	.db #0x00	; 0
    00000BC4 00                    3073 	.db #0x00	; 0
    00000BC5 14                    3074 	.db #0x14	; 20
    00000BC6 9E                    3075 	.db #0x9e	; 158
    00000BC7 00                    3076 	.db #0x00	; 0
    00000BC8 5A                    3077 	.db #0x5a	; 90	'Z'
    00000BC9 00                    3078 	.db #0x00	; 0
    00000BCA 00                    3079 	.db #0x00	; 0
    00000BCB 5A                    3080 	.db #0x5a	; 90	'Z'
    00000BCC 00                    3081 	.db #0x00	; 0
    00000BCD 00                    3082 	.db #0x00	; 0
    00000BCE 5A                    3083 	.db #0x5a	; 90	'Z'
    00000BCF 00                    3084 	.db #0x00	; 0
    00000BD0 00                    3085 	.db #0x00	; 0
    00000BD1 5A                    3086 	.db #0x5a	; 90	'Z'
    00000BD2 00                    3087 	.db #0x00	; 0
    00000BD3 00                    3088 	.db #0x00	; 0
    00000BD4 5A                    3089 	.db #0x5a	; 90	'Z'
    00000BD5 00                    3090 	.db #0x00	; 0
    00000BD6 00                    3091 	.db #0x00	; 0
    00000BD7 5A                    3092 	.db #0x5a	; 90	'Z'
    00000BD8 00                    3093 	.db #0x00	; 0
    00000BD9 00                    3094 	.db #0x00	; 0
    00000BDA 5A                    3095 	.db #0x5a	; 90	'Z'
    00000BDB 00                    3096 	.db #0x00	; 0
    00000BDC 00                    3097 	.db #0x00	; 0
    00000BDD 5A                    3098 	.db #0x5a	; 90	'Z'
    00000BDE 00                    3099 	.db #0x00	; 0
    00000BDF 00                    3100 	.db #0x00	; 0
    00000BE0 5A                    3101 	.db #0x5a	; 90	'Z'
    00000BE1 00                    3102 	.db #0x00	; 0
    00000BE2 00                    3103 	.db #0x00	; 0
    00000BE3 5A                    3104 	.db #0x5a	; 90	'Z'
    00000BE4 00                    3105 	.db #0x00	; 0
    00000BE5 00                    3106 	.db #0x00	; 0
    00000BE6 5A                    3107 	.db #0x5a	; 90	'Z'
    00000BE7 00                    3108 	.db #0x00	; 0
    00000BE8 00                    3109 	.db #0x00	; 0
    00000BE9 5A                    3110 	.db #0x5a	; 90	'Z'
    00000BEA 00                    3111 	.db #0x00	; 0
    00000BEB 00                    3112 	.db #0x00	; 0
    00000BEC 5A                    3113 	.db #0x5a	; 90	'Z'
    00000BED 00                    3114 	.db #0x00	; 0
    00000BEE 00                    3115 	.db #0x00	; 0
    00000BEF 5A                    3116 	.db #0x5a	; 90	'Z'
    00000BF0 00                    3117 	.db #0x00	; 0
    00000BF1 00                    3118 	.db #0x00	; 0
    00000BF2 5A                    3119 	.db #0x5a	; 90	'Z'
    00000BF3 00                    3120 	.db #0x00	; 0
    00000BF4 00                    3121 	.db #0x00	; 0
    00000BF5 5A                    3122 	.db #0x5a	; 90	'Z'
    00000BF6 00                    3123 	.db #0x00	; 0
    00000BF7 00                    3124 	.db #0x00	; 0
    00000BF8 5A                    3125 	.db #0x5a	; 90	'Z'
    00000BF9 00                    3126 	.db #0x00	; 0
    00000BFA 00                    3127 	.db #0x00	; 0
    00000BFB 5A                    3128 	.db #0x5a	; 90	'Z'
    00000BFC 00                    3129 	.db #0x00	; 0
    00000BFD 00                    3130 	.db #0x00	; 0
    00000BFE 5A                    3131 	.db #0x5a	; 90	'Z'
    00000BFF 0B                    3132 	.db #0x0b	; 11
    00000C00 05                    3133 	.db #0x05	; 5
    00000C01                       3134 _itNoiseSP1:
    00000C01 44                    3135 	.db #0x44	; 68	'D'
    00000C02 00                    3136 	.db #0x00	; 0
    00000C03 00                    3137 	.db #0x00	; 0
    00000C04 44                    3138 	.db #0x44	; 68	'D'
    00000C05 00                    3139 	.db #0x00	; 0
    00000C06 00                    3140 	.db #0x00	; 0
    00000C07 44                    3141 	.db #0x44	; 68	'D'
    00000C08 00                    3142 	.db #0x00	; 0
    00000C09 00                    3143 	.db #0x00	; 0
    00000C0A 44                    3144 	.db #0x44	; 68	'D'
    00000C0B 00                    3145 	.db #0x00	; 0
    00000C0C 00                    3146 	.db #0x00	; 0
    00000C0D 44                    3147 	.db #0x44	; 68	'D'
    00000C0E 00                    3148 	.db #0x00	; 0
    00000C0F 00                    3149 	.db #0x00	; 0
    00000C10 44                    3150 	.db #0x44	; 68	'D'
    00000C11 60                    3151 	.db #0x60	; 96
    00000C12 00                    3152 	.db #0x00	; 0
    00000C13 5A                    3153 	.db #0x5a	; 90	'Z'
    00000C14 00                    3154 	.db #0x00	; 0
    00000C15 00                    3155 	.db #0x00	; 0
    00000C16 5A                    3156 	.db #0x5a	; 90	'Z'
    00000C17 00                    3157 	.db #0x00	; 0
    00000C18 00                    3158 	.db #0x00	; 0
    00000C19 5A                    3159 	.db #0x5a	; 90	'Z'
    00000C1A 00                    3160 	.db #0x00	; 0
    00000C1B 00                    3161 	.db #0x00	; 0
    00000C1C 5A                    3162 	.db #0x5a	; 90	'Z'
    00000C1D 00                    3163 	.db #0x00	; 0
    00000C1E 00                    3164 	.db #0x00	; 0
    00000C1F 5A                    3165 	.db #0x5a	; 90	'Z'
    00000C20 00                    3166 	.db #0x00	; 0
    00000C21 00                    3167 	.db #0x00	; 0
    00000C22 5A                    3168 	.db #0x5a	; 90	'Z'
    00000C23 00                    3169 	.db #0x00	; 0
    00000C24 00                    3170 	.db #0x00	; 0
    00000C25 5A                    3171 	.db #0x5a	; 90	'Z'
    00000C26 00                    3172 	.db #0x00	; 0
    00000C27 00                    3173 	.db #0x00	; 0
    00000C28 5A                    3174 	.db #0x5a	; 90	'Z'
    00000C29 00                    3175 	.db #0x00	; 0
    00000C2A 00                    3176 	.db #0x00	; 0
    00000C2B 5A                    3177 	.db #0x5a	; 90	'Z'
    00000C2C 00                    3178 	.db #0x00	; 0
    00000C2D 00                    3179 	.db #0x00	; 0
    00000C2E 5A                    3180 	.db #0x5a	; 90	'Z'
    00000C2F 00                    3181 	.db #0x00	; 0
    00000C30 00                    3182 	.db #0x00	; 0
    00000C31 5A                    3183 	.db #0x5a	; 90	'Z'
    00000C32 00                    3184 	.db #0x00	; 0
    00000C33 00                    3185 	.db #0x00	; 0
    00000C34 5A                    3186 	.db #0x5a	; 90	'Z'
    00000C35 00                    3187 	.db #0x00	; 0
    00000C36 00                    3188 	.db #0x00	; 0
    00000C37 5A                    3189 	.db #0x5a	; 90	'Z'
    00000C38 00                    3190 	.db #0x00	; 0
    00000C39 00                    3191 	.db #0x00	; 0
    00000C3A 5A                    3192 	.db #0x5a	; 90	'Z'
    00000C3B 00                    3193 	.db #0x00	; 0
    00000C3C 00                    3194 	.db #0x00	; 0
    00000C3D 5A                    3195 	.db #0x5a	; 90	'Z'
    00000C3E 00                    3196 	.db #0x00	; 0
    00000C3F 00                    3197 	.db #0x00	; 0
    00000C40 5A                    3198 	.db #0x5a	; 90	'Z'
    00000C41 00                    3199 	.db #0x00	; 0
    00000C42 00                    3200 	.db #0x00	; 0
    00000C43 5A                    3201 	.db #0x5a	; 90	'Z'
    00000C44 00                    3202 	.db #0x00	; 0
    00000C45 00                    3203 	.db #0x00	; 0
    00000C46 5A                    3204 	.db #0x5a	; 90	'Z'
    00000C47 00                    3205 	.db #0x00	; 0
    00000C48 00                    3206 	.db #0x00	; 0
    00000C49 5A                    3207 	.db #0x5a	; 90	'Z'
    00000C4A 00                    3208 	.db #0x00	; 0
    00000C4B 00                    3209 	.db #0x00	; 0
    00000C4C 5A                    3210 	.db #0x5a	; 90	'Z'
    00000C4D 00                    3211 	.db #0x00	; 0
    00000C4E 00                    3212 	.db #0x00	; 0
    00000C4F 5A                    3213 	.db #0x5a	; 90	'Z'
    00000C50 00                    3214 	.db #0x00	; 0
    00000C51 00                    3215 	.db #0x00	; 0
    00000C52 5A                    3216 	.db #0x5a	; 90	'Z'
    00000C53 00                    3217 	.db #0x00	; 0
    00000C54 00                    3218 	.db #0x00	; 0
    00000C55 5A                    3219 	.db #0x5a	; 90	'Z'
    00000C56 00                    3220 	.db #0x00	; 0
    00000C57 00                    3221 	.db #0x00	; 0
    00000C58 5A                    3222 	.db #0x5a	; 90	'Z'
    00000C59 00                    3223 	.db #0x00	; 0
    00000C5A 00                    3224 	.db #0x00	; 0
    00000C5B 5A                    3225 	.db #0x5a	; 90	'Z'
    00000C5C 00                    3226 	.db #0x00	; 0
    00000C5D 00                    3227 	.db #0x00	; 0
    00000C5E 5A                    3228 	.db #0x5a	; 90	'Z'
    00000C5F 10                    3229 	.db #0x10	; 16
    00000C60 00                    3230 	.db #0x00	; 0
    00000C61                       3231 _itNoiseSP2:
    00000C61 43                    3232 	.db #0x43	; 67	'C'
    00000C62 00                    3233 	.db #0x00	; 0
    00000C63 00                    3234 	.db #0x00	; 0
    00000C64 43                    3235 	.db #0x43	; 67	'C'
    00000C65 00                    3236 	.db #0x00	; 0
    00000C66 00                    3237 	.db #0x00	; 0
    00000C67 43                    3238 	.db #0x43	; 67	'C'
    00000C68 00                    3239 	.db #0x00	; 0
    00000C69 00                    3240 	.db #0x00	; 0
    00000C6A 43                    3241 	.db #0x43	; 67	'C'
    00000C6B 00                    3242 	.db #0x00	; 0
    00000C6C 00                    3243 	.db #0x00	; 0
    00000C6D 43                    3244 	.db #0x43	; 67	'C'
    00000C6E 00                    3245 	.db #0x00	; 0
    00000C6F 00                    3246 	.db #0x00	; 0
    00000C70 43                    3247 	.db #0x43	; 67	'C'
    00000C71 60                    3248 	.db #0x60	; 96
    00000C72 00                    3249 	.db #0x00	; 0
    00000C73 5A                    3250 	.db #0x5a	; 90	'Z'
    00000C74 00                    3251 	.db #0x00	; 0
    00000C75 00                    3252 	.db #0x00	; 0
    00000C76 5A                    3253 	.db #0x5a	; 90	'Z'
    00000C77 00                    3254 	.db #0x00	; 0
    00000C78 00                    3255 	.db #0x00	; 0
    00000C79 5A                    3256 	.db #0x5a	; 90	'Z'
    00000C7A 00                    3257 	.db #0x00	; 0
    00000C7B 00                    3258 	.db #0x00	; 0
    00000C7C 5A                    3259 	.db #0x5a	; 90	'Z'
    00000C7D 00                    3260 	.db #0x00	; 0
    00000C7E 00                    3261 	.db #0x00	; 0
    00000C7F 5A                    3262 	.db #0x5a	; 90	'Z'
    00000C80 00                    3263 	.db #0x00	; 0
    00000C81 00                    3264 	.db #0x00	; 0
    00000C82 5A                    3265 	.db #0x5a	; 90	'Z'
    00000C83 00                    3266 	.db #0x00	; 0
    00000C84 00                    3267 	.db #0x00	; 0
    00000C85 5A                    3268 	.db #0x5a	; 90	'Z'
    00000C86 00                    3269 	.db #0x00	; 0
    00000C87 00                    3270 	.db #0x00	; 0
    00000C88 5A                    3271 	.db #0x5a	; 90	'Z'
    00000C89 00                    3272 	.db #0x00	; 0
    00000C8A 00                    3273 	.db #0x00	; 0
    00000C8B 5A                    3274 	.db #0x5a	; 90	'Z'
    00000C8C 00                    3275 	.db #0x00	; 0
    00000C8D 00                    3276 	.db #0x00	; 0
    00000C8E 5A                    3277 	.db #0x5a	; 90	'Z'
    00000C8F 00                    3278 	.db #0x00	; 0
    00000C90 00                    3279 	.db #0x00	; 0
    00000C91 5A                    3280 	.db #0x5a	; 90	'Z'
    00000C92 00                    3281 	.db #0x00	; 0
    00000C93 00                    3282 	.db #0x00	; 0
    00000C94 5A                    3283 	.db #0x5a	; 90	'Z'
    00000C95 00                    3284 	.db #0x00	; 0
    00000C96 00                    3285 	.db #0x00	; 0
    00000C97 5A                    3286 	.db #0x5a	; 90	'Z'
    00000C98 00                    3287 	.db #0x00	; 0
    00000C99 00                    3288 	.db #0x00	; 0
    00000C9A 5A                    3289 	.db #0x5a	; 90	'Z'
    00000C9B 00                    3290 	.db #0x00	; 0
    00000C9C 00                    3291 	.db #0x00	; 0
    00000C9D 5A                    3292 	.db #0x5a	; 90	'Z'
    00000C9E 00                    3293 	.db #0x00	; 0
    00000C9F 00                    3294 	.db #0x00	; 0
    00000CA0 5A                    3295 	.db #0x5a	; 90	'Z'
    00000CA1 00                    3296 	.db #0x00	; 0
    00000CA2 00                    3297 	.db #0x00	; 0
    00000CA3 5A                    3298 	.db #0x5a	; 90	'Z'
    00000CA4 00                    3299 	.db #0x00	; 0
    00000CA5 00                    3300 	.db #0x00	; 0
    00000CA6 5A                    3301 	.db #0x5a	; 90	'Z'
    00000CA7 00                    3302 	.db #0x00	; 0
    00000CA8 00                    3303 	.db #0x00	; 0
    00000CA9 5A                    3304 	.db #0x5a	; 90	'Z'
    00000CAA 00                    3305 	.db #0x00	; 0
    00000CAB 00                    3306 	.db #0x00	; 0
    00000CAC 5A                    3307 	.db #0x5a	; 90	'Z'
    00000CAD 00                    3308 	.db #0x00	; 0
    00000CAE 00                    3309 	.db #0x00	; 0
    00000CAF 5A                    3310 	.db #0x5a	; 90	'Z'
    00000CB0 00                    3311 	.db #0x00	; 0
    00000CB1 00                    3312 	.db #0x00	; 0
    00000CB2 5A                    3313 	.db #0x5a	; 90	'Z'
    00000CB3 00                    3314 	.db #0x00	; 0
    00000CB4 00                    3315 	.db #0x00	; 0
    00000CB5 5A                    3316 	.db #0x5a	; 90	'Z'
    00000CB6 00                    3317 	.db #0x00	; 0
    00000CB7 00                    3318 	.db #0x00	; 0
    00000CB8 5A                    3319 	.db #0x5a	; 90	'Z'
    00000CB9 00                    3320 	.db #0x00	; 0
    00000CBA 00                    3321 	.db #0x00	; 0
    00000CBB 5A                    3322 	.db #0x5a	; 90	'Z'
    00000CBC 00                    3323 	.db #0x00	; 0
    00000CBD 00                    3324 	.db #0x00	; 0
    00000CBE 5A                    3325 	.db #0x5a	; 90	'Z'
    00000CBF 10                    3326 	.db #0x10	; 16
    00000CC0 00                    3327 	.db #0x00	; 0
    00000CC1                       3328 _itNoiseSP3:
    00000CC1 40                    3329 	.db #0x40	; 64
    00000CC2 00                    3330 	.db #0x00	; 0
    00000CC3 00                    3331 	.db #0x00	; 0
    00000CC4 40                    3332 	.db #0x40	; 64
    00000CC5 00                    3333 	.db #0x00	; 0
    00000CC6 00                    3334 	.db #0x00	; 0
    00000CC7 40                    3335 	.db #0x40	; 64
    00000CC8 00                    3336 	.db #0x00	; 0
    00000CC9 00                    3337 	.db #0x00	; 0
    00000CCA 40                    3338 	.db #0x40	; 64
    00000CCB 00                    3339 	.db #0x00	; 0
    00000CCC 00                    3340 	.db #0x00	; 0
    00000CCD 40                    3341 	.db #0x40	; 64
    00000CCE 00                    3342 	.db #0x00	; 0
    00000CCF 00                    3343 	.db #0x00	; 0
    00000CD0 40                    3344 	.db #0x40	; 64
    00000CD1 60                    3345 	.db #0x60	; 96
    00000CD2 00                    3346 	.db #0x00	; 0
    00000CD3 5A                    3347 	.db #0x5a	; 90	'Z'
    00000CD4 00                    3348 	.db #0x00	; 0
    00000CD5 00                    3349 	.db #0x00	; 0
    00000CD6 5A                    3350 	.db #0x5a	; 90	'Z'
    00000CD7 00                    3351 	.db #0x00	; 0
    00000CD8 00                    3352 	.db #0x00	; 0
    00000CD9 5A                    3353 	.db #0x5a	; 90	'Z'
    00000CDA 00                    3354 	.db #0x00	; 0
    00000CDB 00                    3355 	.db #0x00	; 0
    00000CDC 5A                    3356 	.db #0x5a	; 90	'Z'
    00000CDD 00                    3357 	.db #0x00	; 0
    00000CDE 00                    3358 	.db #0x00	; 0
    00000CDF 5A                    3359 	.db #0x5a	; 90	'Z'
    00000CE0 00                    3360 	.db #0x00	; 0
    00000CE1 00                    3361 	.db #0x00	; 0
    00000CE2 5A                    3362 	.db #0x5a	; 90	'Z'
    00000CE3 00                    3363 	.db #0x00	; 0
    00000CE4 00                    3364 	.db #0x00	; 0
    00000CE5 5A                    3365 	.db #0x5a	; 90	'Z'
    00000CE6 00                    3366 	.db #0x00	; 0
    00000CE7 00                    3367 	.db #0x00	; 0
    00000CE8 5A                    3368 	.db #0x5a	; 90	'Z'
    00000CE9 00                    3369 	.db #0x00	; 0
    00000CEA 00                    3370 	.db #0x00	; 0
    00000CEB 5A                    3371 	.db #0x5a	; 90	'Z'
    00000CEC 00                    3372 	.db #0x00	; 0
    00000CED 00                    3373 	.db #0x00	; 0
    00000CEE 5A                    3374 	.db #0x5a	; 90	'Z'
    00000CEF 00                    3375 	.db #0x00	; 0
    00000CF0 00                    3376 	.db #0x00	; 0
    00000CF1 5A                    3377 	.db #0x5a	; 90	'Z'
    00000CF2 00                    3378 	.db #0x00	; 0
    00000CF3 00                    3379 	.db #0x00	; 0
    00000CF4 5A                    3380 	.db #0x5a	; 90	'Z'
    00000CF5 00                    3381 	.db #0x00	; 0
    00000CF6 00                    3382 	.db #0x00	; 0
    00000CF7 5A                    3383 	.db #0x5a	; 90	'Z'
    00000CF8 00                    3384 	.db #0x00	; 0
    00000CF9 00                    3385 	.db #0x00	; 0
    00000CFA 5A                    3386 	.db #0x5a	; 90	'Z'
    00000CFB 00                    3387 	.db #0x00	; 0
    00000CFC 00                    3388 	.db #0x00	; 0
    00000CFD 5A                    3389 	.db #0x5a	; 90	'Z'
    00000CFE 00                    3390 	.db #0x00	; 0
    00000CFF 00                    3391 	.db #0x00	; 0
    00000D00 5A                    3392 	.db #0x5a	; 90	'Z'
    00000D01 00                    3393 	.db #0x00	; 0
    00000D02 00                    3394 	.db #0x00	; 0
    00000D03 5A                    3395 	.db #0x5a	; 90	'Z'
    00000D04 00                    3396 	.db #0x00	; 0
    00000D05 00                    3397 	.db #0x00	; 0
    00000D06 5A                    3398 	.db #0x5a	; 90	'Z'
    00000D07 00                    3399 	.db #0x00	; 0
    00000D08 00                    3400 	.db #0x00	; 0
    00000D09 5A                    3401 	.db #0x5a	; 90	'Z'
    00000D0A 00                    3402 	.db #0x00	; 0
    00000D0B 00                    3403 	.db #0x00	; 0
    00000D0C 5A                    3404 	.db #0x5a	; 90	'Z'
    00000D0D 00                    3405 	.db #0x00	; 0
    00000D0E 00                    3406 	.db #0x00	; 0
    00000D0F 5A                    3407 	.db #0x5a	; 90	'Z'
    00000D10 00                    3408 	.db #0x00	; 0
    00000D11 00                    3409 	.db #0x00	; 0
    00000D12 5A                    3410 	.db #0x5a	; 90	'Z'
    00000D13 00                    3411 	.db #0x00	; 0
    00000D14 00                    3412 	.db #0x00	; 0
    00000D15 5A                    3413 	.db #0x5a	; 90	'Z'
    00000D16 00                    3414 	.db #0x00	; 0
    00000D17 00                    3415 	.db #0x00	; 0
    00000D18 5A                    3416 	.db #0x5a	; 90	'Z'
    00000D19 00                    3417 	.db #0x00	; 0
    00000D1A 00                    3418 	.db #0x00	; 0
    00000D1B 5A                    3419 	.db #0x5a	; 90	'Z'
    00000D1C 00                    3420 	.db #0x00	; 0
    00000D1D 00                    3421 	.db #0x00	; 0
    00000D1E 5A                    3422 	.db #0x5a	; 90	'Z'
    00000D1F 10                    3423 	.db #0x10	; 16
    00000D20 00                    3424 	.db #0x00	; 0
    00000D21                       3425 _itNoiseSP4:
    00000D21 44                    3426 	.db #0x44	; 68	'D'
    00000D22 00                    3427 	.db #0x00	; 0
    00000D23 00                    3428 	.db #0x00	; 0
    00000D24 44                    3429 	.db #0x44	; 68	'D'
    00000D25 00                    3430 	.db #0x00	; 0
    00000D26 00                    3431 	.db #0x00	; 0
    00000D27 44                    3432 	.db #0x44	; 68	'D'
    00000D28 00                    3433 	.db #0x00	; 0
    00000D29 00                    3434 	.db #0x00	; 0
    00000D2A 44                    3435 	.db #0x44	; 68	'D'
    00000D2B 00                    3436 	.db #0x00	; 0
    00000D2C 00                    3437 	.db #0x00	; 0
    00000D2D 44                    3438 	.db #0x44	; 68	'D'
    00000D2E 00                    3439 	.db #0x00	; 0
    00000D2F 00                    3440 	.db #0x00	; 0
    00000D30 44                    3441 	.db #0x44	; 68	'D'
    00000D31 60                    3442 	.db #0x60	; 96
    00000D32 00                    3443 	.db #0x00	; 0
    00000D33 5A                    3444 	.db #0x5a	; 90	'Z'
    00000D34 00                    3445 	.db #0x00	; 0
    00000D35 00                    3446 	.db #0x00	; 0
    00000D36 5A                    3447 	.db #0x5a	; 90	'Z'
    00000D37 00                    3448 	.db #0x00	; 0
    00000D38 00                    3449 	.db #0x00	; 0
    00000D39 5A                    3450 	.db #0x5a	; 90	'Z'
    00000D3A 00                    3451 	.db #0x00	; 0
    00000D3B 00                    3452 	.db #0x00	; 0
    00000D3C 5A                    3453 	.db #0x5a	; 90	'Z'
    00000D3D 00                    3454 	.db #0x00	; 0
    00000D3E 00                    3455 	.db #0x00	; 0
    00000D3F 5A                    3456 	.db #0x5a	; 90	'Z'
    00000D40 00                    3457 	.db #0x00	; 0
    00000D41 00                    3458 	.db #0x00	; 0
    00000D42 5A                    3459 	.db #0x5a	; 90	'Z'
    00000D43 00                    3460 	.db #0x00	; 0
    00000D44 00                    3461 	.db #0x00	; 0
    00000D45 5A                    3462 	.db #0x5a	; 90	'Z'
    00000D46 00                    3463 	.db #0x00	; 0
    00000D47 00                    3464 	.db #0x00	; 0
    00000D48 5A                    3465 	.db #0x5a	; 90	'Z'
    00000D49 00                    3466 	.db #0x00	; 0
    00000D4A 00                    3467 	.db #0x00	; 0
    00000D4B 5A                    3468 	.db #0x5a	; 90	'Z'
    00000D4C 00                    3469 	.db #0x00	; 0
    00000D4D 00                    3470 	.db #0x00	; 0
    00000D4E 5A                    3471 	.db #0x5a	; 90	'Z'
    00000D4F 00                    3472 	.db #0x00	; 0
    00000D50 00                    3473 	.db #0x00	; 0
    00000D51 5A                    3474 	.db #0x5a	; 90	'Z'
    00000D52 00                    3475 	.db #0x00	; 0
    00000D53 00                    3476 	.db #0x00	; 0
    00000D54 5A                    3477 	.db #0x5a	; 90	'Z'
    00000D55 00                    3478 	.db #0x00	; 0
    00000D56 00                    3479 	.db #0x00	; 0
    00000D57 5A                    3480 	.db #0x5a	; 90	'Z'
    00000D58 00                    3481 	.db #0x00	; 0
    00000D59 00                    3482 	.db #0x00	; 0
    00000D5A 5A                    3483 	.db #0x5a	; 90	'Z'
    00000D5B 00                    3484 	.db #0x00	; 0
    00000D5C 00                    3485 	.db #0x00	; 0
    00000D5D 5A                    3486 	.db #0x5a	; 90	'Z'
    00000D5E 00                    3487 	.db #0x00	; 0
    00000D5F 00                    3488 	.db #0x00	; 0
    00000D60 5A                    3489 	.db #0x5a	; 90	'Z'
    00000D61 00                    3490 	.db #0x00	; 0
    00000D62 00                    3491 	.db #0x00	; 0
    00000D63 5A                    3492 	.db #0x5a	; 90	'Z'
    00000D64 00                    3493 	.db #0x00	; 0
    00000D65 00                    3494 	.db #0x00	; 0
    00000D66 5A                    3495 	.db #0x5a	; 90	'Z'
    00000D67 00                    3496 	.db #0x00	; 0
    00000D68 00                    3497 	.db #0x00	; 0
    00000D69 5A                    3498 	.db #0x5a	; 90	'Z'
    00000D6A 00                    3499 	.db #0x00	; 0
    00000D6B 00                    3500 	.db #0x00	; 0
    00000D6C 5A                    3501 	.db #0x5a	; 90	'Z'
    00000D6D 00                    3502 	.db #0x00	; 0
    00000D6E 00                    3503 	.db #0x00	; 0
    00000D6F 5A                    3504 	.db #0x5a	; 90	'Z'
    00000D70 00                    3505 	.db #0x00	; 0
    00000D71 00                    3506 	.db #0x00	; 0
    00000D72 5A                    3507 	.db #0x5a	; 90	'Z'
    00000D73 00                    3508 	.db #0x00	; 0
    00000D74 00                    3509 	.db #0x00	; 0
    00000D75 5A                    3510 	.db #0x5a	; 90	'Z'
    00000D76 00                    3511 	.db #0x00	; 0
    00000D77 00                    3512 	.db #0x00	; 0
    00000D78 5A                    3513 	.db #0x5a	; 90	'Z'
    00000D79 00                    3514 	.db #0x00	; 0
    00000D7A 00                    3515 	.db #0x00	; 0
    00000D7B 5A                    3516 	.db #0x5a	; 90	'Z'
    00000D7C 00                    3517 	.db #0x00	; 0
    00000D7D 00                    3518 	.db #0x00	; 0
    00000D7E 5A                    3519 	.db #0x5a	; 90	'Z'
    00000D7F 10                    3520 	.db #0x10	; 16
    00000D80 00                    3521 	.db #0x00	; 0
    00000D81                       3522 _itNoiseSP5:
    00000D81 3C                    3523 	.db #0x3c	; 60
    00000D82 00                    3524 	.db #0x00	; 0
    00000D83 00                    3525 	.db #0x00	; 0
    00000D84 3C                    3526 	.db #0x3c	; 60
    00000D85 00                    3527 	.db #0x00	; 0
    00000D86 00                    3528 	.db #0x00	; 0
    00000D87 3C                    3529 	.db #0x3c	; 60
    00000D88 00                    3530 	.db #0x00	; 0
    00000D89 00                    3531 	.db #0x00	; 0
    00000D8A 3C                    3532 	.db #0x3c	; 60
    00000D8B 00                    3533 	.db #0x00	; 0
    00000D8C 00                    3534 	.db #0x00	; 0
    00000D8D 3C                    3535 	.db #0x3c	; 60
    00000D8E 00                    3536 	.db #0x00	; 0
    00000D8F 00                    3537 	.db #0x00	; 0
    00000D90 3C                    3538 	.db #0x3c	; 60
    00000D91 60                    3539 	.db #0x60	; 96
    00000D92 00                    3540 	.db #0x00	; 0
    00000D93 5A                    3541 	.db #0x5a	; 90	'Z'
    00000D94 00                    3542 	.db #0x00	; 0
    00000D95 00                    3543 	.db #0x00	; 0
    00000D96 5A                    3544 	.db #0x5a	; 90	'Z'
    00000D97 00                    3545 	.db #0x00	; 0
    00000D98 00                    3546 	.db #0x00	; 0
    00000D99 5A                    3547 	.db #0x5a	; 90	'Z'
    00000D9A 00                    3548 	.db #0x00	; 0
    00000D9B 00                    3549 	.db #0x00	; 0
    00000D9C 5A                    3550 	.db #0x5a	; 90	'Z'
    00000D9D 00                    3551 	.db #0x00	; 0
    00000D9E 00                    3552 	.db #0x00	; 0
    00000D9F 5A                    3553 	.db #0x5a	; 90	'Z'
    00000DA0 00                    3554 	.db #0x00	; 0
    00000DA1 00                    3555 	.db #0x00	; 0
    00000DA2 5A                    3556 	.db #0x5a	; 90	'Z'
    00000DA3 00                    3557 	.db #0x00	; 0
    00000DA4 00                    3558 	.db #0x00	; 0
    00000DA5 5A                    3559 	.db #0x5a	; 90	'Z'
    00000DA6 00                    3560 	.db #0x00	; 0
    00000DA7 00                    3561 	.db #0x00	; 0
    00000DA8 5A                    3562 	.db #0x5a	; 90	'Z'
    00000DA9 00                    3563 	.db #0x00	; 0
    00000DAA 00                    3564 	.db #0x00	; 0
    00000DAB 5A                    3565 	.db #0x5a	; 90	'Z'
    00000DAC 00                    3566 	.db #0x00	; 0
    00000DAD 00                    3567 	.db #0x00	; 0
    00000DAE 5A                    3568 	.db #0x5a	; 90	'Z'
    00000DAF 00                    3569 	.db #0x00	; 0
    00000DB0 00                    3570 	.db #0x00	; 0
    00000DB1 5A                    3571 	.db #0x5a	; 90	'Z'
    00000DB2 00                    3572 	.db #0x00	; 0
    00000DB3 00                    3573 	.db #0x00	; 0
    00000DB4 5A                    3574 	.db #0x5a	; 90	'Z'
    00000DB5 00                    3575 	.db #0x00	; 0
    00000DB6 00                    3576 	.db #0x00	; 0
    00000DB7 5A                    3577 	.db #0x5a	; 90	'Z'
    00000DB8 00                    3578 	.db #0x00	; 0
    00000DB9 00                    3579 	.db #0x00	; 0
    00000DBA 5A                    3580 	.db #0x5a	; 90	'Z'
    00000DBB 00                    3581 	.db #0x00	; 0
    00000DBC 00                    3582 	.db #0x00	; 0
    00000DBD 5A                    3583 	.db #0x5a	; 90	'Z'
    00000DBE 00                    3584 	.db #0x00	; 0
    00000DBF 00                    3585 	.db #0x00	; 0
    00000DC0 5A                    3586 	.db #0x5a	; 90	'Z'
    00000DC1 00                    3587 	.db #0x00	; 0
    00000DC2 00                    3588 	.db #0x00	; 0
    00000DC3 5A                    3589 	.db #0x5a	; 90	'Z'
    00000DC4 00                    3590 	.db #0x00	; 0
    00000DC5 00                    3591 	.db #0x00	; 0
    00000DC6 5A                    3592 	.db #0x5a	; 90	'Z'
    00000DC7 00                    3593 	.db #0x00	; 0
    00000DC8 00                    3594 	.db #0x00	; 0
    00000DC9 5A                    3595 	.db #0x5a	; 90	'Z'
    00000DCA 00                    3596 	.db #0x00	; 0
    00000DCB 00                    3597 	.db #0x00	; 0
    00000DCC 5A                    3598 	.db #0x5a	; 90	'Z'
    00000DCD 00                    3599 	.db #0x00	; 0
    00000DCE 00                    3600 	.db #0x00	; 0
    00000DCF 5A                    3601 	.db #0x5a	; 90	'Z'
    00000DD0 00                    3602 	.db #0x00	; 0
    00000DD1 00                    3603 	.db #0x00	; 0
    00000DD2 5A                    3604 	.db #0x5a	; 90	'Z'
    00000DD3 00                    3605 	.db #0x00	; 0
    00000DD4 00                    3606 	.db #0x00	; 0
    00000DD5 5A                    3607 	.db #0x5a	; 90	'Z'
    00000DD6 00                    3608 	.db #0x00	; 0
    00000DD7 00                    3609 	.db #0x00	; 0
    00000DD8 5A                    3610 	.db #0x5a	; 90	'Z'
    00000DD9 00                    3611 	.db #0x00	; 0
    00000DDA 00                    3612 	.db #0x00	; 0
    00000DDB 5A                    3613 	.db #0x5a	; 90	'Z'
    00000DDC 00                    3614 	.db #0x00	; 0
    00000DDD 00                    3615 	.db #0x00	; 0
    00000DDE 5A                    3616 	.db #0x5a	; 90	'Z'
    00000DDF 10                    3617 	.db #0x10	; 16
    00000DE0 00                    3618 	.db #0x00	; 0
    00000DE1                       3619 _itNoiseSP6:
    00000DE1 34                    3620 	.db #0x34	; 52	'4'
    00000DE2 00                    3621 	.db #0x00	; 0
    00000DE3 00                    3622 	.db #0x00	; 0
    00000DE4 34                    3623 	.db #0x34	; 52	'4'
    00000DE5 00                    3624 	.db #0x00	; 0
    00000DE6 00                    3625 	.db #0x00	; 0
    00000DE7 34                    3626 	.db #0x34	; 52	'4'
    00000DE8 00                    3627 	.db #0x00	; 0
    00000DE9 00                    3628 	.db #0x00	; 0
    00000DEA 34                    3629 	.db #0x34	; 52	'4'
    00000DEB 00                    3630 	.db #0x00	; 0
    00000DEC 00                    3631 	.db #0x00	; 0
    00000DED 34                    3632 	.db #0x34	; 52	'4'
    00000DEE 00                    3633 	.db #0x00	; 0
    00000DEF 00                    3634 	.db #0x00	; 0
    00000DF0 34                    3635 	.db #0x34	; 52	'4'
    00000DF1 60                    3636 	.db #0x60	; 96
    00000DF2 00                    3637 	.db #0x00	; 0
    00000DF3 5A                    3638 	.db #0x5a	; 90	'Z'
    00000DF4 00                    3639 	.db #0x00	; 0
    00000DF5 00                    3640 	.db #0x00	; 0
    00000DF6 5A                    3641 	.db #0x5a	; 90	'Z'
    00000DF7 00                    3642 	.db #0x00	; 0
    00000DF8 00                    3643 	.db #0x00	; 0
    00000DF9 5A                    3644 	.db #0x5a	; 90	'Z'
    00000DFA 00                    3645 	.db #0x00	; 0
    00000DFB 00                    3646 	.db #0x00	; 0
    00000DFC 5A                    3647 	.db #0x5a	; 90	'Z'
    00000DFD 00                    3648 	.db #0x00	; 0
    00000DFE 00                    3649 	.db #0x00	; 0
    00000DFF 5A                    3650 	.db #0x5a	; 90	'Z'
    00000E00 00                    3651 	.db #0x00	; 0
    00000E01 00                    3652 	.db #0x00	; 0
    00000E02 5A                    3653 	.db #0x5a	; 90	'Z'
    00000E03 00                    3654 	.db #0x00	; 0
    00000E04 00                    3655 	.db #0x00	; 0
    00000E05 5A                    3656 	.db #0x5a	; 90	'Z'
    00000E06 00                    3657 	.db #0x00	; 0
    00000E07 00                    3658 	.db #0x00	; 0
    00000E08 5A                    3659 	.db #0x5a	; 90	'Z'
    00000E09 00                    3660 	.db #0x00	; 0
    00000E0A 00                    3661 	.db #0x00	; 0
    00000E0B 5A                    3662 	.db #0x5a	; 90	'Z'
    00000E0C 00                    3663 	.db #0x00	; 0
    00000E0D 00                    3664 	.db #0x00	; 0
    00000E0E 5A                    3665 	.db #0x5a	; 90	'Z'
    00000E0F 00                    3666 	.db #0x00	; 0
    00000E10 00                    3667 	.db #0x00	; 0
    00000E11 5A                    3668 	.db #0x5a	; 90	'Z'
    00000E12 00                    3669 	.db #0x00	; 0
    00000E13 00                    3670 	.db #0x00	; 0
    00000E14 5A                    3671 	.db #0x5a	; 90	'Z'
    00000E15 00                    3672 	.db #0x00	; 0
    00000E16 00                    3673 	.db #0x00	; 0
    00000E17 5A                    3674 	.db #0x5a	; 90	'Z'
    00000E18 00                    3675 	.db #0x00	; 0
    00000E19 00                    3676 	.db #0x00	; 0
    00000E1A 5A                    3677 	.db #0x5a	; 90	'Z'
    00000E1B 00                    3678 	.db #0x00	; 0
    00000E1C 00                    3679 	.db #0x00	; 0
    00000E1D 5A                    3680 	.db #0x5a	; 90	'Z'
    00000E1E 00                    3681 	.db #0x00	; 0
    00000E1F 00                    3682 	.db #0x00	; 0
    00000E20 5A                    3683 	.db #0x5a	; 90	'Z'
    00000E21 00                    3684 	.db #0x00	; 0
    00000E22 00                    3685 	.db #0x00	; 0
    00000E23 5A                    3686 	.db #0x5a	; 90	'Z'
    00000E24 00                    3687 	.db #0x00	; 0
    00000E25 00                    3688 	.db #0x00	; 0
    00000E26 5A                    3689 	.db #0x5a	; 90	'Z'
    00000E27 00                    3690 	.db #0x00	; 0
    00000E28 00                    3691 	.db #0x00	; 0
    00000E29 5A                    3692 	.db #0x5a	; 90	'Z'
    00000E2A 00                    3693 	.db #0x00	; 0
    00000E2B 00                    3694 	.db #0x00	; 0
    00000E2C 5A                    3695 	.db #0x5a	; 90	'Z'
    00000E2D 00                    3696 	.db #0x00	; 0
    00000E2E 00                    3697 	.db #0x00	; 0
    00000E2F 5A                    3698 	.db #0x5a	; 90	'Z'
    00000E30 00                    3699 	.db #0x00	; 0
    00000E31 00                    3700 	.db #0x00	; 0
    00000E32 5A                    3701 	.db #0x5a	; 90	'Z'
    00000E33 00                    3702 	.db #0x00	; 0
    00000E34 00                    3703 	.db #0x00	; 0
    00000E35 5A                    3704 	.db #0x5a	; 90	'Z'
    00000E36 00                    3705 	.db #0x00	; 0
    00000E37 00                    3706 	.db #0x00	; 0
    00000E38 5A                    3707 	.db #0x5a	; 90	'Z'
    00000E39 00                    3708 	.db #0x00	; 0
    00000E3A 00                    3709 	.db #0x00	; 0
    00000E3B 5A                    3710 	.db #0x5a	; 90	'Z'
    00000E3C 00                    3711 	.db #0x00	; 0
    00000E3D 00                    3712 	.db #0x00	; 0
    00000E3E 5A                    3713 	.db #0x5a	; 90	'Z'
    00000E3F 10                    3714 	.db #0x10	; 16
    00000E40 00                    3715 	.db #0x00	; 0
    00000E41                       3716 _itNoiseSP7:
    00000E41 3A                    3717 	.db #0x3a	; 58
    00000E42 00                    3718 	.db #0x00	; 0
    00000E43 00                    3719 	.db #0x00	; 0
    00000E44 3B                    3720 	.db #0x3b	; 59
    00000E45 20                    3721 	.db #0x20	; 32
    00000E46 00                    3722 	.db #0x00	; 0
    00000E47 5A                    3723 	.db #0x5a	; 90	'Z'
    00000E48 00                    3724 	.db #0x00	; 0
    00000E49 00                    3725 	.db #0x00	; 0
    00000E4A 5A                    3726 	.db #0x5a	; 90	'Z'
    00000E4B 00                    3727 	.db #0x00	; 0
    00000E4C 00                    3728 	.db #0x00	; 0
    00000E4D 5A                    3729 	.db #0x5a	; 90	'Z'
    00000E4E 00                    3730 	.db #0x00	; 0
    00000E4F 00                    3731 	.db #0x00	; 0
    00000E50 5A                    3732 	.db #0x5a	; 90	'Z'
    00000E51 00                    3733 	.db #0x00	; 0
    00000E52 00                    3734 	.db #0x00	; 0
    00000E53 5A                    3735 	.db #0x5a	; 90	'Z'
    00000E54 00                    3736 	.db #0x00	; 0
    00000E55 00                    3737 	.db #0x00	; 0
    00000E56 5A                    3738 	.db #0x5a	; 90	'Z'
    00000E57 00                    3739 	.db #0x00	; 0
    00000E58 00                    3740 	.db #0x00	; 0
    00000E59 5A                    3741 	.db #0x5a	; 90	'Z'
    00000E5A 00                    3742 	.db #0x00	; 0
    00000E5B 00                    3743 	.db #0x00	; 0
    00000E5C 5A                    3744 	.db #0x5a	; 90	'Z'
    00000E5D 00                    3745 	.db #0x00	; 0
    00000E5E 00                    3746 	.db #0x00	; 0
    00000E5F 5A                    3747 	.db #0x5a	; 90	'Z'
    00000E60 00                    3748 	.db #0x00	; 0
    00000E61 00                    3749 	.db #0x00	; 0
    00000E62 5A                    3750 	.db #0x5a	; 90	'Z'
    00000E63 00                    3751 	.db #0x00	; 0
    00000E64 00                    3752 	.db #0x00	; 0
    00000E65 5A                    3753 	.db #0x5a	; 90	'Z'
    00000E66 00                    3754 	.db #0x00	; 0
    00000E67 00                    3755 	.db #0x00	; 0
    00000E68 5A                    3756 	.db #0x5a	; 90	'Z'
    00000E69 00                    3757 	.db #0x00	; 0
    00000E6A 00                    3758 	.db #0x00	; 0
    00000E6B 5A                    3759 	.db #0x5a	; 90	'Z'
    00000E6C 00                    3760 	.db #0x00	; 0
    00000E6D 00                    3761 	.db #0x00	; 0
    00000E6E 5A                    3762 	.db #0x5a	; 90	'Z'
    00000E6F 00                    3763 	.db #0x00	; 0
    00000E70 00                    3764 	.db #0x00	; 0
    00000E71 5A                    3765 	.db #0x5a	; 90	'Z'
    00000E72 00                    3766 	.db #0x00	; 0
    00000E73 00                    3767 	.db #0x00	; 0
    00000E74 5A                    3768 	.db #0x5a	; 90	'Z'
    00000E75 00                    3769 	.db #0x00	; 0
    00000E76 00                    3770 	.db #0x00	; 0
    00000E77 5A                    3771 	.db #0x5a	; 90	'Z'
    00000E78 00                    3772 	.db #0x00	; 0
    00000E79 00                    3773 	.db #0x00	; 0
    00000E7A 5A                    3774 	.db #0x5a	; 90	'Z'
    00000E7B 00                    3775 	.db #0x00	; 0
    00000E7C 00                    3776 	.db #0x00	; 0
    00000E7D 5A                    3777 	.db #0x5a	; 90	'Z'
    00000E7E 00                    3778 	.db #0x00	; 0
    00000E7F 00                    3779 	.db #0x00	; 0
    00000E80 5A                    3780 	.db #0x5a	; 90	'Z'
    00000E81 00                    3781 	.db #0x00	; 0
    00000E82 00                    3782 	.db #0x00	; 0
    00000E83 5A                    3783 	.db #0x5a	; 90	'Z'
    00000E84 00                    3784 	.db #0x00	; 0
    00000E85 00                    3785 	.db #0x00	; 0
    00000E86 5A                    3786 	.db #0x5a	; 90	'Z'
    00000E87 00                    3787 	.db #0x00	; 0
    00000E88 00                    3788 	.db #0x00	; 0
    00000E89 5A                    3789 	.db #0x5a	; 90	'Z'
    00000E8A 00                    3790 	.db #0x00	; 0
    00000E8B 00                    3791 	.db #0x00	; 0
    00000E8C 5A                    3792 	.db #0x5a	; 90	'Z'
    00000E8D 00                    3793 	.db #0x00	; 0
    00000E8E 00                    3794 	.db #0x00	; 0
    00000E8F 5A                    3795 	.db #0x5a	; 90	'Z'
    00000E90 00                    3796 	.db #0x00	; 0
    00000E91 00                    3797 	.db #0x00	; 0
    00000E92 5A                    3798 	.db #0x5a	; 90	'Z'
    00000E93 00                    3799 	.db #0x00	; 0
    00000E94 00                    3800 	.db #0x00	; 0
    00000E95 5A                    3801 	.db #0x5a	; 90	'Z'
    00000E96 00                    3802 	.db #0x00	; 0
    00000E97 00                    3803 	.db #0x00	; 0
    00000E98 5A                    3804 	.db #0x5a	; 90	'Z'
    00000E99 00                    3805 	.db #0x00	; 0
    00000E9A 00                    3806 	.db #0x00	; 0
    00000E9B 5A                    3807 	.db #0x5a	; 90	'Z'
    00000E9C 00                    3808 	.db #0x00	; 0
    00000E9D 00                    3809 	.db #0x00	; 0
    00000E9E 5A                    3810 	.db #0x5a	; 90	'Z'
    00000E9F 10                    3811 	.db #0x10	; 16
    00000EA0 00                    3812 	.db #0x00	; 0
    00000EA1                       3813 _order1:
    00000EA1r01r00                 3814 	.dw _P0
    00000EA3r41r02                 3815 	.dw _P4
    00000EA5r41r02                 3816 	.dw _P4
    00000EA7r41r02                 3817 	.dw _P4
    00000EA9r41r02                 3818 	.dw _P4
    00000EABr41r02                 3819 	.dw _P4
    00000EADr01r06                 3820 	.dw _P16
    00000EAFrC1r06                 3821 	.dw _P20
    00000EB1r01r06                 3822 	.dw _P16
    00000EB3rC1r06                 3823 	.dw _P20
    00000EB5r81r07                 3824 	.dw _P24
    00000EB7r81r07                 3825 	.dw _P24
    00000EB9r81r07                 3826 	.dw _P24
    00000EBBr81r07                 3827 	.dw _P24
    00000EBDr81r07                 3828 	.dw _P24
    00000EBFr81r07                 3829 	.dw _P24
    00000EC1r81r07                 3830 	.dw _P24
    00000EC3r41r0B                 3831 	.dw _P32
    00000EC5                       3832 _order2:
    00000EC5rC1r00                 3833 	.dw _P1
    00000EC7r01r03                 3834 	.dw _P5
    00000EC9rC1r03                 3835 	.dw _P9
    00000ECBrC1r03                 3836 	.dw _P9
    00000ECDr41r05                 3837 	.dw _P13
    00000ECFr41r05                 3838 	.dw _P13
    00000ED1rC1r03                 3839 	.dw _P9
    00000ED3rC1r03                 3840 	.dw _P9
    00000ED5rC1r03                 3841 	.dw _P9
    00000ED7rC1r03                 3842 	.dw _P9
    00000ED9r41r08                 3843 	.dw _P25
    00000EDBr41r08                 3844 	.dw _P25
    00000EDDr41r08                 3845 	.dw _P25
    00000EDFr41r08                 3846 	.dw _P25
    00000EE1r41r08                 3847 	.dw _P25
    00000EE3r41r08                 3848 	.dw _P25
    00000EE5r01r09                 3849 	.dw _P29
    00000EE7rC1r00                 3850 	.dw _P1
    00000EE9                       3851 _order3:
    00000EE9r81r01                 3852 	.dw _P2
    00000EEBr81r01                 3853 	.dw _P2
    00000EEDr81r01                 3854 	.dw _P2
    00000EEFr81r01                 3855 	.dw _P2
    00000EF1r81r01                 3856 	.dw _P2
    00000EF3r81r01                 3857 	.dw _P2
    00000EF5r81r01                 3858 	.dw _P2
    00000EF7r81r01                 3859 	.dw _P2
    00000EF9r81r01                 3860 	.dw _P2
    00000EFBr81r01                 3861 	.dw _P2
    00000EFDr81r01                 3862 	.dw _P2
    00000EFFr81r01                 3863 	.dw _P2
    00000F01r81r01                 3864 	.dw _P2
    00000F03r81r01                 3865 	.dw _P2
    00000F05r81r01                 3866 	.dw _P2
    00000F07r81r01                 3867 	.dw _P2
    00000F09rC1r09                 3868 	.dw _P30
    00000F0BrC1r09                 3869 	.dw _P30
    00000F0D                       3870 _order4:
    00000F0DrC1r00                 3871 	.dw _P1
    00000F0FrC1r00                 3872 	.dw _P1
    00000F11r81r04                 3873 	.dw _P11
    00000F13r81r04                 3874 	.dw _P11
    00000F15r81r04                 3875 	.dw _P11
    00000F17r81r04                 3876 	.dw _P11
    00000F19r81r04                 3877 	.dw _P11
    00000F1Br81r04                 3878 	.dw _P11
    00000F1Dr81r04                 3879 	.dw _P11
    00000F1Fr81r04                 3880 	.dw _P11
    00000F21r81r04                 3881 	.dw _P11
    00000F23r81r04                 3882 	.dw _P11
    00000F25r81r04                 3883 	.dw _P11
    00000F27r81r04                 3884 	.dw _P11
    00000F29r81r04                 3885 	.dw _P11
    00000F2Br81r04                 3886 	.dw _P11
    00000F2Dr81r0A                 3887 	.dw _P31
    00000F2FrC1r00                 3888 	.dw _P1
    00000F31                       3889 _duty_instruments:
    00000F31 00                    3890 	.db #0x00	; 0
    00000F32 40                    3891 	.db #0x40	; 64
    00000F33 B5                    3892 	.db #0xb5	; 181
    00000F34 00 00                 3893 	.dw #0x0000
    00000F36 80                    3894 	.db #0x80	; 128
    00000F37 00                    3895 	.db #0x00	; 0
    00000F38 80                    3896 	.db #0x80	; 128
    00000F39 B5                    3897 	.db #0xb5	; 181
    00000F3A 00 00                 3898 	.dw #0x0000
    00000F3C 80                    3899 	.db #0x80	; 128
    00000F3D 00                    3900 	.db #0x00	; 0
    00000F3E 00                    3901 	.db #0x00	; 0
    00000F3F 09                    3902 	.db #0x09	; 9
    00000F40 00 00                 3903 	.dw #0x0000
    00000F42 C0                    3904 	.db #0xc0	; 192
    00000F43 00                    3905 	.db #0x00	; 0
    00000F44 30                    3906 	.db #0x30	; 48	'0'
    00000F45 B8                    3907 	.db #0xb8	; 184
    00000F46 00 00                 3908 	.dw #0x0000
    00000F48 C0                    3909 	.db #0xc0	; 192
    00000F49 00                    3910 	.db #0x00	; 0
    00000F4A 70                    3911 	.db #0x70	; 112	'p'
    00000F4B 88                    3912 	.db #0x88	; 136
    00000F4C 00 00                 3913 	.dw #0x0000
    00000F4E C0                    3914 	.db #0xc0	; 192
    00000F4F 00                    3915 	.db #0x00	; 0
    00000F50 B0                    3916 	.db #0xb0	; 176
    00000F51 B8                    3917 	.db #0xb8	; 184
    00000F52 00 00                 3918 	.dw #0x0000
    00000F54 C0                    3919 	.db #0xc0	; 192
    00000F55 00                    3920 	.db #0x00	; 0
    00000F56 00                    3921 	.db #0x00	; 0
    00000F57 B8                    3922 	.db #0xb8	; 184
    00000F58 00 00                 3923 	.dw #0x0000
    00000F5A 80                    3924 	.db #0x80	; 128
    00000F5B 00                    3925 	.db #0x00	; 0
    00000F5C 40                    3926 	.db #0x40	; 64
    00000F5D 98                    3927 	.db #0x98	; 152
    00000F5E 00 00                 3928 	.dw #0x0000
    00000F60 80                    3929 	.db #0x80	; 128
    00000F61 00                    3930 	.db #0x00	; 0
    00000F62 80                    3931 	.db #0x80	; 128
    00000F63 B8                    3932 	.db #0xb8	; 184
    00000F64 00 00                 3933 	.dw #0x0000
    00000F66 80                    3934 	.db #0x80	; 128
    00000F67 00                    3935 	.db #0x00	; 0
    00000F68 40                    3936 	.db #0x40	; 64
    00000F69 88                    3937 	.db #0x88	; 136
    00000F6A 00 00                 3938 	.dw #0x0000
    00000F6C 80                    3939 	.db #0x80	; 128
    00000F6D                       3940 _wave_instruments:
    00000F6D 80                    3941 	.db #0x80	; 128
    00000F6E 20                    3942 	.db #0x20	; 32
    00000F6F 01                    3943 	.db #0x01	; 1
    00000F70 00 00                 3944 	.dw #0x0000
    00000F72 C0                    3945 	.db #0xc0	; 192
    00000F73 80                    3946 	.db #0x80	; 128
    00000F74 20                    3947 	.db #0x20	; 32
    00000F75 02                    3948 	.db #0x02	; 2
    00000F76 00 00                 3949 	.dw #0x0000
    00000F78 C0                    3950 	.db #0xc0	; 192
    00000F79 80                    3951 	.db #0x80	; 128
    00000F7A 20                    3952 	.db #0x20	; 32
    00000F7B 03                    3953 	.db #0x03	; 3
    00000F7C 00 00                 3954 	.dw #0x0000
    00000F7E C0                    3955 	.db #0xc0	; 192
    00000F7F 80                    3956 	.db #0x80	; 128
    00000F80 20                    3957 	.db #0x20	; 32
    00000F81 04                    3958 	.db #0x04	; 4
    00000F82 00 00                 3959 	.dw #0x0000
    00000F84 C0                    3960 	.db #0xc0	; 192
    00000F85 80                    3961 	.db #0x80	; 128
    00000F86 20                    3962 	.db #0x20	; 32
    00000F87 05                    3963 	.db #0x05	; 5
    00000F88 00 00                 3964 	.dw #0x0000
    00000F8A C0                    3965 	.db #0xc0	; 192
    00000F8B 80                    3966 	.db #0x80	; 128
    00000F8C 20                    3967 	.db #0x20	; 32
    00000F8D 06                    3968 	.db #0x06	; 6
    00000F8E 00 00                 3969 	.dw #0x0000
    00000F90 C0                    3970 	.db #0xc0	; 192
    00000F91 00                    3971 	.db #0x00	; 0
    00000F92 20                    3972 	.db #0x20	; 32
    00000F93 07                    3973 	.db #0x07	; 7
    00000F94 00 00                 3974 	.dw #0x0000
    00000F96 80                    3975 	.db #0x80	; 128
    00000F97 00                    3976 	.db #0x00	; 0
    00000F98 20                    3977 	.db #0x20	; 32
    00000F99 08                    3978 	.db #0x08	; 8
    00000F9A 00 00                 3979 	.dw #0x0000
    00000F9C 80                    3980 	.db #0x80	; 128
    00000F9D 00                    3981 	.db #0x00	; 0
    00000F9E 20                    3982 	.db #0x20	; 32
    00000F9F 09                    3983 	.db #0x09	; 9
    00000FA0 00 00                 3984 	.dw #0x0000
    00000FA2 80                    3985 	.db #0x80	; 128
    00000FA3 00                    3986 	.db #0x00	; 0
    00000FA4 20                    3987 	.db #0x20	; 32
    00000FA5 0A                    3988 	.db #0x0a	; 10
    00000FA6 00 00                 3989 	.dw #0x0000
    00000FA8 80                    3990 	.db #0x80	; 128
    00000FA9 00                    3991 	.db #0x00	; 0
    00000FAA 20                    3992 	.db #0x20	; 32
    00000FAB 0B                    3993 	.db #0x0b	; 11
    00000FAC 00 00                 3994 	.dw #0x0000
    00000FAE 80                    3995 	.db #0x80	; 128
    00000FAF 00                    3996 	.db #0x00	; 0
    00000FB0 20                    3997 	.db #0x20	; 32
    00000FB1 0C                    3998 	.db #0x0c	; 12
    00000FB2 00 00                 3999 	.dw #0x0000
    00000FB4 80                    4000 	.db #0x80	; 128
    00000FB5 00                    4001 	.db #0x00	; 0
    00000FB6 20                    4002 	.db #0x20	; 32
    00000FB7 0D                    4003 	.db #0x0d	; 13
    00000FB8 00 00                 4004 	.dw #0x0000
    00000FBA 80                    4005 	.db #0x80	; 128
    00000FBB                       4006 _noise_instruments:
    00000FBB 91                    4007 	.db #0x91	; 145
    00000FBCr01r0C                 4008 	.dw _itNoiseSP1
    00000FBE 70                    4009 	.db #0x70	; 112	'p'
    00000FBF 00                    4010 	.db #0x00	; 0
    00000FC0 00                    4011 	.db #0x00	; 0
    00000FC1 91                    4012 	.db #0x91	; 145
    00000FC2r61r0C                 4013 	.dw _itNoiseSP2
    00000FC4 60                    4014 	.db #0x60	; 96
    00000FC5 00                    4015 	.db #0x00	; 0
    00000FC6 00                    4016 	.db #0x00	; 0
    00000FC7 91                    4017 	.db #0x91	; 145
    00000FC8rC1r0C                 4018 	.dw _itNoiseSP3
    00000FCA 00                    4019 	.db #0x00	; 0
    00000FCB 00                    4020 	.db #0x00	; 0
    00000FCC 00                    4021 	.db #0x00	; 0
    00000FCD 92                    4022 	.db #0x92	; 146
    00000FCEr21r0D                 4023 	.dw _itNoiseSP4
    00000FD0 00                    4024 	.db #0x00	; 0
    00000FD1 00                    4025 	.db #0x00	; 0
    00000FD2 00                    4026 	.db #0x00	; 0
    00000FD3 94                    4027 	.db #0x94	; 148
    00000FD4r81r0D                 4028 	.dw _itNoiseSP5
    00000FD6 00                    4029 	.db #0x00	; 0
    00000FD7 00                    4030 	.db #0x00	; 0
    00000FD8 00                    4031 	.db #0x00	; 0
    00000FD9 94                    4032 	.db #0x94	; 148
    00000FDArE1r0D                 4033 	.dw _itNoiseSP6
    00000FDC 00                    4034 	.db #0x00	; 0
    00000FDD 00                    4035 	.db #0x00	; 0
    00000FDE 00                    4036 	.db #0x00	; 0
    00000FDF B1                    4037 	.db #0xb1	; 177
    00000FE0r41r0E                 4038 	.dw _itNoiseSP7
    00000FE2 00                    4039 	.db #0x00	; 0
    00000FE3 00                    4040 	.db #0x00	; 0
    00000FE4 00                    4041 	.db #0x00	; 0
    00000FE5                       4042 _waves:
    00000FE5 88                    4043 	.db #0x88	; 136
    00000FE6 88                    4044 	.db #0x88	; 136
    00000FE7 88                    4045 	.db #0x88	; 136
    00000FE8 88                    4046 	.db #0x88	; 136
    00000FE9 88                    4047 	.db #0x88	; 136
    00000FEA 88                    4048 	.db #0x88	; 136
    00000FEB 88                    4049 	.db #0x88	; 136
    00000FEC 88                    4050 	.db #0x88	; 136
    00000FED 88                    4051 	.db #0x88	; 136
    00000FEE 88                    4052 	.db #0x88	; 136
    00000FEF 88                    4053 	.db #0x88	; 136
    00000FF0 88                    4054 	.db #0x88	; 136
    00000FF1 88                    4055 	.db #0x88	; 136
    00000FF2 88                    4056 	.db #0x88	; 136
    00000FF3 88                    4057 	.db #0x88	; 136
    00000FF4 88                    4058 	.db #0x88	; 136
    00000FF5 FF                    4059 	.db #0xff	; 255
    00000FF6 FF                    4060 	.db #0xff	; 255
    00000FF7 00                    4061 	.db #0x00	; 0
    00000FF8 00                    4062 	.db #0x00	; 0
    00000FF9 00                    4063 	.db #0x00	; 0
    00000FFA 00                    4064 	.db #0x00	; 0
    00000FFB 00                    4065 	.db #0x00	; 0
    00000FFC 00                    4066 	.db #0x00	; 0
    00000FFD 00                    4067 	.db #0x00	; 0
    00000FFE 00                    4068 	.db #0x00	; 0
    00000FFF 00                    4069 	.db #0x00	; 0
    00001000 00                    4070 	.db #0x00	; 0
    00001001 00                    4071 	.db #0x00	; 0
    00001002 00                    4072 	.db #0x00	; 0
    00001003 00                    4073 	.db #0x00	; 0
    00001004 00                    4074 	.db #0x00	; 0
    00001005 FF                    4075 	.db #0xff	; 255
    00001006 FF                    4076 	.db #0xff	; 255
    00001007 FF                    4077 	.db #0xff	; 255
    00001008 FF                    4078 	.db #0xff	; 255
    00001009 00                    4079 	.db #0x00	; 0
    0000100A 00                    4080 	.db #0x00	; 0
    0000100B 00                    4081 	.db #0x00	; 0
    0000100C 00                    4082 	.db #0x00	; 0
    0000100D 00                    4083 	.db #0x00	; 0
    0000100E 00                    4084 	.db #0x00	; 0
    0000100F 00                    4085 	.db #0x00	; 0
    00001010 00                    4086 	.db #0x00	; 0
    00001011 00                    4087 	.db #0x00	; 0
    00001012 00                    4088 	.db #0x00	; 0
    00001013 00                    4089 	.db #0x00	; 0
    00001014 00                    4090 	.db #0x00	; 0
    00001015 FF                    4091 	.db #0xff	; 255
    00001016 FF                    4092 	.db #0xff	; 255
    00001017 FF                    4093 	.db #0xff	; 255
    00001018 FF                    4094 	.db #0xff	; 255
    00001019 FF                    4095 	.db #0xff	; 255
    0000101A 00                    4096 	.db #0x00	; 0
    0000101B 00                    4097 	.db #0x00	; 0
    0000101C 00                    4098 	.db #0x00	; 0
    0000101D 00                    4099 	.db #0x00	; 0
    0000101E 00                    4100 	.db #0x00	; 0
    0000101F 00                    4101 	.db #0x00	; 0
    00001020 00                    4102 	.db #0x00	; 0
    00001021 00                    4103 	.db #0x00	; 0
    00001022 00                    4104 	.db #0x00	; 0
    00001023 00                    4105 	.db #0x00	; 0
    00001024 00                    4106 	.db #0x00	; 0
    00001025 FF                    4107 	.db #0xff	; 255
    00001026 FF                    4108 	.db #0xff	; 255
    00001027 FF                    4109 	.db #0xff	; 255
    00001028 FF                    4110 	.db #0xff	; 255
    00001029 FF                    4111 	.db #0xff	; 255
    0000102A FF                    4112 	.db #0xff	; 255
    0000102B 00                    4113 	.db #0x00	; 0
    0000102C 00                    4114 	.db #0x00	; 0
    0000102D 00                    4115 	.db #0x00	; 0
    0000102E 00                    4116 	.db #0x00	; 0
    0000102F 00                    4117 	.db #0x00	; 0
    00001030 00                    4118 	.db #0x00	; 0
    00001031 00                    4119 	.db #0x00	; 0
    00001032 00                    4120 	.db #0x00	; 0
    00001033 00                    4121 	.db #0x00	; 0
    00001034 00                    4122 	.db #0x00	; 0
    00001035 FF                    4123 	.db #0xff	; 255
    00001036 FF                    4124 	.db #0xff	; 255
    00001037 FF                    4125 	.db #0xff	; 255
    00001038 FF                    4126 	.db #0xff	; 255
    00001039 FF                    4127 	.db #0xff	; 255
    0000103A FF                    4128 	.db #0xff	; 255
    0000103B FF                    4129 	.db #0xff	; 255
    0000103C 00                    4130 	.db #0x00	; 0
    0000103D 00                    4131 	.db #0x00	; 0
    0000103E 00                    4132 	.db #0x00	; 0
    0000103F 00                    4133 	.db #0x00	; 0
    00001040 00                    4134 	.db #0x00	; 0
    00001041 00                    4135 	.db #0x00	; 0
    00001042 00                    4136 	.db #0x00	; 0
    00001043 00                    4137 	.db #0x00	; 0
    00001044 00                    4138 	.db #0x00	; 0
    00001045 FF                    4139 	.db #0xff	; 255
    00001046 FF                    4140 	.db #0xff	; 255
    00001047 FF                    4141 	.db #0xff	; 255
    00001048 FF                    4142 	.db #0xff	; 255
    00001049 FF                    4143 	.db #0xff	; 255
    0000104A FF                    4144 	.db #0xff	; 255
    0000104B FF                    4145 	.db #0xff	; 255
    0000104C FF                    4146 	.db #0xff	; 255
    0000104D 00                    4147 	.db #0x00	; 0
    0000104E 00                    4148 	.db #0x00	; 0
    0000104F 00                    4149 	.db #0x00	; 0
    00001050 00                    4150 	.db #0x00	; 0
    00001051 00                    4151 	.db #0x00	; 0
    00001052 00                    4152 	.db #0x00	; 0
    00001053 00                    4153 	.db #0x00	; 0
    00001054 00                    4154 	.db #0x00	; 0
    00001055 CC                    4155 	.db #0xcc	; 204
    00001056 CC                    4156 	.db #0xcc	; 204
    00001057 CC                    4157 	.db #0xcc	; 204
    00001058 CC                    4158 	.db #0xcc	; 204
    00001059 CC                    4159 	.db #0xcc	; 204
    0000105A CC                    4160 	.db #0xcc	; 204
    0000105B CC                    4161 	.db #0xcc	; 204
    0000105C CC                    4162 	.db #0xcc	; 204
    0000105D 33                    4163 	.db #0x33	; 51	'3'
    0000105E 33                    4164 	.db #0x33	; 51	'3'
    0000105F 33                    4165 	.db #0x33	; 51	'3'
    00001060 33                    4166 	.db #0x33	; 51	'3'
    00001061 33                    4167 	.db #0x33	; 51	'3'
    00001062 33                    4168 	.db #0x33	; 51	'3'
    00001063 33                    4169 	.db #0x33	; 51	'3'
    00001064 33                    4170 	.db #0x33	; 51	'3'
    00001065 AA                    4171 	.db #0xaa	; 170
    00001066 AA                    4172 	.db #0xaa	; 170
    00001067 AA                    4173 	.db #0xaa	; 170
    00001068 AA                    4174 	.db #0xaa	; 170
    00001069 AA                    4175 	.db #0xaa	; 170
    0000106A AA                    4176 	.db #0xaa	; 170
    0000106B AA                    4177 	.db #0xaa	; 170
    0000106C AA                    4178 	.db #0xaa	; 170
    0000106D 55                    4179 	.db #0x55	; 85	'U'
    0000106E 55                    4180 	.db #0x55	; 85	'U'
    0000106F 55                    4181 	.db #0x55	; 85	'U'
    00001070 55                    4182 	.db #0x55	; 85	'U'
    00001071 55                    4183 	.db #0x55	; 85	'U'
    00001072 55                    4184 	.db #0x55	; 85	'U'
    00001073 55                    4185 	.db #0x55	; 85	'U'
    00001074 55                    4186 	.db #0x55	; 85	'U'
    00001075 88                    4187 	.db #0x88	; 136
    00001076 88                    4188 	.db #0x88	; 136
    00001077 88                    4189 	.db #0x88	; 136
    00001078 88                    4190 	.db #0x88	; 136
    00001079 88                    4191 	.db #0x88	; 136
    0000107A 88                    4192 	.db #0x88	; 136
    0000107B 88                    4193 	.db #0x88	; 136
    0000107C 88                    4194 	.db #0x88	; 136
    0000107D 77                    4195 	.db #0x77	; 119	'w'
    0000107E 77                    4196 	.db #0x77	; 119	'w'
    0000107F 77                    4197 	.db #0x77	; 119	'w'
    00001080 77                    4198 	.db #0x77	; 119	'w'
    00001081 77                    4199 	.db #0x77	; 119	'w'
    00001082 77                    4200 	.db #0x77	; 119	'w'
    00001083 77                    4201 	.db #0x77	; 119	'w'
    00001084 77                    4202 	.db #0x77	; 119	'w'
    00001085 FF                    4203 	.db #0xff	; 255
    00001086 FF                    4204 	.db #0xff	; 255
    00001087 CC                    4205 	.db #0xcc	; 204
    00001088 CC                    4206 	.db #0xcc	; 204
    00001089 FF                    4207 	.db #0xff	; 255
    0000108A FF                    4208 	.db #0xff	; 255
    0000108B CC                    4209 	.db #0xcc	; 204
    0000108C CC                    4210 	.db #0xcc	; 204
    0000108D 00                    4211 	.db #0x00	; 0
    0000108E 00                    4212 	.db #0x00	; 0
    0000108F 33                    4213 	.db #0x33	; 51	'3'
    00001090 33                    4214 	.db #0x33	; 51	'3'
    00001091 00                    4215 	.db #0x00	; 0
    00001092 00                    4216 	.db #0x00	; 0
    00001093 33                    4217 	.db #0x33	; 51	'3'
    00001094 33                    4218 	.db #0x33	; 51	'3'
    00001095 FE                    4219 	.db #0xfe	; 254
    00001096 DC                    4220 	.db #0xdc	; 220
    00001097 BA                    4221 	.db #0xba	; 186
    00001098 98                    4222 	.db #0x98	; 152
    00001099 76                    4223 	.db #0x76	; 118	'v'
    0000109A 54                    4224 	.db #0x54	; 84	'T'
    0000109B 32                    4225 	.db #0x32	; 50	'2'
    0000109C 10                    4226 	.db #0x10	; 16
    0000109D 01                    4227 	.db #0x01	; 1
    0000109E 23                    4228 	.db #0x23	; 35
    0000109F 45                    4229 	.db #0x45	; 69	'E'
    000010A0 67                    4230 	.db #0x67	; 103	'g'
    000010A1 89                    4231 	.db #0x89	; 137
    000010A2 AB                    4232 	.db #0xab	; 171
    000010A3 CD                    4233 	.db #0xcd	; 205
    000010A4 EF                    4234 	.db #0xef	; 239
    000010A5 FF                    4235 	.db #0xff	; 255
    000010A6 FF                    4236 	.db #0xff	; 255
    000010A7 BA                    4237 	.db #0xba	; 186
    000010A8 98                    4238 	.db #0x98	; 152
    000010A9 A9                    4239 	.db #0xa9	; 169
    000010AA 87                    4240 	.db #0x87	; 135
    000010AB 32                    4241 	.db #0x32	; 50	'2'
    000010AC 10                    4242 	.db #0x10	; 16
    000010AD 34                    4243 	.db #0x34	; 52	'4'
    000010AE 56                    4244 	.db #0x56	; 86	'V'
    000010AF 45                    4245 	.db #0x45	; 69	'E'
    000010B0 67                    4246 	.db #0x67	; 103	'g'
    000010B1 BC                    4247 	.db #0xbc	; 188
    000010B2 DE                    4248 	.db #0xde	; 222
    000010B3 CD                    4249 	.db #0xcd	; 205
    000010B4 EF                    4250 	.db #0xef	; 239
    000010B5 FF                    4251 	.db #0xff	; 255
    000010B6 EE                    4252 	.db #0xee	; 238
    000010B7 DD                    4253 	.db #0xdd	; 221
    000010B8 CC                    4254 	.db #0xcc	; 204
    000010B9 BB                    4255 	.db #0xbb	; 187
    000010BA AA                    4256 	.db #0xaa	; 170
    000010BB 99                    4257 	.db #0x99	; 153
    000010BC 88                    4258 	.db #0x88	; 136
    000010BD 77                    4259 	.db #0x77	; 119	'w'
    000010BE 66                    4260 	.db #0x66	; 102	'f'
    000010BF 55                    4261 	.db #0x55	; 85	'U'
    000010C0 44                    4262 	.db #0x44	; 68	'D'
    000010C1 33                    4263 	.db #0x33	; 51	'3'
    000010C2 22                    4264 	.db #0x22	; 34
    000010C3 11                    4265 	.db #0x11	; 17
    000010C4 00                    4266 	.db #0x00	; 0
    000010C5                       4267 _dungeon_theme:
    000010C5 06                    4268 	.db #0x06	; 6
    000010C6r00r00                 4269 	.dw _order_cnt
    000010C8rA1r0E                 4270 	.dw _order1
    000010CArC5r0E                 4271 	.dw _order2
    000010CCrE9r0E                 4272 	.dw _order3
    000010CEr0Dr0F                 4273 	.dw _order4
    000010D0r31r0F                 4274 	.dw _duty_instruments
    000010D2r6Dr0F                 4275 	.dw _wave_instruments
    000010D4rBBr0F                 4276 	.dw _noise_instruments
    000010D6 00 00                 4277 	.dw #0x0000
    000010D8rE5r0F                 4278 	.dw _waves
                                   4279 	.area _INITIALIZER
                                   4280 	.area _CABS (ABS)
