                                      1 ;--------------------------------------------------------
                                      2 ; File Created by SDCC : free open source ISO C Compiler
                                      3 ; Version 4.5.1 #15267 (Linux)
                                      4 ;--------------------------------------------------------
                                      5 	.module intro_song
                                      6 	
                                      7 ;--------------------------------------------------------
                                      8 ; Public variables in this module
                                      9 ;--------------------------------------------------------
                                     10 	.globl _intro_theme
                                     11 ;--------------------------------------------------------
                                     12 ; special function registers
                                     13 ;--------------------------------------------------------
                                     14 	.area _HRAM
                                     15 ;--------------------------------------------------------
                                     16 ; ram data
                                     17 ;--------------------------------------------------------
                                     18 	.area _DATA
                                     19 ;--------------------------------------------------------
                                     20 ; ram data
                                     21 ;--------------------------------------------------------
                                     22 	.area _INITIALIZED
                                     23 ;--------------------------------------------------------
                                     24 ; absolute external ram data
                                     25 ;--------------------------------------------------------
                                     26 	.area _DABS (ABS)
                                     27 ;--------------------------------------------------------
                                     28 ; global & static initialisations
                                     29 ;--------------------------------------------------------
                                     30 	.area _HOME
                                     31 	.area _GSINIT
                                     32 	.area _GSFINAL
                                     33 	.area _GSINIT
                                     34 ;--------------------------------------------------------
                                     35 ; Home
                                     36 ;--------------------------------------------------------
                                     37 	.area _HOME
                                     38 	.area _HOME
                                     39 ;--------------------------------------------------------
                                     40 ; code
                                     41 ;--------------------------------------------------------
                                     42 	.area _CODE_5
                                     43 	.area _CODE_5
    00000000                         44 _order_cnt:
    00000000 34                      45 	.db #0x34	; 52	'4'
    00000001                         46 _P0:
    00000001 21                      47 	.db #0x21	; 33
    00000002 40                      48 	.db #0x40	; 64
    00000003 00                      49 	.db #0x00	; 0
    00000004 5A                      50 	.db #0x5a	; 90	'Z'
    00000005 00                      51 	.db #0x00	; 0
    00000006 00                      52 	.db #0x00	; 0
    00000007 5A                      53 	.db #0x5a	; 90	'Z'
    00000008 00                      54 	.db #0x00	; 0
    00000009 00                      55 	.db #0x00	; 0
    0000000A 5A                      56 	.db #0x5a	; 90	'Z'
    0000000B 00                      57 	.db #0x00	; 0
    0000000C 00                      58 	.db #0x00	; 0
    0000000D 21                      59 	.db #0x21	; 33
    0000000E 4C                      60 	.db #0x4c	; 76	'L'
    0000000F 05                      61 	.db #0x05	; 5
    00000010 5A                      62 	.db #0x5a	; 90	'Z'
    00000011 00                      63 	.db #0x00	; 0
    00000012 00                      64 	.db #0x00	; 0
    00000013 5A                      65 	.db #0x5a	; 90	'Z'
    00000014 00                      66 	.db #0x00	; 0
    00000015 00                      67 	.db #0x00	; 0
    00000016 5A                      68 	.db #0x5a	; 90	'Z'
    00000017 00                      69 	.db #0x00	; 0
    00000018 00                      70 	.db #0x00	; 0
    00000019 21                      71 	.db #0x21	; 33
    0000001A 4C                      72 	.db #0x4c	; 76	'L'
    0000001B 03                      73 	.db #0x03	; 3
    0000001C 5A                      74 	.db #0x5a	; 90	'Z'
    0000001D 00                      75 	.db #0x00	; 0
    0000001E 00                      76 	.db #0x00	; 0
    0000001F 5A                      77 	.db #0x5a	; 90	'Z'
    00000020 00                      78 	.db #0x00	; 0
    00000021 00                      79 	.db #0x00	; 0
    00000022 5A                      80 	.db #0x5a	; 90	'Z'
    00000023 00                      81 	.db #0x00	; 0
    00000024 00                      82 	.db #0x00	; 0
    00000025 21                      83 	.db #0x21	; 33
    00000026 4C                      84 	.db #0x4c	; 76	'L'
    00000027 01                      85 	.db #0x01	; 1
    00000028 5A                      86 	.db #0x5a	; 90	'Z'
    00000029 00                      87 	.db #0x00	; 0
    0000002A 00                      88 	.db #0x00	; 0
    0000002B 1D                      89 	.db #0x1d	; 29
    0000002C 40                      90 	.db #0x40	; 64
    0000002D 00                      91 	.db #0x00	; 0
    0000002E 1C                      92 	.db #0x1c	; 28
    0000002F 40                      93 	.db #0x40	; 64
    00000030 00                      94 	.db #0x00	; 0
    00000031 1A                      95 	.db #0x1a	; 26
    00000032 40                      96 	.db #0x40	; 64
    00000033 00                      97 	.db #0x00	; 0
    00000034 5A                      98 	.db #0x5a	; 90	'Z'
    00000035 00                      99 	.db #0x00	; 0
    00000036 00                     100 	.db #0x00	; 0
    00000037 5A                     101 	.db #0x5a	; 90	'Z'
    00000038 00                     102 	.db #0x00	; 0
    00000039 00                     103 	.db #0x00	; 0
    0000003A 5A                     104 	.db #0x5a	; 90	'Z'
    0000003B 00                     105 	.db #0x00	; 0
    0000003C 00                     106 	.db #0x00	; 0
    0000003D 1A                     107 	.db #0x1a	; 26
    0000003E 4C                     108 	.db #0x4c	; 76	'L'
    0000003F 05                     109 	.db #0x05	; 5
    00000040 5A                     110 	.db #0x5a	; 90	'Z'
    00000041 00                     111 	.db #0x00	; 0
    00000042 00                     112 	.db #0x00	; 0
    00000043 5A                     113 	.db #0x5a	; 90	'Z'
    00000044 00                     114 	.db #0x00	; 0
    00000045 00                     115 	.db #0x00	; 0
    00000046 5A                     116 	.db #0x5a	; 90	'Z'
    00000047 00                     117 	.db #0x00	; 0
    00000048 00                     118 	.db #0x00	; 0
    00000049 1A                     119 	.db #0x1a	; 26
    0000004A 4C                     120 	.db #0x4c	; 76	'L'
    0000004B 03                     121 	.db #0x03	; 3
    0000004C 5A                     122 	.db #0x5a	; 90	'Z'
    0000004D 00                     123 	.db #0x00	; 0
    0000004E 00                     124 	.db #0x00	; 0
    0000004F 18                     125 	.db #0x18	; 24
    00000050 40                     126 	.db #0x40	; 64
    00000051 00                     127 	.db #0x00	; 0
    00000052 5A                     128 	.db #0x5a	; 90	'Z'
    00000053 00                     129 	.db #0x00	; 0
    00000054 00                     130 	.db #0x00	; 0
    00000055 1A                     131 	.db #0x1a	; 26
    00000056 40                     132 	.db #0x40	; 64
    00000057 00                     133 	.db #0x00	; 0
    00000058 5A                     134 	.db #0x5a	; 90	'Z'
    00000059 00                     135 	.db #0x00	; 0
    0000005A 00                     136 	.db #0x00	; 0
    0000005B 1D                     137 	.db #0x1d	; 29
    0000005C 40                     138 	.db #0x40	; 64
    0000005D 00                     139 	.db #0x00	; 0
    0000005E 5A                     140 	.db #0x5a	; 90	'Z'
    0000005F 00                     141 	.db #0x00	; 0
    00000060 00                     142 	.db #0x00	; 0
    00000061 1F                     143 	.db #0x1f	; 31
    00000062 40                     144 	.db #0x40	; 64
    00000063 00                     145 	.db #0x00	; 0
    00000064 5A                     146 	.db #0x5a	; 90	'Z'
    00000065 00                     147 	.db #0x00	; 0
    00000066 00                     148 	.db #0x00	; 0
    00000067 5A                     149 	.db #0x5a	; 90	'Z'
    00000068 00                     150 	.db #0x00	; 0
    00000069 00                     151 	.db #0x00	; 0
    0000006A 5A                     152 	.db #0x5a	; 90	'Z'
    0000006B 00                     153 	.db #0x00	; 0
    0000006C 00                     154 	.db #0x00	; 0
    0000006D 1F                     155 	.db #0x1f	; 31
    0000006E 4C                     156 	.db #0x4c	; 76	'L'
    0000006F 05                     157 	.db #0x05	; 5
    00000070 5A                     158 	.db #0x5a	; 90	'Z'
    00000071 00                     159 	.db #0x00	; 0
    00000072 00                     160 	.db #0x00	; 0
    00000073 5A                     161 	.db #0x5a	; 90	'Z'
    00000074 00                     162 	.db #0x00	; 0
    00000075 00                     163 	.db #0x00	; 0
    00000076 5A                     164 	.db #0x5a	; 90	'Z'
    00000077 00                     165 	.db #0x00	; 0
    00000078 00                     166 	.db #0x00	; 0
    00000079 1F                     167 	.db #0x1f	; 31
    0000007A 4C                     168 	.db #0x4c	; 76	'L'
    0000007B 03                     169 	.db #0x03	; 3
    0000007C 5A                     170 	.db #0x5a	; 90	'Z'
    0000007D 00                     171 	.db #0x00	; 0
    0000007E 00                     172 	.db #0x00	; 0
    0000007F 5A                     173 	.db #0x5a	; 90	'Z'
    00000080 00                     174 	.db #0x00	; 0
    00000081 00                     175 	.db #0x00	; 0
    00000082 5A                     176 	.db #0x5a	; 90	'Z'
    00000083 00                     177 	.db #0x00	; 0
    00000084 00                     178 	.db #0x00	; 0
    00000085 1F                     179 	.db #0x1f	; 31
    00000086 4C                     180 	.db #0x4c	; 76	'L'
    00000087 01                     181 	.db #0x01	; 1
    00000088 5A                     182 	.db #0x5a	; 90	'Z'
    00000089 00                     183 	.db #0x00	; 0
    0000008A 00                     184 	.db #0x00	; 0
    0000008B 1D                     185 	.db #0x1d	; 29
    0000008C 40                     186 	.db #0x40	; 64
    0000008D 00                     187 	.db #0x00	; 0
    0000008E 1C                     188 	.db #0x1c	; 28
    0000008F 40                     189 	.db #0x40	; 64
    00000090 00                     190 	.db #0x00	; 0
    00000091 19                     191 	.db #0x19	; 25
    00000092 40                     192 	.db #0x40	; 64
    00000093 00                     193 	.db #0x00	; 0
    00000094 5A                     194 	.db #0x5a	; 90	'Z'
    00000095 00                     195 	.db #0x00	; 0
    00000096 00                     196 	.db #0x00	; 0
    00000097 5A                     197 	.db #0x5a	; 90	'Z'
    00000098 00                     198 	.db #0x00	; 0
    00000099 00                     199 	.db #0x00	; 0
    0000009A 5A                     200 	.db #0x5a	; 90	'Z'
    0000009B 00                     201 	.db #0x00	; 0
    0000009C 00                     202 	.db #0x00	; 0
    0000009D 15                     203 	.db #0x15	; 21
    0000009E 40                     204 	.db #0x40	; 64
    0000009F 00                     205 	.db #0x00	; 0
    000000A0 5A                     206 	.db #0x5a	; 90	'Z'
    000000A1 00                     207 	.db #0x00	; 0
    000000A2 00                     208 	.db #0x00	; 0
    000000A3 5A                     209 	.db #0x5a	; 90	'Z'
    000000A4 00                     210 	.db #0x00	; 0
    000000A5 00                     211 	.db #0x00	; 0
    000000A6 5A                     212 	.db #0x5a	; 90	'Z'
    000000A7 00                     213 	.db #0x00	; 0
    000000A8 00                     214 	.db #0x00	; 0
    000000A9 15                     215 	.db #0x15	; 21
    000000AA 4C                     216 	.db #0x4c	; 76	'L'
    000000AB 05                     217 	.db #0x05	; 5
    000000AC 5A                     218 	.db #0x5a	; 90	'Z'
    000000AD 00                     219 	.db #0x00	; 0
    000000AE 00                     220 	.db #0x00	; 0
    000000AF 5A                     221 	.db #0x5a	; 90	'Z'
    000000B0 00                     222 	.db #0x00	; 0
    000000B1 00                     223 	.db #0x00	; 0
    000000B2 5A                     224 	.db #0x5a	; 90	'Z'
    000000B3 00                     225 	.db #0x00	; 0
    000000B4 00                     226 	.db #0x00	; 0
    000000B5 1D                     227 	.db #0x1d	; 29
    000000B6 40                     228 	.db #0x40	; 64
    000000B7 00                     229 	.db #0x00	; 0
    000000B8 5A                     230 	.db #0x5a	; 90	'Z'
    000000B9 00                     231 	.db #0x00	; 0
    000000BA 00                     232 	.db #0x00	; 0
    000000BB 5A                     233 	.db #0x5a	; 90	'Z'
    000000BC 00                     234 	.db #0x00	; 0
    000000BD 00                     235 	.db #0x00	; 0
    000000BE 5A                     236 	.db #0x5a	; 90	'Z'
    000000BF 00                     237 	.db #0x00	; 0
    000000C0 00                     238 	.db #0x00	; 0
    000000C1                        239 _P1:
    000000C1 15                     240 	.db #0x15	; 21
    000000C2 2C                     241 	.db #0x2c	; 44
    000000C3 01                     242 	.db #0x01	; 1
    000000C4 5A                     243 	.db #0x5a	; 90	'Z'
    000000C5 00                     244 	.db #0x00	; 0
    000000C6 00                     245 	.db #0x00	; 0
    000000C7 5A                     246 	.db #0x5a	; 90	'Z'
    000000C8 00                     247 	.db #0x00	; 0
    000000C9 00                     248 	.db #0x00	; 0
    000000CA 5A                     249 	.db #0x5a	; 90	'Z'
    000000CB 00                     250 	.db #0x00	; 0
    000000CC 00                     251 	.db #0x00	; 0
    000000CD 5A                     252 	.db #0x5a	; 90	'Z'
    000000CE 00                     253 	.db #0x00	; 0
    000000CF 00                     254 	.db #0x00	; 0
    000000D0 5A                     255 	.db #0x5a	; 90	'Z'
    000000D1 00                     256 	.db #0x00	; 0
    000000D2 00                     257 	.db #0x00	; 0
    000000D3 5A                     258 	.db #0x5a	; 90	'Z'
    000000D4 00                     259 	.db #0x00	; 0
    000000D5 00                     260 	.db #0x00	; 0
    000000D6 5A                     261 	.db #0x5a	; 90	'Z'
    000000D7 00                     262 	.db #0x00	; 0
    000000D8 00                     263 	.db #0x00	; 0
    000000D9 5A                     264 	.db #0x5a	; 90	'Z'
    000000DA 00                     265 	.db #0x00	; 0
    000000DB 00                     266 	.db #0x00	; 0
    000000DC 5A                     267 	.db #0x5a	; 90	'Z'
    000000DD 00                     268 	.db #0x00	; 0
    000000DE 00                     269 	.db #0x00	; 0
    000000DF 5A                     270 	.db #0x5a	; 90	'Z'
    000000E0 00                     271 	.db #0x00	; 0
    000000E1 00                     272 	.db #0x00	; 0
    000000E2 5A                     273 	.db #0x5a	; 90	'Z'
    000000E3 00                     274 	.db #0x00	; 0
    000000E4 00                     275 	.db #0x00	; 0
    000000E5 5A                     276 	.db #0x5a	; 90	'Z'
    000000E6 00                     277 	.db #0x00	; 0
    000000E7 00                     278 	.db #0x00	; 0
    000000E8 5A                     279 	.db #0x5a	; 90	'Z'
    000000E9 00                     280 	.db #0x00	; 0
    000000EA 00                     281 	.db #0x00	; 0
    000000EB 11                     282 	.db #0x11	; 17
    000000EC 2C                     283 	.db #0x2c	; 44
    000000ED 01                     284 	.db #0x01	; 1
    000000EE 10                     285 	.db #0x10	; 16
    000000EF 2C                     286 	.db #0x2c	; 44
    000000F0 01                     287 	.db #0x01	; 1
    000000F1 0E                     288 	.db #0x0e	; 14
    000000F2 2C                     289 	.db #0x2c	; 44
    000000F3 01                     290 	.db #0x01	; 1
    000000F4 5A                     291 	.db #0x5a	; 90	'Z'
    000000F5 00                     292 	.db #0x00	; 0
    000000F6 00                     293 	.db #0x00	; 0
    000000F7 5A                     294 	.db #0x5a	; 90	'Z'
    000000F8 00                     295 	.db #0x00	; 0
    000000F9 00                     296 	.db #0x00	; 0
    000000FA 5A                     297 	.db #0x5a	; 90	'Z'
    000000FB 00                     298 	.db #0x00	; 0
    000000FC 00                     299 	.db #0x00	; 0
    000000FD 5A                     300 	.db #0x5a	; 90	'Z'
    000000FE 00                     301 	.db #0x00	; 0
    000000FF 00                     302 	.db #0x00	; 0
    00000100 5A                     303 	.db #0x5a	; 90	'Z'
    00000101 00                     304 	.db #0x00	; 0
    00000102 00                     305 	.db #0x00	; 0
    00000103 5A                     306 	.db #0x5a	; 90	'Z'
    00000104 00                     307 	.db #0x00	; 0
    00000105 00                     308 	.db #0x00	; 0
    00000106 5A                     309 	.db #0x5a	; 90	'Z'
    00000107 00                     310 	.db #0x00	; 0
    00000108 00                     311 	.db #0x00	; 0
    00000109 5A                     312 	.db #0x5a	; 90	'Z'
    0000010A 00                     313 	.db #0x00	; 0
    0000010B 00                     314 	.db #0x00	; 0
    0000010C 5A                     315 	.db #0x5a	; 90	'Z'
    0000010D 00                     316 	.db #0x00	; 0
    0000010E 00                     317 	.db #0x00	; 0
    0000010F 5A                     318 	.db #0x5a	; 90	'Z'
    00000110 00                     319 	.db #0x00	; 0
    00000111 00                     320 	.db #0x00	; 0
    00000112 5A                     321 	.db #0x5a	; 90	'Z'
    00000113 00                     322 	.db #0x00	; 0
    00000114 00                     323 	.db #0x00	; 0
    00000115 5A                     324 	.db #0x5a	; 90	'Z'
    00000116 00                     325 	.db #0x00	; 0
    00000117 00                     326 	.db #0x00	; 0
    00000118 5A                     327 	.db #0x5a	; 90	'Z'
    00000119 00                     328 	.db #0x00	; 0
    0000011A 00                     329 	.db #0x00	; 0
    0000011B 5A                     330 	.db #0x5a	; 90	'Z'
    0000011C 00                     331 	.db #0x00	; 0
    0000011D 00                     332 	.db #0x00	; 0
    0000011E 5A                     333 	.db #0x5a	; 90	'Z'
    0000011F 00                     334 	.db #0x00	; 0
    00000120 00                     335 	.db #0x00	; 0
    00000121 13                     336 	.db #0x13	; 19
    00000122 2C                     337 	.db #0x2c	; 44
    00000123 01                     338 	.db #0x01	; 1
    00000124 5A                     339 	.db #0x5a	; 90	'Z'
    00000125 00                     340 	.db #0x00	; 0
    00000126 00                     341 	.db #0x00	; 0
    00000127 5A                     342 	.db #0x5a	; 90	'Z'
    00000128 00                     343 	.db #0x00	; 0
    00000129 00                     344 	.db #0x00	; 0
    0000012A 5A                     345 	.db #0x5a	; 90	'Z'
    0000012B 00                     346 	.db #0x00	; 0
    0000012C 00                     347 	.db #0x00	; 0
    0000012D 5A                     348 	.db #0x5a	; 90	'Z'
    0000012E 00                     349 	.db #0x00	; 0
    0000012F 00                     350 	.db #0x00	; 0
    00000130 5A                     351 	.db #0x5a	; 90	'Z'
    00000131 00                     352 	.db #0x00	; 0
    00000132 00                     353 	.db #0x00	; 0
    00000133 5A                     354 	.db #0x5a	; 90	'Z'
    00000134 00                     355 	.db #0x00	; 0
    00000135 00                     356 	.db #0x00	; 0
    00000136 5A                     357 	.db #0x5a	; 90	'Z'
    00000137 00                     358 	.db #0x00	; 0
    00000138 00                     359 	.db #0x00	; 0
    00000139 5A                     360 	.db #0x5a	; 90	'Z'
    0000013A 00                     361 	.db #0x00	; 0
    0000013B 00                     362 	.db #0x00	; 0
    0000013C 5A                     363 	.db #0x5a	; 90	'Z'
    0000013D 00                     364 	.db #0x00	; 0
    0000013E 00                     365 	.db #0x00	; 0
    0000013F 5A                     366 	.db #0x5a	; 90	'Z'
    00000140 00                     367 	.db #0x00	; 0
    00000141 00                     368 	.db #0x00	; 0
    00000142 5A                     369 	.db #0x5a	; 90	'Z'
    00000143 00                     370 	.db #0x00	; 0
    00000144 00                     371 	.db #0x00	; 0
    00000145 5A                     372 	.db #0x5a	; 90	'Z'
    00000146 00                     373 	.db #0x00	; 0
    00000147 00                     374 	.db #0x00	; 0
    00000148 5A                     375 	.db #0x5a	; 90	'Z'
    00000149 00                     376 	.db #0x00	; 0
    0000014A 00                     377 	.db #0x00	; 0
    0000014B 11                     378 	.db #0x11	; 17
    0000014C 2C                     379 	.db #0x2c	; 44
    0000014D 01                     380 	.db #0x01	; 1
    0000014E 10                     381 	.db #0x10	; 16
    0000014F 2C                     382 	.db #0x2c	; 44
    00000150 01                     383 	.db #0x01	; 1
    00000151 0D                     384 	.db #0x0d	; 13
    00000152 2C                     385 	.db #0x2c	; 44
    00000153 01                     386 	.db #0x01	; 1
    00000154 5A                     387 	.db #0x5a	; 90	'Z'
    00000155 00                     388 	.db #0x00	; 0
    00000156 00                     389 	.db #0x00	; 0
    00000157 5A                     390 	.db #0x5a	; 90	'Z'
    00000158 00                     391 	.db #0x00	; 0
    00000159 00                     392 	.db #0x00	; 0
    0000015A 5A                     393 	.db #0x5a	; 90	'Z'
    0000015B 00                     394 	.db #0x00	; 0
    0000015C 00                     395 	.db #0x00	; 0
    0000015D 09                     396 	.db #0x09	; 9
    0000015E 2C                     397 	.db #0x2c	; 44
    0000015F 01                     398 	.db #0x01	; 1
    00000160 5A                     399 	.db #0x5a	; 90	'Z'
    00000161 00                     400 	.db #0x00	; 0
    00000162 00                     401 	.db #0x00	; 0
    00000163 5A                     402 	.db #0x5a	; 90	'Z'
    00000164 00                     403 	.db #0x00	; 0
    00000165 00                     404 	.db #0x00	; 0
    00000166 5A                     405 	.db #0x5a	; 90	'Z'
    00000167 00                     406 	.db #0x00	; 0
    00000168 00                     407 	.db #0x00	; 0
    00000169 5A                     408 	.db #0x5a	; 90	'Z'
    0000016A 00                     409 	.db #0x00	; 0
    0000016B 00                     410 	.db #0x00	; 0
    0000016C 5A                     411 	.db #0x5a	; 90	'Z'
    0000016D 00                     412 	.db #0x00	; 0
    0000016E 00                     413 	.db #0x00	; 0
    0000016F 5A                     414 	.db #0x5a	; 90	'Z'
    00000170 00                     415 	.db #0x00	; 0
    00000171 00                     416 	.db #0x00	; 0
    00000172 5A                     417 	.db #0x5a	; 90	'Z'
    00000173 00                     418 	.db #0x00	; 0
    00000174 00                     419 	.db #0x00	; 0
    00000175 11                     420 	.db #0x11	; 17
    00000176 2C                     421 	.db #0x2c	; 44
    00000177 01                     422 	.db #0x01	; 1
    00000178 5A                     423 	.db #0x5a	; 90	'Z'
    00000179 00                     424 	.db #0x00	; 0
    0000017A 00                     425 	.db #0x00	; 0
    0000017B 5A                     426 	.db #0x5a	; 90	'Z'
    0000017C 00                     427 	.db #0x00	; 0
    0000017D 00                     428 	.db #0x00	; 0
    0000017E 5A                     429 	.db #0x5a	; 90	'Z'
    0000017F 00                     430 	.db #0x00	; 0
    00000180 00                     431 	.db #0x00	; 0
    00000181                        432 _P2:
    00000181 5A                     433 	.db #0x5a	; 90	'Z'
    00000182 00                     434 	.db #0x00	; 0
    00000183 00                     435 	.db #0x00	; 0
    00000184 5A                     436 	.db #0x5a	; 90	'Z'
    00000185 00                     437 	.db #0x00	; 0
    00000186 00                     438 	.db #0x00	; 0
    00000187 5A                     439 	.db #0x5a	; 90	'Z'
    00000188 00                     440 	.db #0x00	; 0
    00000189 00                     441 	.db #0x00	; 0
    0000018A 5A                     442 	.db #0x5a	; 90	'Z'
    0000018B 00                     443 	.db #0x00	; 0
    0000018C 00                     444 	.db #0x00	; 0
    0000018D 5A                     445 	.db #0x5a	; 90	'Z'
    0000018E 00                     446 	.db #0x00	; 0
    0000018F 00                     447 	.db #0x00	; 0
    00000190 5A                     448 	.db #0x5a	; 90	'Z'
    00000191 00                     449 	.db #0x00	; 0
    00000192 00                     450 	.db #0x00	; 0
    00000193 5A                     451 	.db #0x5a	; 90	'Z'
    00000194 00                     452 	.db #0x00	; 0
    00000195 00                     453 	.db #0x00	; 0
    00000196 5A                     454 	.db #0x5a	; 90	'Z'
    00000197 00                     455 	.db #0x00	; 0
    00000198 00                     456 	.db #0x00	; 0
    00000199 5A                     457 	.db #0x5a	; 90	'Z'
    0000019A 00                     458 	.db #0x00	; 0
    0000019B 00                     459 	.db #0x00	; 0
    0000019C 5A                     460 	.db #0x5a	; 90	'Z'
    0000019D 00                     461 	.db #0x00	; 0
    0000019E 00                     462 	.db #0x00	; 0
    0000019F 5A                     463 	.db #0x5a	; 90	'Z'
    000001A0 00                     464 	.db #0x00	; 0
    000001A1 00                     465 	.db #0x00	; 0
    000001A2 5A                     466 	.db #0x5a	; 90	'Z'
    000001A3 00                     467 	.db #0x00	; 0
    000001A4 00                     468 	.db #0x00	; 0
    000001A5 5A                     469 	.db #0x5a	; 90	'Z'
    000001A6 00                     470 	.db #0x00	; 0
    000001A7 00                     471 	.db #0x00	; 0
    000001A8 5A                     472 	.db #0x5a	; 90	'Z'
    000001A9 00                     473 	.db #0x00	; 0
    000001AA 00                     474 	.db #0x00	; 0
    000001AB 5A                     475 	.db #0x5a	; 90	'Z'
    000001AC 00                     476 	.db #0x00	; 0
    000001AD 00                     477 	.db #0x00	; 0
    000001AE 5A                     478 	.db #0x5a	; 90	'Z'
    000001AF 00                     479 	.db #0x00	; 0
    000001B0 00                     480 	.db #0x00	; 0
    000001B1 5A                     481 	.db #0x5a	; 90	'Z'
    000001B2 00                     482 	.db #0x00	; 0
    000001B3 00                     483 	.db #0x00	; 0
    000001B4 5A                     484 	.db #0x5a	; 90	'Z'
    000001B5 00                     485 	.db #0x00	; 0
    000001B6 00                     486 	.db #0x00	; 0
    000001B7 5A                     487 	.db #0x5a	; 90	'Z'
    000001B8 00                     488 	.db #0x00	; 0
    000001B9 00                     489 	.db #0x00	; 0
    000001BA 5A                     490 	.db #0x5a	; 90	'Z'
    000001BB 00                     491 	.db #0x00	; 0
    000001BC 00                     492 	.db #0x00	; 0
    000001BD 5A                     493 	.db #0x5a	; 90	'Z'
    000001BE 00                     494 	.db #0x00	; 0
    000001BF 00                     495 	.db #0x00	; 0
    000001C0 5A                     496 	.db #0x5a	; 90	'Z'
    000001C1 00                     497 	.db #0x00	; 0
    000001C2 00                     498 	.db #0x00	; 0
    000001C3 5A                     499 	.db #0x5a	; 90	'Z'
    000001C4 00                     500 	.db #0x00	; 0
    000001C5 00                     501 	.db #0x00	; 0
    000001C6 5A                     502 	.db #0x5a	; 90	'Z'
    000001C7 00                     503 	.db #0x00	; 0
    000001C8 00                     504 	.db #0x00	; 0
    000001C9 5A                     505 	.db #0x5a	; 90	'Z'
    000001CA 00                     506 	.db #0x00	; 0
    000001CB 00                     507 	.db #0x00	; 0
    000001CC 5A                     508 	.db #0x5a	; 90	'Z'
    000001CD 00                     509 	.db #0x00	; 0
    000001CE 00                     510 	.db #0x00	; 0
    000001CF 5A                     511 	.db #0x5a	; 90	'Z'
    000001D0 00                     512 	.db #0x00	; 0
    000001D1 00                     513 	.db #0x00	; 0
    000001D2 5A                     514 	.db #0x5a	; 90	'Z'
    000001D3 00                     515 	.db #0x00	; 0
    000001D4 00                     516 	.db #0x00	; 0
    000001D5 5A                     517 	.db #0x5a	; 90	'Z'
    000001D6 00                     518 	.db #0x00	; 0
    000001D7 00                     519 	.db #0x00	; 0
    000001D8 5A                     520 	.db #0x5a	; 90	'Z'
    000001D9 00                     521 	.db #0x00	; 0
    000001DA 00                     522 	.db #0x00	; 0
    000001DB 5A                     523 	.db #0x5a	; 90	'Z'
    000001DC 00                     524 	.db #0x00	; 0
    000001DD 00                     525 	.db #0x00	; 0
    000001DE 5A                     526 	.db #0x5a	; 90	'Z'
    000001DF 00                     527 	.db #0x00	; 0
    000001E0 00                     528 	.db #0x00	; 0
    000001E1 5A                     529 	.db #0x5a	; 90	'Z'
    000001E2 00                     530 	.db #0x00	; 0
    000001E3 00                     531 	.db #0x00	; 0
    000001E4 5A                     532 	.db #0x5a	; 90	'Z'
    000001E5 00                     533 	.db #0x00	; 0
    000001E6 00                     534 	.db #0x00	; 0
    000001E7 5A                     535 	.db #0x5a	; 90	'Z'
    000001E8 00                     536 	.db #0x00	; 0
    000001E9 00                     537 	.db #0x00	; 0
    000001EA 5A                     538 	.db #0x5a	; 90	'Z'
    000001EB 00                     539 	.db #0x00	; 0
    000001EC 00                     540 	.db #0x00	; 0
    000001ED 5A                     541 	.db #0x5a	; 90	'Z'
    000001EE 00                     542 	.db #0x00	; 0
    000001EF 00                     543 	.db #0x00	; 0
    000001F0 5A                     544 	.db #0x5a	; 90	'Z'
    000001F1 00                     545 	.db #0x00	; 0
    000001F2 00                     546 	.db #0x00	; 0
    000001F3 5A                     547 	.db #0x5a	; 90	'Z'
    000001F4 00                     548 	.db #0x00	; 0
    000001F5 00                     549 	.db #0x00	; 0
    000001F6 5A                     550 	.db #0x5a	; 90	'Z'
    000001F7 00                     551 	.db #0x00	; 0
    000001F8 00                     552 	.db #0x00	; 0
    000001F9 5A                     553 	.db #0x5a	; 90	'Z'
    000001FA 00                     554 	.db #0x00	; 0
    000001FB 00                     555 	.db #0x00	; 0
    000001FC 5A                     556 	.db #0x5a	; 90	'Z'
    000001FD 00                     557 	.db #0x00	; 0
    000001FE 00                     558 	.db #0x00	; 0
    000001FF 5A                     559 	.db #0x5a	; 90	'Z'
    00000200 00                     560 	.db #0x00	; 0
    00000201 00                     561 	.db #0x00	; 0
    00000202 5A                     562 	.db #0x5a	; 90	'Z'
    00000203 00                     563 	.db #0x00	; 0
    00000204 00                     564 	.db #0x00	; 0
    00000205 5A                     565 	.db #0x5a	; 90	'Z'
    00000206 00                     566 	.db #0x00	; 0
    00000207 00                     567 	.db #0x00	; 0
    00000208 5A                     568 	.db #0x5a	; 90	'Z'
    00000209 00                     569 	.db #0x00	; 0
    0000020A 00                     570 	.db #0x00	; 0
    0000020B 5A                     571 	.db #0x5a	; 90	'Z'
    0000020C 00                     572 	.db #0x00	; 0
    0000020D 00                     573 	.db #0x00	; 0
    0000020E 5A                     574 	.db #0x5a	; 90	'Z'
    0000020F 00                     575 	.db #0x00	; 0
    00000210 00                     576 	.db #0x00	; 0
    00000211 5A                     577 	.db #0x5a	; 90	'Z'
    00000212 00                     578 	.db #0x00	; 0
    00000213 00                     579 	.db #0x00	; 0
    00000214 5A                     580 	.db #0x5a	; 90	'Z'
    00000215 00                     581 	.db #0x00	; 0
    00000216 00                     582 	.db #0x00	; 0
    00000217 5A                     583 	.db #0x5a	; 90	'Z'
    00000218 00                     584 	.db #0x00	; 0
    00000219 00                     585 	.db #0x00	; 0
    0000021A 5A                     586 	.db #0x5a	; 90	'Z'
    0000021B 00                     587 	.db #0x00	; 0
    0000021C 00                     588 	.db #0x00	; 0
    0000021D 5A                     589 	.db #0x5a	; 90	'Z'
    0000021E 00                     590 	.db #0x00	; 0
    0000021F 00                     591 	.db #0x00	; 0
    00000220 5A                     592 	.db #0x5a	; 90	'Z'
    00000221 00                     593 	.db #0x00	; 0
    00000222 00                     594 	.db #0x00	; 0
    00000223 5A                     595 	.db #0x5a	; 90	'Z'
    00000224 00                     596 	.db #0x00	; 0
    00000225 00                     597 	.db #0x00	; 0
    00000226 5A                     598 	.db #0x5a	; 90	'Z'
    00000227 00                     599 	.db #0x00	; 0
    00000228 00                     600 	.db #0x00	; 0
    00000229 5A                     601 	.db #0x5a	; 90	'Z'
    0000022A 00                     602 	.db #0x00	; 0
    0000022B 00                     603 	.db #0x00	; 0
    0000022C 5A                     604 	.db #0x5a	; 90	'Z'
    0000022D 00                     605 	.db #0x00	; 0
    0000022E 00                     606 	.db #0x00	; 0
    0000022F 5A                     607 	.db #0x5a	; 90	'Z'
    00000230 00                     608 	.db #0x00	; 0
    00000231 00                     609 	.db #0x00	; 0
    00000232 5A                     610 	.db #0x5a	; 90	'Z'
    00000233 00                     611 	.db #0x00	; 0
    00000234 00                     612 	.db #0x00	; 0
    00000235 5A                     613 	.db #0x5a	; 90	'Z'
    00000236 00                     614 	.db #0x00	; 0
    00000237 00                     615 	.db #0x00	; 0
    00000238 5A                     616 	.db #0x5a	; 90	'Z'
    00000239 00                     617 	.db #0x00	; 0
    0000023A 00                     618 	.db #0x00	; 0
    0000023B 5A                     619 	.db #0x5a	; 90	'Z'
    0000023C 00                     620 	.db #0x00	; 0
    0000023D 00                     621 	.db #0x00	; 0
    0000023E 5A                     622 	.db #0x5a	; 90	'Z'
    0000023F 00                     623 	.db #0x00	; 0
    00000240 00                     624 	.db #0x00	; 0
    00000241                        625 _P3:
    00000241 5A                     626 	.db #0x5a	; 90	'Z'
    00000242 0E                     627 	.db #0x0e	; 14
    00000243 00                     628 	.db #0x00	; 0
    00000244 5A                     629 	.db #0x5a	; 90	'Z'
    00000245 00                     630 	.db #0x00	; 0
    00000246 00                     631 	.db #0x00	; 0
    00000247 5A                     632 	.db #0x5a	; 90	'Z'
    00000248 00                     633 	.db #0x00	; 0
    00000249 00                     634 	.db #0x00	; 0
    0000024A 5A                     635 	.db #0x5a	; 90	'Z'
    0000024B 00                     636 	.db #0x00	; 0
    0000024C 00                     637 	.db #0x00	; 0
    0000024D 5A                     638 	.db #0x5a	; 90	'Z'
    0000024E 00                     639 	.db #0x00	; 0
    0000024F 00                     640 	.db #0x00	; 0
    00000250 5A                     641 	.db #0x5a	; 90	'Z'
    00000251 00                     642 	.db #0x00	; 0
    00000252 00                     643 	.db #0x00	; 0
    00000253 5A                     644 	.db #0x5a	; 90	'Z'
    00000254 00                     645 	.db #0x00	; 0
    00000255 00                     646 	.db #0x00	; 0
    00000256 5A                     647 	.db #0x5a	; 90	'Z'
    00000257 00                     648 	.db #0x00	; 0
    00000258 00                     649 	.db #0x00	; 0
    00000259 5A                     650 	.db #0x5a	; 90	'Z'
    0000025A 00                     651 	.db #0x00	; 0
    0000025B 00                     652 	.db #0x00	; 0
    0000025C 5A                     653 	.db #0x5a	; 90	'Z'
    0000025D 00                     654 	.db #0x00	; 0
    0000025E 00                     655 	.db #0x00	; 0
    0000025F 5A                     656 	.db #0x5a	; 90	'Z'
    00000260 00                     657 	.db #0x00	; 0
    00000261 00                     658 	.db #0x00	; 0
    00000262 5A                     659 	.db #0x5a	; 90	'Z'
    00000263 00                     660 	.db #0x00	; 0
    00000264 00                     661 	.db #0x00	; 0
    00000265 5A                     662 	.db #0x5a	; 90	'Z'
    00000266 00                     663 	.db #0x00	; 0
    00000267 00                     664 	.db #0x00	; 0
    00000268 5A                     665 	.db #0x5a	; 90	'Z'
    00000269 00                     666 	.db #0x00	; 0
    0000026A 00                     667 	.db #0x00	; 0
    0000026B 5A                     668 	.db #0x5a	; 90	'Z'
    0000026C 00                     669 	.db #0x00	; 0
    0000026D 00                     670 	.db #0x00	; 0
    0000026E 5A                     671 	.db #0x5a	; 90	'Z'
    0000026F 00                     672 	.db #0x00	; 0
    00000270 00                     673 	.db #0x00	; 0
    00000271 5A                     674 	.db #0x5a	; 90	'Z'
    00000272 00                     675 	.db #0x00	; 0
    00000273 00                     676 	.db #0x00	; 0
    00000274 5A                     677 	.db #0x5a	; 90	'Z'
    00000275 00                     678 	.db #0x00	; 0
    00000276 00                     679 	.db #0x00	; 0
    00000277 5A                     680 	.db #0x5a	; 90	'Z'
    00000278 00                     681 	.db #0x00	; 0
    00000279 00                     682 	.db #0x00	; 0
    0000027A 5A                     683 	.db #0x5a	; 90	'Z'
    0000027B 00                     684 	.db #0x00	; 0
    0000027C 00                     685 	.db #0x00	; 0
    0000027D 5A                     686 	.db #0x5a	; 90	'Z'
    0000027E 00                     687 	.db #0x00	; 0
    0000027F 00                     688 	.db #0x00	; 0
    00000280 5A                     689 	.db #0x5a	; 90	'Z'
    00000281 00                     690 	.db #0x00	; 0
    00000282 00                     691 	.db #0x00	; 0
    00000283 5A                     692 	.db #0x5a	; 90	'Z'
    00000284 00                     693 	.db #0x00	; 0
    00000285 00                     694 	.db #0x00	; 0
    00000286 5A                     695 	.db #0x5a	; 90	'Z'
    00000287 00                     696 	.db #0x00	; 0
    00000288 00                     697 	.db #0x00	; 0
    00000289 5A                     698 	.db #0x5a	; 90	'Z'
    0000028A 00                     699 	.db #0x00	; 0
    0000028B 00                     700 	.db #0x00	; 0
    0000028C 5A                     701 	.db #0x5a	; 90	'Z'
    0000028D 00                     702 	.db #0x00	; 0
    0000028E 00                     703 	.db #0x00	; 0
    0000028F 5A                     704 	.db #0x5a	; 90	'Z'
    00000290 00                     705 	.db #0x00	; 0
    00000291 00                     706 	.db #0x00	; 0
    00000292 5A                     707 	.db #0x5a	; 90	'Z'
    00000293 00                     708 	.db #0x00	; 0
    00000294 00                     709 	.db #0x00	; 0
    00000295 5A                     710 	.db #0x5a	; 90	'Z'
    00000296 00                     711 	.db #0x00	; 0
    00000297 00                     712 	.db #0x00	; 0
    00000298 5A                     713 	.db #0x5a	; 90	'Z'
    00000299 00                     714 	.db #0x00	; 0
    0000029A 00                     715 	.db #0x00	; 0
    0000029B 5A                     716 	.db #0x5a	; 90	'Z'
    0000029C 00                     717 	.db #0x00	; 0
    0000029D 00                     718 	.db #0x00	; 0
    0000029E 5A                     719 	.db #0x5a	; 90	'Z'
    0000029F 00                     720 	.db #0x00	; 0
    000002A0 00                     721 	.db #0x00	; 0
    000002A1 5A                     722 	.db #0x5a	; 90	'Z'
    000002A2 00                     723 	.db #0x00	; 0
    000002A3 00                     724 	.db #0x00	; 0
    000002A4 5A                     725 	.db #0x5a	; 90	'Z'
    000002A5 00                     726 	.db #0x00	; 0
    000002A6 00                     727 	.db #0x00	; 0
    000002A7 5A                     728 	.db #0x5a	; 90	'Z'
    000002A8 00                     729 	.db #0x00	; 0
    000002A9 00                     730 	.db #0x00	; 0
    000002AA 5A                     731 	.db #0x5a	; 90	'Z'
    000002AB 00                     732 	.db #0x00	; 0
    000002AC 00                     733 	.db #0x00	; 0
    000002AD 5A                     734 	.db #0x5a	; 90	'Z'
    000002AE 00                     735 	.db #0x00	; 0
    000002AF 00                     736 	.db #0x00	; 0
    000002B0 5A                     737 	.db #0x5a	; 90	'Z'
    000002B1 00                     738 	.db #0x00	; 0
    000002B2 00                     739 	.db #0x00	; 0
    000002B3 5A                     740 	.db #0x5a	; 90	'Z'
    000002B4 00                     741 	.db #0x00	; 0
    000002B5 00                     742 	.db #0x00	; 0
    000002B6 5A                     743 	.db #0x5a	; 90	'Z'
    000002B7 00                     744 	.db #0x00	; 0
    000002B8 00                     745 	.db #0x00	; 0
    000002B9 5A                     746 	.db #0x5a	; 90	'Z'
    000002BA 00                     747 	.db #0x00	; 0
    000002BB 00                     748 	.db #0x00	; 0
    000002BC 5A                     749 	.db #0x5a	; 90	'Z'
    000002BD 00                     750 	.db #0x00	; 0
    000002BE 00                     751 	.db #0x00	; 0
    000002BF 5A                     752 	.db #0x5a	; 90	'Z'
    000002C0 00                     753 	.db #0x00	; 0
    000002C1 00                     754 	.db #0x00	; 0
    000002C2 5A                     755 	.db #0x5a	; 90	'Z'
    000002C3 00                     756 	.db #0x00	; 0
    000002C4 00                     757 	.db #0x00	; 0
    000002C5 5A                     758 	.db #0x5a	; 90	'Z'
    000002C6 00                     759 	.db #0x00	; 0
    000002C7 00                     760 	.db #0x00	; 0
    000002C8 5A                     761 	.db #0x5a	; 90	'Z'
    000002C9 00                     762 	.db #0x00	; 0
    000002CA 00                     763 	.db #0x00	; 0
    000002CB 5A                     764 	.db #0x5a	; 90	'Z'
    000002CC 00                     765 	.db #0x00	; 0
    000002CD 00                     766 	.db #0x00	; 0
    000002CE 5A                     767 	.db #0x5a	; 90	'Z'
    000002CF 00                     768 	.db #0x00	; 0
    000002D0 00                     769 	.db #0x00	; 0
    000002D1 5A                     770 	.db #0x5a	; 90	'Z'
    000002D2 00                     771 	.db #0x00	; 0
    000002D3 00                     772 	.db #0x00	; 0
    000002D4 5A                     773 	.db #0x5a	; 90	'Z'
    000002D5 00                     774 	.db #0x00	; 0
    000002D6 00                     775 	.db #0x00	; 0
    000002D7 5A                     776 	.db #0x5a	; 90	'Z'
    000002D8 00                     777 	.db #0x00	; 0
    000002D9 00                     778 	.db #0x00	; 0
    000002DA 5A                     779 	.db #0x5a	; 90	'Z'
    000002DB 00                     780 	.db #0x00	; 0
    000002DC 00                     781 	.db #0x00	; 0
    000002DD 5A                     782 	.db #0x5a	; 90	'Z'
    000002DE 00                     783 	.db #0x00	; 0
    000002DF 00                     784 	.db #0x00	; 0
    000002E0 5A                     785 	.db #0x5a	; 90	'Z'
    000002E1 00                     786 	.db #0x00	; 0
    000002E2 00                     787 	.db #0x00	; 0
    000002E3 5A                     788 	.db #0x5a	; 90	'Z'
    000002E4 00                     789 	.db #0x00	; 0
    000002E5 00                     790 	.db #0x00	; 0
    000002E6 5A                     791 	.db #0x5a	; 90	'Z'
    000002E7 00                     792 	.db #0x00	; 0
    000002E8 00                     793 	.db #0x00	; 0
    000002E9 5A                     794 	.db #0x5a	; 90	'Z'
    000002EA 00                     795 	.db #0x00	; 0
    000002EB 00                     796 	.db #0x00	; 0
    000002EC 5A                     797 	.db #0x5a	; 90	'Z'
    000002ED 00                     798 	.db #0x00	; 0
    000002EE 00                     799 	.db #0x00	; 0
    000002EF 5A                     800 	.db #0x5a	; 90	'Z'
    000002F0 00                     801 	.db #0x00	; 0
    000002F1 00                     802 	.db #0x00	; 0
    000002F2 5A                     803 	.db #0x5a	; 90	'Z'
    000002F3 00                     804 	.db #0x00	; 0
    000002F4 00                     805 	.db #0x00	; 0
    000002F5 5A                     806 	.db #0x5a	; 90	'Z'
    000002F6 00                     807 	.db #0x00	; 0
    000002F7 00                     808 	.db #0x00	; 0
    000002F8 5A                     809 	.db #0x5a	; 90	'Z'
    000002F9 00                     810 	.db #0x00	; 0
    000002FA 00                     811 	.db #0x00	; 0
    000002FB 5A                     812 	.db #0x5a	; 90	'Z'
    000002FC 00                     813 	.db #0x00	; 0
    000002FD 00                     814 	.db #0x00	; 0
    000002FE 5A                     815 	.db #0x5a	; 90	'Z'
    000002FF 00                     816 	.db #0x00	; 0
    00000300 00                     817 	.db #0x00	; 0
    00000301                        818 _P4:
    00000301 26                     819 	.db #0x26	; 38
    00000302 10                     820 	.db #0x10	; 16
    00000303 00                     821 	.db #0x00	; 0
    00000304 5A                     822 	.db #0x5a	; 90	'Z'
    00000305 00                     823 	.db #0x00	; 0
    00000306 00                     824 	.db #0x00	; 0
    00000307 1A                     825 	.db #0x1a	; 26
    00000308 10                     826 	.db #0x10	; 16
    00000309 00                     827 	.db #0x00	; 0
    0000030A 5A                     828 	.db #0x5a	; 90	'Z'
    0000030B 00                     829 	.db #0x00	; 0
    0000030C 00                     830 	.db #0x00	; 0
    0000030D 26                     831 	.db #0x26	; 38
    0000030E 1C                     832 	.db #0x1c	; 28
    0000030F 05                     833 	.db #0x05	; 5
    00000310 5A                     834 	.db #0x5a	; 90	'Z'
    00000311 00                     835 	.db #0x00	; 0
    00000312 00                     836 	.db #0x00	; 0
    00000313 1A                     837 	.db #0x1a	; 26
    00000314 1C                     838 	.db #0x1c	; 28
    00000315 05                     839 	.db #0x05	; 5
    00000316 5A                     840 	.db #0x5a	; 90	'Z'
    00000317 00                     841 	.db #0x00	; 0
    00000318 00                     842 	.db #0x00	; 0
    00000319 26                     843 	.db #0x26	; 38
    0000031A 1C                     844 	.db #0x1c	; 28
    0000031B 03                     845 	.db #0x03	; 3
    0000031C 5A                     846 	.db #0x5a	; 90	'Z'
    0000031D 00                     847 	.db #0x00	; 0
    0000031E 00                     848 	.db #0x00	; 0
    0000031F 1A                     849 	.db #0x1a	; 26
    00000320 1C                     850 	.db #0x1c	; 28
    00000321 03                     851 	.db #0x03	; 3
    00000322 5A                     852 	.db #0x5a	; 90	'Z'
    00000323 00                     853 	.db #0x00	; 0
    00000324 00                     854 	.db #0x00	; 0
    00000325 24                     855 	.db #0x24	; 36
    00000326 10                     856 	.db #0x10	; 16
    00000327 00                     857 	.db #0x00	; 0
    00000328 5A                     858 	.db #0x5a	; 90	'Z'
    00000329 00                     859 	.db #0x00	; 0
    0000032A 00                     860 	.db #0x00	; 0
    0000032B 22                     861 	.db #0x22	; 34
    0000032C 10                     862 	.db #0x10	; 16
    0000032D 00                     863 	.db #0x00	; 0
    0000032E 5A                     864 	.db #0x5a	; 90	'Z'
    0000032F 00                     865 	.db #0x00	; 0
    00000330 00                     866 	.db #0x00	; 0
    00000331 21                     867 	.db #0x21	; 33
    00000332 10                     868 	.db #0x10	; 16
    00000333 00                     869 	.db #0x00	; 0
    00000334 5A                     870 	.db #0x5a	; 90	'Z'
    00000335 00                     871 	.db #0x00	; 0
    00000336 00                     872 	.db #0x00	; 0
    00000337 15                     873 	.db #0x15	; 21
    00000338 10                     874 	.db #0x10	; 16
    00000339 00                     875 	.db #0x00	; 0
    0000033A 5A                     876 	.db #0x5a	; 90	'Z'
    0000033B 00                     877 	.db #0x00	; 0
    0000033C 00                     878 	.db #0x00	; 0
    0000033D 1A                     879 	.db #0x1a	; 26
    0000033E 10                     880 	.db #0x10	; 16
    0000033F 00                     881 	.db #0x00	; 0
    00000340 5A                     882 	.db #0x5a	; 90	'Z'
    00000341 00                     883 	.db #0x00	; 0
    00000342 00                     884 	.db #0x00	; 0
    00000343 0E                     885 	.db #0x0e	; 14
    00000344 10                     886 	.db #0x10	; 16
    00000345 00                     887 	.db #0x00	; 0
    00000346 5A                     888 	.db #0x5a	; 90	'Z'
    00000347 00                     889 	.db #0x00	; 0
    00000348 00                     890 	.db #0x00	; 0
    00000349 22                     891 	.db #0x22	; 34
    0000034A 10                     892 	.db #0x10	; 16
    0000034B 00                     893 	.db #0x00	; 0
    0000034C 5A                     894 	.db #0x5a	; 90	'Z'
    0000034D 00                     895 	.db #0x00	; 0
    0000034E 00                     896 	.db #0x00	; 0
    0000034F 16                     897 	.db #0x16	; 22
    00000350 10                     898 	.db #0x10	; 16
    00000351 00                     899 	.db #0x00	; 0
    00000352 5A                     900 	.db #0x5a	; 90	'Z'
    00000353 00                     901 	.db #0x00	; 0
    00000354 00                     902 	.db #0x00	; 0
    00000355 21                     903 	.db #0x21	; 33
    00000356 10                     904 	.db #0x10	; 16
    00000357 00                     905 	.db #0x00	; 0
    00000358 5A                     906 	.db #0x5a	; 90	'Z'
    00000359 00                     907 	.db #0x00	; 0
    0000035A 00                     908 	.db #0x00	; 0
    0000035B 15                     909 	.db #0x15	; 21
    0000035C 10                     910 	.db #0x10	; 16
    0000035D 00                     911 	.db #0x00	; 0
    0000035E 5A                     912 	.db #0x5a	; 90	'Z'
    0000035F 00                     913 	.db #0x00	; 0
    00000360 00                     914 	.db #0x00	; 0
    00000361 1F                     915 	.db #0x1f	; 31
    00000362 10                     916 	.db #0x10	; 16
    00000363 00                     917 	.db #0x00	; 0
    00000364 5A                     918 	.db #0x5a	; 90	'Z'
    00000365 00                     919 	.db #0x00	; 0
    00000366 00                     920 	.db #0x00	; 0
    00000367 13                     921 	.db #0x13	; 19
    00000368 10                     922 	.db #0x10	; 16
    00000369 00                     923 	.db #0x00	; 0
    0000036A 5A                     924 	.db #0x5a	; 90	'Z'
    0000036B 00                     925 	.db #0x00	; 0
    0000036C 00                     926 	.db #0x00	; 0
    0000036D 1F                     927 	.db #0x1f	; 31
    0000036E 1C                     928 	.db #0x1c	; 28
    0000036F 05                     929 	.db #0x05	; 5
    00000370 5A                     930 	.db #0x5a	; 90	'Z'
    00000371 00                     931 	.db #0x00	; 0
    00000372 00                     932 	.db #0x00	; 0
    00000373 13                     933 	.db #0x13	; 19
    00000374 1C                     934 	.db #0x1c	; 28
    00000375 05                     935 	.db #0x05	; 5
    00000376 5A                     936 	.db #0x5a	; 90	'Z'
    00000377 00                     937 	.db #0x00	; 0
    00000378 00                     938 	.db #0x00	; 0
    00000379 1F                     939 	.db #0x1f	; 31
    0000037A 1C                     940 	.db #0x1c	; 28
    0000037B 03                     941 	.db #0x03	; 3
    0000037C 5A                     942 	.db #0x5a	; 90	'Z'
    0000037D 00                     943 	.db #0x00	; 0
    0000037E 00                     944 	.db #0x00	; 0
    0000037F 1C                     945 	.db #0x1c	; 28
    00000380 10                     946 	.db #0x10	; 16
    00000381 00                     947 	.db #0x00	; 0
    00000382 5A                     948 	.db #0x5a	; 90	'Z'
    00000383 00                     949 	.db #0x00	; 0
    00000384 00                     950 	.db #0x00	; 0
    00000385 1A                     951 	.db #0x1a	; 26
    00000386 10                     952 	.db #0x10	; 16
    00000387 00                     953 	.db #0x00	; 0
    00000388 5A                     954 	.db #0x5a	; 90	'Z'
    00000389 00                     955 	.db #0x00	; 0
    0000038A 00                     956 	.db #0x00	; 0
    0000038B 1C                     957 	.db #0x1c	; 28
    0000038C 10                     958 	.db #0x10	; 16
    0000038D 00                     959 	.db #0x00	; 0
    0000038E 5A                     960 	.db #0x5a	; 90	'Z'
    0000038F 00                     961 	.db #0x00	; 0
    00000390 00                     962 	.db #0x00	; 0
    00000391 1D                     963 	.db #0x1d	; 29
    00000392 10                     964 	.db #0x10	; 16
    00000393 00                     965 	.db #0x00	; 0
    00000394 5A                     966 	.db #0x5a	; 90	'Z'
    00000395 00                     967 	.db #0x00	; 0
    00000396 00                     968 	.db #0x00	; 0
    00000397 11                     969 	.db #0x11	; 17
    00000398 10                     970 	.db #0x10	; 16
    00000399 00                     971 	.db #0x00	; 0
    0000039A 5A                     972 	.db #0x5a	; 90	'Z'
    0000039B 00                     973 	.db #0x00	; 0
    0000039C 00                     974 	.db #0x00	; 0
    0000039D 1D                     975 	.db #0x1d	; 29
    0000039E 1C                     976 	.db #0x1c	; 28
    0000039F 05                     977 	.db #0x05	; 5
    000003A0 5A                     978 	.db #0x5a	; 90	'Z'
    000003A1 00                     979 	.db #0x00	; 0
    000003A2 00                     980 	.db #0x00	; 0
    000003A3 11                     981 	.db #0x11	; 17
    000003A4 1C                     982 	.db #0x1c	; 28
    000003A5 05                     983 	.db #0x05	; 5
    000003A6 5A                     984 	.db #0x5a	; 90	'Z'
    000003A7 00                     985 	.db #0x00	; 0
    000003A8 00                     986 	.db #0x00	; 0
    000003A9 1C                     987 	.db #0x1c	; 28
    000003AA 10                     988 	.db #0x10	; 16
    000003AB 00                     989 	.db #0x00	; 0
    000003AC 5A                     990 	.db #0x5a	; 90	'Z'
    000003AD 00                     991 	.db #0x00	; 0
    000003AE 00                     992 	.db #0x00	; 0
    000003AF 10                     993 	.db #0x10	; 16
    000003B0 10                     994 	.db #0x10	; 16
    000003B1 00                     995 	.db #0x00	; 0
    000003B2 5A                     996 	.db #0x5a	; 90	'Z'
    000003B3 00                     997 	.db #0x00	; 0
    000003B4 00                     998 	.db #0x00	; 0
    000003B5 24                     999 	.db #0x24	; 36
    000003B6 10                    1000 	.db #0x10	; 16
    000003B7 00                    1001 	.db #0x00	; 0
    000003B8 5A                    1002 	.db #0x5a	; 90	'Z'
    000003B9 00                    1003 	.db #0x00	; 0
    000003BA 00                    1004 	.db #0x00	; 0
    000003BB 18                    1005 	.db #0x18	; 24
    000003BC 10                    1006 	.db #0x10	; 16
    000003BD 00                    1007 	.db #0x00	; 0
    000003BE 5A                    1008 	.db #0x5a	; 90	'Z'
    000003BF 00                    1009 	.db #0x00	; 0
    000003C0 00                    1010 	.db #0x00	; 0
    000003C1                       1011 _P8:
    000003C1 2D                    1012 	.db #0x2d	; 45
    000003C2 10                    1013 	.db #0x10	; 16
    000003C3 00                    1014 	.db #0x00	; 0
    000003C4 5A                    1015 	.db #0x5a	; 90	'Z'
    000003C5 00                    1016 	.db #0x00	; 0
    000003C6 00                    1017 	.db #0x00	; 0
    000003C7 5A                    1018 	.db #0x5a	; 90	'Z'
    000003C8 00                    1019 	.db #0x00	; 0
    000003C9 00                    1020 	.db #0x00	; 0
    000003CA 5A                    1021 	.db #0x5a	; 90	'Z'
    000003CB 00                    1022 	.db #0x00	; 0
    000003CC 00                    1023 	.db #0x00	; 0
    000003CD 2D                    1024 	.db #0x2d	; 45
    000003CE 1C                    1025 	.db #0x1c	; 28
    000003CF 05                    1026 	.db #0x05	; 5
    000003D0 5A                    1027 	.db #0x5a	; 90	'Z'
    000003D1 00                    1028 	.db #0x00	; 0
    000003D2 00                    1029 	.db #0x00	; 0
    000003D3 5A                    1030 	.db #0x5a	; 90	'Z'
    000003D4 00                    1031 	.db #0x00	; 0
    000003D5 00                    1032 	.db #0x00	; 0
    000003D6 5A                    1033 	.db #0x5a	; 90	'Z'
    000003D7 00                    1034 	.db #0x00	; 0
    000003D8 00                    1035 	.db #0x00	; 0
    000003D9 2D                    1036 	.db #0x2d	; 45
    000003DA 1C                    1037 	.db #0x1c	; 28
    000003DB 03                    1038 	.db #0x03	; 3
    000003DC 5A                    1039 	.db #0x5a	; 90	'Z'
    000003DD 00                    1040 	.db #0x00	; 0
    000003DE 00                    1041 	.db #0x00	; 0
    000003DF 5A                    1042 	.db #0x5a	; 90	'Z'
    000003E0 00                    1043 	.db #0x00	; 0
    000003E1 00                    1044 	.db #0x00	; 0
    000003E2 5A                    1045 	.db #0x5a	; 90	'Z'
    000003E3 00                    1046 	.db #0x00	; 0
    000003E4 00                    1047 	.db #0x00	; 0
    000003E5 2D                    1048 	.db #0x2d	; 45
    000003E6 1C                    1049 	.db #0x1c	; 28
    000003E7 01                    1050 	.db #0x01	; 1
    000003E8 5A                    1051 	.db #0x5a	; 90	'Z'
    000003E9 00                    1052 	.db #0x00	; 0
    000003EA 00                    1053 	.db #0x00	; 0
    000003EB 29                    1054 	.db #0x29	; 41
    000003EC 10                    1055 	.db #0x10	; 16
    000003ED 00                    1056 	.db #0x00	; 0
    000003EE 28                    1057 	.db #0x28	; 40
    000003EF 10                    1058 	.db #0x10	; 16
    000003F0 00                    1059 	.db #0x00	; 0
    000003F1 26                    1060 	.db #0x26	; 38
    000003F2 10                    1061 	.db #0x10	; 16
    000003F3 00                    1062 	.db #0x00	; 0
    000003F4 5A                    1063 	.db #0x5a	; 90	'Z'
    000003F5 00                    1064 	.db #0x00	; 0
    000003F6 00                    1065 	.db #0x00	; 0
    000003F7 5A                    1066 	.db #0x5a	; 90	'Z'
    000003F8 00                    1067 	.db #0x00	; 0
    000003F9 00                    1068 	.db #0x00	; 0
    000003FA 5A                    1069 	.db #0x5a	; 90	'Z'
    000003FB 00                    1070 	.db #0x00	; 0
    000003FC 00                    1071 	.db #0x00	; 0
    000003FD 26                    1072 	.db #0x26	; 38
    000003FE 1C                    1073 	.db #0x1c	; 28
    000003FF 05                    1074 	.db #0x05	; 5
    00000400 5A                    1075 	.db #0x5a	; 90	'Z'
    00000401 00                    1076 	.db #0x00	; 0
    00000402 00                    1077 	.db #0x00	; 0
    00000403 5A                    1078 	.db #0x5a	; 90	'Z'
    00000404 00                    1079 	.db #0x00	; 0
    00000405 00                    1080 	.db #0x00	; 0
    00000406 5A                    1081 	.db #0x5a	; 90	'Z'
    00000407 00                    1082 	.db #0x00	; 0
    00000408 00                    1083 	.db #0x00	; 0
    00000409 26                    1084 	.db #0x26	; 38
    0000040A 1C                    1085 	.db #0x1c	; 28
    0000040B 03                    1086 	.db #0x03	; 3
    0000040C 5A                    1087 	.db #0x5a	; 90	'Z'
    0000040D 00                    1088 	.db #0x00	; 0
    0000040E 00                    1089 	.db #0x00	; 0
    0000040F 24                    1090 	.db #0x24	; 36
    00000410 10                    1091 	.db #0x10	; 16
    00000411 00                    1092 	.db #0x00	; 0
    00000412 5A                    1093 	.db #0x5a	; 90	'Z'
    00000413 00                    1094 	.db #0x00	; 0
    00000414 00                    1095 	.db #0x00	; 0
    00000415 26                    1096 	.db #0x26	; 38
    00000416 10                    1097 	.db #0x10	; 16
    00000417 00                    1098 	.db #0x00	; 0
    00000418 5A                    1099 	.db #0x5a	; 90	'Z'
    00000419 00                    1100 	.db #0x00	; 0
    0000041A 00                    1101 	.db #0x00	; 0
    0000041B 29                    1102 	.db #0x29	; 41
    0000041C 10                    1103 	.db #0x10	; 16
    0000041D 00                    1104 	.db #0x00	; 0
    0000041E 5A                    1105 	.db #0x5a	; 90	'Z'
    0000041F 00                    1106 	.db #0x00	; 0
    00000420 00                    1107 	.db #0x00	; 0
    00000421 2B                    1108 	.db #0x2b	; 43
    00000422 10                    1109 	.db #0x10	; 16
    00000423 00                    1110 	.db #0x00	; 0
    00000424 5A                    1111 	.db #0x5a	; 90	'Z'
    00000425 00                    1112 	.db #0x00	; 0
    00000426 00                    1113 	.db #0x00	; 0
    00000427 5A                    1114 	.db #0x5a	; 90	'Z'
    00000428 00                    1115 	.db #0x00	; 0
    00000429 00                    1116 	.db #0x00	; 0
    0000042A 5A                    1117 	.db #0x5a	; 90	'Z'
    0000042B 00                    1118 	.db #0x00	; 0
    0000042C 00                    1119 	.db #0x00	; 0
    0000042D 2B                    1120 	.db #0x2b	; 43
    0000042E 1C                    1121 	.db #0x1c	; 28
    0000042F 05                    1122 	.db #0x05	; 5
    00000430 5A                    1123 	.db #0x5a	; 90	'Z'
    00000431 00                    1124 	.db #0x00	; 0
    00000432 00                    1125 	.db #0x00	; 0
    00000433 5A                    1126 	.db #0x5a	; 90	'Z'
    00000434 00                    1127 	.db #0x00	; 0
    00000435 00                    1128 	.db #0x00	; 0
    00000436 5A                    1129 	.db #0x5a	; 90	'Z'
    00000437 00                    1130 	.db #0x00	; 0
    00000438 00                    1131 	.db #0x00	; 0
    00000439 2B                    1132 	.db #0x2b	; 43
    0000043A 1C                    1133 	.db #0x1c	; 28
    0000043B 03                    1134 	.db #0x03	; 3
    0000043C 5A                    1135 	.db #0x5a	; 90	'Z'
    0000043D 00                    1136 	.db #0x00	; 0
    0000043E 00                    1137 	.db #0x00	; 0
    0000043F 5A                    1138 	.db #0x5a	; 90	'Z'
    00000440 00                    1139 	.db #0x00	; 0
    00000441 00                    1140 	.db #0x00	; 0
    00000442 5A                    1141 	.db #0x5a	; 90	'Z'
    00000443 00                    1142 	.db #0x00	; 0
    00000444 00                    1143 	.db #0x00	; 0
    00000445 2B                    1144 	.db #0x2b	; 43
    00000446 1C                    1145 	.db #0x1c	; 28
    00000447 01                    1146 	.db #0x01	; 1
    00000448 5A                    1147 	.db #0x5a	; 90	'Z'
    00000449 00                    1148 	.db #0x00	; 0
    0000044A 00                    1149 	.db #0x00	; 0
    0000044B 29                    1150 	.db #0x29	; 41
    0000044C 10                    1151 	.db #0x10	; 16
    0000044D 00                    1152 	.db #0x00	; 0
    0000044E 28                    1153 	.db #0x28	; 40
    0000044F 10                    1154 	.db #0x10	; 16
    00000450 00                    1155 	.db #0x00	; 0
    00000451 25                    1156 	.db #0x25	; 37
    00000452 10                    1157 	.db #0x10	; 16
    00000453 00                    1158 	.db #0x00	; 0
    00000454 5A                    1159 	.db #0x5a	; 90	'Z'
    00000455 00                    1160 	.db #0x00	; 0
    00000456 00                    1161 	.db #0x00	; 0
    00000457 5A                    1162 	.db #0x5a	; 90	'Z'
    00000458 00                    1163 	.db #0x00	; 0
    00000459 00                    1164 	.db #0x00	; 0
    0000045A 5A                    1165 	.db #0x5a	; 90	'Z'
    0000045B 00                    1166 	.db #0x00	; 0
    0000045C 00                    1167 	.db #0x00	; 0
    0000045D 21                    1168 	.db #0x21	; 33
    0000045E 10                    1169 	.db #0x10	; 16
    0000045F 00                    1170 	.db #0x00	; 0
    00000460 5A                    1171 	.db #0x5a	; 90	'Z'
    00000461 00                    1172 	.db #0x00	; 0
    00000462 00                    1173 	.db #0x00	; 0
    00000463 5A                    1174 	.db #0x5a	; 90	'Z'
    00000464 00                    1175 	.db #0x00	; 0
    00000465 00                    1176 	.db #0x00	; 0
    00000466 5A                    1177 	.db #0x5a	; 90	'Z'
    00000467 00                    1178 	.db #0x00	; 0
    00000468 00                    1179 	.db #0x00	; 0
    00000469 21                    1180 	.db #0x21	; 33
    0000046A 1C                    1181 	.db #0x1c	; 28
    0000046B 05                    1182 	.db #0x05	; 5
    0000046C 5A                    1183 	.db #0x5a	; 90	'Z'
    0000046D 00                    1184 	.db #0x00	; 0
    0000046E 00                    1185 	.db #0x00	; 0
    0000046F 5A                    1186 	.db #0x5a	; 90	'Z'
    00000470 00                    1187 	.db #0x00	; 0
    00000471 00                    1188 	.db #0x00	; 0
    00000472 5A                    1189 	.db #0x5a	; 90	'Z'
    00000473 00                    1190 	.db #0x00	; 0
    00000474 00                    1191 	.db #0x00	; 0
    00000475 29                    1192 	.db #0x29	; 41
    00000476 10                    1193 	.db #0x10	; 16
    00000477 00                    1194 	.db #0x00	; 0
    00000478 5A                    1195 	.db #0x5a	; 90	'Z'
    00000479 00                    1196 	.db #0x00	; 0
    0000047A 00                    1197 	.db #0x00	; 0
    0000047B 5A                    1198 	.db #0x5a	; 90	'Z'
    0000047C 00                    1199 	.db #0x00	; 0
    0000047D 00                    1200 	.db #0x00	; 0
    0000047E 5A                    1201 	.db #0x5a	; 90	'Z'
    0000047F 00                    1202 	.db #0x00	; 0
    00000480 00                    1203 	.db #0x00	; 0
    00000481                       1204 _P9:
    00000481 26                    1205 	.db #0x26	; 38
    00000482 20                    1206 	.db #0x20	; 32
    00000483 00                    1207 	.db #0x00	; 0
    00000484 5A                    1208 	.db #0x5a	; 90	'Z'
    00000485 00                    1209 	.db #0x00	; 0
    00000486 00                    1210 	.db #0x00	; 0
    00000487 5A                    1211 	.db #0x5a	; 90	'Z'
    00000488 00                    1212 	.db #0x00	; 0
    00000489 00                    1213 	.db #0x00	; 0
    0000048A 5A                    1214 	.db #0x5a	; 90	'Z'
    0000048B 00                    1215 	.db #0x00	; 0
    0000048C 00                    1216 	.db #0x00	; 0
    0000048D 26                    1217 	.db #0x26	; 38
    0000048E 2C                    1218 	.db #0x2c	; 44
    0000048F 07                    1219 	.db #0x07	; 7
    00000490 5A                    1220 	.db #0x5a	; 90	'Z'
    00000491 00                    1221 	.db #0x00	; 0
    00000492 00                    1222 	.db #0x00	; 0
    00000493 28                    1223 	.db #0x28	; 40
    00000494 20                    1224 	.db #0x20	; 32
    00000495 00                    1225 	.db #0x00	; 0
    00000496 5A                    1226 	.db #0x5a	; 90	'Z'
    00000497 00                    1227 	.db #0x00	; 0
    00000498 00                    1228 	.db #0x00	; 0
    00000499 5A                    1229 	.db #0x5a	; 90	'Z'
    0000049A 00                    1230 	.db #0x00	; 0
    0000049B 00                    1231 	.db #0x00	; 0
    0000049C 5A                    1232 	.db #0x5a	; 90	'Z'
    0000049D 00                    1233 	.db #0x00	; 0
    0000049E 00                    1234 	.db #0x00	; 0
    0000049F 28                    1235 	.db #0x28	; 40
    000004A0 2C                    1236 	.db #0x2c	; 44
    000004A1 07                    1237 	.db #0x07	; 7
    000004A2 5A                    1238 	.db #0x5a	; 90	'Z'
    000004A3 00                    1239 	.db #0x00	; 0
    000004A4 00                    1240 	.db #0x00	; 0
    000004A5 5A                    1241 	.db #0x5a	; 90	'Z'
    000004A6 00                    1242 	.db #0x00	; 0
    000004A7 00                    1243 	.db #0x00	; 0
    000004A8 5A                    1244 	.db #0x5a	; 90	'Z'
    000004A9 00                    1245 	.db #0x00	; 0
    000004AA 00                    1246 	.db #0x00	; 0
    000004AB 29                    1247 	.db #0x29	; 41
    000004AC 20                    1248 	.db #0x20	; 32
    000004AD 00                    1249 	.db #0x00	; 0
    000004AE 2B                    1250 	.db #0x2b	; 43
    000004AF 20                    1251 	.db #0x20	; 32
    000004B0 00                    1252 	.db #0x00	; 0
    000004B1 2D                    1253 	.db #0x2d	; 45
    000004B2 20                    1254 	.db #0x20	; 32
    000004B3 00                    1255 	.db #0x00	; 0
    000004B4 5A                    1256 	.db #0x5a	; 90	'Z'
    000004B5 00                    1257 	.db #0x00	; 0
    000004B6 00                    1258 	.db #0x00	; 0
    000004B7 5A                    1259 	.db #0x5a	; 90	'Z'
    000004B8 00                    1260 	.db #0x00	; 0
    000004B9 00                    1261 	.db #0x00	; 0
    000004BA 5A                    1262 	.db #0x5a	; 90	'Z'
    000004BB 00                    1263 	.db #0x00	; 0
    000004BC 00                    1264 	.db #0x00	; 0
    000004BD 2D                    1265 	.db #0x2d	; 45
    000004BE 2C                    1266 	.db #0x2c	; 44
    000004BF 07                    1267 	.db #0x07	; 7
    000004C0 5A                    1268 	.db #0x5a	; 90	'Z'
    000004C1 00                    1269 	.db #0x00	; 0
    000004C2 00                    1270 	.db #0x00	; 0
    000004C3 5A                    1271 	.db #0x5a	; 90	'Z'
    000004C4 00                    1272 	.db #0x00	; 0
    000004C5 00                    1273 	.db #0x00	; 0
    000004C6 5A                    1274 	.db #0x5a	; 90	'Z'
    000004C7 00                    1275 	.db #0x00	; 0
    000004C8 00                    1276 	.db #0x00	; 0
    000004C9 2D                    1277 	.db #0x2d	; 45
    000004CA 2C                    1278 	.db #0x2c	; 44
    000004CB 03                    1279 	.db #0x03	; 3
    000004CC 5A                    1280 	.db #0x5a	; 90	'Z'
    000004CD 00                    1281 	.db #0x00	; 0
    000004CE 00                    1282 	.db #0x00	; 0
    000004CF 5A                    1283 	.db #0x5a	; 90	'Z'
    000004D0 00                    1284 	.db #0x00	; 0
    000004D1 00                    1285 	.db #0x00	; 0
    000004D2 5A                    1286 	.db #0x5a	; 90	'Z'
    000004D3 00                    1287 	.db #0x00	; 0
    000004D4 00                    1288 	.db #0x00	; 0
    000004D5 29                    1289 	.db #0x29	; 41
    000004D6 20                    1290 	.db #0x20	; 32
    000004D7 00                    1291 	.db #0x00	; 0
    000004D8 5A                    1292 	.db #0x5a	; 90	'Z'
    000004D9 00                    1293 	.db #0x00	; 0
    000004DA 00                    1294 	.db #0x00	; 0
    000004DB 5A                    1295 	.db #0x5a	; 90	'Z'
    000004DC 00                    1296 	.db #0x00	; 0
    000004DD 00                    1297 	.db #0x00	; 0
    000004DE 5A                    1298 	.db #0x5a	; 90	'Z'
    000004DF 00                    1299 	.db #0x00	; 0
    000004E0 00                    1300 	.db #0x00	; 0
    000004E1 2B                    1301 	.db #0x2b	; 43
    000004E2 20                    1302 	.db #0x20	; 32
    000004E3 00                    1303 	.db #0x00	; 0
    000004E4 5A                    1304 	.db #0x5a	; 90	'Z'
    000004E5 00                    1305 	.db #0x00	; 0
    000004E6 00                    1306 	.db #0x00	; 0
    000004E7 5A                    1307 	.db #0x5a	; 90	'Z'
    000004E8 00                    1308 	.db #0x00	; 0
    000004E9 00                    1309 	.db #0x00	; 0
    000004EA 5A                    1310 	.db #0x5a	; 90	'Z'
    000004EB 00                    1311 	.db #0x00	; 0
    000004EC 00                    1312 	.db #0x00	; 0
    000004ED 2B                    1313 	.db #0x2b	; 43
    000004EE 2C                    1314 	.db #0x2c	; 44
    000004EF 07                    1315 	.db #0x07	; 7
    000004F0 5A                    1316 	.db #0x5a	; 90	'Z'
    000004F1 00                    1317 	.db #0x00	; 0
    000004F2 00                    1318 	.db #0x00	; 0
    000004F3 28                    1319 	.db #0x28	; 40
    000004F4 20                    1320 	.db #0x20	; 32
    000004F5 00                    1321 	.db #0x00	; 0
    000004F6 5A                    1322 	.db #0x5a	; 90	'Z'
    000004F7 00                    1323 	.db #0x00	; 0
    000004F8 00                    1324 	.db #0x00	; 0
    000004F9 5A                    1325 	.db #0x5a	; 90	'Z'
    000004FA 00                    1326 	.db #0x00	; 0
    000004FB 00                    1327 	.db #0x00	; 0
    000004FC 5A                    1328 	.db #0x5a	; 90	'Z'
    000004FD 00                    1329 	.db #0x00	; 0
    000004FE 00                    1330 	.db #0x00	; 0
    000004FF 24                    1331 	.db #0x24	; 36
    00000500 20                    1332 	.db #0x20	; 32
    00000501 00                    1333 	.db #0x00	; 0
    00000502 5A                    1334 	.db #0x5a	; 90	'Z'
    00000503 00                    1335 	.db #0x00	; 0
    00000504 00                    1336 	.db #0x00	; 0
    00000505 29                    1337 	.db #0x29	; 41
    00000506 20                    1338 	.db #0x20	; 32
    00000507 00                    1339 	.db #0x00	; 0
    00000508 5A                    1340 	.db #0x5a	; 90	'Z'
    00000509 00                    1341 	.db #0x00	; 0
    0000050A 00                    1342 	.db #0x00	; 0
    0000050B 28                    1343 	.db #0x28	; 40
    0000050C 20                    1344 	.db #0x20	; 32
    0000050D 00                    1345 	.db #0x00	; 0
    0000050E 5A                    1346 	.db #0x5a	; 90	'Z'
    0000050F 00                    1347 	.db #0x00	; 0
    00000510 00                    1348 	.db #0x00	; 0
    00000511 28                    1349 	.db #0x28	; 40
    00000512 2C                    1350 	.db #0x2c	; 44
    00000513 07                    1351 	.db #0x07	; 7
    00000514 5A                    1352 	.db #0x5a	; 90	'Z'
    00000515 00                    1353 	.db #0x00	; 0
    00000516 00                    1354 	.db #0x00	; 0
    00000517 28                    1355 	.db #0x28	; 40
    00000518 2C                    1356 	.db #0x2c	; 44
    00000519 07                    1357 	.db #0x07	; 7
    0000051A 5A                    1358 	.db #0x5a	; 90	'Z'
    0000051B 00                    1359 	.db #0x00	; 0
    0000051C 00                    1360 	.db #0x00	; 0
    0000051D 25                    1361 	.db #0x25	; 37
    0000051E 20                    1362 	.db #0x20	; 32
    0000051F 00                    1363 	.db #0x00	; 0
    00000520 5A                    1364 	.db #0x5a	; 90	'Z'
    00000521 00                    1365 	.db #0x00	; 0
    00000522 00                    1366 	.db #0x00	; 0
    00000523 5A                    1367 	.db #0x5a	; 90	'Z'
    00000524 00                    1368 	.db #0x00	; 0
    00000525 00                    1369 	.db #0x00	; 0
    00000526 5A                    1370 	.db #0x5a	; 90	'Z'
    00000527 00                    1371 	.db #0x00	; 0
    00000528 00                    1372 	.db #0x00	; 0
    00000529 25                    1373 	.db #0x25	; 37
    0000052A 2C                    1374 	.db #0x2c	; 44
    0000052B 07                    1375 	.db #0x07	; 7
    0000052C 5A                    1376 	.db #0x5a	; 90	'Z'
    0000052D 00                    1377 	.db #0x00	; 0
    0000052E 00                    1378 	.db #0x00	; 0
    0000052F 1C                    1379 	.db #0x1c	; 28
    00000530 20                    1380 	.db #0x20	; 32
    00000531 00                    1381 	.db #0x00	; 0
    00000532 5A                    1382 	.db #0x5a	; 90	'Z'
    00000533 00                    1383 	.db #0x00	; 0
    00000534 00                    1384 	.db #0x00	; 0
    00000535 21                    1385 	.db #0x21	; 33
    00000536 20                    1386 	.db #0x20	; 32
    00000537 00                    1387 	.db #0x00	; 0
    00000538 5A                    1388 	.db #0x5a	; 90	'Z'
    00000539 00                    1389 	.db #0x00	; 0
    0000053A 00                    1390 	.db #0x00	; 0
    0000053B 1F                    1391 	.db #0x1f	; 31
    0000053C 20                    1392 	.db #0x20	; 32
    0000053D 00                    1393 	.db #0x00	; 0
    0000053E 5A                    1394 	.db #0x5a	; 90	'Z'
    0000053F 00                    1395 	.db #0x00	; 0
    00000540 00                    1396 	.db #0x00	; 0
    00000541                       1397 _P11:
    00000541 5A                    1398 	.db #0x5a	; 90	'Z'
    00000542 00                    1399 	.db #0x00	; 0
    00000543 00                    1400 	.db #0x00	; 0
    00000544 5A                    1401 	.db #0x5a	; 90	'Z'
    00000545 00                    1402 	.db #0x00	; 0
    00000546 00                    1403 	.db #0x00	; 0
    00000547 5A                    1404 	.db #0x5a	; 90	'Z'
    00000548 00                    1405 	.db #0x00	; 0
    00000549 00                    1406 	.db #0x00	; 0
    0000054A 5A                    1407 	.db #0x5a	; 90	'Z'
    0000054B 00                    1408 	.db #0x00	; 0
    0000054C 00                    1409 	.db #0x00	; 0
    0000054D 5A                    1410 	.db #0x5a	; 90	'Z'
    0000054E 00                    1411 	.db #0x00	; 0
    0000054F 00                    1412 	.db #0x00	; 0
    00000550 5A                    1413 	.db #0x5a	; 90	'Z'
    00000551 00                    1414 	.db #0x00	; 0
    00000552 00                    1415 	.db #0x00	; 0
    00000553 5A                    1416 	.db #0x5a	; 90	'Z'
    00000554 00                    1417 	.db #0x00	; 0
    00000555 00                    1418 	.db #0x00	; 0
    00000556 5A                    1419 	.db #0x5a	; 90	'Z'
    00000557 00                    1420 	.db #0x00	; 0
    00000558 00                    1421 	.db #0x00	; 0
    00000559 5A                    1422 	.db #0x5a	; 90	'Z'
    0000055A 00                    1423 	.db #0x00	; 0
    0000055B 00                    1424 	.db #0x00	; 0
    0000055C 5A                    1425 	.db #0x5a	; 90	'Z'
    0000055D 00                    1426 	.db #0x00	; 0
    0000055E 00                    1427 	.db #0x00	; 0
    0000055F 5A                    1428 	.db #0x5a	; 90	'Z'
    00000560 00                    1429 	.db #0x00	; 0
    00000561 00                    1430 	.db #0x00	; 0
    00000562 5A                    1431 	.db #0x5a	; 90	'Z'
    00000563 00                    1432 	.db #0x00	; 0
    00000564 00                    1433 	.db #0x00	; 0
    00000565 5A                    1434 	.db #0x5a	; 90	'Z'
    00000566 00                    1435 	.db #0x00	; 0
    00000567 00                    1436 	.db #0x00	; 0
    00000568 5A                    1437 	.db #0x5a	; 90	'Z'
    00000569 00                    1438 	.db #0x00	; 0
    0000056A 00                    1439 	.db #0x00	; 0
    0000056B 5A                    1440 	.db #0x5a	; 90	'Z'
    0000056C 00                    1441 	.db #0x00	; 0
    0000056D 00                    1442 	.db #0x00	; 0
    0000056E 5A                    1443 	.db #0x5a	; 90	'Z'
    0000056F 00                    1444 	.db #0x00	; 0
    00000570 00                    1445 	.db #0x00	; 0
    00000571 5A                    1446 	.db #0x5a	; 90	'Z'
    00000572 00                    1447 	.db #0x00	; 0
    00000573 00                    1448 	.db #0x00	; 0
    00000574 5A                    1449 	.db #0x5a	; 90	'Z'
    00000575 00                    1450 	.db #0x00	; 0
    00000576 00                    1451 	.db #0x00	; 0
    00000577 5A                    1452 	.db #0x5a	; 90	'Z'
    00000578 00                    1453 	.db #0x00	; 0
    00000579 00                    1454 	.db #0x00	; 0
    0000057A 5A                    1455 	.db #0x5a	; 90	'Z'
    0000057B 00                    1456 	.db #0x00	; 0
    0000057C 00                    1457 	.db #0x00	; 0
    0000057D 5A                    1458 	.db #0x5a	; 90	'Z'
    0000057E 00                    1459 	.db #0x00	; 0
    0000057F 00                    1460 	.db #0x00	; 0
    00000580 5A                    1461 	.db #0x5a	; 90	'Z'
    00000581 00                    1462 	.db #0x00	; 0
    00000582 00                    1463 	.db #0x00	; 0
    00000583 5A                    1464 	.db #0x5a	; 90	'Z'
    00000584 00                    1465 	.db #0x00	; 0
    00000585 00                    1466 	.db #0x00	; 0
    00000586 5A                    1467 	.db #0x5a	; 90	'Z'
    00000587 00                    1468 	.db #0x00	; 0
    00000588 00                    1469 	.db #0x00	; 0
    00000589 5A                    1470 	.db #0x5a	; 90	'Z'
    0000058A 00                    1471 	.db #0x00	; 0
    0000058B 00                    1472 	.db #0x00	; 0
    0000058C 5A                    1473 	.db #0x5a	; 90	'Z'
    0000058D 00                    1474 	.db #0x00	; 0
    0000058E 00                    1475 	.db #0x00	; 0
    0000058F 5A                    1476 	.db #0x5a	; 90	'Z'
    00000590 00                    1477 	.db #0x00	; 0
    00000591 00                    1478 	.db #0x00	; 0
    00000592 5A                    1479 	.db #0x5a	; 90	'Z'
    00000593 00                    1480 	.db #0x00	; 0
    00000594 00                    1481 	.db #0x00	; 0
    00000595 5A                    1482 	.db #0x5a	; 90	'Z'
    00000596 00                    1483 	.db #0x00	; 0
    00000597 00                    1484 	.db #0x00	; 0
    00000598 5A                    1485 	.db #0x5a	; 90	'Z'
    00000599 00                    1486 	.db #0x00	; 0
    0000059A 00                    1487 	.db #0x00	; 0
    0000059B 5A                    1488 	.db #0x5a	; 90	'Z'
    0000059C 00                    1489 	.db #0x00	; 0
    0000059D 00                    1490 	.db #0x00	; 0
    0000059E 5A                    1491 	.db #0x5a	; 90	'Z'
    0000059F 00                    1492 	.db #0x00	; 0
    000005A0 00                    1493 	.db #0x00	; 0
    000005A1 5A                    1494 	.db #0x5a	; 90	'Z'
    000005A2 00                    1495 	.db #0x00	; 0
    000005A3 00                    1496 	.db #0x00	; 0
    000005A4 5A                    1497 	.db #0x5a	; 90	'Z'
    000005A5 00                    1498 	.db #0x00	; 0
    000005A6 00                    1499 	.db #0x00	; 0
    000005A7 5A                    1500 	.db #0x5a	; 90	'Z'
    000005A8 00                    1501 	.db #0x00	; 0
    000005A9 00                    1502 	.db #0x00	; 0
    000005AA 5A                    1503 	.db #0x5a	; 90	'Z'
    000005AB 00                    1504 	.db #0x00	; 0
    000005AC 00                    1505 	.db #0x00	; 0
    000005AD 5A                    1506 	.db #0x5a	; 90	'Z'
    000005AE 00                    1507 	.db #0x00	; 0
    000005AF 00                    1508 	.db #0x00	; 0
    000005B0 5A                    1509 	.db #0x5a	; 90	'Z'
    000005B1 00                    1510 	.db #0x00	; 0
    000005B2 00                    1511 	.db #0x00	; 0
    000005B3 5A                    1512 	.db #0x5a	; 90	'Z'
    000005B4 00                    1513 	.db #0x00	; 0
    000005B5 00                    1514 	.db #0x00	; 0
    000005B6 5A                    1515 	.db #0x5a	; 90	'Z'
    000005B7 00                    1516 	.db #0x00	; 0
    000005B8 00                    1517 	.db #0x00	; 0
    000005B9 5A                    1518 	.db #0x5a	; 90	'Z'
    000005BA 00                    1519 	.db #0x00	; 0
    000005BB 00                    1520 	.db #0x00	; 0
    000005BC 5A                    1521 	.db #0x5a	; 90	'Z'
    000005BD 00                    1522 	.db #0x00	; 0
    000005BE 00                    1523 	.db #0x00	; 0
    000005BF 5A                    1524 	.db #0x5a	; 90	'Z'
    000005C0 00                    1525 	.db #0x00	; 0
    000005C1 00                    1526 	.db #0x00	; 0
    000005C2 5A                    1527 	.db #0x5a	; 90	'Z'
    000005C3 00                    1528 	.db #0x00	; 0
    000005C4 00                    1529 	.db #0x00	; 0
    000005C5 5A                    1530 	.db #0x5a	; 90	'Z'
    000005C6 00                    1531 	.db #0x00	; 0
    000005C7 00                    1532 	.db #0x00	; 0
    000005C8 5A                    1533 	.db #0x5a	; 90	'Z'
    000005C9 00                    1534 	.db #0x00	; 0
    000005CA 00                    1535 	.db #0x00	; 0
    000005CB 5A                    1536 	.db #0x5a	; 90	'Z'
    000005CC 00                    1537 	.db #0x00	; 0
    000005CD 00                    1538 	.db #0x00	; 0
    000005CE 5A                    1539 	.db #0x5a	; 90	'Z'
    000005CF 00                    1540 	.db #0x00	; 0
    000005D0 00                    1541 	.db #0x00	; 0
    000005D1 3B                    1542 	.db #0x3b	; 59
    000005D2 1C                    1543 	.db #0x1c	; 28
    000005D3 00                    1544 	.db #0x00	; 0
    000005D4 3B                    1545 	.db #0x3b	; 59
    000005D5 1C                    1546 	.db #0x1c	; 28
    000005D6 00                    1547 	.db #0x00	; 0
    000005D7 3B                    1548 	.db #0x3b	; 59
    000005D8 1C                    1549 	.db #0x1c	; 28
    000005D9 01                    1550 	.db #0x01	; 1
    000005DA 3B                    1551 	.db #0x3b	; 59
    000005DB 1C                    1552 	.db #0x1c	; 28
    000005DC 01                    1553 	.db #0x01	; 1
    000005DD 3B                    1554 	.db #0x3b	; 59
    000005DE 1C                    1555 	.db #0x1c	; 28
    000005DF 02                    1556 	.db #0x02	; 2
    000005E0 3B                    1557 	.db #0x3b	; 59
    000005E1 1C                    1558 	.db #0x1c	; 28
    000005E2 02                    1559 	.db #0x02	; 2
    000005E3 3B                    1560 	.db #0x3b	; 59
    000005E4 1C                    1561 	.db #0x1c	; 28
    000005E5 03                    1562 	.db #0x03	; 3
    000005E6 3B                    1563 	.db #0x3b	; 59
    000005E7 1C                    1564 	.db #0x1c	; 28
    000005E8 03                    1565 	.db #0x03	; 3
    000005E9 3B                    1566 	.db #0x3b	; 59
    000005EA 1C                    1567 	.db #0x1c	; 28
    000005EB 04                    1568 	.db #0x04	; 4
    000005EC 3B                    1569 	.db #0x3b	; 59
    000005ED 1C                    1570 	.db #0x1c	; 28
    000005EE 04                    1571 	.db #0x04	; 4
    000005EF 3B                    1572 	.db #0x3b	; 59
    000005F0 1C                    1573 	.db #0x1c	; 28
    000005F1 04                    1574 	.db #0x04	; 4
    000005F2 3B                    1575 	.db #0x3b	; 59
    000005F3 1C                    1576 	.db #0x1c	; 28
    000005F4 04                    1577 	.db #0x04	; 4
    000005F5 3B                    1578 	.db #0x3b	; 59
    000005F6 1C                    1579 	.db #0x1c	; 28
    000005F7 04                    1580 	.db #0x04	; 4
    000005F8 3B                    1581 	.db #0x3b	; 59
    000005F9 1C                    1582 	.db #0x1c	; 28
    000005FA 05                    1583 	.db #0x05	; 5
    000005FB 3B                    1584 	.db #0x3b	; 59
    000005FC 1C                    1585 	.db #0x1c	; 28
    000005FD 06                    1586 	.db #0x06	; 6
    000005FE 3B                    1587 	.db #0x3b	; 59
    000005FF 1C                    1588 	.db #0x1c	; 28
    00000600 07                    1589 	.db #0x07	; 7
    00000601                       1590 _P12:
    00000601 26                    1591 	.db #0x26	; 38
    00000602 10                    1592 	.db #0x10	; 16
    00000603 00                    1593 	.db #0x00	; 0
    00000604 5A                    1594 	.db #0x5a	; 90	'Z'
    00000605 00                    1595 	.db #0x00	; 0
    00000606 00                    1596 	.db #0x00	; 0
    00000607 5A                    1597 	.db #0x5a	; 90	'Z'
    00000608 00                    1598 	.db #0x00	; 0
    00000609 00                    1599 	.db #0x00	; 0
    0000060A 5A                    1600 	.db #0x5a	; 90	'Z'
    0000060B 00                    1601 	.db #0x00	; 0
    0000060C 00                    1602 	.db #0x00	; 0
    0000060D 26                    1603 	.db #0x26	; 38
    0000060E 1C                    1604 	.db #0x1c	; 28
    0000060F 05                    1605 	.db #0x05	; 5
    00000610 5A                    1606 	.db #0x5a	; 90	'Z'
    00000611 00                    1607 	.db #0x00	; 0
    00000612 00                    1608 	.db #0x00	; 0
    00000613 5A                    1609 	.db #0x5a	; 90	'Z'
    00000614 00                    1610 	.db #0x00	; 0
    00000615 00                    1611 	.db #0x00	; 0
    00000616 5A                    1612 	.db #0x5a	; 90	'Z'
    00000617 00                    1613 	.db #0x00	; 0
    00000618 00                    1614 	.db #0x00	; 0
    00000619 26                    1615 	.db #0x26	; 38
    0000061A 1C                    1616 	.db #0x1c	; 28
    0000061B 03                    1617 	.db #0x03	; 3
    0000061C 5A                    1618 	.db #0x5a	; 90	'Z'
    0000061D 00                    1619 	.db #0x00	; 0
    0000061E 00                    1620 	.db #0x00	; 0
    0000061F 5A                    1621 	.db #0x5a	; 90	'Z'
    00000620 00                    1622 	.db #0x00	; 0
    00000621 00                    1623 	.db #0x00	; 0
    00000622 5A                    1624 	.db #0x5a	; 90	'Z'
    00000623 00                    1625 	.db #0x00	; 0
    00000624 00                    1626 	.db #0x00	; 0
    00000625 24                    1627 	.db #0x24	; 36
    00000626 10                    1628 	.db #0x10	; 16
    00000627 00                    1629 	.db #0x00	; 0
    00000628 5A                    1630 	.db #0x5a	; 90	'Z'
    00000629 00                    1631 	.db #0x00	; 0
    0000062A 00                    1632 	.db #0x00	; 0
    0000062B 22                    1633 	.db #0x22	; 34
    0000062C 10                    1634 	.db #0x10	; 16
    0000062D 00                    1635 	.db #0x00	; 0
    0000062E 5A                    1636 	.db #0x5a	; 90	'Z'
    0000062F 00                    1637 	.db #0x00	; 0
    00000630 00                    1638 	.db #0x00	; 0
    00000631 21                    1639 	.db #0x21	; 33
    00000632 10                    1640 	.db #0x10	; 16
    00000633 00                    1641 	.db #0x00	; 0
    00000634 5A                    1642 	.db #0x5a	; 90	'Z'
    00000635 00                    1643 	.db #0x00	; 0
    00000636 00                    1644 	.db #0x00	; 0
    00000637 5A                    1645 	.db #0x5a	; 90	'Z'
    00000638 00                    1646 	.db #0x00	; 0
    00000639 00                    1647 	.db #0x00	; 0
    0000063A 5A                    1648 	.db #0x5a	; 90	'Z'
    0000063B 00                    1649 	.db #0x00	; 0
    0000063C 00                    1650 	.db #0x00	; 0
    0000063D 1A                    1651 	.db #0x1a	; 26
    0000063E 10                    1652 	.db #0x10	; 16
    0000063F 00                    1653 	.db #0x00	; 0
    00000640 5A                    1654 	.db #0x5a	; 90	'Z'
    00000641 00                    1655 	.db #0x00	; 0
    00000642 00                    1656 	.db #0x00	; 0
    00000643 5A                    1657 	.db #0x5a	; 90	'Z'
    00000644 00                    1658 	.db #0x00	; 0
    00000645 00                    1659 	.db #0x00	; 0
    00000646 5A                    1660 	.db #0x5a	; 90	'Z'
    00000647 00                    1661 	.db #0x00	; 0
    00000648 00                    1662 	.db #0x00	; 0
    00000649 22                    1663 	.db #0x22	; 34
    0000064A 10                    1664 	.db #0x10	; 16
    0000064B 00                    1665 	.db #0x00	; 0
    0000064C 5A                    1666 	.db #0x5a	; 90	'Z'
    0000064D 00                    1667 	.db #0x00	; 0
    0000064E 00                    1668 	.db #0x00	; 0
    0000064F 5A                    1669 	.db #0x5a	; 90	'Z'
    00000650 00                    1670 	.db #0x00	; 0
    00000651 00                    1671 	.db #0x00	; 0
    00000652 5A                    1672 	.db #0x5a	; 90	'Z'
    00000653 00                    1673 	.db #0x00	; 0
    00000654 00                    1674 	.db #0x00	; 0
    00000655 21                    1675 	.db #0x21	; 33
    00000656 10                    1676 	.db #0x10	; 16
    00000657 00                    1677 	.db #0x00	; 0
    00000658 5A                    1678 	.db #0x5a	; 90	'Z'
    00000659 00                    1679 	.db #0x00	; 0
    0000065A 00                    1680 	.db #0x00	; 0
    0000065B 5A                    1681 	.db #0x5a	; 90	'Z'
    0000065C 00                    1682 	.db #0x00	; 0
    0000065D 00                    1683 	.db #0x00	; 0
    0000065E 5A                    1684 	.db #0x5a	; 90	'Z'
    0000065F 00                    1685 	.db #0x00	; 0
    00000660 00                    1686 	.db #0x00	; 0
    00000661 1F                    1687 	.db #0x1f	; 31
    00000662 10                    1688 	.db #0x10	; 16
    00000663 00                    1689 	.db #0x00	; 0
    00000664 5A                    1690 	.db #0x5a	; 90	'Z'
    00000665 00                    1691 	.db #0x00	; 0
    00000666 00                    1692 	.db #0x00	; 0
    00000667 5A                    1693 	.db #0x5a	; 90	'Z'
    00000668 00                    1694 	.db #0x00	; 0
    00000669 00                    1695 	.db #0x00	; 0
    0000066A 5A                    1696 	.db #0x5a	; 90	'Z'
    0000066B 00                    1697 	.db #0x00	; 0
    0000066C 00                    1698 	.db #0x00	; 0
    0000066D 1F                    1699 	.db #0x1f	; 31
    0000066E 1C                    1700 	.db #0x1c	; 28
    0000066F 05                    1701 	.db #0x05	; 5
    00000670 5A                    1702 	.db #0x5a	; 90	'Z'
    00000671 00                    1703 	.db #0x00	; 0
    00000672 00                    1704 	.db #0x00	; 0
    00000673 5A                    1705 	.db #0x5a	; 90	'Z'
    00000674 00                    1706 	.db #0x00	; 0
    00000675 00                    1707 	.db #0x00	; 0
    00000676 5A                    1708 	.db #0x5a	; 90	'Z'
    00000677 00                    1709 	.db #0x00	; 0
    00000678 00                    1710 	.db #0x00	; 0
    00000679 1F                    1711 	.db #0x1f	; 31
    0000067A 1C                    1712 	.db #0x1c	; 28
    0000067B 03                    1713 	.db #0x03	; 3
    0000067C 5A                    1714 	.db #0x5a	; 90	'Z'
    0000067D 00                    1715 	.db #0x00	; 0
    0000067E 00                    1716 	.db #0x00	; 0
    0000067F 1C                    1717 	.db #0x1c	; 28
    00000680 10                    1718 	.db #0x10	; 16
    00000681 00                    1719 	.db #0x00	; 0
    00000682 5A                    1720 	.db #0x5a	; 90	'Z'
    00000683 00                    1721 	.db #0x00	; 0
    00000684 00                    1722 	.db #0x00	; 0
    00000685 1A                    1723 	.db #0x1a	; 26
    00000686 10                    1724 	.db #0x10	; 16
    00000687 00                    1725 	.db #0x00	; 0
    00000688 5A                    1726 	.db #0x5a	; 90	'Z'
    00000689 00                    1727 	.db #0x00	; 0
    0000068A 00                    1728 	.db #0x00	; 0
    0000068B 1C                    1729 	.db #0x1c	; 28
    0000068C 10                    1730 	.db #0x10	; 16
    0000068D 00                    1731 	.db #0x00	; 0
    0000068E 5A                    1732 	.db #0x5a	; 90	'Z'
    0000068F 00                    1733 	.db #0x00	; 0
    00000690 00                    1734 	.db #0x00	; 0
    00000691 1D                    1735 	.db #0x1d	; 29
    00000692 10                    1736 	.db #0x10	; 16
    00000693 00                    1737 	.db #0x00	; 0
    00000694 5A                    1738 	.db #0x5a	; 90	'Z'
    00000695 00                    1739 	.db #0x00	; 0
    00000696 00                    1740 	.db #0x00	; 0
    00000697 5A                    1741 	.db #0x5a	; 90	'Z'
    00000698 00                    1742 	.db #0x00	; 0
    00000699 00                    1743 	.db #0x00	; 0
    0000069A 5A                    1744 	.db #0x5a	; 90	'Z'
    0000069B 00                    1745 	.db #0x00	; 0
    0000069C 00                    1746 	.db #0x00	; 0
    0000069D 1D                    1747 	.db #0x1d	; 29
    0000069E 1C                    1748 	.db #0x1c	; 28
    0000069F 05                    1749 	.db #0x05	; 5
    000006A0 5A                    1750 	.db #0x5a	; 90	'Z'
    000006A1 00                    1751 	.db #0x00	; 0
    000006A2 00                    1752 	.db #0x00	; 0
    000006A3 5A                    1753 	.db #0x5a	; 90	'Z'
    000006A4 00                    1754 	.db #0x00	; 0
    000006A5 00                    1755 	.db #0x00	; 0
    000006A6 5A                    1756 	.db #0x5a	; 90	'Z'
    000006A7 00                    1757 	.db #0x00	; 0
    000006A8 00                    1758 	.db #0x00	; 0
    000006A9 1C                    1759 	.db #0x1c	; 28
    000006AA 10                    1760 	.db #0x10	; 16
    000006AB 00                    1761 	.db #0x00	; 0
    000006AC 5A                    1762 	.db #0x5a	; 90	'Z'
    000006AD 00                    1763 	.db #0x00	; 0
    000006AE 00                    1764 	.db #0x00	; 0
    000006AF 5A                    1765 	.db #0x5a	; 90	'Z'
    000006B0 00                    1766 	.db #0x00	; 0
    000006B1 00                    1767 	.db #0x00	; 0
    000006B2 5A                    1768 	.db #0x5a	; 90	'Z'
    000006B3 00                    1769 	.db #0x00	; 0
    000006B4 00                    1770 	.db #0x00	; 0
    000006B5 24                    1771 	.db #0x24	; 36
    000006B6 10                    1772 	.db #0x10	; 16
    000006B7 00                    1773 	.db #0x00	; 0
    000006B8 5A                    1774 	.db #0x5a	; 90	'Z'
    000006B9 00                    1775 	.db #0x00	; 0
    000006BA 00                    1776 	.db #0x00	; 0
    000006BB 5A                    1777 	.db #0x5a	; 90	'Z'
    000006BC 00                    1778 	.db #0x00	; 0
    000006BD 00                    1779 	.db #0x00	; 0
    000006BE 5A                    1780 	.db #0x5a	; 90	'Z'
    000006BF 00                    1781 	.db #0x00	; 0
    000006C0 00                    1782 	.db #0x00	; 0
    000006C1                       1783 _P13:
    000006C1 21                    1784 	.db #0x21	; 33
    000006C2 20                    1785 	.db #0x20	; 32
    000006C3 00                    1786 	.db #0x00	; 0
    000006C4 5A                    1787 	.db #0x5a	; 90	'Z'
    000006C5 00                    1788 	.db #0x00	; 0
    000006C6 00                    1789 	.db #0x00	; 0
    000006C7 1D                    1790 	.db #0x1d	; 29
    000006C8 20                    1791 	.db #0x20	; 32
    000006C9 00                    1792 	.db #0x00	; 0
    000006CA 5A                    1793 	.db #0x5a	; 90	'Z'
    000006CB 00                    1794 	.db #0x00	; 0
    000006CC 00                    1795 	.db #0x00	; 0
    000006CD 1A                    1796 	.db #0x1a	; 26
    000006CE 20                    1797 	.db #0x20	; 32
    000006CF 00                    1798 	.db #0x00	; 0
    000006D0 5A                    1799 	.db #0x5a	; 90	'Z'
    000006D1 00                    1800 	.db #0x00	; 0
    000006D2 00                    1801 	.db #0x00	; 0
    000006D3 22                    1802 	.db #0x22	; 34
    000006D4 20                    1803 	.db #0x20	; 32
    000006D5 00                    1804 	.db #0x00	; 0
    000006D6 5A                    1805 	.db #0x5a	; 90	'Z'
    000006D7 00                    1806 	.db #0x00	; 0
    000006D8 00                    1807 	.db #0x00	; 0
    000006D9 22                    1808 	.db #0x22	; 34
    000006DA 2C                    1809 	.db #0x2c	; 44
    000006DB 07                    1810 	.db #0x07	; 7
    000006DC 5A                    1811 	.db #0x5a	; 90	'Z'
    000006DD 00                    1812 	.db #0x00	; 0
    000006DE 00                    1813 	.db #0x00	; 0
    000006DF 21                    1814 	.db #0x21	; 33
    000006E0 20                    1815 	.db #0x20	; 32
    000006E1 00                    1816 	.db #0x00	; 0
    000006E2 5A                    1817 	.db #0x5a	; 90	'Z'
    000006E3 00                    1818 	.db #0x00	; 0
    000006E4 00                    1819 	.db #0x00	; 0
    000006E5 21                    1820 	.db #0x21	; 33
    000006E6 2C                    1821 	.db #0x2c	; 44
    000006E7 07                    1822 	.db #0x07	; 7
    000006E8 5A                    1823 	.db #0x5a	; 90	'Z'
    000006E9 00                    1824 	.db #0x00	; 0
    000006EA 00                    1825 	.db #0x00	; 0
    000006EB 22                    1826 	.db #0x22	; 34
    000006EC 20                    1827 	.db #0x20	; 32
    000006ED 00                    1828 	.db #0x00	; 0
    000006EE 5A                    1829 	.db #0x5a	; 90	'Z'
    000006EF 00                    1830 	.db #0x00	; 0
    000006F0 00                    1831 	.db #0x00	; 0
    000006F1 24                    1832 	.db #0x24	; 36
    000006F2 20                    1833 	.db #0x20	; 32
    000006F3 00                    1834 	.db #0x00	; 0
    000006F4 5A                    1835 	.db #0x5a	; 90	'Z'
    000006F5 00                    1836 	.db #0x00	; 0
    000006F6 00                    1837 	.db #0x00	; 0
    000006F7 24                    1838 	.db #0x24	; 36
    000006F8 2C                    1839 	.db #0x2c	; 44
    000006F9 07                    1840 	.db #0x07	; 7
    000006FA 5A                    1841 	.db #0x5a	; 90	'Z'
    000006FB 00                    1842 	.db #0x00	; 0
    000006FC 00                    1843 	.db #0x00	; 0
    000006FD 24                    1844 	.db #0x24	; 36
    000006FE 2C                    1845 	.db #0x2c	; 44
    000006FF 05                    1846 	.db #0x05	; 5
    00000700 5A                    1847 	.db #0x5a	; 90	'Z'
    00000701 00                    1848 	.db #0x00	; 0
    00000702 00                    1849 	.db #0x00	; 0
    00000703 26                    1850 	.db #0x26	; 38
    00000704 20                    1851 	.db #0x20	; 32
    00000705 00                    1852 	.db #0x00	; 0
    00000706 5A                    1853 	.db #0x5a	; 90	'Z'
    00000707 00                    1854 	.db #0x00	; 0
    00000708 00                    1855 	.db #0x00	; 0
    00000709 5A                    1856 	.db #0x5a	; 90	'Z'
    0000070A 00                    1857 	.db #0x00	; 0
    0000070B 00                    1858 	.db #0x00	; 0
    0000070C 5A                    1859 	.db #0x5a	; 90	'Z'
    0000070D 00                    1860 	.db #0x00	; 0
    0000070E 00                    1861 	.db #0x00	; 0
    0000070F 26                    1862 	.db #0x26	; 38
    00000710 2C                    1863 	.db #0x2c	; 44
    00000711 05                    1864 	.db #0x05	; 5
    00000712 5A                    1865 	.db #0x5a	; 90	'Z'
    00000713 00                    1866 	.db #0x00	; 0
    00000714 00                    1867 	.db #0x00	; 0
    00000715 21                    1868 	.db #0x21	; 33
    00000716 20                    1869 	.db #0x20	; 32
    00000717 00                    1870 	.db #0x00	; 0
    00000718 5A                    1871 	.db #0x5a	; 90	'Z'
    00000719 00                    1872 	.db #0x00	; 0
    0000071A 00                    1873 	.db #0x00	; 0
    0000071B 5A                    1874 	.db #0x5a	; 90	'Z'
    0000071C 00                    1875 	.db #0x00	; 0
    0000071D 00                    1876 	.db #0x00	; 0
    0000071E 5A                    1877 	.db #0x5a	; 90	'Z'
    0000071F 00                    1878 	.db #0x00	; 0
    00000720 00                    1879 	.db #0x00	; 0
    00000721 22                    1880 	.db #0x22	; 34
    00000722 20                    1881 	.db #0x20	; 32
    00000723 00                    1882 	.db #0x00	; 0
    00000724 5A                    1883 	.db #0x5a	; 90	'Z'
    00000725 00                    1884 	.db #0x00	; 0
    00000726 00                    1885 	.db #0x00	; 0
    00000727 5A                    1886 	.db #0x5a	; 90	'Z'
    00000728 00                    1887 	.db #0x00	; 0
    00000729 00                    1888 	.db #0x00	; 0
    0000072A 5A                    1889 	.db #0x5a	; 90	'Z'
    0000072B 00                    1890 	.db #0x00	; 0
    0000072C 00                    1891 	.db #0x00	; 0
    0000072D 22                    1892 	.db #0x22	; 34
    0000072E 2C                    1893 	.db #0x2c	; 44
    0000072F 05                    1894 	.db #0x05	; 5
    00000730 5A                    1895 	.db #0x5a	; 90	'Z'
    00000731 00                    1896 	.db #0x00	; 0
    00000732 00                    1897 	.db #0x00	; 0
    00000733 22                    1898 	.db #0x22	; 34
    00000734 2C                    1899 	.db #0x2c	; 44
    00000735 03                    1900 	.db #0x03	; 3
    00000736 5A                    1901 	.db #0x5a	; 90	'Z'
    00000737 00                    1902 	.db #0x00	; 0
    00000738 00                    1903 	.db #0x00	; 0
    00000739 21                    1904 	.db #0x21	; 33
    0000073A 20                    1905 	.db #0x20	; 32
    0000073B 00                    1906 	.db #0x00	; 0
    0000073C 5A                    1907 	.db #0x5a	; 90	'Z'
    0000073D 00                    1908 	.db #0x00	; 0
    0000073E 00                    1909 	.db #0x00	; 0
    0000073F 5A                    1910 	.db #0x5a	; 90	'Z'
    00000740 00                    1911 	.db #0x00	; 0
    00000741 00                    1912 	.db #0x00	; 0
    00000742 5A                    1913 	.db #0x5a	; 90	'Z'
    00000743 00                    1914 	.db #0x00	; 0
    00000744 00                    1915 	.db #0x00	; 0
    00000745 21                    1916 	.db #0x21	; 33
    00000746 2C                    1917 	.db #0x2c	; 44
    00000747 05                    1918 	.db #0x05	; 5
    00000748 5A                    1919 	.db #0x5a	; 90	'Z'
    00000749 00                    1920 	.db #0x00	; 0
    0000074A 00                    1921 	.db #0x00	; 0
    0000074B 5A                    1922 	.db #0x5a	; 90	'Z'
    0000074C 00                    1923 	.db #0x00	; 0
    0000074D 00                    1924 	.db #0x00	; 0
    0000074E 5A                    1925 	.db #0x5a	; 90	'Z'
    0000074F 00                    1926 	.db #0x00	; 0
    00000750 00                    1927 	.db #0x00	; 0
    00000751 1F                    1928 	.db #0x1f	; 31
    00000752 20                    1929 	.db #0x20	; 32
    00000753 00                    1930 	.db #0x00	; 0
    00000754 5A                    1931 	.db #0x5a	; 90	'Z'
    00000755 00                    1932 	.db #0x00	; 0
    00000756 00                    1933 	.db #0x00	; 0
    00000757 5A                    1934 	.db #0x5a	; 90	'Z'
    00000758 00                    1935 	.db #0x00	; 0
    00000759 00                    1936 	.db #0x00	; 0
    0000075A 5A                    1937 	.db #0x5a	; 90	'Z'
    0000075B 00                    1938 	.db #0x00	; 0
    0000075C 00                    1939 	.db #0x00	; 0
    0000075D 1F                    1940 	.db #0x1f	; 31
    0000075E 2C                    1941 	.db #0x2c	; 44
    0000075F 05                    1942 	.db #0x05	; 5
    00000760 5A                    1943 	.db #0x5a	; 90	'Z'
    00000761 00                    1944 	.db #0x00	; 0
    00000762 00                    1945 	.db #0x00	; 0
    00000763 5A                    1946 	.db #0x5a	; 90	'Z'
    00000764 00                    1947 	.db #0x00	; 0
    00000765 00                    1948 	.db #0x00	; 0
    00000766 5A                    1949 	.db #0x5a	; 90	'Z'
    00000767 00                    1950 	.db #0x00	; 0
    00000768 00                    1951 	.db #0x00	; 0
    00000769 21                    1952 	.db #0x21	; 33
    0000076A 20                    1953 	.db #0x20	; 32
    0000076B 00                    1954 	.db #0x00	; 0
    0000076C 5A                    1955 	.db #0x5a	; 90	'Z'
    0000076D 00                    1956 	.db #0x00	; 0
    0000076E 00                    1957 	.db #0x00	; 0
    0000076F 5A                    1958 	.db #0x5a	; 90	'Z'
    00000770 00                    1959 	.db #0x00	; 0
    00000771 00                    1960 	.db #0x00	; 0
    00000772 5A                    1961 	.db #0x5a	; 90	'Z'
    00000773 00                    1962 	.db #0x00	; 0
    00000774 00                    1963 	.db #0x00	; 0
    00000775 21                    1964 	.db #0x21	; 33
    00000776 2C                    1965 	.db #0x2c	; 44
    00000777 05                    1966 	.db #0x05	; 5
    00000778 5A                    1967 	.db #0x5a	; 90	'Z'
    00000779 00                    1968 	.db #0x00	; 0
    0000077A 00                    1969 	.db #0x00	; 0
    0000077B 5A                    1970 	.db #0x5a	; 90	'Z'
    0000077C 00                    1971 	.db #0x00	; 0
    0000077D 00                    1972 	.db #0x00	; 0
    0000077E 5A                    1973 	.db #0x5a	; 90	'Z'
    0000077F 00                    1974 	.db #0x00	; 0
    00000780 00                    1975 	.db #0x00	; 0
    00000781                       1976 _P15:
    00000781 3B                    1977 	.db #0x3b	; 59
    00000782 1C                    1978 	.db #0x1c	; 28
    00000783 08                    1979 	.db #0x08	; 8
    00000784 3B                    1980 	.db #0x3b	; 59
    00000785 1C                    1981 	.db #0x1c	; 28
    00000786 07                    1982 	.db #0x07	; 7
    00000787 3B                    1983 	.db #0x3b	; 59
    00000788 1C                    1984 	.db #0x1c	; 28
    00000789 05                    1985 	.db #0x05	; 5
    0000078A 3B                    1986 	.db #0x3b	; 59
    0000078B 1C                    1987 	.db #0x1c	; 28
    0000078C 01                    1988 	.db #0x01	; 1
    0000078D 5A                    1989 	.db #0x5a	; 90	'Z'
    0000078E 0E                    1990 	.db #0x0e	; 14
    0000078F 00                    1991 	.db #0x00	; 0
    00000790 5A                    1992 	.db #0x5a	; 90	'Z'
    00000791 00                    1993 	.db #0x00	; 0
    00000792 00                    1994 	.db #0x00	; 0
    00000793 5A                    1995 	.db #0x5a	; 90	'Z'
    00000794 00                    1996 	.db #0x00	; 0
    00000795 00                    1997 	.db #0x00	; 0
    00000796 5A                    1998 	.db #0x5a	; 90	'Z'
    00000797 00                    1999 	.db #0x00	; 0
    00000798 00                    2000 	.db #0x00	; 0
    00000799 5A                    2001 	.db #0x5a	; 90	'Z'
    0000079A 00                    2002 	.db #0x00	; 0
    0000079B 00                    2003 	.db #0x00	; 0
    0000079C 5A                    2004 	.db #0x5a	; 90	'Z'
    0000079D 00                    2005 	.db #0x00	; 0
    0000079E 00                    2006 	.db #0x00	; 0
    0000079F 5A                    2007 	.db #0x5a	; 90	'Z'
    000007A0 00                    2008 	.db #0x00	; 0
    000007A1 00                    2009 	.db #0x00	; 0
    000007A2 5A                    2010 	.db #0x5a	; 90	'Z'
    000007A3 00                    2011 	.db #0x00	; 0
    000007A4 00                    2012 	.db #0x00	; 0
    000007A5 5A                    2013 	.db #0x5a	; 90	'Z'
    000007A6 00                    2014 	.db #0x00	; 0
    000007A7 00                    2015 	.db #0x00	; 0
    000007A8 5A                    2016 	.db #0x5a	; 90	'Z'
    000007A9 00                    2017 	.db #0x00	; 0
    000007AA 00                    2018 	.db #0x00	; 0
    000007AB 5A                    2019 	.db #0x5a	; 90	'Z'
    000007AC 00                    2020 	.db #0x00	; 0
    000007AD 00                    2021 	.db #0x00	; 0
    000007AE 5A                    2022 	.db #0x5a	; 90	'Z'
    000007AF 00                    2023 	.db #0x00	; 0
    000007B0 00                    2024 	.db #0x00	; 0
    000007B1 5A                    2025 	.db #0x5a	; 90	'Z'
    000007B2 00                    2026 	.db #0x00	; 0
    000007B3 00                    2027 	.db #0x00	; 0
    000007B4 5A                    2028 	.db #0x5a	; 90	'Z'
    000007B5 00                    2029 	.db #0x00	; 0
    000007B6 00                    2030 	.db #0x00	; 0
    000007B7 5A                    2031 	.db #0x5a	; 90	'Z'
    000007B8 00                    2032 	.db #0x00	; 0
    000007B9 00                    2033 	.db #0x00	; 0
    000007BA 5A                    2034 	.db #0x5a	; 90	'Z'
    000007BB 00                    2035 	.db #0x00	; 0
    000007BC 00                    2036 	.db #0x00	; 0
    000007BD 5A                    2037 	.db #0x5a	; 90	'Z'
    000007BE 00                    2038 	.db #0x00	; 0
    000007BF 00                    2039 	.db #0x00	; 0
    000007C0 5A                    2040 	.db #0x5a	; 90	'Z'
    000007C1 00                    2041 	.db #0x00	; 0
    000007C2 00                    2042 	.db #0x00	; 0
    000007C3 5A                    2043 	.db #0x5a	; 90	'Z'
    000007C4 00                    2044 	.db #0x00	; 0
    000007C5 00                    2045 	.db #0x00	; 0
    000007C6 5A                    2046 	.db #0x5a	; 90	'Z'
    000007C7 00                    2047 	.db #0x00	; 0
    000007C8 00                    2048 	.db #0x00	; 0
    000007C9 5A                    2049 	.db #0x5a	; 90	'Z'
    000007CA 00                    2050 	.db #0x00	; 0
    000007CB 00                    2051 	.db #0x00	; 0
    000007CC 5A                    2052 	.db #0x5a	; 90	'Z'
    000007CD 00                    2053 	.db #0x00	; 0
    000007CE 00                    2054 	.db #0x00	; 0
    000007CF 5A                    2055 	.db #0x5a	; 90	'Z'
    000007D0 00                    2056 	.db #0x00	; 0
    000007D1 00                    2057 	.db #0x00	; 0
    000007D2 5A                    2058 	.db #0x5a	; 90	'Z'
    000007D3 00                    2059 	.db #0x00	; 0
    000007D4 00                    2060 	.db #0x00	; 0
    000007D5 5A                    2061 	.db #0x5a	; 90	'Z'
    000007D6 00                    2062 	.db #0x00	; 0
    000007D7 00                    2063 	.db #0x00	; 0
    000007D8 5A                    2064 	.db #0x5a	; 90	'Z'
    000007D9 00                    2065 	.db #0x00	; 0
    000007DA 00                    2066 	.db #0x00	; 0
    000007DB 5A                    2067 	.db #0x5a	; 90	'Z'
    000007DC 00                    2068 	.db #0x00	; 0
    000007DD 00                    2069 	.db #0x00	; 0
    000007DE 5A                    2070 	.db #0x5a	; 90	'Z'
    000007DF 00                    2071 	.db #0x00	; 0
    000007E0 00                    2072 	.db #0x00	; 0
    000007E1 5A                    2073 	.db #0x5a	; 90	'Z'
    000007E2 00                    2074 	.db #0x00	; 0
    000007E3 00                    2075 	.db #0x00	; 0
    000007E4 5A                    2076 	.db #0x5a	; 90	'Z'
    000007E5 00                    2077 	.db #0x00	; 0
    000007E6 00                    2078 	.db #0x00	; 0
    000007E7 5A                    2079 	.db #0x5a	; 90	'Z'
    000007E8 00                    2080 	.db #0x00	; 0
    000007E9 00                    2081 	.db #0x00	; 0
    000007EA 5A                    2082 	.db #0x5a	; 90	'Z'
    000007EB 00                    2083 	.db #0x00	; 0
    000007EC 00                    2084 	.db #0x00	; 0
    000007ED 5A                    2085 	.db #0x5a	; 90	'Z'
    000007EE 00                    2086 	.db #0x00	; 0
    000007EF 00                    2087 	.db #0x00	; 0
    000007F0 5A                    2088 	.db #0x5a	; 90	'Z'
    000007F1 00                    2089 	.db #0x00	; 0
    000007F2 00                    2090 	.db #0x00	; 0
    000007F3 5A                    2091 	.db #0x5a	; 90	'Z'
    000007F4 00                    2092 	.db #0x00	; 0
    000007F5 00                    2093 	.db #0x00	; 0
    000007F6 5A                    2094 	.db #0x5a	; 90	'Z'
    000007F7 00                    2095 	.db #0x00	; 0
    000007F8 00                    2096 	.db #0x00	; 0
    000007F9 5A                    2097 	.db #0x5a	; 90	'Z'
    000007FA 00                    2098 	.db #0x00	; 0
    000007FB 00                    2099 	.db #0x00	; 0
    000007FC 5A                    2100 	.db #0x5a	; 90	'Z'
    000007FD 00                    2101 	.db #0x00	; 0
    000007FE 00                    2102 	.db #0x00	; 0
    000007FF 5A                    2103 	.db #0x5a	; 90	'Z'
    00000800 00                    2104 	.db #0x00	; 0
    00000801 00                    2105 	.db #0x00	; 0
    00000802 5A                    2106 	.db #0x5a	; 90	'Z'
    00000803 00                    2107 	.db #0x00	; 0
    00000804 00                    2108 	.db #0x00	; 0
    00000805 5A                    2109 	.db #0x5a	; 90	'Z'
    00000806 00                    2110 	.db #0x00	; 0
    00000807 00                    2111 	.db #0x00	; 0
    00000808 5A                    2112 	.db #0x5a	; 90	'Z'
    00000809 00                    2113 	.db #0x00	; 0
    0000080A 00                    2114 	.db #0x00	; 0
    0000080B 5A                    2115 	.db #0x5a	; 90	'Z'
    0000080C 00                    2116 	.db #0x00	; 0
    0000080D 00                    2117 	.db #0x00	; 0
    0000080E 5A                    2118 	.db #0x5a	; 90	'Z'
    0000080F 00                    2119 	.db #0x00	; 0
    00000810 00                    2120 	.db #0x00	; 0
    00000811 3B                    2121 	.db #0x3b	; 59
    00000812 1C                    2122 	.db #0x1c	; 28
    00000813 00                    2123 	.db #0x00	; 0
    00000814 3B                    2124 	.db #0x3b	; 59
    00000815 1C                    2125 	.db #0x1c	; 28
    00000816 00                    2126 	.db #0x00	; 0
    00000817 3B                    2127 	.db #0x3b	; 59
    00000818 1C                    2128 	.db #0x1c	; 28
    00000819 01                    2129 	.db #0x01	; 1
    0000081A 3B                    2130 	.db #0x3b	; 59
    0000081B 1C                    2131 	.db #0x1c	; 28
    0000081C 01                    2132 	.db #0x01	; 1
    0000081D 3B                    2133 	.db #0x3b	; 59
    0000081E 1C                    2134 	.db #0x1c	; 28
    0000081F 02                    2135 	.db #0x02	; 2
    00000820 3B                    2136 	.db #0x3b	; 59
    00000821 1C                    2137 	.db #0x1c	; 28
    00000822 02                    2138 	.db #0x02	; 2
    00000823 3B                    2139 	.db #0x3b	; 59
    00000824 1C                    2140 	.db #0x1c	; 28
    00000825 03                    2141 	.db #0x03	; 3
    00000826 3B                    2142 	.db #0x3b	; 59
    00000827 1C                    2143 	.db #0x1c	; 28
    00000828 03                    2144 	.db #0x03	; 3
    00000829 3B                    2145 	.db #0x3b	; 59
    0000082A 1C                    2146 	.db #0x1c	; 28
    0000082B 04                    2147 	.db #0x04	; 4
    0000082C 3B                    2148 	.db #0x3b	; 59
    0000082D 1C                    2149 	.db #0x1c	; 28
    0000082E 04                    2150 	.db #0x04	; 4
    0000082F 3B                    2151 	.db #0x3b	; 59
    00000830 1C                    2152 	.db #0x1c	; 28
    00000831 04                    2153 	.db #0x04	; 4
    00000832 3B                    2154 	.db #0x3b	; 59
    00000833 1C                    2155 	.db #0x1c	; 28
    00000834 04                    2156 	.db #0x04	; 4
    00000835 3B                    2157 	.db #0x3b	; 59
    00000836 1C                    2158 	.db #0x1c	; 28
    00000837 04                    2159 	.db #0x04	; 4
    00000838 3B                    2160 	.db #0x3b	; 59
    00000839 1C                    2161 	.db #0x1c	; 28
    0000083A 05                    2162 	.db #0x05	; 5
    0000083B 3B                    2163 	.db #0x3b	; 59
    0000083C 1C                    2164 	.db #0x1c	; 28
    0000083D 06                    2165 	.db #0x06	; 6
    0000083E 3B                    2166 	.db #0x3b	; 59
    0000083F 1C                    2167 	.db #0x1c	; 28
    00000840 07                    2168 	.db #0x07	; 7
    00000841                       2169 _P16:
    00000841 1A                    2170 	.db #0x1a	; 26
    00000842 10                    2171 	.db #0x10	; 16
    00000843 00                    2172 	.db #0x00	; 0
    00000844 1A                    2173 	.db #0x1a	; 26
    00000845 1C                    2174 	.db #0x1c	; 28
    00000846 07                    2175 	.db #0x07	; 7
    00000847 26                    2176 	.db #0x26	; 38
    00000848 4C                    2177 	.db #0x4c	; 76	'L'
    00000849 05                    2178 	.db #0x05	; 5
    0000084A 26                    2179 	.db #0x26	; 38
    0000084B 4C                    2180 	.db #0x4c	; 76	'L'
    0000084C 03                    2181 	.db #0x03	; 3
    0000084D 1A                    2182 	.db #0x1a	; 26
    0000084E 10                    2183 	.db #0x10	; 16
    0000084F 00                    2184 	.db #0x00	; 0
    00000850 1A                    2185 	.db #0x1a	; 26
    00000851 1C                    2186 	.db #0x1c	; 28
    00000852 07                    2187 	.db #0x07	; 7
    00000853 26                    2188 	.db #0x26	; 38
    00000854 4C                    2189 	.db #0x4c	; 76	'L'
    00000855 05                    2190 	.db #0x05	; 5
    00000856 26                    2191 	.db #0x26	; 38
    00000857 4C                    2192 	.db #0x4c	; 76	'L'
    00000858 03                    2193 	.db #0x03	; 3
    00000859 1A                    2194 	.db #0x1a	; 26
    0000085A 10                    2195 	.db #0x10	; 16
    0000085B 00                    2196 	.db #0x00	; 0
    0000085C 1A                    2197 	.db #0x1a	; 26
    0000085D 1C                    2198 	.db #0x1c	; 28
    0000085E 07                    2199 	.db #0x07	; 7
    0000085F 26                    2200 	.db #0x26	; 38
    00000860 4C                    2201 	.db #0x4c	; 76	'L'
    00000861 05                    2202 	.db #0x05	; 5
    00000862 26                    2203 	.db #0x26	; 38
    00000863 4C                    2204 	.db #0x4c	; 76	'L'
    00000864 03                    2205 	.db #0x03	; 3
    00000865 1A                    2206 	.db #0x1a	; 26
    00000866 10                    2207 	.db #0x10	; 16
    00000867 00                    2208 	.db #0x00	; 0
    00000868 1A                    2209 	.db #0x1a	; 26
    00000869 1C                    2210 	.db #0x1c	; 28
    0000086A 07                    2211 	.db #0x07	; 7
    0000086B 26                    2212 	.db #0x26	; 38
    0000086C 4C                    2213 	.db #0x4c	; 76	'L'
    0000086D 05                    2214 	.db #0x05	; 5
    0000086E 26                    2215 	.db #0x26	; 38
    0000086F 4C                    2216 	.db #0x4c	; 76	'L'
    00000870 03                    2217 	.db #0x03	; 3
    00000871 1A                    2218 	.db #0x1a	; 26
    00000872 10                    2219 	.db #0x10	; 16
    00000873 00                    2220 	.db #0x00	; 0
    00000874 1A                    2221 	.db #0x1a	; 26
    00000875 1C                    2222 	.db #0x1c	; 28
    00000876 07                    2223 	.db #0x07	; 7
    00000877 26                    2224 	.db #0x26	; 38
    00000878 4C                    2225 	.db #0x4c	; 76	'L'
    00000879 05                    2226 	.db #0x05	; 5
    0000087A 26                    2227 	.db #0x26	; 38
    0000087B 4C                    2228 	.db #0x4c	; 76	'L'
    0000087C 03                    2229 	.db #0x03	; 3
    0000087D 1A                    2230 	.db #0x1a	; 26
    0000087E 10                    2231 	.db #0x10	; 16
    0000087F 00                    2232 	.db #0x00	; 0
    00000880 1A                    2233 	.db #0x1a	; 26
    00000881 1C                    2234 	.db #0x1c	; 28
    00000882 07                    2235 	.db #0x07	; 7
    00000883 26                    2236 	.db #0x26	; 38
    00000884 4C                    2237 	.db #0x4c	; 76	'L'
    00000885 05                    2238 	.db #0x05	; 5
    00000886 26                    2239 	.db #0x26	; 38
    00000887 4C                    2240 	.db #0x4c	; 76	'L'
    00000888 03                    2241 	.db #0x03	; 3
    00000889 21                    2242 	.db #0x21	; 33
    0000088A 10                    2243 	.db #0x10	; 16
    0000088B 00                    2244 	.db #0x00	; 0
    0000088C 21                    2245 	.db #0x21	; 33
    0000088D 1C                    2246 	.db #0x1c	; 28
    0000088E 07                    2247 	.db #0x07	; 7
    0000088F 2D                    2248 	.db #0x2d	; 45
    00000890 4C                    2249 	.db #0x4c	; 76	'L'
    00000891 05                    2250 	.db #0x05	; 5
    00000892 2D                    2251 	.db #0x2d	; 45
    00000893 4C                    2252 	.db #0x4c	; 76	'L'
    00000894 03                    2253 	.db #0x03	; 3
    00000895 21                    2254 	.db #0x21	; 33
    00000896 10                    2255 	.db #0x10	; 16
    00000897 00                    2256 	.db #0x00	; 0
    00000898 21                    2257 	.db #0x21	; 33
    00000899 1C                    2258 	.db #0x1c	; 28
    0000089A 07                    2259 	.db #0x07	; 7
    0000089B 2D                    2260 	.db #0x2d	; 45
    0000089C 4C                    2261 	.db #0x4c	; 76	'L'
    0000089D 05                    2262 	.db #0x05	; 5
    0000089E 2D                    2263 	.db #0x2d	; 45
    0000089F 4C                    2264 	.db #0x4c	; 76	'L'
    000008A0 03                    2265 	.db #0x03	; 3
    000008A1 1C                    2266 	.db #0x1c	; 28
    000008A2 10                    2267 	.db #0x10	; 16
    000008A3 00                    2268 	.db #0x00	; 0
    000008A4 1C                    2269 	.db #0x1c	; 28
    000008A5 1C                    2270 	.db #0x1c	; 28
    000008A6 07                    2271 	.db #0x07	; 7
    000008A7 28                    2272 	.db #0x28	; 40
    000008A8 4C                    2273 	.db #0x4c	; 76	'L'
    000008A9 05                    2274 	.db #0x05	; 5
    000008AA 28                    2275 	.db #0x28	; 40
    000008AB 4C                    2276 	.db #0x4c	; 76	'L'
    000008AC 03                    2277 	.db #0x03	; 3
    000008AD 1C                    2278 	.db #0x1c	; 28
    000008AE 10                    2279 	.db #0x10	; 16
    000008AF 00                    2280 	.db #0x00	; 0
    000008B0 1C                    2281 	.db #0x1c	; 28
    000008B1 1C                    2282 	.db #0x1c	; 28
    000008B2 07                    2283 	.db #0x07	; 7
    000008B3 28                    2284 	.db #0x28	; 40
    000008B4 4C                    2285 	.db #0x4c	; 76	'L'
    000008B5 05                    2286 	.db #0x05	; 5
    000008B6 28                    2287 	.db #0x28	; 40
    000008B7 4C                    2288 	.db #0x4c	; 76	'L'
    000008B8 03                    2289 	.db #0x03	; 3
    000008B9 1C                    2290 	.db #0x1c	; 28
    000008BA 10                    2291 	.db #0x10	; 16
    000008BB 00                    2292 	.db #0x00	; 0
    000008BC 1C                    2293 	.db #0x1c	; 28
    000008BD 1C                    2294 	.db #0x1c	; 28
    000008BE 07                    2295 	.db #0x07	; 7
    000008BF 28                    2296 	.db #0x28	; 40
    000008C0 4C                    2297 	.db #0x4c	; 76	'L'
    000008C1 05                    2298 	.db #0x05	; 5
    000008C2 28                    2299 	.db #0x28	; 40
    000008C3 4C                    2300 	.db #0x4c	; 76	'L'
    000008C4 03                    2301 	.db #0x03	; 3
    000008C5 1C                    2302 	.db #0x1c	; 28
    000008C6 10                    2303 	.db #0x10	; 16
    000008C7 00                    2304 	.db #0x00	; 0
    000008C8 1C                    2305 	.db #0x1c	; 28
    000008C9 1C                    2306 	.db #0x1c	; 28
    000008CA 07                    2307 	.db #0x07	; 7
    000008CB 28                    2308 	.db #0x28	; 40
    000008CC 4C                    2309 	.db #0x4c	; 76	'L'
    000008CD 05                    2310 	.db #0x05	; 5
    000008CE 28                    2311 	.db #0x28	; 40
    000008CF 4C                    2312 	.db #0x4c	; 76	'L'
    000008D0 03                    2313 	.db #0x03	; 3
    000008D1 1F                    2314 	.db #0x1f	; 31
    000008D2 10                    2315 	.db #0x10	; 16
    000008D3 00                    2316 	.db #0x00	; 0
    000008D4 1F                    2317 	.db #0x1f	; 31
    000008D5 1C                    2318 	.db #0x1c	; 28
    000008D6 07                    2319 	.db #0x07	; 7
    000008D7 2B                    2320 	.db #0x2b	; 43
    000008D8 4C                    2321 	.db #0x4c	; 76	'L'
    000008D9 05                    2322 	.db #0x05	; 5
    000008DA 2B                    2323 	.db #0x2b	; 43
    000008DB 4C                    2324 	.db #0x4c	; 76	'L'
    000008DC 03                    2325 	.db #0x03	; 3
    000008DD 1F                    2326 	.db #0x1f	; 31
    000008DE 10                    2327 	.db #0x10	; 16
    000008DF 00                    2328 	.db #0x00	; 0
    000008E0 1F                    2329 	.db #0x1f	; 31
    000008E1 1C                    2330 	.db #0x1c	; 28
    000008E2 07                    2331 	.db #0x07	; 7
    000008E3 2B                    2332 	.db #0x2b	; 43
    000008E4 4C                    2333 	.db #0x4c	; 76	'L'
    000008E5 05                    2334 	.db #0x05	; 5
    000008E6 2B                    2335 	.db #0x2b	; 43
    000008E7 4C                    2336 	.db #0x4c	; 76	'L'
    000008E8 03                    2337 	.db #0x03	; 3
    000008E9 1D                    2338 	.db #0x1d	; 29
    000008EA 10                    2339 	.db #0x10	; 16
    000008EB 00                    2340 	.db #0x00	; 0
    000008EC 1D                    2341 	.db #0x1d	; 29
    000008ED 1C                    2342 	.db #0x1c	; 28
    000008EE 07                    2343 	.db #0x07	; 7
    000008EF 29                    2344 	.db #0x29	; 41
    000008F0 4C                    2345 	.db #0x4c	; 76	'L'
    000008F1 05                    2346 	.db #0x05	; 5
    000008F2 29                    2347 	.db #0x29	; 41
    000008F3 4C                    2348 	.db #0x4c	; 76	'L'
    000008F4 03                    2349 	.db #0x03	; 3
    000008F5 1C                    2350 	.db #0x1c	; 28
    000008F6 10                    2351 	.db #0x10	; 16
    000008F7 00                    2352 	.db #0x00	; 0
    000008F8 1C                    2353 	.db #0x1c	; 28
    000008F9 1C                    2354 	.db #0x1c	; 28
    000008FA 07                    2355 	.db #0x07	; 7
    000008FB 28                    2356 	.db #0x28	; 40
    000008FC 4C                    2357 	.db #0x4c	; 76	'L'
    000008FD 05                    2358 	.db #0x05	; 5
    000008FE 28                    2359 	.db #0x28	; 40
    000008FF 4C                    2360 	.db #0x4c	; 76	'L'
    00000900 03                    2361 	.db #0x03	; 3
    00000901                       2362 _P17:
    00000901 15                    2363 	.db #0x15	; 21
    00000902 20                    2364 	.db #0x20	; 32
    00000903 00                    2365 	.db #0x00	; 0
    00000904 11                    2366 	.db #0x11	; 17
    00000905 20                    2367 	.db #0x20	; 32
    00000906 00                    2368 	.db #0x00	; 0
    00000907 10                    2369 	.db #0x10	; 16
    00000908 20                    2370 	.db #0x20	; 32
    00000909 00                    2371 	.db #0x00	; 0
    0000090A 0E                    2372 	.db #0x0e	; 14
    0000090B 20                    2373 	.db #0x20	; 32
    0000090C 00                    2374 	.db #0x00	; 0
    0000090D 15                    2375 	.db #0x15	; 21
    0000090E 20                    2376 	.db #0x20	; 32
    0000090F 00                    2377 	.db #0x00	; 0
    00000910 11                    2378 	.db #0x11	; 17
    00000911 20                    2379 	.db #0x20	; 32
    00000912 00                    2380 	.db #0x00	; 0
    00000913 10                    2381 	.db #0x10	; 16
    00000914 20                    2382 	.db #0x20	; 32
    00000915 00                    2383 	.db #0x00	; 0
    00000916 0E                    2384 	.db #0x0e	; 14
    00000917 20                    2385 	.db #0x20	; 32
    00000918 00                    2386 	.db #0x00	; 0
    00000919 15                    2387 	.db #0x15	; 21
    0000091A 20                    2388 	.db #0x20	; 32
    0000091B 00                    2389 	.db #0x00	; 0
    0000091C 11                    2390 	.db #0x11	; 17
    0000091D 20                    2391 	.db #0x20	; 32
    0000091E 00                    2392 	.db #0x00	; 0
    0000091F 10                    2393 	.db #0x10	; 16
    00000920 20                    2394 	.db #0x20	; 32
    00000921 00                    2395 	.db #0x00	; 0
    00000922 0E                    2396 	.db #0x0e	; 14
    00000923 20                    2397 	.db #0x20	; 32
    00000924 00                    2398 	.db #0x00	; 0
    00000925 15                    2399 	.db #0x15	; 21
    00000926 20                    2400 	.db #0x20	; 32
    00000927 00                    2401 	.db #0x00	; 0
    00000928 11                    2402 	.db #0x11	; 17
    00000929 20                    2403 	.db #0x20	; 32
    0000092A 00                    2404 	.db #0x00	; 0
    0000092B 10                    2405 	.db #0x10	; 16
    0000092C 20                    2406 	.db #0x20	; 32
    0000092D 00                    2407 	.db #0x00	; 0
    0000092E 0E                    2408 	.db #0x0e	; 14
    0000092F 20                    2409 	.db #0x20	; 32
    00000930 00                    2410 	.db #0x00	; 0
    00000931 15                    2411 	.db #0x15	; 21
    00000932 20                    2412 	.db #0x20	; 32
    00000933 00                    2413 	.db #0x00	; 0
    00000934 11                    2414 	.db #0x11	; 17
    00000935 20                    2415 	.db #0x20	; 32
    00000936 00                    2416 	.db #0x00	; 0
    00000937 10                    2417 	.db #0x10	; 16
    00000938 20                    2418 	.db #0x20	; 32
    00000939 00                    2419 	.db #0x00	; 0
    0000093A 0E                    2420 	.db #0x0e	; 14
    0000093B 20                    2421 	.db #0x20	; 32
    0000093C 00                    2422 	.db #0x00	; 0
    0000093D 15                    2423 	.db #0x15	; 21
    0000093E 20                    2424 	.db #0x20	; 32
    0000093F 00                    2425 	.db #0x00	; 0
    00000940 11                    2426 	.db #0x11	; 17
    00000941 20                    2427 	.db #0x20	; 32
    00000942 00                    2428 	.db #0x00	; 0
    00000943 10                    2429 	.db #0x10	; 16
    00000944 20                    2430 	.db #0x20	; 32
    00000945 00                    2431 	.db #0x00	; 0
    00000946 0E                    2432 	.db #0x0e	; 14
    00000947 20                    2433 	.db #0x20	; 32
    00000948 00                    2434 	.db #0x00	; 0
    00000949 15                    2435 	.db #0x15	; 21
    0000094A 20                    2436 	.db #0x20	; 32
    0000094B 00                    2437 	.db #0x00	; 0
    0000094C 11                    2438 	.db #0x11	; 17
    0000094D 20                    2439 	.db #0x20	; 32
    0000094E 00                    2440 	.db #0x00	; 0
    0000094F 10                    2441 	.db #0x10	; 16
    00000950 20                    2442 	.db #0x20	; 32
    00000951 00                    2443 	.db #0x00	; 0
    00000952 0E                    2444 	.db #0x0e	; 14
    00000953 20                    2445 	.db #0x20	; 32
    00000954 00                    2446 	.db #0x00	; 0
    00000955 18                    2447 	.db #0x18	; 24
    00000956 20                    2448 	.db #0x20	; 32
    00000957 00                    2449 	.db #0x00	; 0
    00000958 15                    2450 	.db #0x15	; 21
    00000959 20                    2451 	.db #0x20	; 32
    0000095A 00                    2452 	.db #0x00	; 0
    0000095B 13                    2453 	.db #0x13	; 19
    0000095C 20                    2454 	.db #0x20	; 32
    0000095D 00                    2455 	.db #0x00	; 0
    0000095E 11                    2456 	.db #0x11	; 17
    0000095F 20                    2457 	.db #0x20	; 32
    00000960 00                    2458 	.db #0x00	; 0
    00000961 18                    2459 	.db #0x18	; 24
    00000962 20                    2460 	.db #0x20	; 32
    00000963 00                    2461 	.db #0x00	; 0
    00000964 15                    2462 	.db #0x15	; 21
    00000965 20                    2463 	.db #0x20	; 32
    00000966 00                    2464 	.db #0x00	; 0
    00000967 13                    2465 	.db #0x13	; 19
    00000968 20                    2466 	.db #0x20	; 32
    00000969 00                    2467 	.db #0x00	; 0
    0000096A 15                    2468 	.db #0x15	; 21
    0000096B 20                    2469 	.db #0x20	; 32
    0000096C 00                    2470 	.db #0x00	; 0
    0000096D 18                    2471 	.db #0x18	; 24
    0000096E 20                    2472 	.db #0x20	; 32
    0000096F 00                    2473 	.db #0x00	; 0
    00000970 15                    2474 	.db #0x15	; 21
    00000971 20                    2475 	.db #0x20	; 32
    00000972 00                    2476 	.db #0x00	; 0
    00000973 13                    2477 	.db #0x13	; 19
    00000974 20                    2478 	.db #0x20	; 32
    00000975 00                    2479 	.db #0x00	; 0
    00000976 15                    2480 	.db #0x15	; 21
    00000977 20                    2481 	.db #0x20	; 32
    00000978 00                    2482 	.db #0x00	; 0
    00000979 18                    2483 	.db #0x18	; 24
    0000097A 20                    2484 	.db #0x20	; 32
    0000097B 00                    2485 	.db #0x00	; 0
    0000097C 15                    2486 	.db #0x15	; 21
    0000097D 20                    2487 	.db #0x20	; 32
    0000097E 00                    2488 	.db #0x00	; 0
    0000097F 13                    2489 	.db #0x13	; 19
    00000980 20                    2490 	.db #0x20	; 32
    00000981 00                    2491 	.db #0x00	; 0
    00000982 15                    2492 	.db #0x15	; 21
    00000983 20                    2493 	.db #0x20	; 32
    00000984 00                    2494 	.db #0x00	; 0
    00000985 18                    2495 	.db #0x18	; 24
    00000986 20                    2496 	.db #0x20	; 32
    00000987 00                    2497 	.db #0x00	; 0
    00000988 15                    2498 	.db #0x15	; 21
    00000989 20                    2499 	.db #0x20	; 32
    0000098A 00                    2500 	.db #0x00	; 0
    0000098B 13                    2501 	.db #0x13	; 19
    0000098C 20                    2502 	.db #0x20	; 32
    0000098D 00                    2503 	.db #0x00	; 0
    0000098E 15                    2504 	.db #0x15	; 21
    0000098F 20                    2505 	.db #0x20	; 32
    00000990 00                    2506 	.db #0x00	; 0
    00000991 11                    2507 	.db #0x11	; 17
    00000992 20                    2508 	.db #0x20	; 32
    00000993 00                    2509 	.db #0x00	; 0
    00000994 0C                    2510 	.db #0x0c	; 12
    00000995 20                    2511 	.db #0x20	; 32
    00000996 00                    2512 	.db #0x00	; 0
    00000997 16                    2513 	.db #0x16	; 22
    00000998 20                    2514 	.db #0x20	; 32
    00000999 00                    2515 	.db #0x00	; 0
    0000099A 13                    2516 	.db #0x13	; 19
    0000099B 20                    2517 	.db #0x20	; 32
    0000099C 00                    2518 	.db #0x00	; 0
    0000099D 11                    2519 	.db #0x11	; 17
    0000099E 20                    2520 	.db #0x20	; 32
    0000099F 00                    2521 	.db #0x00	; 0
    000009A0 0C                    2522 	.db #0x0c	; 12
    000009A1 20                    2523 	.db #0x20	; 32
    000009A2 00                    2524 	.db #0x00	; 0
    000009A3 16                    2525 	.db #0x16	; 22
    000009A4 20                    2526 	.db #0x20	; 32
    000009A5 00                    2527 	.db #0x00	; 0
    000009A6 13                    2528 	.db #0x13	; 19
    000009A7 20                    2529 	.db #0x20	; 32
    000009A8 00                    2530 	.db #0x00	; 0
    000009A9 11                    2531 	.db #0x11	; 17
    000009AA 20                    2532 	.db #0x20	; 32
    000009AB 00                    2533 	.db #0x00	; 0
    000009AC 0C                    2534 	.db #0x0c	; 12
    000009AD 20                    2535 	.db #0x20	; 32
    000009AE 00                    2536 	.db #0x00	; 0
    000009AF 16                    2537 	.db #0x16	; 22
    000009B0 20                    2538 	.db #0x20	; 32
    000009B1 00                    2539 	.db #0x00	; 0
    000009B2 13                    2540 	.db #0x13	; 19
    000009B3 20                    2541 	.db #0x20	; 32
    000009B4 00                    2542 	.db #0x00	; 0
    000009B5 11                    2543 	.db #0x11	; 17
    000009B6 20                    2544 	.db #0x20	; 32
    000009B7 00                    2545 	.db #0x00	; 0
    000009B8 10                    2546 	.db #0x10	; 16
    000009B9 20                    2547 	.db #0x20	; 32
    000009BA 00                    2548 	.db #0x00	; 0
    000009BB 0E                    2549 	.db #0x0e	; 14
    000009BC 20                    2550 	.db #0x20	; 32
    000009BD 00                    2551 	.db #0x00	; 0
    000009BE 10                    2552 	.db #0x10	; 16
    000009BF 20                    2553 	.db #0x20	; 32
    000009C0 00                    2554 	.db #0x00	; 0
    000009C1                       2555 _P18:
    000009C1 18                    2556 	.db #0x18	; 24
    000009C2 A2                    2557 	.db #0xa2	; 162
    000009C3 60                    2558 	.db #0x60	; 96
    000009C4 5A                    2559 	.db #0x5a	; 90	'Z'
    000009C5 0E                    2560 	.db #0x0e	; 14
    000009C6 00                    2561 	.db #0x00	; 0
    000009C7 0E                    2562 	.db #0x0e	; 14
    000009C8 D0                    2563 	.db #0xd0	; 208
    000009C9 00                    2564 	.db #0x00	; 0
    000009CA 5A                    2565 	.db #0x5a	; 90	'Z'
    000009CB 00                    2566 	.db #0x00	; 0
    000009CC 00                    2567 	.db #0x00	; 0
    000009CD 0E                    2568 	.db #0x0e	; 14
    000009CE D0                    2569 	.db #0xd0	; 208
    000009CF 00                    2570 	.db #0x00	; 0
    000009D0 5A                    2571 	.db #0x5a	; 90	'Z'
    000009D1 00                    2572 	.db #0x00	; 0
    000009D2 00                    2573 	.db #0x00	; 0
    000009D3 5A                    2574 	.db #0x5a	; 90	'Z'
    000009D4 00                    2575 	.db #0x00	; 0
    000009D5 00                    2576 	.db #0x00	; 0
    000009D6 5A                    2577 	.db #0x5a	; 90	'Z'
    000009D7 00                    2578 	.db #0x00	; 0
    000009D8 00                    2579 	.db #0x00	; 0
    000009D9 5A                    2580 	.db #0x5a	; 90	'Z'
    000009DA 00                    2581 	.db #0x00	; 0
    000009DB 00                    2582 	.db #0x00	; 0
    000009DC 5A                    2583 	.db #0x5a	; 90	'Z'
    000009DD 00                    2584 	.db #0x00	; 0
    000009DE 00                    2585 	.db #0x00	; 0
    000009DF 5A                    2586 	.db #0x5a	; 90	'Z'
    000009E0 00                    2587 	.db #0x00	; 0
    000009E1 00                    2588 	.db #0x00	; 0
    000009E2 5A                    2589 	.db #0x5a	; 90	'Z'
    000009E3 00                    2590 	.db #0x00	; 0
    000009E4 00                    2591 	.db #0x00	; 0
    000009E5 5A                    2592 	.db #0x5a	; 90	'Z'
    000009E6 00                    2593 	.db #0x00	; 0
    000009E7 00                    2594 	.db #0x00	; 0
    000009E8 5A                    2595 	.db #0x5a	; 90	'Z'
    000009E9 00                    2596 	.db #0x00	; 0
    000009EA 00                    2597 	.db #0x00	; 0
    000009EB 18                    2598 	.db #0x18	; 24
    000009EC A2                    2599 	.db #0xa2	; 162
    000009ED 60                    2600 	.db #0x60	; 96
    000009EE 5A                    2601 	.db #0x5a	; 90	'Z'
    000009EF 0E                    2602 	.db #0x0e	; 14
    000009F0 00                    2603 	.db #0x00	; 0
    000009F1 5A                    2604 	.db #0x5a	; 90	'Z'
    000009F2 00                    2605 	.db #0x00	; 0
    000009F3 00                    2606 	.db #0x00	; 0
    000009F4 5A                    2607 	.db #0x5a	; 90	'Z'
    000009F5 00                    2608 	.db #0x00	; 0
    000009F6 00                    2609 	.db #0x00	; 0
    000009F7 5A                    2610 	.db #0x5a	; 90	'Z'
    000009F8 00                    2611 	.db #0x00	; 0
    000009F9 00                    2612 	.db #0x00	; 0
    000009FA 5A                    2613 	.db #0x5a	; 90	'Z'
    000009FB 00                    2614 	.db #0x00	; 0
    000009FC 00                    2615 	.db #0x00	; 0
    000009FD 5A                    2616 	.db #0x5a	; 90	'Z'
    000009FE 00                    2617 	.db #0x00	; 0
    000009FF 00                    2618 	.db #0x00	; 0
    00000A00 5A                    2619 	.db #0x5a	; 90	'Z'
    00000A01 00                    2620 	.db #0x00	; 0
    00000A02 00                    2621 	.db #0x00	; 0
    00000A03 5A                    2622 	.db #0x5a	; 90	'Z'
    00000A04 00                    2623 	.db #0x00	; 0
    00000A05 00                    2624 	.db #0x00	; 0
    00000A06 5A                    2625 	.db #0x5a	; 90	'Z'
    00000A07 00                    2626 	.db #0x00	; 0
    00000A08 00                    2627 	.db #0x00	; 0
    00000A09 15                    2628 	.db #0x15	; 21
    00000A0A D0                    2629 	.db #0xd0	; 208
    00000A0B 00                    2630 	.db #0x00	; 0
    00000A0C 5A                    2631 	.db #0x5a	; 90	'Z'
    00000A0D 00                    2632 	.db #0x00	; 0
    00000A0E 00                    2633 	.db #0x00	; 0
    00000A0F 5A                    2634 	.db #0x5a	; 90	'Z'
    00000A10 00                    2635 	.db #0x00	; 0
    00000A11 00                    2636 	.db #0x00	; 0
    00000A12 5A                    2637 	.db #0x5a	; 90	'Z'
    00000A13 00                    2638 	.db #0x00	; 0
    00000A14 00                    2639 	.db #0x00	; 0
    00000A15 5A                    2640 	.db #0x5a	; 90	'Z'
    00000A16 00                    2641 	.db #0x00	; 0
    00000A17 00                    2642 	.db #0x00	; 0
    00000A18 5A                    2643 	.db #0x5a	; 90	'Z'
    00000A19 00                    2644 	.db #0x00	; 0
    00000A1A 00                    2645 	.db #0x00	; 0
    00000A1B 18                    2646 	.db #0x18	; 24
    00000A1C A2                    2647 	.db #0xa2	; 162
    00000A1D 60                    2648 	.db #0x60	; 96
    00000A1E 5A                    2649 	.db #0x5a	; 90	'Z'
    00000A1F 0E                    2650 	.db #0x0e	; 14
    00000A20 00                    2651 	.db #0x00	; 0
    00000A21 18                    2652 	.db #0x18	; 24
    00000A22 A2                    2653 	.db #0xa2	; 162
    00000A23 60                    2654 	.db #0x60	; 96
    00000A24 5A                    2655 	.db #0x5a	; 90	'Z'
    00000A25 0E                    2656 	.db #0x0e	; 14
    00000A26 00                    2657 	.db #0x00	; 0
    00000A27 10                    2658 	.db #0x10	; 16
    00000A28 D0                    2659 	.db #0xd0	; 208
    00000A29 00                    2660 	.db #0x00	; 0
    00000A2A 5A                    2661 	.db #0x5a	; 90	'Z'
    00000A2B 00                    2662 	.db #0x00	; 0
    00000A2C 00                    2663 	.db #0x00	; 0
    00000A2D 10                    2664 	.db #0x10	; 16
    00000A2E D0                    2665 	.db #0xd0	; 208
    00000A2F 00                    2666 	.db #0x00	; 0
    00000A30 5A                    2667 	.db #0x5a	; 90	'Z'
    00000A31 00                    2668 	.db #0x00	; 0
    00000A32 00                    2669 	.db #0x00	; 0
    00000A33 5A                    2670 	.db #0x5a	; 90	'Z'
    00000A34 00                    2671 	.db #0x00	; 0
    00000A35 00                    2672 	.db #0x00	; 0
    00000A36 5A                    2673 	.db #0x5a	; 90	'Z'
    00000A37 00                    2674 	.db #0x00	; 0
    00000A38 00                    2675 	.db #0x00	; 0
    00000A39 5A                    2676 	.db #0x5a	; 90	'Z'
    00000A3A 00                    2677 	.db #0x00	; 0
    00000A3B 00                    2678 	.db #0x00	; 0
    00000A3C 5A                    2679 	.db #0x5a	; 90	'Z'
    00000A3D 00                    2680 	.db #0x00	; 0
    00000A3E 00                    2681 	.db #0x00	; 0
    00000A3F 5A                    2682 	.db #0x5a	; 90	'Z'
    00000A40 00                    2683 	.db #0x00	; 0
    00000A41 00                    2684 	.db #0x00	; 0
    00000A42 5A                    2685 	.db #0x5a	; 90	'Z'
    00000A43 00                    2686 	.db #0x00	; 0
    00000A44 00                    2687 	.db #0x00	; 0
    00000A45 5A                    2688 	.db #0x5a	; 90	'Z'
    00000A46 00                    2689 	.db #0x00	; 0
    00000A47 00                    2690 	.db #0x00	; 0
    00000A48 5A                    2691 	.db #0x5a	; 90	'Z'
    00000A49 00                    2692 	.db #0x00	; 0
    00000A4A 00                    2693 	.db #0x00	; 0
    00000A4B 18                    2694 	.db #0x18	; 24
    00000A4C A2                    2695 	.db #0xa2	; 162
    00000A4D 60                    2696 	.db #0x60	; 96
    00000A4E 5A                    2697 	.db #0x5a	; 90	'Z'
    00000A4F 0E                    2698 	.db #0x0e	; 14
    00000A50 00                    2699 	.db #0x00	; 0
    00000A51 13                    2700 	.db #0x13	; 19
    00000A52 D0                    2701 	.db #0xd0	; 208
    00000A53 00                    2702 	.db #0x00	; 0
    00000A54 5A                    2703 	.db #0x5a	; 90	'Z'
    00000A55 00                    2704 	.db #0x00	; 0
    00000A56 00                    2705 	.db #0x00	; 0
    00000A57 5A                    2706 	.db #0x5a	; 90	'Z'
    00000A58 00                    2707 	.db #0x00	; 0
    00000A59 00                    2708 	.db #0x00	; 0
    00000A5A 5A                    2709 	.db #0x5a	; 90	'Z'
    00000A5B 00                    2710 	.db #0x00	; 0
    00000A5C 00                    2711 	.db #0x00	; 0
    00000A5D 5A                    2712 	.db #0x5a	; 90	'Z'
    00000A5E 00                    2713 	.db #0x00	; 0
    00000A5F 00                    2714 	.db #0x00	; 0
    00000A60 5A                    2715 	.db #0x5a	; 90	'Z'
    00000A61 00                    2716 	.db #0x00	; 0
    00000A62 00                    2717 	.db #0x00	; 0
    00000A63 5A                    2718 	.db #0x5a	; 90	'Z'
    00000A64 00                    2719 	.db #0x00	; 0
    00000A65 00                    2720 	.db #0x00	; 0
    00000A66 5A                    2721 	.db #0x5a	; 90	'Z'
    00000A67 00                    2722 	.db #0x00	; 0
    00000A68 00                    2723 	.db #0x00	; 0
    00000A69 11                    2724 	.db #0x11	; 17
    00000A6A D0                    2725 	.db #0xd0	; 208
    00000A6B 00                    2726 	.db #0x00	; 0
    00000A6C 5A                    2727 	.db #0x5a	; 90	'Z'
    00000A6D 00                    2728 	.db #0x00	; 0
    00000A6E 00                    2729 	.db #0x00	; 0
    00000A6F 5A                    2730 	.db #0x5a	; 90	'Z'
    00000A70 00                    2731 	.db #0x00	; 0
    00000A71 00                    2732 	.db #0x00	; 0
    00000A72 5A                    2733 	.db #0x5a	; 90	'Z'
    00000A73 00                    2734 	.db #0x00	; 0
    00000A74 00                    2735 	.db #0x00	; 0
    00000A75 5A                    2736 	.db #0x5a	; 90	'Z'
    00000A76 00                    2737 	.db #0x00	; 0
    00000A77 00                    2738 	.db #0x00	; 0
    00000A78 5A                    2739 	.db #0x5a	; 90	'Z'
    00000A79 00                    2740 	.db #0x00	; 0
    00000A7A 00                    2741 	.db #0x00	; 0
    00000A7B 18                    2742 	.db #0x18	; 24
    00000A7C A2                    2743 	.db #0xa2	; 162
    00000A7D 60                    2744 	.db #0x60	; 96
    00000A7E 5A                    2745 	.db #0x5a	; 90	'Z'
    00000A7F 0E                    2746 	.db #0x0e	; 14
    00000A80 00                    2747 	.db #0x00	; 0
    00000A81                       2748 _P19:
    00000A81 1E                    2749 	.db #0x1e	; 30
    00000A82 40                    2750 	.db #0x40	; 64
    00000A83 00                    2751 	.db #0x00	; 0
    00000A84 5A                    2752 	.db #0x5a	; 90	'Z'
    00000A85 00                    2753 	.db #0x00	; 0
    00000A86 00                    2754 	.db #0x00	; 0
    00000A87 1E                    2755 	.db #0x1e	; 30
    00000A88 20                    2756 	.db #0x20	; 32
    00000A89 00                    2757 	.db #0x00	; 0
    00000A8A 5A                    2758 	.db #0x5a	; 90	'Z'
    00000A8B 00                    2759 	.db #0x00	; 0
    00000A8C 00                    2760 	.db #0x00	; 0
    00000A8D 1E                    2761 	.db #0x1e	; 30
    00000A8E 20                    2762 	.db #0x20	; 32
    00000A8F 00                    2763 	.db #0x00	; 0
    00000A90 5A                    2764 	.db #0x5a	; 90	'Z'
    00000A91 00                    2765 	.db #0x00	; 0
    00000A92 00                    2766 	.db #0x00	; 0
    00000A93 1E                    2767 	.db #0x1e	; 30
    00000A94 20                    2768 	.db #0x20	; 32
    00000A95 00                    2769 	.db #0x00	; 0
    00000A96 5A                    2770 	.db #0x5a	; 90	'Z'
    00000A97 00                    2771 	.db #0x00	; 0
    00000A98 00                    2772 	.db #0x00	; 0
    00000A99 1E                    2773 	.db #0x1e	; 30
    00000A9A 20                    2774 	.db #0x20	; 32
    00000A9B 00                    2775 	.db #0x00	; 0
    00000A9C 5A                    2776 	.db #0x5a	; 90	'Z'
    00000A9D 00                    2777 	.db #0x00	; 0
    00000A9E 00                    2778 	.db #0x00	; 0
    00000A9F 1E                    2779 	.db #0x1e	; 30
    00000AA0 20                    2780 	.db #0x20	; 32
    00000AA1 00                    2781 	.db #0x00	; 0
    00000AA2 5A                    2782 	.db #0x5a	; 90	'Z'
    00000AA3 00                    2783 	.db #0x00	; 0
    00000AA4 00                    2784 	.db #0x00	; 0
    00000AA5 1E                    2785 	.db #0x1e	; 30
    00000AA6 20                    2786 	.db #0x20	; 32
    00000AA7 00                    2787 	.db #0x00	; 0
    00000AA8 1E                    2788 	.db #0x1e	; 30
    00000AA9 30                    2789 	.db #0x30	; 48	'0'
    00000AAA 00                    2790 	.db #0x00	; 0
    00000AAB 1E                    2791 	.db #0x1e	; 30
    00000AAC 40                    2792 	.db #0x40	; 64
    00000AAD 00                    2793 	.db #0x00	; 0
    00000AAE 5A                    2794 	.db #0x5a	; 90	'Z'
    00000AAF 00                    2795 	.db #0x00	; 0
    00000AB0 00                    2796 	.db #0x00	; 0
    00000AB1 18                    2797 	.db #0x18	; 24
    00000AB2 70                    2798 	.db #0x70	; 112	'p'
    00000AB3 00                    2799 	.db #0x00	; 0
    00000AB4 5A                    2800 	.db #0x5a	; 90	'Z'
    00000AB5 00                    2801 	.db #0x00	; 0
    00000AB6 00                    2802 	.db #0x00	; 0
    00000AB7 1E                    2803 	.db #0x1e	; 30
    00000AB8 20                    2804 	.db #0x20	; 32
    00000AB9 00                    2805 	.db #0x00	; 0
    00000ABA 5A                    2806 	.db #0x5a	; 90	'Z'
    00000ABB 00                    2807 	.db #0x00	; 0
    00000ABC 00                    2808 	.db #0x00	; 0
    00000ABD 1E                    2809 	.db #0x1e	; 30
    00000ABE 20                    2810 	.db #0x20	; 32
    00000ABF 00                    2811 	.db #0x00	; 0
    00000AC0 5A                    2812 	.db #0x5a	; 90	'Z'
    00000AC1 00                    2813 	.db #0x00	; 0
    00000AC2 00                    2814 	.db #0x00	; 0
    00000AC3 1E                    2815 	.db #0x1e	; 30
    00000AC4 20                    2816 	.db #0x20	; 32
    00000AC5 00                    2817 	.db #0x00	; 0
    00000AC6 5A                    2818 	.db #0x5a	; 90	'Z'
    00000AC7 00                    2819 	.db #0x00	; 0
    00000AC8 00                    2820 	.db #0x00	; 0
    00000AC9 1E                    2821 	.db #0x1e	; 30
    00000ACA 20                    2822 	.db #0x20	; 32
    00000ACB 00                    2823 	.db #0x00	; 0
    00000ACC 5A                    2824 	.db #0x5a	; 90	'Z'
    00000ACD 00                    2825 	.db #0x00	; 0
    00000ACE 00                    2826 	.db #0x00	; 0
    00000ACF 1E                    2827 	.db #0x1e	; 30
    00000AD0 20                    2828 	.db #0x20	; 32
    00000AD1 00                    2829 	.db #0x00	; 0
    00000AD2 5A                    2830 	.db #0x5a	; 90	'Z'
    00000AD3 00                    2831 	.db #0x00	; 0
    00000AD4 00                    2832 	.db #0x00	; 0
    00000AD5 1E                    2833 	.db #0x1e	; 30
    00000AD6 20                    2834 	.db #0x20	; 32
    00000AD7 00                    2835 	.db #0x00	; 0
    00000AD8 1E                    2836 	.db #0x1e	; 30
    00000AD9 30                    2837 	.db #0x30	; 48	'0'
    00000ADA 00                    2838 	.db #0x00	; 0
    00000ADB 1E                    2839 	.db #0x1e	; 30
    00000ADC 40                    2840 	.db #0x40	; 64
    00000ADD 00                    2841 	.db #0x00	; 0
    00000ADE 5A                    2842 	.db #0x5a	; 90	'Z'
    00000ADF 00                    2843 	.db #0x00	; 0
    00000AE0 00                    2844 	.db #0x00	; 0
    00000AE1 1E                    2845 	.db #0x1e	; 30
    00000AE2 40                    2846 	.db #0x40	; 64
    00000AE3 00                    2847 	.db #0x00	; 0
    00000AE4 5A                    2848 	.db #0x5a	; 90	'Z'
    00000AE5 00                    2849 	.db #0x00	; 0
    00000AE6 00                    2850 	.db #0x00	; 0
    00000AE7 1E                    2851 	.db #0x1e	; 30
    00000AE8 20                    2852 	.db #0x20	; 32
    00000AE9 00                    2853 	.db #0x00	; 0
    00000AEA 5A                    2854 	.db #0x5a	; 90	'Z'
    00000AEB 00                    2855 	.db #0x00	; 0
    00000AEC 00                    2856 	.db #0x00	; 0
    00000AED 1E                    2857 	.db #0x1e	; 30
    00000AEE 20                    2858 	.db #0x20	; 32
    00000AEF 00                    2859 	.db #0x00	; 0
    00000AF0 5A                    2860 	.db #0x5a	; 90	'Z'
    00000AF1 00                    2861 	.db #0x00	; 0
    00000AF2 00                    2862 	.db #0x00	; 0
    00000AF3 1E                    2863 	.db #0x1e	; 30
    00000AF4 20                    2864 	.db #0x20	; 32
    00000AF5 00                    2865 	.db #0x00	; 0
    00000AF6 5A                    2866 	.db #0x5a	; 90	'Z'
    00000AF7 00                    2867 	.db #0x00	; 0
    00000AF8 00                    2868 	.db #0x00	; 0
    00000AF9 1E                    2869 	.db #0x1e	; 30
    00000AFA 20                    2870 	.db #0x20	; 32
    00000AFB 00                    2871 	.db #0x00	; 0
    00000AFC 5A                    2872 	.db #0x5a	; 90	'Z'
    00000AFD 00                    2873 	.db #0x00	; 0
    00000AFE 00                    2874 	.db #0x00	; 0
    00000AFF 1E                    2875 	.db #0x1e	; 30
    00000B00 20                    2876 	.db #0x20	; 32
    00000B01 00                    2877 	.db #0x00	; 0
    00000B02 5A                    2878 	.db #0x5a	; 90	'Z'
    00000B03 00                    2879 	.db #0x00	; 0
    00000B04 00                    2880 	.db #0x00	; 0
    00000B05 1E                    2881 	.db #0x1e	; 30
    00000B06 20                    2882 	.db #0x20	; 32
    00000B07 00                    2883 	.db #0x00	; 0
    00000B08 1E                    2884 	.db #0x1e	; 30
    00000B09 30                    2885 	.db #0x30	; 48	'0'
    00000B0A 00                    2886 	.db #0x00	; 0
    00000B0B 1E                    2887 	.db #0x1e	; 30
    00000B0C 40                    2888 	.db #0x40	; 64
    00000B0D 00                    2889 	.db #0x00	; 0
    00000B0E 5A                    2890 	.db #0x5a	; 90	'Z'
    00000B0F 00                    2891 	.db #0x00	; 0
    00000B10 00                    2892 	.db #0x00	; 0
    00000B11 18                    2893 	.db #0x18	; 24
    00000B12 70                    2894 	.db #0x70	; 112	'p'
    00000B13 00                    2895 	.db #0x00	; 0
    00000B14 5A                    2896 	.db #0x5a	; 90	'Z'
    00000B15 00                    2897 	.db #0x00	; 0
    00000B16 00                    2898 	.db #0x00	; 0
    00000B17 1E                    2899 	.db #0x1e	; 30
    00000B18 20                    2900 	.db #0x20	; 32
    00000B19 00                    2901 	.db #0x00	; 0
    00000B1A 5A                    2902 	.db #0x5a	; 90	'Z'
    00000B1B 00                    2903 	.db #0x00	; 0
    00000B1C 00                    2904 	.db #0x00	; 0
    00000B1D 1E                    2905 	.db #0x1e	; 30
    00000B1E 20                    2906 	.db #0x20	; 32
    00000B1F 00                    2907 	.db #0x00	; 0
    00000B20 5A                    2908 	.db #0x5a	; 90	'Z'
    00000B21 00                    2909 	.db #0x00	; 0
    00000B22 00                    2910 	.db #0x00	; 0
    00000B23 1E                    2911 	.db #0x1e	; 30
    00000B24 20                    2912 	.db #0x20	; 32
    00000B25 00                    2913 	.db #0x00	; 0
    00000B26 5A                    2914 	.db #0x5a	; 90	'Z'
    00000B27 00                    2915 	.db #0x00	; 0
    00000B28 00                    2916 	.db #0x00	; 0
    00000B29 1E                    2917 	.db #0x1e	; 30
    00000B2A 20                    2918 	.db #0x20	; 32
    00000B2B 00                    2919 	.db #0x00	; 0
    00000B2C 5A                    2920 	.db #0x5a	; 90	'Z'
    00000B2D 00                    2921 	.db #0x00	; 0
    00000B2E 00                    2922 	.db #0x00	; 0
    00000B2F 1E                    2923 	.db #0x1e	; 30
    00000B30 20                    2924 	.db #0x20	; 32
    00000B31 00                    2925 	.db #0x00	; 0
    00000B32 5A                    2926 	.db #0x5a	; 90	'Z'
    00000B33 00                    2927 	.db #0x00	; 0
    00000B34 00                    2928 	.db #0x00	; 0
    00000B35 1E                    2929 	.db #0x1e	; 30
    00000B36 20                    2930 	.db #0x20	; 32
    00000B37 00                    2931 	.db #0x00	; 0
    00000B38 1E                    2932 	.db #0x1e	; 30
    00000B39 30                    2933 	.db #0x30	; 48	'0'
    00000B3A 00                    2934 	.db #0x00	; 0
    00000B3B 1E                    2935 	.db #0x1e	; 30
    00000B3C 40                    2936 	.db #0x40	; 64
    00000B3D 00                    2937 	.db #0x00	; 0
    00000B3E 5A                    2938 	.db #0x5a	; 90	'Z'
    00000B3F 00                    2939 	.db #0x00	; 0
    00000B40 00                    2940 	.db #0x00	; 0
    00000B41                       2941 _P21:
    00000B41 21                    2942 	.db #0x21	; 33
    00000B42 20                    2943 	.db #0x20	; 32
    00000B43 00                    2944 	.db #0x00	; 0
    00000B44 1D                    2945 	.db #0x1d	; 29
    00000B45 20                    2946 	.db #0x20	; 32
    00000B46 00                    2947 	.db #0x00	; 0
    00000B47 1C                    2948 	.db #0x1c	; 28
    00000B48 20                    2949 	.db #0x20	; 32
    00000B49 00                    2950 	.db #0x00	; 0
    00000B4A 1A                    2951 	.db #0x1a	; 26
    00000B4B 20                    2952 	.db #0x20	; 32
    00000B4C 00                    2953 	.db #0x00	; 0
    00000B4D 21                    2954 	.db #0x21	; 33
    00000B4E 20                    2955 	.db #0x20	; 32
    00000B4F 00                    2956 	.db #0x00	; 0
    00000B50 1D                    2957 	.db #0x1d	; 29
    00000B51 20                    2958 	.db #0x20	; 32
    00000B52 00                    2959 	.db #0x00	; 0
    00000B53 1C                    2960 	.db #0x1c	; 28
    00000B54 20                    2961 	.db #0x20	; 32
    00000B55 00                    2962 	.db #0x00	; 0
    00000B56 1A                    2963 	.db #0x1a	; 26
    00000B57 20                    2964 	.db #0x20	; 32
    00000B58 00                    2965 	.db #0x00	; 0
    00000B59 21                    2966 	.db #0x21	; 33
    00000B5A 20                    2967 	.db #0x20	; 32
    00000B5B 00                    2968 	.db #0x00	; 0
    00000B5C 1D                    2969 	.db #0x1d	; 29
    00000B5D 20                    2970 	.db #0x20	; 32
    00000B5E 00                    2971 	.db #0x00	; 0
    00000B5F 1C                    2972 	.db #0x1c	; 28
    00000B60 20                    2973 	.db #0x20	; 32
    00000B61 00                    2974 	.db #0x00	; 0
    00000B62 1A                    2975 	.db #0x1a	; 26
    00000B63 20                    2976 	.db #0x20	; 32
    00000B64 00                    2977 	.db #0x00	; 0
    00000B65 21                    2978 	.db #0x21	; 33
    00000B66 20                    2979 	.db #0x20	; 32
    00000B67 00                    2980 	.db #0x00	; 0
    00000B68 1D                    2981 	.db #0x1d	; 29
    00000B69 20                    2982 	.db #0x20	; 32
    00000B6A 00                    2983 	.db #0x00	; 0
    00000B6B 1C                    2984 	.db #0x1c	; 28
    00000B6C 20                    2985 	.db #0x20	; 32
    00000B6D 00                    2986 	.db #0x00	; 0
    00000B6E 1A                    2987 	.db #0x1a	; 26
    00000B6F 20                    2988 	.db #0x20	; 32
    00000B70 00                    2989 	.db #0x00	; 0
    00000B71 21                    2990 	.db #0x21	; 33
    00000B72 20                    2991 	.db #0x20	; 32
    00000B73 00                    2992 	.db #0x00	; 0
    00000B74 1D                    2993 	.db #0x1d	; 29
    00000B75 20                    2994 	.db #0x20	; 32
    00000B76 00                    2995 	.db #0x00	; 0
    00000B77 1C                    2996 	.db #0x1c	; 28
    00000B78 20                    2997 	.db #0x20	; 32
    00000B79 00                    2998 	.db #0x00	; 0
    00000B7A 1A                    2999 	.db #0x1a	; 26
    00000B7B 20                    3000 	.db #0x20	; 32
    00000B7C 00                    3001 	.db #0x00	; 0
    00000B7D 21                    3002 	.db #0x21	; 33
    00000B7E 20                    3003 	.db #0x20	; 32
    00000B7F 00                    3004 	.db #0x00	; 0
    00000B80 1D                    3005 	.db #0x1d	; 29
    00000B81 20                    3006 	.db #0x20	; 32
    00000B82 00                    3007 	.db #0x00	; 0
    00000B83 1C                    3008 	.db #0x1c	; 28
    00000B84 20                    3009 	.db #0x20	; 32
    00000B85 00                    3010 	.db #0x00	; 0
    00000B86 1A                    3011 	.db #0x1a	; 26
    00000B87 20                    3012 	.db #0x20	; 32
    00000B88 00                    3013 	.db #0x00	; 0
    00000B89 21                    3014 	.db #0x21	; 33
    00000B8A 20                    3015 	.db #0x20	; 32
    00000B8B 00                    3016 	.db #0x00	; 0
    00000B8C 1D                    3017 	.db #0x1d	; 29
    00000B8D 20                    3018 	.db #0x20	; 32
    00000B8E 00                    3019 	.db #0x00	; 0
    00000B8F 1C                    3020 	.db #0x1c	; 28
    00000B90 20                    3021 	.db #0x20	; 32
    00000B91 00                    3022 	.db #0x00	; 0
    00000B92 1A                    3023 	.db #0x1a	; 26
    00000B93 20                    3024 	.db #0x20	; 32
    00000B94 00                    3025 	.db #0x00	; 0
    00000B95 24                    3026 	.db #0x24	; 36
    00000B96 20                    3027 	.db #0x20	; 32
    00000B97 00                    3028 	.db #0x00	; 0
    00000B98 21                    3029 	.db #0x21	; 33
    00000B99 20                    3030 	.db #0x20	; 32
    00000B9A 00                    3031 	.db #0x00	; 0
    00000B9B 1F                    3032 	.db #0x1f	; 31
    00000B9C 20                    3033 	.db #0x20	; 32
    00000B9D 00                    3034 	.db #0x00	; 0
    00000B9E 1D                    3035 	.db #0x1d	; 29
    00000B9F 20                    3036 	.db #0x20	; 32
    00000BA0 00                    3037 	.db #0x00	; 0
    00000BA1 24                    3038 	.db #0x24	; 36
    00000BA2 20                    3039 	.db #0x20	; 32
    00000BA3 00                    3040 	.db #0x00	; 0
    00000BA4 21                    3041 	.db #0x21	; 33
    00000BA5 20                    3042 	.db #0x20	; 32
    00000BA6 00                    3043 	.db #0x00	; 0
    00000BA7 1F                    3044 	.db #0x1f	; 31
    00000BA8 20                    3045 	.db #0x20	; 32
    00000BA9 00                    3046 	.db #0x00	; 0
    00000BAA 21                    3047 	.db #0x21	; 33
    00000BAB 20                    3048 	.db #0x20	; 32
    00000BAC 00                    3049 	.db #0x00	; 0
    00000BAD 24                    3050 	.db #0x24	; 36
    00000BAE 20                    3051 	.db #0x20	; 32
    00000BAF 00                    3052 	.db #0x00	; 0
    00000BB0 21                    3053 	.db #0x21	; 33
    00000BB1 20                    3054 	.db #0x20	; 32
    00000BB2 00                    3055 	.db #0x00	; 0
    00000BB3 1F                    3056 	.db #0x1f	; 31
    00000BB4 20                    3057 	.db #0x20	; 32
    00000BB5 00                    3058 	.db #0x00	; 0
    00000BB6 21                    3059 	.db #0x21	; 33
    00000BB7 20                    3060 	.db #0x20	; 32
    00000BB8 00                    3061 	.db #0x00	; 0
    00000BB9 24                    3062 	.db #0x24	; 36
    00000BBA 20                    3063 	.db #0x20	; 32
    00000BBB 00                    3064 	.db #0x00	; 0
    00000BBC 21                    3065 	.db #0x21	; 33
    00000BBD 20                    3066 	.db #0x20	; 32
    00000BBE 00                    3067 	.db #0x00	; 0
    00000BBF 1F                    3068 	.db #0x1f	; 31
    00000BC0 20                    3069 	.db #0x20	; 32
    00000BC1 00                    3070 	.db #0x00	; 0
    00000BC2 21                    3071 	.db #0x21	; 33
    00000BC3 20                    3072 	.db #0x20	; 32
    00000BC4 00                    3073 	.db #0x00	; 0
    00000BC5 24                    3074 	.db #0x24	; 36
    00000BC6 20                    3075 	.db #0x20	; 32
    00000BC7 00                    3076 	.db #0x00	; 0
    00000BC8 21                    3077 	.db #0x21	; 33
    00000BC9 20                    3078 	.db #0x20	; 32
    00000BCA 00                    3079 	.db #0x00	; 0
    00000BCB 1F                    3080 	.db #0x1f	; 31
    00000BCC 20                    3081 	.db #0x20	; 32
    00000BCD 00                    3082 	.db #0x00	; 0
    00000BCE 21                    3083 	.db #0x21	; 33
    00000BCF 20                    3084 	.db #0x20	; 32
    00000BD0 00                    3085 	.db #0x00	; 0
    00000BD1 1D                    3086 	.db #0x1d	; 29
    00000BD2 20                    3087 	.db #0x20	; 32
    00000BD3 00                    3088 	.db #0x00	; 0
    00000BD4 18                    3089 	.db #0x18	; 24
    00000BD5 20                    3090 	.db #0x20	; 32
    00000BD6 00                    3091 	.db #0x00	; 0
    00000BD7 22                    3092 	.db #0x22	; 34
    00000BD8 20                    3093 	.db #0x20	; 32
    00000BD9 00                    3094 	.db #0x00	; 0
    00000BDA 1F                    3095 	.db #0x1f	; 31
    00000BDB 20                    3096 	.db #0x20	; 32
    00000BDC 00                    3097 	.db #0x00	; 0
    00000BDD 1D                    3098 	.db #0x1d	; 29
    00000BDE 20                    3099 	.db #0x20	; 32
    00000BDF 00                    3100 	.db #0x00	; 0
    00000BE0 18                    3101 	.db #0x18	; 24
    00000BE1 20                    3102 	.db #0x20	; 32
    00000BE2 00                    3103 	.db #0x00	; 0
    00000BE3 22                    3104 	.db #0x22	; 34
    00000BE4 20                    3105 	.db #0x20	; 32
    00000BE5 00                    3106 	.db #0x00	; 0
    00000BE6 1F                    3107 	.db #0x1f	; 31
    00000BE7 20                    3108 	.db #0x20	; 32
    00000BE8 00                    3109 	.db #0x00	; 0
    00000BE9 1D                    3110 	.db #0x1d	; 29
    00000BEA 20                    3111 	.db #0x20	; 32
    00000BEB 00                    3112 	.db #0x00	; 0
    00000BEC 18                    3113 	.db #0x18	; 24
    00000BED 20                    3114 	.db #0x20	; 32
    00000BEE 00                    3115 	.db #0x00	; 0
    00000BEF 22                    3116 	.db #0x22	; 34
    00000BF0 20                    3117 	.db #0x20	; 32
    00000BF1 00                    3118 	.db #0x00	; 0
    00000BF2 1F                    3119 	.db #0x1f	; 31
    00000BF3 20                    3120 	.db #0x20	; 32
    00000BF4 00                    3121 	.db #0x00	; 0
    00000BF5 1D                    3122 	.db #0x1d	; 29
    00000BF6 20                    3123 	.db #0x20	; 32
    00000BF7 00                    3124 	.db #0x00	; 0
    00000BF8 1C                    3125 	.db #0x1c	; 28
    00000BF9 20                    3126 	.db #0x20	; 32
    00000BFA 00                    3127 	.db #0x00	; 0
    00000BFB 1A                    3128 	.db #0x1a	; 26
    00000BFC 20                    3129 	.db #0x20	; 32
    00000BFD 00                    3130 	.db #0x00	; 0
    00000BFE 1C                    3131 	.db #0x1c	; 28
    00000BFF 20                    3132 	.db #0x20	; 32
    00000C00 00                    3133 	.db #0x00	; 0
    00000C01                       3134 _P22:
    00000C01 18                    3135 	.db #0x18	; 24
    00000C02 A2                    3136 	.db #0xa2	; 162
    00000C03 60                    3137 	.db #0x60	; 96
    00000C04 5A                    3138 	.db #0x5a	; 90	'Z'
    00000C05 0E                    3139 	.db #0x0e	; 14
    00000C06 00                    3140 	.db #0x00	; 0
    00000C07 0E                    3141 	.db #0x0e	; 14
    00000C08 D0                    3142 	.db #0xd0	; 208
    00000C09 00                    3143 	.db #0x00	; 0
    00000C0A 5A                    3144 	.db #0x5a	; 90	'Z'
    00000C0B 00                    3145 	.db #0x00	; 0
    00000C0C 00                    3146 	.db #0x00	; 0
    00000C0D 5A                    3147 	.db #0x5a	; 90	'Z'
    00000C0E 00                    3148 	.db #0x00	; 0
    00000C0F 00                    3149 	.db #0x00	; 0
    00000C10 5A                    3150 	.db #0x5a	; 90	'Z'
    00000C11 00                    3151 	.db #0x00	; 0
    00000C12 00                    3152 	.db #0x00	; 0
    00000C13 5A                    3153 	.db #0x5a	; 90	'Z'
    00000C14 00                    3154 	.db #0x00	; 0
    00000C15 00                    3155 	.db #0x00	; 0
    00000C16 5A                    3156 	.db #0x5a	; 90	'Z'
    00000C17 00                    3157 	.db #0x00	; 0
    00000C18 00                    3158 	.db #0x00	; 0
    00000C19 5A                    3159 	.db #0x5a	; 90	'Z'
    00000C1A 00                    3160 	.db #0x00	; 0
    00000C1B 00                    3161 	.db #0x00	; 0
    00000C1C 5A                    3162 	.db #0x5a	; 90	'Z'
    00000C1D 00                    3163 	.db #0x00	; 0
    00000C1E 00                    3164 	.db #0x00	; 0
    00000C1F 5A                    3165 	.db #0x5a	; 90	'Z'
    00000C20 00                    3166 	.db #0x00	; 0
    00000C21 00                    3167 	.db #0x00	; 0
    00000C22 5A                    3168 	.db #0x5a	; 90	'Z'
    00000C23 00                    3169 	.db #0x00	; 0
    00000C24 00                    3170 	.db #0x00	; 0
    00000C25 5A                    3171 	.db #0x5a	; 90	'Z'
    00000C26 00                    3172 	.db #0x00	; 0
    00000C27 00                    3173 	.db #0x00	; 0
    00000C28 5A                    3174 	.db #0x5a	; 90	'Z'
    00000C29 00                    3175 	.db #0x00	; 0
    00000C2A 00                    3176 	.db #0x00	; 0
    00000C2B 18                    3177 	.db #0x18	; 24
    00000C2C A2                    3178 	.db #0xa2	; 162
    00000C2D 60                    3179 	.db #0x60	; 96
    00000C2E 5A                    3180 	.db #0x5a	; 90	'Z'
    00000C2F 0E                    3181 	.db #0x0e	; 14
    00000C30 00                    3182 	.db #0x00	; 0
    00000C31 0E                    3183 	.db #0x0e	; 14
    00000C32 D0                    3184 	.db #0xd0	; 208
    00000C33 00                    3185 	.db #0x00	; 0
    00000C34 5A                    3186 	.db #0x5a	; 90	'Z'
    00000C35 00                    3187 	.db #0x00	; 0
    00000C36 00                    3188 	.db #0x00	; 0
    00000C37 5A                    3189 	.db #0x5a	; 90	'Z'
    00000C38 00                    3190 	.db #0x00	; 0
    00000C39 00                    3191 	.db #0x00	; 0
    00000C3A 5A                    3192 	.db #0x5a	; 90	'Z'
    00000C3B 00                    3193 	.db #0x00	; 0
    00000C3C 00                    3194 	.db #0x00	; 0
    00000C3D 5A                    3195 	.db #0x5a	; 90	'Z'
    00000C3E 00                    3196 	.db #0x00	; 0
    00000C3F 00                    3197 	.db #0x00	; 0
    00000C40 5A                    3198 	.db #0x5a	; 90	'Z'
    00000C41 00                    3199 	.db #0x00	; 0
    00000C42 00                    3200 	.db #0x00	; 0
    00000C43 5A                    3201 	.db #0x5a	; 90	'Z'
    00000C44 00                    3202 	.db #0x00	; 0
    00000C45 00                    3203 	.db #0x00	; 0
    00000C46 5A                    3204 	.db #0x5a	; 90	'Z'
    00000C47 00                    3205 	.db #0x00	; 0
    00000C48 00                    3206 	.db #0x00	; 0
    00000C49 15                    3207 	.db #0x15	; 21
    00000C4A D0                    3208 	.db #0xd0	; 208
    00000C4B 00                    3209 	.db #0x00	; 0
    00000C4C 5A                    3210 	.db #0x5a	; 90	'Z'
    00000C4D 00                    3211 	.db #0x00	; 0
    00000C4E 00                    3212 	.db #0x00	; 0
    00000C4F 5A                    3213 	.db #0x5a	; 90	'Z'
    00000C50 00                    3214 	.db #0x00	; 0
    00000C51 00                    3215 	.db #0x00	; 0
    00000C52 5A                    3216 	.db #0x5a	; 90	'Z'
    00000C53 00                    3217 	.db #0x00	; 0
    00000C54 00                    3218 	.db #0x00	; 0
    00000C55 5A                    3219 	.db #0x5a	; 90	'Z'
    00000C56 00                    3220 	.db #0x00	; 0
    00000C57 00                    3221 	.db #0x00	; 0
    00000C58 5A                    3222 	.db #0x5a	; 90	'Z'
    00000C59 00                    3223 	.db #0x00	; 0
    00000C5A 00                    3224 	.db #0x00	; 0
    00000C5B 18                    3225 	.db #0x18	; 24
    00000C5C A2                    3226 	.db #0xa2	; 162
    00000C5D 60                    3227 	.db #0x60	; 96
    00000C5E 5A                    3228 	.db #0x5a	; 90	'Z'
    00000C5F 0E                    3229 	.db #0x0e	; 14
    00000C60 00                    3230 	.db #0x00	; 0
    00000C61 18                    3231 	.db #0x18	; 24
    00000C62 A2                    3232 	.db #0xa2	; 162
    00000C63 60                    3233 	.db #0x60	; 96
    00000C64 5A                    3234 	.db #0x5a	; 90	'Z'
    00000C65 0E                    3235 	.db #0x0e	; 14
    00000C66 00                    3236 	.db #0x00	; 0
    00000C67 10                    3237 	.db #0x10	; 16
    00000C68 D0                    3238 	.db #0xd0	; 208
    00000C69 00                    3239 	.db #0x00	; 0
    00000C6A 5A                    3240 	.db #0x5a	; 90	'Z'
    00000C6B 00                    3241 	.db #0x00	; 0
    00000C6C 00                    3242 	.db #0x00	; 0
    00000C6D 5A                    3243 	.db #0x5a	; 90	'Z'
    00000C6E 00                    3244 	.db #0x00	; 0
    00000C6F 00                    3245 	.db #0x00	; 0
    00000C70 5A                    3246 	.db #0x5a	; 90	'Z'
    00000C71 00                    3247 	.db #0x00	; 0
    00000C72 00                    3248 	.db #0x00	; 0
    00000C73 5A                    3249 	.db #0x5a	; 90	'Z'
    00000C74 00                    3250 	.db #0x00	; 0
    00000C75 00                    3251 	.db #0x00	; 0
    00000C76 5A                    3252 	.db #0x5a	; 90	'Z'
    00000C77 00                    3253 	.db #0x00	; 0
    00000C78 00                    3254 	.db #0x00	; 0
    00000C79 5A                    3255 	.db #0x5a	; 90	'Z'
    00000C7A 00                    3256 	.db #0x00	; 0
    00000C7B 00                    3257 	.db #0x00	; 0
    00000C7C 5A                    3258 	.db #0x5a	; 90	'Z'
    00000C7D 00                    3259 	.db #0x00	; 0
    00000C7E 00                    3260 	.db #0x00	; 0
    00000C7F 5A                    3261 	.db #0x5a	; 90	'Z'
    00000C80 00                    3262 	.db #0x00	; 0
    00000C81 00                    3263 	.db #0x00	; 0
    00000C82 5A                    3264 	.db #0x5a	; 90	'Z'
    00000C83 00                    3265 	.db #0x00	; 0
    00000C84 00                    3266 	.db #0x00	; 0
    00000C85 5A                    3267 	.db #0x5a	; 90	'Z'
    00000C86 00                    3268 	.db #0x00	; 0
    00000C87 00                    3269 	.db #0x00	; 0
    00000C88 5A                    3270 	.db #0x5a	; 90	'Z'
    00000C89 00                    3271 	.db #0x00	; 0
    00000C8A 00                    3272 	.db #0x00	; 0
    00000C8B 18                    3273 	.db #0x18	; 24
    00000C8C A2                    3274 	.db #0xa2	; 162
    00000C8D 60                    3275 	.db #0x60	; 96
    00000C8E 5A                    3276 	.db #0x5a	; 90	'Z'
    00000C8F 0E                    3277 	.db #0x0e	; 14
    00000C90 00                    3278 	.db #0x00	; 0
    00000C91 13                    3279 	.db #0x13	; 19
    00000C92 D0                    3280 	.db #0xd0	; 208
    00000C93 00                    3281 	.db #0x00	; 0
    00000C94 5A                    3282 	.db #0x5a	; 90	'Z'
    00000C95 00                    3283 	.db #0x00	; 0
    00000C96 00                    3284 	.db #0x00	; 0
    00000C97 5A                    3285 	.db #0x5a	; 90	'Z'
    00000C98 00                    3286 	.db #0x00	; 0
    00000C99 00                    3287 	.db #0x00	; 0
    00000C9A 5A                    3288 	.db #0x5a	; 90	'Z'
    00000C9B 00                    3289 	.db #0x00	; 0
    00000C9C 00                    3290 	.db #0x00	; 0
    00000C9D 5A                    3291 	.db #0x5a	; 90	'Z'
    00000C9E 00                    3292 	.db #0x00	; 0
    00000C9F 00                    3293 	.db #0x00	; 0
    00000CA0 5A                    3294 	.db #0x5a	; 90	'Z'
    00000CA1 00                    3295 	.db #0x00	; 0
    00000CA2 00                    3296 	.db #0x00	; 0
    00000CA3 5A                    3297 	.db #0x5a	; 90	'Z'
    00000CA4 00                    3298 	.db #0x00	; 0
    00000CA5 00                    3299 	.db #0x00	; 0
    00000CA6 5A                    3300 	.db #0x5a	; 90	'Z'
    00000CA7 00                    3301 	.db #0x00	; 0
    00000CA8 00                    3302 	.db #0x00	; 0
    00000CA9 11                    3303 	.db #0x11	; 17
    00000CAA D0                    3304 	.db #0xd0	; 208
    00000CAB 00                    3305 	.db #0x00	; 0
    00000CAC 5A                    3306 	.db #0x5a	; 90	'Z'
    00000CAD 00                    3307 	.db #0x00	; 0
    00000CAE 00                    3308 	.db #0x00	; 0
    00000CAF 5A                    3309 	.db #0x5a	; 90	'Z'
    00000CB0 00                    3310 	.db #0x00	; 0
    00000CB1 00                    3311 	.db #0x00	; 0
    00000CB2 5A                    3312 	.db #0x5a	; 90	'Z'
    00000CB3 00                    3313 	.db #0x00	; 0
    00000CB4 00                    3314 	.db #0x00	; 0
    00000CB5 5A                    3315 	.db #0x5a	; 90	'Z'
    00000CB6 00                    3316 	.db #0x00	; 0
    00000CB7 00                    3317 	.db #0x00	; 0
    00000CB8 5A                    3318 	.db #0x5a	; 90	'Z'
    00000CB9 00                    3319 	.db #0x00	; 0
    00000CBA 00                    3320 	.db #0x00	; 0
    00000CBB 18                    3321 	.db #0x18	; 24
    00000CBC A2                    3322 	.db #0xa2	; 162
    00000CBD 60                    3323 	.db #0x60	; 96
    00000CBE 5A                    3324 	.db #0x5a	; 90	'Z'
    00000CBF 0E                    3325 	.db #0x0e	; 14
    00000CC0 00                    3326 	.db #0x00	; 0
    00000CC1                       3327 _P26:
    00000CC1 18                    3328 	.db #0x18	; 24
    00000CC2 A2                    3329 	.db #0xa2	; 162
    00000CC3 60                    3330 	.db #0x60	; 96
    00000CC4 5A                    3331 	.db #0x5a	; 90	'Z'
    00000CC5 0E                    3332 	.db #0x0e	; 14
    00000CC6 00                    3333 	.db #0x00	; 0
    00000CC7 0E                    3334 	.db #0x0e	; 14
    00000CC8 D0                    3335 	.db #0xd0	; 208
    00000CC9 00                    3336 	.db #0x00	; 0
    00000CCA 5A                    3337 	.db #0x5a	; 90	'Z'
    00000CCB 00                    3338 	.db #0x00	; 0
    00000CCC 00                    3339 	.db #0x00	; 0
    00000CCD 5A                    3340 	.db #0x5a	; 90	'Z'
    00000CCE 00                    3341 	.db #0x00	; 0
    00000CCF 00                    3342 	.db #0x00	; 0
    00000CD0 5A                    3343 	.db #0x5a	; 90	'Z'
    00000CD1 00                    3344 	.db #0x00	; 0
    00000CD2 00                    3345 	.db #0x00	; 0
    00000CD3 5A                    3346 	.db #0x5a	; 90	'Z'
    00000CD4 00                    3347 	.db #0x00	; 0
    00000CD5 00                    3348 	.db #0x00	; 0
    00000CD6 5A                    3349 	.db #0x5a	; 90	'Z'
    00000CD7 00                    3350 	.db #0x00	; 0
    00000CD8 00                    3351 	.db #0x00	; 0
    00000CD9 5A                    3352 	.db #0x5a	; 90	'Z'
    00000CDA 00                    3353 	.db #0x00	; 0
    00000CDB 00                    3354 	.db #0x00	; 0
    00000CDC 5A                    3355 	.db #0x5a	; 90	'Z'
    00000CDD 00                    3356 	.db #0x00	; 0
    00000CDE 00                    3357 	.db #0x00	; 0
    00000CDF 5A                    3358 	.db #0x5a	; 90	'Z'
    00000CE0 00                    3359 	.db #0x00	; 0
    00000CE1 00                    3360 	.db #0x00	; 0
    00000CE2 5A                    3361 	.db #0x5a	; 90	'Z'
    00000CE3 00                    3362 	.db #0x00	; 0
    00000CE4 00                    3363 	.db #0x00	; 0
    00000CE5 5A                    3364 	.db #0x5a	; 90	'Z'
    00000CE6 00                    3365 	.db #0x00	; 0
    00000CE7 00                    3366 	.db #0x00	; 0
    00000CE8 5A                    3367 	.db #0x5a	; 90	'Z'
    00000CE9 00                    3368 	.db #0x00	; 0
    00000CEA 00                    3369 	.db #0x00	; 0
    00000CEB 18                    3370 	.db #0x18	; 24
    00000CEC A2                    3371 	.db #0xa2	; 162
    00000CED 60                    3372 	.db #0x60	; 96
    00000CEE 5A                    3373 	.db #0x5a	; 90	'Z'
    00000CEF 0E                    3374 	.db #0x0e	; 14
    00000CF0 00                    3375 	.db #0x00	; 0
    00000CF1 0E                    3376 	.db #0x0e	; 14
    00000CF2 D0                    3377 	.db #0xd0	; 208
    00000CF3 00                    3378 	.db #0x00	; 0
    00000CF4 5A                    3379 	.db #0x5a	; 90	'Z'
    00000CF5 00                    3380 	.db #0x00	; 0
    00000CF6 00                    3381 	.db #0x00	; 0
    00000CF7 5A                    3382 	.db #0x5a	; 90	'Z'
    00000CF8 00                    3383 	.db #0x00	; 0
    00000CF9 00                    3384 	.db #0x00	; 0
    00000CFA 5A                    3385 	.db #0x5a	; 90	'Z'
    00000CFB 00                    3386 	.db #0x00	; 0
    00000CFC 00                    3387 	.db #0x00	; 0
    00000CFD 5A                    3388 	.db #0x5a	; 90	'Z'
    00000CFE 00                    3389 	.db #0x00	; 0
    00000CFF 00                    3390 	.db #0x00	; 0
    00000D00 5A                    3391 	.db #0x5a	; 90	'Z'
    00000D01 00                    3392 	.db #0x00	; 0
    00000D02 00                    3393 	.db #0x00	; 0
    00000D03 5A                    3394 	.db #0x5a	; 90	'Z'
    00000D04 00                    3395 	.db #0x00	; 0
    00000D05 00                    3396 	.db #0x00	; 0
    00000D06 5A                    3397 	.db #0x5a	; 90	'Z'
    00000D07 00                    3398 	.db #0x00	; 0
    00000D08 00                    3399 	.db #0x00	; 0
    00000D09 15                    3400 	.db #0x15	; 21
    00000D0A D0                    3401 	.db #0xd0	; 208
    00000D0B 00                    3402 	.db #0x00	; 0
    00000D0C 5A                    3403 	.db #0x5a	; 90	'Z'
    00000D0D 00                    3404 	.db #0x00	; 0
    00000D0E 00                    3405 	.db #0x00	; 0
    00000D0F 5A                    3406 	.db #0x5a	; 90	'Z'
    00000D10 00                    3407 	.db #0x00	; 0
    00000D11 00                    3408 	.db #0x00	; 0
    00000D12 5A                    3409 	.db #0x5a	; 90	'Z'
    00000D13 00                    3410 	.db #0x00	; 0
    00000D14 00                    3411 	.db #0x00	; 0
    00000D15 5A                    3412 	.db #0x5a	; 90	'Z'
    00000D16 00                    3413 	.db #0x00	; 0
    00000D17 00                    3414 	.db #0x00	; 0
    00000D18 5A                    3415 	.db #0x5a	; 90	'Z'
    00000D19 00                    3416 	.db #0x00	; 0
    00000D1A 00                    3417 	.db #0x00	; 0
    00000D1B 18                    3418 	.db #0x18	; 24
    00000D1C A2                    3419 	.db #0xa2	; 162
    00000D1D 60                    3420 	.db #0x60	; 96
    00000D1E 5A                    3421 	.db #0x5a	; 90	'Z'
    00000D1F 0E                    3422 	.db #0x0e	; 14
    00000D20 00                    3423 	.db #0x00	; 0
    00000D21 18                    3424 	.db #0x18	; 24
    00000D22 A2                    3425 	.db #0xa2	; 162
    00000D23 60                    3426 	.db #0x60	; 96
    00000D24 5A                    3427 	.db #0x5a	; 90	'Z'
    00000D25 0E                    3428 	.db #0x0e	; 14
    00000D26 00                    3429 	.db #0x00	; 0
    00000D27 10                    3430 	.db #0x10	; 16
    00000D28 D0                    3431 	.db #0xd0	; 208
    00000D29 00                    3432 	.db #0x00	; 0
    00000D2A 5A                    3433 	.db #0x5a	; 90	'Z'
    00000D2B 00                    3434 	.db #0x00	; 0
    00000D2C 00                    3435 	.db #0x00	; 0
    00000D2D 5A                    3436 	.db #0x5a	; 90	'Z'
    00000D2E 00                    3437 	.db #0x00	; 0
    00000D2F 00                    3438 	.db #0x00	; 0
    00000D30 5A                    3439 	.db #0x5a	; 90	'Z'
    00000D31 00                    3440 	.db #0x00	; 0
    00000D32 00                    3441 	.db #0x00	; 0
    00000D33 5A                    3442 	.db #0x5a	; 90	'Z'
    00000D34 00                    3443 	.db #0x00	; 0
    00000D35 00                    3444 	.db #0x00	; 0
    00000D36 5A                    3445 	.db #0x5a	; 90	'Z'
    00000D37 00                    3446 	.db #0x00	; 0
    00000D38 00                    3447 	.db #0x00	; 0
    00000D39 5A                    3448 	.db #0x5a	; 90	'Z'
    00000D3A 00                    3449 	.db #0x00	; 0
    00000D3B 00                    3450 	.db #0x00	; 0
    00000D3C 5A                    3451 	.db #0x5a	; 90	'Z'
    00000D3D 00                    3452 	.db #0x00	; 0
    00000D3E 00                    3453 	.db #0x00	; 0
    00000D3F 5A                    3454 	.db #0x5a	; 90	'Z'
    00000D40 00                    3455 	.db #0x00	; 0
    00000D41 00                    3456 	.db #0x00	; 0
    00000D42 5A                    3457 	.db #0x5a	; 90	'Z'
    00000D43 00                    3458 	.db #0x00	; 0
    00000D44 00                    3459 	.db #0x00	; 0
    00000D45 5A                    3460 	.db #0x5a	; 90	'Z'
    00000D46 00                    3461 	.db #0x00	; 0
    00000D47 00                    3462 	.db #0x00	; 0
    00000D48 5A                    3463 	.db #0x5a	; 90	'Z'
    00000D49 00                    3464 	.db #0x00	; 0
    00000D4A 00                    3465 	.db #0x00	; 0
    00000D4B 18                    3466 	.db #0x18	; 24
    00000D4C A2                    3467 	.db #0xa2	; 162
    00000D4D 60                    3468 	.db #0x60	; 96
    00000D4E 5A                    3469 	.db #0x5a	; 90	'Z'
    00000D4F 0E                    3470 	.db #0x0e	; 14
    00000D50 00                    3471 	.db #0x00	; 0
    00000D51 13                    3472 	.db #0x13	; 19
    00000D52 D0                    3473 	.db #0xd0	; 208
    00000D53 00                    3474 	.db #0x00	; 0
    00000D54 5A                    3475 	.db #0x5a	; 90	'Z'
    00000D55 00                    3476 	.db #0x00	; 0
    00000D56 00                    3477 	.db #0x00	; 0
    00000D57 5A                    3478 	.db #0x5a	; 90	'Z'
    00000D58 00                    3479 	.db #0x00	; 0
    00000D59 00                    3480 	.db #0x00	; 0
    00000D5A 5A                    3481 	.db #0x5a	; 90	'Z'
    00000D5B 00                    3482 	.db #0x00	; 0
    00000D5C 00                    3483 	.db #0x00	; 0
    00000D5D 5A                    3484 	.db #0x5a	; 90	'Z'
    00000D5E 00                    3485 	.db #0x00	; 0
    00000D5F 00                    3486 	.db #0x00	; 0
    00000D60 5A                    3487 	.db #0x5a	; 90	'Z'
    00000D61 00                    3488 	.db #0x00	; 0
    00000D62 00                    3489 	.db #0x00	; 0
    00000D63 5A                    3490 	.db #0x5a	; 90	'Z'
    00000D64 00                    3491 	.db #0x00	; 0
    00000D65 00                    3492 	.db #0x00	; 0
    00000D66 5A                    3493 	.db #0x5a	; 90	'Z'
    00000D67 00                    3494 	.db #0x00	; 0
    00000D68 00                    3495 	.db #0x00	; 0
    00000D69 11                    3496 	.db #0x11	; 17
    00000D6A D0                    3497 	.db #0xd0	; 208
    00000D6B 00                    3498 	.db #0x00	; 0
    00000D6C 5A                    3499 	.db #0x5a	; 90	'Z'
    00000D6D 00                    3500 	.db #0x00	; 0
    00000D6E 00                    3501 	.db #0x00	; 0
    00000D6F 5A                    3502 	.db #0x5a	; 90	'Z'
    00000D70 00                    3503 	.db #0x00	; 0
    00000D71 00                    3504 	.db #0x00	; 0
    00000D72 5A                    3505 	.db #0x5a	; 90	'Z'
    00000D73 00                    3506 	.db #0x00	; 0
    00000D74 00                    3507 	.db #0x00	; 0
    00000D75 5A                    3508 	.db #0x5a	; 90	'Z'
    00000D76 00                    3509 	.db #0x00	; 0
    00000D77 00                    3510 	.db #0x00	; 0
    00000D78 5A                    3511 	.db #0x5a	; 90	'Z'
    00000D79 00                    3512 	.db #0x00	; 0
    00000D7A 00                    3513 	.db #0x00	; 0
    00000D7B 5A                    3514 	.db #0x5a	; 90	'Z'
    00000D7C 0E                    3515 	.db #0x0e	; 14
    00000D7D 00                    3516 	.db #0x00	; 0
    00000D7E 5A                    3517 	.db #0x5a	; 90	'Z'
    00000D7F 00                    3518 	.db #0x00	; 0
    00000D80 00                    3519 	.db #0x00	; 0
    00000D81                       3520 _P27:
    00000D81 1E                    3521 	.db #0x1e	; 30
    00000D82 40                    3522 	.db #0x40	; 64
    00000D83 00                    3523 	.db #0x00	; 0
    00000D84 5A                    3524 	.db #0x5a	; 90	'Z'
    00000D85 00                    3525 	.db #0x00	; 0
    00000D86 00                    3526 	.db #0x00	; 0
    00000D87 1E                    3527 	.db #0x1e	; 30
    00000D88 20                    3528 	.db #0x20	; 32
    00000D89 00                    3529 	.db #0x00	; 0
    00000D8A 5A                    3530 	.db #0x5a	; 90	'Z'
    00000D8B 00                    3531 	.db #0x00	; 0
    00000D8C 00                    3532 	.db #0x00	; 0
    00000D8D 1E                    3533 	.db #0x1e	; 30
    00000D8E 20                    3534 	.db #0x20	; 32
    00000D8F 00                    3535 	.db #0x00	; 0
    00000D90 5A                    3536 	.db #0x5a	; 90	'Z'
    00000D91 00                    3537 	.db #0x00	; 0
    00000D92 00                    3538 	.db #0x00	; 0
    00000D93 1E                    3539 	.db #0x1e	; 30
    00000D94 20                    3540 	.db #0x20	; 32
    00000D95 00                    3541 	.db #0x00	; 0
    00000D96 5A                    3542 	.db #0x5a	; 90	'Z'
    00000D97 00                    3543 	.db #0x00	; 0
    00000D98 00                    3544 	.db #0x00	; 0
    00000D99 1E                    3545 	.db #0x1e	; 30
    00000D9A 20                    3546 	.db #0x20	; 32
    00000D9B 00                    3547 	.db #0x00	; 0
    00000D9C 5A                    3548 	.db #0x5a	; 90	'Z'
    00000D9D 00                    3549 	.db #0x00	; 0
    00000D9E 00                    3550 	.db #0x00	; 0
    00000D9F 1E                    3551 	.db #0x1e	; 30
    00000DA0 20                    3552 	.db #0x20	; 32
    00000DA1 00                    3553 	.db #0x00	; 0
    00000DA2 5A                    3554 	.db #0x5a	; 90	'Z'
    00000DA3 00                    3555 	.db #0x00	; 0
    00000DA4 00                    3556 	.db #0x00	; 0
    00000DA5 1E                    3557 	.db #0x1e	; 30
    00000DA6 20                    3558 	.db #0x20	; 32
    00000DA7 00                    3559 	.db #0x00	; 0
    00000DA8 1E                    3560 	.db #0x1e	; 30
    00000DA9 30                    3561 	.db #0x30	; 48	'0'
    00000DAA 00                    3562 	.db #0x00	; 0
    00000DAB 1E                    3563 	.db #0x1e	; 30
    00000DAC 40                    3564 	.db #0x40	; 64
    00000DAD 00                    3565 	.db #0x00	; 0
    00000DAE 5A                    3566 	.db #0x5a	; 90	'Z'
    00000DAF 00                    3567 	.db #0x00	; 0
    00000DB0 00                    3568 	.db #0x00	; 0
    00000DB1 18                    3569 	.db #0x18	; 24
    00000DB2 70                    3570 	.db #0x70	; 112	'p'
    00000DB3 00                    3571 	.db #0x00	; 0
    00000DB4 5A                    3572 	.db #0x5a	; 90	'Z'
    00000DB5 00                    3573 	.db #0x00	; 0
    00000DB6 00                    3574 	.db #0x00	; 0
    00000DB7 1E                    3575 	.db #0x1e	; 30
    00000DB8 20                    3576 	.db #0x20	; 32
    00000DB9 00                    3577 	.db #0x00	; 0
    00000DBA 5A                    3578 	.db #0x5a	; 90	'Z'
    00000DBB 00                    3579 	.db #0x00	; 0
    00000DBC 00                    3580 	.db #0x00	; 0
    00000DBD 1E                    3581 	.db #0x1e	; 30
    00000DBE 20                    3582 	.db #0x20	; 32
    00000DBF 00                    3583 	.db #0x00	; 0
    00000DC0 5A                    3584 	.db #0x5a	; 90	'Z'
    00000DC1 00                    3585 	.db #0x00	; 0
    00000DC2 00                    3586 	.db #0x00	; 0
    00000DC3 1E                    3587 	.db #0x1e	; 30
    00000DC4 20                    3588 	.db #0x20	; 32
    00000DC5 00                    3589 	.db #0x00	; 0
    00000DC6 5A                    3590 	.db #0x5a	; 90	'Z'
    00000DC7 00                    3591 	.db #0x00	; 0
    00000DC8 00                    3592 	.db #0x00	; 0
    00000DC9 1E                    3593 	.db #0x1e	; 30
    00000DCA 20                    3594 	.db #0x20	; 32
    00000DCB 00                    3595 	.db #0x00	; 0
    00000DCC 5A                    3596 	.db #0x5a	; 90	'Z'
    00000DCD 00                    3597 	.db #0x00	; 0
    00000DCE 00                    3598 	.db #0x00	; 0
    00000DCF 1E                    3599 	.db #0x1e	; 30
    00000DD0 20                    3600 	.db #0x20	; 32
    00000DD1 00                    3601 	.db #0x00	; 0
    00000DD2 5A                    3602 	.db #0x5a	; 90	'Z'
    00000DD3 00                    3603 	.db #0x00	; 0
    00000DD4 00                    3604 	.db #0x00	; 0
    00000DD5 1E                    3605 	.db #0x1e	; 30
    00000DD6 20                    3606 	.db #0x20	; 32
    00000DD7 00                    3607 	.db #0x00	; 0
    00000DD8 1E                    3608 	.db #0x1e	; 30
    00000DD9 30                    3609 	.db #0x30	; 48	'0'
    00000DDA 00                    3610 	.db #0x00	; 0
    00000DDB 1E                    3611 	.db #0x1e	; 30
    00000DDC 40                    3612 	.db #0x40	; 64
    00000DDD 00                    3613 	.db #0x00	; 0
    00000DDE 5A                    3614 	.db #0x5a	; 90	'Z'
    00000DDF 00                    3615 	.db #0x00	; 0
    00000DE0 00                    3616 	.db #0x00	; 0
    00000DE1 1E                    3617 	.db #0x1e	; 30
    00000DE2 40                    3618 	.db #0x40	; 64
    00000DE3 00                    3619 	.db #0x00	; 0
    00000DE4 5A                    3620 	.db #0x5a	; 90	'Z'
    00000DE5 00                    3621 	.db #0x00	; 0
    00000DE6 00                    3622 	.db #0x00	; 0
    00000DE7 1E                    3623 	.db #0x1e	; 30
    00000DE8 20                    3624 	.db #0x20	; 32
    00000DE9 00                    3625 	.db #0x00	; 0
    00000DEA 5A                    3626 	.db #0x5a	; 90	'Z'
    00000DEB 00                    3627 	.db #0x00	; 0
    00000DEC 00                    3628 	.db #0x00	; 0
    00000DED 1E                    3629 	.db #0x1e	; 30
    00000DEE 20                    3630 	.db #0x20	; 32
    00000DEF 00                    3631 	.db #0x00	; 0
    00000DF0 5A                    3632 	.db #0x5a	; 90	'Z'
    00000DF1 00                    3633 	.db #0x00	; 0
    00000DF2 00                    3634 	.db #0x00	; 0
    00000DF3 1E                    3635 	.db #0x1e	; 30
    00000DF4 20                    3636 	.db #0x20	; 32
    00000DF5 00                    3637 	.db #0x00	; 0
    00000DF6 5A                    3638 	.db #0x5a	; 90	'Z'
    00000DF7 00                    3639 	.db #0x00	; 0
    00000DF8 00                    3640 	.db #0x00	; 0
    00000DF9 1E                    3641 	.db #0x1e	; 30
    00000DFA 20                    3642 	.db #0x20	; 32
    00000DFB 00                    3643 	.db #0x00	; 0
    00000DFC 5A                    3644 	.db #0x5a	; 90	'Z'
    00000DFD 00                    3645 	.db #0x00	; 0
    00000DFE 00                    3646 	.db #0x00	; 0
    00000DFF 1E                    3647 	.db #0x1e	; 30
    00000E00 20                    3648 	.db #0x20	; 32
    00000E01 00                    3649 	.db #0x00	; 0
    00000E02 5A                    3650 	.db #0x5a	; 90	'Z'
    00000E03 00                    3651 	.db #0x00	; 0
    00000E04 00                    3652 	.db #0x00	; 0
    00000E05 1E                    3653 	.db #0x1e	; 30
    00000E06 20                    3654 	.db #0x20	; 32
    00000E07 00                    3655 	.db #0x00	; 0
    00000E08 1E                    3656 	.db #0x1e	; 30
    00000E09 30                    3657 	.db #0x30	; 48	'0'
    00000E0A 00                    3658 	.db #0x00	; 0
    00000E0B 1E                    3659 	.db #0x1e	; 30
    00000E0C 40                    3660 	.db #0x40	; 64
    00000E0D 00                    3661 	.db #0x00	; 0
    00000E0E 5A                    3662 	.db #0x5a	; 90	'Z'
    00000E0F 00                    3663 	.db #0x00	; 0
    00000E10 00                    3664 	.db #0x00	; 0
    00000E11 18                    3665 	.db #0x18	; 24
    00000E12 70                    3666 	.db #0x70	; 112	'p'
    00000E13 00                    3667 	.db #0x00	; 0
    00000E14 5A                    3668 	.db #0x5a	; 90	'Z'
    00000E15 00                    3669 	.db #0x00	; 0
    00000E16 00                    3670 	.db #0x00	; 0
    00000E17 5A                    3671 	.db #0x5a	; 90	'Z'
    00000E18 0E                    3672 	.db #0x0e	; 14
    00000E19 00                    3673 	.db #0x00	; 0
    00000E1A 5A                    3674 	.db #0x5a	; 90	'Z'
    00000E1B 00                    3675 	.db #0x00	; 0
    00000E1C 00                    3676 	.db #0x00	; 0
    00000E1D 5A                    3677 	.db #0x5a	; 90	'Z'
    00000E1E 00                    3678 	.db #0x00	; 0
    00000E1F 00                    3679 	.db #0x00	; 0
    00000E20 5A                    3680 	.db #0x5a	; 90	'Z'
    00000E21 00                    3681 	.db #0x00	; 0
    00000E22 00                    3682 	.db #0x00	; 0
    00000E23 5A                    3683 	.db #0x5a	; 90	'Z'
    00000E24 00                    3684 	.db #0x00	; 0
    00000E25 00                    3685 	.db #0x00	; 0
    00000E26 5A                    3686 	.db #0x5a	; 90	'Z'
    00000E27 00                    3687 	.db #0x00	; 0
    00000E28 00                    3688 	.db #0x00	; 0
    00000E29 5A                    3689 	.db #0x5a	; 90	'Z'
    00000E2A 00                    3690 	.db #0x00	; 0
    00000E2B 00                    3691 	.db #0x00	; 0
    00000E2C 5A                    3692 	.db #0x5a	; 90	'Z'
    00000E2D 00                    3693 	.db #0x00	; 0
    00000E2E 00                    3694 	.db #0x00	; 0
    00000E2F 5A                    3695 	.db #0x5a	; 90	'Z'
    00000E30 00                    3696 	.db #0x00	; 0
    00000E31 00                    3697 	.db #0x00	; 0
    00000E32 5A                    3698 	.db #0x5a	; 90	'Z'
    00000E33 00                    3699 	.db #0x00	; 0
    00000E34 00                    3700 	.db #0x00	; 0
    00000E35 5A                    3701 	.db #0x5a	; 90	'Z'
    00000E36 00                    3702 	.db #0x00	; 0
    00000E37 00                    3703 	.db #0x00	; 0
    00000E38 5A                    3704 	.db #0x5a	; 90	'Z'
    00000E39 00                    3705 	.db #0x00	; 0
    00000E3A 00                    3706 	.db #0x00	; 0
    00000E3B 5A                    3707 	.db #0x5a	; 90	'Z'
    00000E3C 00                    3708 	.db #0x00	; 0
    00000E3D 00                    3709 	.db #0x00	; 0
    00000E3E 5A                    3710 	.db #0x5a	; 90	'Z'
    00000E3F 00                    3711 	.db #0x00	; 0
    00000E40 00                    3712 	.db #0x00	; 0
    00000E41                       3713 _P28:
    00000E41 5A                    3714 	.db #0x5a	; 90	'Z'
    00000E42 0E                    3715 	.db #0x0e	; 14
    00000E43 00                    3716 	.db #0x00	; 0
    00000E44 5A                    3717 	.db #0x5a	; 90	'Z'
    00000E45 00                    3718 	.db #0x00	; 0
    00000E46 00                    3719 	.db #0x00	; 0
    00000E47 5A                    3720 	.db #0x5a	; 90	'Z'
    00000E48 00                    3721 	.db #0x00	; 0
    00000E49 00                    3722 	.db #0x00	; 0
    00000E4A 5A                    3723 	.db #0x5a	; 90	'Z'
    00000E4B 00                    3724 	.db #0x00	; 0
    00000E4C 00                    3725 	.db #0x00	; 0
    00000E4D 5A                    3726 	.db #0x5a	; 90	'Z'
    00000E4E 00                    3727 	.db #0x00	; 0
    00000E4F 00                    3728 	.db #0x00	; 0
    00000E50 5A                    3729 	.db #0x5a	; 90	'Z'
    00000E51 00                    3730 	.db #0x00	; 0
    00000E52 00                    3731 	.db #0x00	; 0
    00000E53 1A                    3732 	.db #0x1a	; 26
    00000E54 1C                    3733 	.db #0x1c	; 28
    00000E55 07                    3734 	.db #0x07	; 7
    00000E56 5A                    3735 	.db #0x5a	; 90	'Z'
    00000E57 0E                    3736 	.db #0x0e	; 14
    00000E58 00                    3737 	.db #0x00	; 0
    00000E59 5A                    3738 	.db #0x5a	; 90	'Z'
    00000E5A 00                    3739 	.db #0x00	; 0
    00000E5B 00                    3740 	.db #0x00	; 0
    00000E5C 5A                    3741 	.db #0x5a	; 90	'Z'
    00000E5D 00                    3742 	.db #0x00	; 0
    00000E5E 00                    3743 	.db #0x00	; 0
    00000E5F 1A                    3744 	.db #0x1a	; 26
    00000E60 1C                    3745 	.db #0x1c	; 28
    00000E61 07                    3746 	.db #0x07	; 7
    00000E62 5A                    3747 	.db #0x5a	; 90	'Z'
    00000E63 0E                    3748 	.db #0x0e	; 14
    00000E64 00                    3749 	.db #0x00	; 0
    00000E65 1A                    3750 	.db #0x1a	; 26
    00000E66 1C                    3751 	.db #0x1c	; 28
    00000E67 07                    3752 	.db #0x07	; 7
    00000E68 5A                    3753 	.db #0x5a	; 90	'Z'
    00000E69 0E                    3754 	.db #0x0e	; 14
    00000E6A 00                    3755 	.db #0x00	; 0
    00000E6B 18                    3756 	.db #0x18	; 24
    00000E6C 1C                    3757 	.db #0x1c	; 28
    00000E6D 07                    3758 	.db #0x07	; 7
    00000E6E 5A                    3759 	.db #0x5a	; 90	'Z'
    00000E6F 0E                    3760 	.db #0x0e	; 14
    00000E70 00                    3761 	.db #0x00	; 0
    00000E71 5A                    3762 	.db #0x5a	; 90	'Z'
    00000E72 00                    3763 	.db #0x00	; 0
    00000E73 00                    3764 	.db #0x00	; 0
    00000E74 5A                    3765 	.db #0x5a	; 90	'Z'
    00000E75 00                    3766 	.db #0x00	; 0
    00000E76 00                    3767 	.db #0x00	; 0
    00000E77 5A                    3768 	.db #0x5a	; 90	'Z'
    00000E78 00                    3769 	.db #0x00	; 0
    00000E79 00                    3770 	.db #0x00	; 0
    00000E7A 1A                    3771 	.db #0x1a	; 26
    00000E7B 1C                    3772 	.db #0x1c	; 28
    00000E7C 03                    3773 	.db #0x03	; 3
    00000E7D 5A                    3774 	.db #0x5a	; 90	'Z'
    00000E7E 0E                    3775 	.db #0x0e	; 14
    00000E7F 00                    3776 	.db #0x00	; 0
    00000E80 5A                    3777 	.db #0x5a	; 90	'Z'
    00000E81 00                    3778 	.db #0x00	; 0
    00000E82 00                    3779 	.db #0x00	; 0
    00000E83 1A                    3780 	.db #0x1a	; 26
    00000E84 1C                    3781 	.db #0x1c	; 28
    00000E85 07                    3782 	.db #0x07	; 7
    00000E86 5A                    3783 	.db #0x5a	; 90	'Z'
    00000E87 0E                    3784 	.db #0x0e	; 14
    00000E88 00                    3785 	.db #0x00	; 0
    00000E89 5A                    3786 	.db #0x5a	; 90	'Z'
    00000E8A 00                    3787 	.db #0x00	; 0
    00000E8B 00                    3788 	.db #0x00	; 0
    00000E8C 5A                    3789 	.db #0x5a	; 90	'Z'
    00000E8D 00                    3790 	.db #0x00	; 0
    00000E8E 00                    3791 	.db #0x00	; 0
    00000E8F 1A                    3792 	.db #0x1a	; 26
    00000E90 1C                    3793 	.db #0x1c	; 28
    00000E91 03                    3794 	.db #0x03	; 3
    00000E92 5A                    3795 	.db #0x5a	; 90	'Z'
    00000E93 0E                    3796 	.db #0x0e	; 14
    00000E94 00                    3797 	.db #0x00	; 0
    00000E95 1A                    3798 	.db #0x1a	; 26
    00000E96 1C                    3799 	.db #0x1c	; 28
    00000E97 05                    3800 	.db #0x05	; 5
    00000E98 5A                    3801 	.db #0x5a	; 90	'Z'
    00000E99 0E                    3802 	.db #0x0e	; 14
    00000E9A 00                    3803 	.db #0x00	; 0
    00000E9B 19                    3804 	.db #0x19	; 25
    00000E9C 1C                    3805 	.db #0x1c	; 28
    00000E9D 05                    3806 	.db #0x05	; 5
    00000E9E 5A                    3807 	.db #0x5a	; 90	'Z'
    00000E9F 0E                    3808 	.db #0x0e	; 14
    00000EA0 00                    3809 	.db #0x00	; 0
    00000EA1 1A                    3810 	.db #0x1a	; 26
    00000EA2 1C                    3811 	.db #0x1c	; 28
    00000EA3 07                    3812 	.db #0x07	; 7
    00000EA4 5A                    3813 	.db #0x5a	; 90	'Z'
    00000EA5 0E                    3814 	.db #0x0e	; 14
    00000EA6 00                    3815 	.db #0x00	; 0
    00000EA7 1A                    3816 	.db #0x1a	; 26
    00000EA8 1C                    3817 	.db #0x1c	; 28
    00000EA9 03                    3818 	.db #0x03	; 3
    00000EAA 1A                    3819 	.db #0x1a	; 26
    00000EAB 1C                    3820 	.db #0x1c	; 28
    00000EAC 05                    3821 	.db #0x05	; 5
    00000EAD 5A                    3822 	.db #0x5a	; 90	'Z'
    00000EAE 0E                    3823 	.db #0x0e	; 14
    00000EAF 00                    3824 	.db #0x00	; 0
    00000EB0 1A                    3825 	.db #0x1a	; 26
    00000EB1 1C                    3826 	.db #0x1c	; 28
    00000EB2 05                    3827 	.db #0x05	; 5
    00000EB3 5A                    3828 	.db #0x5a	; 90	'Z'
    00000EB4 0E                    3829 	.db #0x0e	; 14
    00000EB5 00                    3830 	.db #0x00	; 0
    00000EB6 1A                    3831 	.db #0x1a	; 26
    00000EB7 1C                    3832 	.db #0x1c	; 28
    00000EB8 07                    3833 	.db #0x07	; 7
    00000EB9 5A                    3834 	.db #0x5a	; 90	'Z'
    00000EBA 0E                    3835 	.db #0x0e	; 14
    00000EBB 00                    3836 	.db #0x00	; 0
    00000EBC 5A                    3837 	.db #0x5a	; 90	'Z'
    00000EBD 00                    3838 	.db #0x00	; 0
    00000EBE 00                    3839 	.db #0x00	; 0
    00000EBF 5A                    3840 	.db #0x5a	; 90	'Z'
    00000EC0 00                    3841 	.db #0x00	; 0
    00000EC1 00                    3842 	.db #0x00	; 0
    00000EC2 5A                    3843 	.db #0x5a	; 90	'Z'
    00000EC3 00                    3844 	.db #0x00	; 0
    00000EC4 00                    3845 	.db #0x00	; 0
    00000EC5 1A                    3846 	.db #0x1a	; 26
    00000EC6 1C                    3847 	.db #0x1c	; 28
    00000EC7 01                    3848 	.db #0x01	; 1
    00000EC8 1A                    3849 	.db #0x1a	; 26
    00000EC9 1C                    3850 	.db #0x1c	; 28
    00000ECA 03                    3851 	.db #0x03	; 3
    00000ECB 1A                    3852 	.db #0x1a	; 26
    00000ECC 1C                    3853 	.db #0x1c	; 28
    00000ECD 05                    3854 	.db #0x05	; 5
    00000ECE 1A                    3855 	.db #0x1a	; 26
    00000ECF 1C                    3856 	.db #0x1c	; 28
    00000ED0 07                    3857 	.db #0x07	; 7
    00000ED1 5A                    3858 	.db #0x5a	; 90	'Z'
    00000ED2 00                    3859 	.db #0x00	; 0
    00000ED3 00                    3860 	.db #0x00	; 0
    00000ED4 5A                    3861 	.db #0x5a	; 90	'Z'
    00000ED5 00                    3862 	.db #0x00	; 0
    00000ED6 00                    3863 	.db #0x00	; 0
    00000ED7 1A                    3864 	.db #0x1a	; 26
    00000ED8 1E                    3865 	.db #0x1e	; 30
    00000ED9 00                    3866 	.db #0x00	; 0
    00000EDA 5A                    3867 	.db #0x5a	; 90	'Z'
    00000EDB 00                    3868 	.db #0x00	; 0
    00000EDC 00                    3869 	.db #0x00	; 0
    00000EDD 1A                    3870 	.db #0x1a	; 26
    00000EDE 1C                    3871 	.db #0x1c	; 28
    00000EDF 07                    3872 	.db #0x07	; 7
    00000EE0 5A                    3873 	.db #0x5a	; 90	'Z'
    00000EE1 00                    3874 	.db #0x00	; 0
    00000EE2 00                    3875 	.db #0x00	; 0
    00000EE3 1A                    3876 	.db #0x1a	; 26
    00000EE4 1C                    3877 	.db #0x1c	; 28
    00000EE5 05                    3878 	.db #0x05	; 5
    00000EE6 5A                    3879 	.db #0x5a	; 90	'Z'
    00000EE7 00                    3880 	.db #0x00	; 0
    00000EE8 00                    3881 	.db #0x00	; 0
    00000EE9 19                    3882 	.db #0x19	; 25
    00000EEA 1C                    3883 	.db #0x1c	; 28
    00000EEB 03                    3884 	.db #0x03	; 3
    00000EEC 5A                    3885 	.db #0x5a	; 90	'Z'
    00000EED 00                    3886 	.db #0x00	; 0
    00000EEE 00                    3887 	.db #0x00	; 0
    00000EEF 19                    3888 	.db #0x19	; 25
    00000EF0 1C                    3889 	.db #0x1c	; 28
    00000EF1 01                    3890 	.db #0x01	; 1
    00000EF2 5A                    3891 	.db #0x5a	; 90	'Z'
    00000EF3 00                    3892 	.db #0x00	; 0
    00000EF4 00                    3893 	.db #0x00	; 0
    00000EF5 1D                    3894 	.db #0x1d	; 29
    00000EF6 1C                    3895 	.db #0x1c	; 28
    00000EF7 07                    3896 	.db #0x07	; 7
    00000EF8 5A                    3897 	.db #0x5a	; 90	'Z'
    00000EF9 00                    3898 	.db #0x00	; 0
    00000EFA 00                    3899 	.db #0x00	; 0
    00000EFB 5A                    3900 	.db #0x5a	; 90	'Z'
    00000EFC 0E                    3901 	.db #0x0e	; 14
    00000EFD 00                    3902 	.db #0x00	; 0
    00000EFE 5A                    3903 	.db #0x5a	; 90	'Z'
    00000EFF 00                    3904 	.db #0x00	; 0
    00000F00 00                    3905 	.db #0x00	; 0
    00000F01                       3906 _P29:
    00000F01 1A                    3907 	.db #0x1a	; 26
    00000F02 20                    3908 	.db #0x20	; 32
    00000F03 00                    3909 	.db #0x00	; 0
    00000F04 5A                    3910 	.db #0x5a	; 90	'Z'
    00000F05 00                    3911 	.db #0x00	; 0
    00000F06 00                    3912 	.db #0x00	; 0
    00000F07 5A                    3913 	.db #0x5a	; 90	'Z'
    00000F08 00                    3914 	.db #0x00	; 0
    00000F09 00                    3915 	.db #0x00	; 0
    00000F0A 5A                    3916 	.db #0x5a	; 90	'Z'
    00000F0B 00                    3917 	.db #0x00	; 0
    00000F0C 00                    3918 	.db #0x00	; 0
    00000F0D 1A                    3919 	.db #0x1a	; 26
    00000F0E 2C                    3920 	.db #0x2c	; 44
    00000F0F 09                    3921 	.db #0x09	; 9
    00000F10 5A                    3922 	.db #0x5a	; 90	'Z'
    00000F11 00                    3923 	.db #0x00	; 0
    00000F12 00                    3924 	.db #0x00	; 0
    00000F13 5A                    3925 	.db #0x5a	; 90	'Z'
    00000F14 00                    3926 	.db #0x00	; 0
    00000F15 00                    3927 	.db #0x00	; 0
    00000F16 5A                    3928 	.db #0x5a	; 90	'Z'
    00000F17 00                    3929 	.db #0x00	; 0
    00000F18 00                    3930 	.db #0x00	; 0
    00000F19 1A                    3931 	.db #0x1a	; 26
    00000F1A 2C                    3932 	.db #0x2c	; 44
    00000F1B 07                    3933 	.db #0x07	; 7
    00000F1C 5A                    3934 	.db #0x5a	; 90	'Z'
    00000F1D 00                    3935 	.db #0x00	; 0
    00000F1E 00                    3936 	.db #0x00	; 0
    00000F1F 5A                    3937 	.db #0x5a	; 90	'Z'
    00000F20 00                    3938 	.db #0x00	; 0
    00000F21 00                    3939 	.db #0x00	; 0
    00000F22 5A                    3940 	.db #0x5a	; 90	'Z'
    00000F23 00                    3941 	.db #0x00	; 0
    00000F24 00                    3942 	.db #0x00	; 0
    00000F25 1A                    3943 	.db #0x1a	; 26
    00000F26 2C                    3944 	.db #0x2c	; 44
    00000F27 09                    3945 	.db #0x09	; 9
    00000F28 21                    3946 	.db #0x21	; 33
    00000F29 20                    3947 	.db #0x20	; 32
    00000F2A 00                    3948 	.db #0x00	; 0
    00000F2B 1D                    3949 	.db #0x1d	; 29
    00000F2C 20                    3950 	.db #0x20	; 32
    00000F2D 00                    3951 	.db #0x00	; 0
    00000F2E 1C                    3952 	.db #0x1c	; 28
    00000F2F 20                    3953 	.db #0x20	; 32
    00000F30 00                    3954 	.db #0x00	; 0
    00000F31 1A                    3955 	.db #0x1a	; 26
    00000F32 20                    3956 	.db #0x20	; 32
    00000F33 00                    3957 	.db #0x00	; 0
    00000F34 5A                    3958 	.db #0x5a	; 90	'Z'
    00000F35 00                    3959 	.db #0x00	; 0
    00000F36 00                    3960 	.db #0x00	; 0
    00000F37 5A                    3961 	.db #0x5a	; 90	'Z'
    00000F38 00                    3962 	.db #0x00	; 0
    00000F39 00                    3963 	.db #0x00	; 0
    00000F3A 5A                    3964 	.db #0x5a	; 90	'Z'
    00000F3B 00                    3965 	.db #0x00	; 0
    00000F3C 00                    3966 	.db #0x00	; 0
    00000F3D 1A                    3967 	.db #0x1a	; 26
    00000F3E 2C                    3968 	.db #0x2c	; 44
    00000F3F 09                    3969 	.db #0x09	; 9
    00000F40 5A                    3970 	.db #0x5a	; 90	'Z'
    00000F41 00                    3971 	.db #0x00	; 0
    00000F42 00                    3972 	.db #0x00	; 0
    00000F43 5A                    3973 	.db #0x5a	; 90	'Z'
    00000F44 00                    3974 	.db #0x00	; 0
    00000F45 00                    3975 	.db #0x00	; 0
    00000F46 5A                    3976 	.db #0x5a	; 90	'Z'
    00000F47 00                    3977 	.db #0x00	; 0
    00000F48 00                    3978 	.db #0x00	; 0
    00000F49 1A                    3979 	.db #0x1a	; 26
    00000F4A 2C                    3980 	.db #0x2c	; 44
    00000F4B 07                    3981 	.db #0x07	; 7
    00000F4C 5A                    3982 	.db #0x5a	; 90	'Z'
    00000F4D 00                    3983 	.db #0x00	; 0
    00000F4E 00                    3984 	.db #0x00	; 0
    00000F4F 5A                    3985 	.db #0x5a	; 90	'Z'
    00000F50 00                    3986 	.db #0x00	; 0
    00000F51 00                    3987 	.db #0x00	; 0
    00000F52 5A                    3988 	.db #0x5a	; 90	'Z'
    00000F53 00                    3989 	.db #0x00	; 0
    00000F54 00                    3990 	.db #0x00	; 0
    00000F55 1A                    3991 	.db #0x1a	; 26
    00000F56 2C                    3992 	.db #0x2c	; 44
    00000F57 05                    3993 	.db #0x05	; 5
    00000F58 5A                    3994 	.db #0x5a	; 90	'Z'
    00000F59 00                    3995 	.db #0x00	; 0
    00000F5A 00                    3996 	.db #0x00	; 0
    00000F5B 1D                    3997 	.db #0x1d	; 29
    00000F5C 20                    3998 	.db #0x20	; 32
    00000F5D 00                    3999 	.db #0x00	; 0
    00000F5E 5A                    4000 	.db #0x5a	; 90	'Z'
    00000F5F 00                    4001 	.db #0x00	; 0
    00000F60 00                    4002 	.db #0x00	; 0
    00000F61 1A                    4003 	.db #0x1a	; 26
    00000F62 20                    4004 	.db #0x20	; 32
    00000F63 00                    4005 	.db #0x00	; 0
    00000F64 5A                    4006 	.db #0x5a	; 90	'Z'
    00000F65 00                    4007 	.db #0x00	; 0
    00000F66 00                    4008 	.db #0x00	; 0
    00000F67 5A                    4009 	.db #0x5a	; 90	'Z'
    00000F68 00                    4010 	.db #0x00	; 0
    00000F69 00                    4011 	.db #0x00	; 0
    00000F6A 5A                    4012 	.db #0x5a	; 90	'Z'
    00000F6B 00                    4013 	.db #0x00	; 0
    00000F6C 00                    4014 	.db #0x00	; 0
    00000F6D 1A                    4015 	.db #0x1a	; 26
    00000F6E 2C                    4016 	.db #0x2c	; 44
    00000F6F 09                    4017 	.db #0x09	; 9
    00000F70 5A                    4018 	.db #0x5a	; 90	'Z'
    00000F71 00                    4019 	.db #0x00	; 0
    00000F72 00                    4020 	.db #0x00	; 0
    00000F73 5A                    4021 	.db #0x5a	; 90	'Z'
    00000F74 00                    4022 	.db #0x00	; 0
    00000F75 00                    4023 	.db #0x00	; 0
    00000F76 5A                    4024 	.db #0x5a	; 90	'Z'
    00000F77 00                    4025 	.db #0x00	; 0
    00000F78 00                    4026 	.db #0x00	; 0
    00000F79 1A                    4027 	.db #0x1a	; 26
    00000F7A 2C                    4028 	.db #0x2c	; 44
    00000F7B 07                    4029 	.db #0x07	; 7
    00000F7C 5A                    4030 	.db #0x5a	; 90	'Z'
    00000F7D 00                    4031 	.db #0x00	; 0
    00000F7E 00                    4032 	.db #0x00	; 0
    00000F7F 5A                    4033 	.db #0x5a	; 90	'Z'
    00000F80 00                    4034 	.db #0x00	; 0
    00000F81 00                    4035 	.db #0x00	; 0
    00000F82 5A                    4036 	.db #0x5a	; 90	'Z'
    00000F83 00                    4037 	.db #0x00	; 0
    00000F84 00                    4038 	.db #0x00	; 0
    00000F85 1A                    4039 	.db #0x1a	; 26
    00000F86 2C                    4040 	.db #0x2c	; 44
    00000F87 05                    4041 	.db #0x05	; 5
    00000F88 5A                    4042 	.db #0x5a	; 90	'Z'
    00000F89 00                    4043 	.db #0x00	; 0
    00000F8A 00                    4044 	.db #0x00	; 0
    00000F8B 1C                    4045 	.db #0x1c	; 28
    00000F8C 20                    4046 	.db #0x20	; 32
    00000F8D 00                    4047 	.db #0x00	; 0
    00000F8E 1D                    4048 	.db #0x1d	; 29
    00000F8F 20                    4049 	.db #0x20	; 32
    00000F90 00                    4050 	.db #0x00	; 0
    00000F91 1A                    4051 	.db #0x1a	; 26
    00000F92 20                    4052 	.db #0x20	; 32
    00000F93 00                    4053 	.db #0x00	; 0
    00000F94 5A                    4054 	.db #0x5a	; 90	'Z'
    00000F95 00                    4055 	.db #0x00	; 0
    00000F96 00                    4056 	.db #0x00	; 0
    00000F97 5A                    4057 	.db #0x5a	; 90	'Z'
    00000F98 00                    4058 	.db #0x00	; 0
    00000F99 00                    4059 	.db #0x00	; 0
    00000F9A 5A                    4060 	.db #0x5a	; 90	'Z'
    00000F9B 00                    4061 	.db #0x00	; 0
    00000F9C 00                    4062 	.db #0x00	; 0
    00000F9D 1A                    4063 	.db #0x1a	; 26
    00000F9E 2C                    4064 	.db #0x2c	; 44
    00000F9F 09                    4065 	.db #0x09	; 9
    00000FA0 5A                    4066 	.db #0x5a	; 90	'Z'
    00000FA1 00                    4067 	.db #0x00	; 0
    00000FA2 00                    4068 	.db #0x00	; 0
    00000FA3 1D                    4069 	.db #0x1d	; 29
    00000FA4 20                    4070 	.db #0x20	; 32
    00000FA5 00                    4071 	.db #0x00	; 0
    00000FA6 5A                    4072 	.db #0x5a	; 90	'Z'
    00000FA7 00                    4073 	.db #0x00	; 0
    00000FA8 00                    4074 	.db #0x00	; 0
    00000FA9 19                    4075 	.db #0x19	; 25
    00000FAA 20                    4076 	.db #0x20	; 32
    00000FAB 00                    4077 	.db #0x00	; 0
    00000FAC 5A                    4078 	.db #0x5a	; 90	'Z'
    00000FAD 00                    4079 	.db #0x00	; 0
    00000FAE 00                    4080 	.db #0x00	; 0
    00000FAF 5A                    4081 	.db #0x5a	; 90	'Z'
    00000FB0 00                    4082 	.db #0x00	; 0
    00000FB1 00                    4083 	.db #0x00	; 0
    00000FB2 5A                    4084 	.db #0x5a	; 90	'Z'
    00000FB3 00                    4085 	.db #0x00	; 0
    00000FB4 00                    4086 	.db #0x00	; 0
    00000FB5 19                    4087 	.db #0x19	; 25
    00000FB6 2C                    4088 	.db #0x2c	; 44
    00000FB7 09                    4089 	.db #0x09	; 9
    00000FB8 5A                    4090 	.db #0x5a	; 90	'Z'
    00000FB9 0E                    4091 	.db #0x0e	; 14
    00000FBA 00                    4092 	.db #0x00	; 0
    00000FBB 1D                    4093 	.db #0x1d	; 29
    00000FBC 20                    4094 	.db #0x20	; 32
    00000FBD 00                    4095 	.db #0x00	; 0
    00000FBE 5A                    4096 	.db #0x5a	; 90	'Z'
    00000FBF 0E                    4097 	.db #0x0e	; 14
    00000FC0 00                    4098 	.db #0x00	; 0
    00000FC1                       4099 _P30:
    00000FC1 18                    4100 	.db #0x18	; 24
    00000FC2 A2                    4101 	.db #0xa2	; 162
    00000FC3 60                    4102 	.db #0x60	; 96
    00000FC4 5A                    4103 	.db #0x5a	; 90	'Z'
    00000FC5 0E                    4104 	.db #0x0e	; 14
    00000FC6 00                    4105 	.db #0x00	; 0
    00000FC7 0E                    4106 	.db #0x0e	; 14
    00000FC8 D0                    4107 	.db #0xd0	; 208
    00000FC9 00                    4108 	.db #0x00	; 0
    00000FCA 5A                    4109 	.db #0x5a	; 90	'Z'
    00000FCB 00                    4110 	.db #0x00	; 0
    00000FCC 00                    4111 	.db #0x00	; 0
    00000FCD 0E                    4112 	.db #0x0e	; 14
    00000FCE D0                    4113 	.db #0xd0	; 208
    00000FCF 00                    4114 	.db #0x00	; 0
    00000FD0 5A                    4115 	.db #0x5a	; 90	'Z'
    00000FD1 00                    4116 	.db #0x00	; 0
    00000FD2 00                    4117 	.db #0x00	; 0
    00000FD3 5A                    4118 	.db #0x5a	; 90	'Z'
    00000FD4 00                    4119 	.db #0x00	; 0
    00000FD5 00                    4120 	.db #0x00	; 0
    00000FD6 5A                    4121 	.db #0x5a	; 90	'Z'
    00000FD7 00                    4122 	.db #0x00	; 0
    00000FD8 00                    4123 	.db #0x00	; 0
    00000FD9 5A                    4124 	.db #0x5a	; 90	'Z'
    00000FDA 00                    4125 	.db #0x00	; 0
    00000FDB 00                    4126 	.db #0x00	; 0
    00000FDC 5A                    4127 	.db #0x5a	; 90	'Z'
    00000FDD 00                    4128 	.db #0x00	; 0
    00000FDE 00                    4129 	.db #0x00	; 0
    00000FDF 5A                    4130 	.db #0x5a	; 90	'Z'
    00000FE0 00                    4131 	.db #0x00	; 0
    00000FE1 00                    4132 	.db #0x00	; 0
    00000FE2 5A                    4133 	.db #0x5a	; 90	'Z'
    00000FE3 00                    4134 	.db #0x00	; 0
    00000FE4 00                    4135 	.db #0x00	; 0
    00000FE5 5A                    4136 	.db #0x5a	; 90	'Z'
    00000FE6 00                    4137 	.db #0x00	; 0
    00000FE7 00                    4138 	.db #0x00	; 0
    00000FE8 5A                    4139 	.db #0x5a	; 90	'Z'
    00000FE9 00                    4140 	.db #0x00	; 0
    00000FEA 00                    4141 	.db #0x00	; 0
    00000FEB 5A                    4142 	.db #0x5a	; 90	'Z'
    00000FEC 0E                    4143 	.db #0x0e	; 14
    00000FED 00                    4144 	.db #0x00	; 0
    00000FEE 5A                    4145 	.db #0x5a	; 90	'Z'
    00000FEF 00                    4146 	.db #0x00	; 0
    00000FF0 00                    4147 	.db #0x00	; 0
    00000FF1 5A                    4148 	.db #0x5a	; 90	'Z'
    00000FF2 00                    4149 	.db #0x00	; 0
    00000FF3 00                    4150 	.db #0x00	; 0
    00000FF4 5A                    4151 	.db #0x5a	; 90	'Z'
    00000FF5 00                    4152 	.db #0x00	; 0
    00000FF6 00                    4153 	.db #0x00	; 0
    00000FF7 5A                    4154 	.db #0x5a	; 90	'Z'
    00000FF8 00                    4155 	.db #0x00	; 0
    00000FF9 00                    4156 	.db #0x00	; 0
    00000FFA 5A                    4157 	.db #0x5a	; 90	'Z'
    00000FFB 00                    4158 	.db #0x00	; 0
    00000FFC 00                    4159 	.db #0x00	; 0
    00000FFD 5A                    4160 	.db #0x5a	; 90	'Z'
    00000FFE 00                    4161 	.db #0x00	; 0
    00000FFF 00                    4162 	.db #0x00	; 0
    00001000 5A                    4163 	.db #0x5a	; 90	'Z'
    00001001 00                    4164 	.db #0x00	; 0
    00001002 00                    4165 	.db #0x00	; 0
    00001003 5A                    4166 	.db #0x5a	; 90	'Z'
    00001004 00                    4167 	.db #0x00	; 0
    00001005 00                    4168 	.db #0x00	; 0
    00001006 5A                    4169 	.db #0x5a	; 90	'Z'
    00001007 00                    4170 	.db #0x00	; 0
    00001008 00                    4171 	.db #0x00	; 0
    00001009 15                    4172 	.db #0x15	; 21
    0000100A D0                    4173 	.db #0xd0	; 208
    0000100B 00                    4174 	.db #0x00	; 0
    0000100C 5A                    4175 	.db #0x5a	; 90	'Z'
    0000100D 00                    4176 	.db #0x00	; 0
    0000100E 00                    4177 	.db #0x00	; 0
    0000100F 5A                    4178 	.db #0x5a	; 90	'Z'
    00001010 00                    4179 	.db #0x00	; 0
    00001011 00                    4180 	.db #0x00	; 0
    00001012 5A                    4181 	.db #0x5a	; 90	'Z'
    00001013 00                    4182 	.db #0x00	; 0
    00001014 00                    4183 	.db #0x00	; 0
    00001015 5A                    4184 	.db #0x5a	; 90	'Z'
    00001016 00                    4185 	.db #0x00	; 0
    00001017 00                    4186 	.db #0x00	; 0
    00001018 5A                    4187 	.db #0x5a	; 90	'Z'
    00001019 00                    4188 	.db #0x00	; 0
    0000101A 00                    4189 	.db #0x00	; 0
    0000101B 5A                    4190 	.db #0x5a	; 90	'Z'
    0000101C 0E                    4191 	.db #0x0e	; 14
    0000101D 00                    4192 	.db #0x00	; 0
    0000101E 5A                    4193 	.db #0x5a	; 90	'Z'
    0000101F 00                    4194 	.db #0x00	; 0
    00001020 00                    4195 	.db #0x00	; 0
    00001021 18                    4196 	.db #0x18	; 24
    00001022 A2                    4197 	.db #0xa2	; 162
    00001023 60                    4198 	.db #0x60	; 96
    00001024 5A                    4199 	.db #0x5a	; 90	'Z'
    00001025 0E                    4200 	.db #0x0e	; 14
    00001026 00                    4201 	.db #0x00	; 0
    00001027 10                    4202 	.db #0x10	; 16
    00001028 D0                    4203 	.db #0xd0	; 208
    00001029 00                    4204 	.db #0x00	; 0
    0000102A 5A                    4205 	.db #0x5a	; 90	'Z'
    0000102B 00                    4206 	.db #0x00	; 0
    0000102C 00                    4207 	.db #0x00	; 0
    0000102D 10                    4208 	.db #0x10	; 16
    0000102E D0                    4209 	.db #0xd0	; 208
    0000102F 00                    4210 	.db #0x00	; 0
    00001030 5A                    4211 	.db #0x5a	; 90	'Z'
    00001031 00                    4212 	.db #0x00	; 0
    00001032 00                    4213 	.db #0x00	; 0
    00001033 5A                    4214 	.db #0x5a	; 90	'Z'
    00001034 00                    4215 	.db #0x00	; 0
    00001035 00                    4216 	.db #0x00	; 0
    00001036 5A                    4217 	.db #0x5a	; 90	'Z'
    00001037 00                    4218 	.db #0x00	; 0
    00001038 00                    4219 	.db #0x00	; 0
    00001039 5A                    4220 	.db #0x5a	; 90	'Z'
    0000103A 00                    4221 	.db #0x00	; 0
    0000103B 00                    4222 	.db #0x00	; 0
    0000103C 5A                    4223 	.db #0x5a	; 90	'Z'
    0000103D 00                    4224 	.db #0x00	; 0
    0000103E 00                    4225 	.db #0x00	; 0
    0000103F 5A                    4226 	.db #0x5a	; 90	'Z'
    00001040 00                    4227 	.db #0x00	; 0
    00001041 00                    4228 	.db #0x00	; 0
    00001042 5A                    4229 	.db #0x5a	; 90	'Z'
    00001043 00                    4230 	.db #0x00	; 0
    00001044 00                    4231 	.db #0x00	; 0
    00001045 5A                    4232 	.db #0x5a	; 90	'Z'
    00001046 00                    4233 	.db #0x00	; 0
    00001047 00                    4234 	.db #0x00	; 0
    00001048 5A                    4235 	.db #0x5a	; 90	'Z'
    00001049 00                    4236 	.db #0x00	; 0
    0000104A 00                    4237 	.db #0x00	; 0
    0000104B 5A                    4238 	.db #0x5a	; 90	'Z'
    0000104C 0E                    4239 	.db #0x0e	; 14
    0000104D 00                    4240 	.db #0x00	; 0
    0000104E 5A                    4241 	.db #0x5a	; 90	'Z'
    0000104F 00                    4242 	.db #0x00	; 0
    00001050 00                    4243 	.db #0x00	; 0
    00001051 13                    4244 	.db #0x13	; 19
    00001052 D0                    4245 	.db #0xd0	; 208
    00001053 00                    4246 	.db #0x00	; 0
    00001054 5A                    4247 	.db #0x5a	; 90	'Z'
    00001055 00                    4248 	.db #0x00	; 0
    00001056 00                    4249 	.db #0x00	; 0
    00001057 5A                    4250 	.db #0x5a	; 90	'Z'
    00001058 00                    4251 	.db #0x00	; 0
    00001059 00                    4252 	.db #0x00	; 0
    0000105A 5A                    4253 	.db #0x5a	; 90	'Z'
    0000105B 00                    4254 	.db #0x00	; 0
    0000105C 00                    4255 	.db #0x00	; 0
    0000105D 5A                    4256 	.db #0x5a	; 90	'Z'
    0000105E 00                    4257 	.db #0x00	; 0
    0000105F 00                    4258 	.db #0x00	; 0
    00001060 5A                    4259 	.db #0x5a	; 90	'Z'
    00001061 00                    4260 	.db #0x00	; 0
    00001062 00                    4261 	.db #0x00	; 0
    00001063 5A                    4262 	.db #0x5a	; 90	'Z'
    00001064 00                    4263 	.db #0x00	; 0
    00001065 00                    4264 	.db #0x00	; 0
    00001066 5A                    4265 	.db #0x5a	; 90	'Z'
    00001067 00                    4266 	.db #0x00	; 0
    00001068 00                    4267 	.db #0x00	; 0
    00001069 19                    4268 	.db #0x19	; 25
    0000106A D0                    4269 	.db #0xd0	; 208
    0000106B 00                    4270 	.db #0x00	; 0
    0000106C 5A                    4271 	.db #0x5a	; 90	'Z'
    0000106D 00                    4272 	.db #0x00	; 0
    0000106E 00                    4273 	.db #0x00	; 0
    0000106F 5A                    4274 	.db #0x5a	; 90	'Z'
    00001070 00                    4275 	.db #0x00	; 0
    00001071 00                    4276 	.db #0x00	; 0
    00001072 5A                    4277 	.db #0x5a	; 90	'Z'
    00001073 00                    4278 	.db #0x00	; 0
    00001074 00                    4279 	.db #0x00	; 0
    00001075 11                    4280 	.db #0x11	; 17
    00001076 D0                    4281 	.db #0xd0	; 208
    00001077 00                    4282 	.db #0x00	; 0
    00001078 5A                    4283 	.db #0x5a	; 90	'Z'
    00001079 00                    4284 	.db #0x00	; 0
    0000107A 00                    4285 	.db #0x00	; 0
    0000107B 5A                    4286 	.db #0x5a	; 90	'Z'
    0000107C 0E                    4287 	.db #0x0e	; 14
    0000107D 00                    4288 	.db #0x00	; 0
    0000107E 5A                    4289 	.db #0x5a	; 90	'Z'
    0000107F 00                    4290 	.db #0x00	; 0
    00001080 00                    4291 	.db #0x00	; 0
    00001081                       4292 _P31:
    00001081 1E                    4293 	.db #0x1e	; 30
    00001082 40                    4294 	.db #0x40	; 64
    00001083 00                    4295 	.db #0x00	; 0
    00001084 5A                    4296 	.db #0x5a	; 90	'Z'
    00001085 00                    4297 	.db #0x00	; 0
    00001086 00                    4298 	.db #0x00	; 0
    00001087 5A                    4299 	.db #0x5a	; 90	'Z'
    00001088 0E                    4300 	.db #0x0e	; 14
    00001089 00                    4301 	.db #0x00	; 0
    0000108A 5A                    4302 	.db #0x5a	; 90	'Z'
    0000108B 00                    4303 	.db #0x00	; 0
    0000108C 00                    4304 	.db #0x00	; 0
    0000108D 5A                    4305 	.db #0x5a	; 90	'Z'
    0000108E 00                    4306 	.db #0x00	; 0
    0000108F 00                    4307 	.db #0x00	; 0
    00001090 5A                    4308 	.db #0x5a	; 90	'Z'
    00001091 00                    4309 	.db #0x00	; 0
    00001092 00                    4310 	.db #0x00	; 0
    00001093 5A                    4311 	.db #0x5a	; 90	'Z'
    00001094 00                    4312 	.db #0x00	; 0
    00001095 00                    4313 	.db #0x00	; 0
    00001096 5A                    4314 	.db #0x5a	; 90	'Z'
    00001097 00                    4315 	.db #0x00	; 0
    00001098 00                    4316 	.db #0x00	; 0
    00001099 5A                    4317 	.db #0x5a	; 90	'Z'
    0000109A 00                    4318 	.db #0x00	; 0
    0000109B 00                    4319 	.db #0x00	; 0
    0000109C 5A                    4320 	.db #0x5a	; 90	'Z'
    0000109D 00                    4321 	.db #0x00	; 0
    0000109E 00                    4322 	.db #0x00	; 0
    0000109F 5A                    4323 	.db #0x5a	; 90	'Z'
    000010A0 00                    4324 	.db #0x00	; 0
    000010A1 00                    4325 	.db #0x00	; 0
    000010A2 5A                    4326 	.db #0x5a	; 90	'Z'
    000010A3 00                    4327 	.db #0x00	; 0
    000010A4 00                    4328 	.db #0x00	; 0
    000010A5 5A                    4329 	.db #0x5a	; 90	'Z'
    000010A6 00                    4330 	.db #0x00	; 0
    000010A7 00                    4331 	.db #0x00	; 0
    000010A8 5A                    4332 	.db #0x5a	; 90	'Z'
    000010A9 00                    4333 	.db #0x00	; 0
    000010AA 00                    4334 	.db #0x00	; 0
    000010AB 5A                    4335 	.db #0x5a	; 90	'Z'
    000010AC 00                    4336 	.db #0x00	; 0
    000010AD 00                    4337 	.db #0x00	; 0
    000010AE 5A                    4338 	.db #0x5a	; 90	'Z'
    000010AF 00                    4339 	.db #0x00	; 0
    000010B0 00                    4340 	.db #0x00	; 0
    000010B1 18                    4341 	.db #0x18	; 24
    000010B2 70                    4342 	.db #0x70	; 112	'p'
    000010B3 00                    4343 	.db #0x00	; 0
    000010B4 5A                    4344 	.db #0x5a	; 90	'Z'
    000010B5 00                    4345 	.db #0x00	; 0
    000010B6 00                    4346 	.db #0x00	; 0
    000010B7 5A                    4347 	.db #0x5a	; 90	'Z'
    000010B8 0E                    4348 	.db #0x0e	; 14
    000010B9 00                    4349 	.db #0x00	; 0
    000010BA 5A                    4350 	.db #0x5a	; 90	'Z'
    000010BB 00                    4351 	.db #0x00	; 0
    000010BC 00                    4352 	.db #0x00	; 0
    000010BD 5A                    4353 	.db #0x5a	; 90	'Z'
    000010BE 00                    4354 	.db #0x00	; 0
    000010BF 00                    4355 	.db #0x00	; 0
    000010C0 5A                    4356 	.db #0x5a	; 90	'Z'
    000010C1 00                    4357 	.db #0x00	; 0
    000010C2 00                    4358 	.db #0x00	; 0
    000010C3 5A                    4359 	.db #0x5a	; 90	'Z'
    000010C4 00                    4360 	.db #0x00	; 0
    000010C5 00                    4361 	.db #0x00	; 0
    000010C6 5A                    4362 	.db #0x5a	; 90	'Z'
    000010C7 00                    4363 	.db #0x00	; 0
    000010C8 00                    4364 	.db #0x00	; 0
    000010C9 5A                    4365 	.db #0x5a	; 90	'Z'
    000010CA 00                    4366 	.db #0x00	; 0
    000010CB 00                    4367 	.db #0x00	; 0
    000010CC 5A                    4368 	.db #0x5a	; 90	'Z'
    000010CD 00                    4369 	.db #0x00	; 0
    000010CE 00                    4370 	.db #0x00	; 0
    000010CF 5A                    4371 	.db #0x5a	; 90	'Z'
    000010D0 00                    4372 	.db #0x00	; 0
    000010D1 00                    4373 	.db #0x00	; 0
    000010D2 5A                    4374 	.db #0x5a	; 90	'Z'
    000010D3 00                    4375 	.db #0x00	; 0
    000010D4 00                    4376 	.db #0x00	; 0
    000010D5 5A                    4377 	.db #0x5a	; 90	'Z'
    000010D6 00                    4378 	.db #0x00	; 0
    000010D7 00                    4379 	.db #0x00	; 0
    000010D8 5A                    4380 	.db #0x5a	; 90	'Z'
    000010D9 00                    4381 	.db #0x00	; 0
    000010DA 00                    4382 	.db #0x00	; 0
    000010DB 5A                    4383 	.db #0x5a	; 90	'Z'
    000010DC 00                    4384 	.db #0x00	; 0
    000010DD 00                    4385 	.db #0x00	; 0
    000010DE 5A                    4386 	.db #0x5a	; 90	'Z'
    000010DF 00                    4387 	.db #0x00	; 0
    000010E0 00                    4388 	.db #0x00	; 0
    000010E1 1E                    4389 	.db #0x1e	; 30
    000010E2 40                    4390 	.db #0x40	; 64
    000010E3 00                    4391 	.db #0x00	; 0
    000010E4 5A                    4392 	.db #0x5a	; 90	'Z'
    000010E5 00                    4393 	.db #0x00	; 0
    000010E6 00                    4394 	.db #0x00	; 0
    000010E7 5A                    4395 	.db #0x5a	; 90	'Z'
    000010E8 0E                    4396 	.db #0x0e	; 14
    000010E9 00                    4397 	.db #0x00	; 0
    000010EA 5A                    4398 	.db #0x5a	; 90	'Z'
    000010EB 00                    4399 	.db #0x00	; 0
    000010EC 00                    4400 	.db #0x00	; 0
    000010ED 5A                    4401 	.db #0x5a	; 90	'Z'
    000010EE 00                    4402 	.db #0x00	; 0
    000010EF 00                    4403 	.db #0x00	; 0
    000010F0 5A                    4404 	.db #0x5a	; 90	'Z'
    000010F1 00                    4405 	.db #0x00	; 0
    000010F2 00                    4406 	.db #0x00	; 0
    000010F3 5A                    4407 	.db #0x5a	; 90	'Z'
    000010F4 00                    4408 	.db #0x00	; 0
    000010F5 00                    4409 	.db #0x00	; 0
    000010F6 5A                    4410 	.db #0x5a	; 90	'Z'
    000010F7 00                    4411 	.db #0x00	; 0
    000010F8 00                    4412 	.db #0x00	; 0
    000010F9 5A                    4413 	.db #0x5a	; 90	'Z'
    000010FA 00                    4414 	.db #0x00	; 0
    000010FB 00                    4415 	.db #0x00	; 0
    000010FC 5A                    4416 	.db #0x5a	; 90	'Z'
    000010FD 00                    4417 	.db #0x00	; 0
    000010FE 00                    4418 	.db #0x00	; 0
    000010FF 5A                    4419 	.db #0x5a	; 90	'Z'
    00001100 00                    4420 	.db #0x00	; 0
    00001101 00                    4421 	.db #0x00	; 0
    00001102 5A                    4422 	.db #0x5a	; 90	'Z'
    00001103 00                    4423 	.db #0x00	; 0
    00001104 00                    4424 	.db #0x00	; 0
    00001105 5A                    4425 	.db #0x5a	; 90	'Z'
    00001106 00                    4426 	.db #0x00	; 0
    00001107 00                    4427 	.db #0x00	; 0
    00001108 5A                    4428 	.db #0x5a	; 90	'Z'
    00001109 00                    4429 	.db #0x00	; 0
    0000110A 00                    4430 	.db #0x00	; 0
    0000110B 5A                    4431 	.db #0x5a	; 90	'Z'
    0000110C 00                    4432 	.db #0x00	; 0
    0000110D 00                    4433 	.db #0x00	; 0
    0000110E 5A                    4434 	.db #0x5a	; 90	'Z'
    0000110F 00                    4435 	.db #0x00	; 0
    00001110 00                    4436 	.db #0x00	; 0
    00001111 18                    4437 	.db #0x18	; 24
    00001112 70                    4438 	.db #0x70	; 112	'p'
    00001113 00                    4439 	.db #0x00	; 0
    00001114 5A                    4440 	.db #0x5a	; 90	'Z'
    00001115 00                    4441 	.db #0x00	; 0
    00001116 00                    4442 	.db #0x00	; 0
    00001117 5A                    4443 	.db #0x5a	; 90	'Z'
    00001118 0E                    4444 	.db #0x0e	; 14
    00001119 00                    4445 	.db #0x00	; 0
    0000111A 5A                    4446 	.db #0x5a	; 90	'Z'
    0000111B 00                    4447 	.db #0x00	; 0
    0000111C 00                    4448 	.db #0x00	; 0
    0000111D 5A                    4449 	.db #0x5a	; 90	'Z'
    0000111E 00                    4450 	.db #0x00	; 0
    0000111F 00                    4451 	.db #0x00	; 0
    00001120 5A                    4452 	.db #0x5a	; 90	'Z'
    00001121 00                    4453 	.db #0x00	; 0
    00001122 00                    4454 	.db #0x00	; 0
    00001123 5A                    4455 	.db #0x5a	; 90	'Z'
    00001124 00                    4456 	.db #0x00	; 0
    00001125 00                    4457 	.db #0x00	; 0
    00001126 5A                    4458 	.db #0x5a	; 90	'Z'
    00001127 00                    4459 	.db #0x00	; 0
    00001128 00                    4460 	.db #0x00	; 0
    00001129 5A                    4461 	.db #0x5a	; 90	'Z'
    0000112A 00                    4462 	.db #0x00	; 0
    0000112B 00                    4463 	.db #0x00	; 0
    0000112C 5A                    4464 	.db #0x5a	; 90	'Z'
    0000112D 00                    4465 	.db #0x00	; 0
    0000112E 00                    4466 	.db #0x00	; 0
    0000112F 5A                    4467 	.db #0x5a	; 90	'Z'
    00001130 00                    4468 	.db #0x00	; 0
    00001131 00                    4469 	.db #0x00	; 0
    00001132 5A                    4470 	.db #0x5a	; 90	'Z'
    00001133 00                    4471 	.db #0x00	; 0
    00001134 00                    4472 	.db #0x00	; 0
    00001135 5A                    4473 	.db #0x5a	; 90	'Z'
    00001136 00                    4474 	.db #0x00	; 0
    00001137 00                    4475 	.db #0x00	; 0
    00001138 5A                    4476 	.db #0x5a	; 90	'Z'
    00001139 00                    4477 	.db #0x00	; 0
    0000113A 00                    4478 	.db #0x00	; 0
    0000113B 5A                    4479 	.db #0x5a	; 90	'Z'
    0000113C 00                    4480 	.db #0x00	; 0
    0000113D 00                    4481 	.db #0x00	; 0
    0000113E 5A                    4482 	.db #0x5a	; 90	'Z'
    0000113F 00                    4483 	.db #0x00	; 0
    00001140 00                    4484 	.db #0x00	; 0
    00001141                       4485 _P34:
    00001141 18                    4486 	.db #0x18	; 24
    00001142 A2                    4487 	.db #0xa2	; 162
    00001143 60                    4488 	.db #0x60	; 96
    00001144 5A                    4489 	.db #0x5a	; 90	'Z'
    00001145 0E                    4490 	.db #0x0e	; 14
    00001146 01                    4491 	.db #0x01	; 1
    00001147 5A                    4492 	.db #0x5a	; 90	'Z'
    00001148 00                    4493 	.db #0x00	; 0
    00001149 00                    4494 	.db #0x00	; 0
    0000114A 5A                    4495 	.db #0x5a	; 90	'Z'
    0000114B 00                    4496 	.db #0x00	; 0
    0000114C 00                    4497 	.db #0x00	; 0
    0000114D 5A                    4498 	.db #0x5a	; 90	'Z'
    0000114E 00                    4499 	.db #0x00	; 0
    0000114F 00                    4500 	.db #0x00	; 0
    00001150 5A                    4501 	.db #0x5a	; 90	'Z'
    00001151 00                    4502 	.db #0x00	; 0
    00001152 00                    4503 	.db #0x00	; 0
    00001153 5A                    4504 	.db #0x5a	; 90	'Z'
    00001154 00                    4505 	.db #0x00	; 0
    00001155 00                    4506 	.db #0x00	; 0
    00001156 5A                    4507 	.db #0x5a	; 90	'Z'
    00001157 00                    4508 	.db #0x00	; 0
    00001158 00                    4509 	.db #0x00	; 0
    00001159 5A                    4510 	.db #0x5a	; 90	'Z'
    0000115A 00                    4511 	.db #0x00	; 0
    0000115B 00                    4512 	.db #0x00	; 0
    0000115C 5A                    4513 	.db #0x5a	; 90	'Z'
    0000115D 00                    4514 	.db #0x00	; 0
    0000115E 00                    4515 	.db #0x00	; 0
    0000115F 5A                    4516 	.db #0x5a	; 90	'Z'
    00001160 00                    4517 	.db #0x00	; 0
    00001161 00                    4518 	.db #0x00	; 0
    00001162 5A                    4519 	.db #0x5a	; 90	'Z'
    00001163 00                    4520 	.db #0x00	; 0
    00001164 00                    4521 	.db #0x00	; 0
    00001165 5A                    4522 	.db #0x5a	; 90	'Z'
    00001166 00                    4523 	.db #0x00	; 0
    00001167 00                    4524 	.db #0x00	; 0
    00001168 5A                    4525 	.db #0x5a	; 90	'Z'
    00001169 00                    4526 	.db #0x00	; 0
    0000116A 00                    4527 	.db #0x00	; 0
    0000116B 5A                    4528 	.db #0x5a	; 90	'Z'
    0000116C 00                    4529 	.db #0x00	; 0
    0000116D 00                    4530 	.db #0x00	; 0
    0000116E 5A                    4531 	.db #0x5a	; 90	'Z'
    0000116F 00                    4532 	.db #0x00	; 0
    00001170 00                    4533 	.db #0x00	; 0
    00001171 5A                    4534 	.db #0x5a	; 90	'Z'
    00001172 00                    4535 	.db #0x00	; 0
    00001173 00                    4536 	.db #0x00	; 0
    00001174 5A                    4537 	.db #0x5a	; 90	'Z'
    00001175 00                    4538 	.db #0x00	; 0
    00001176 00                    4539 	.db #0x00	; 0
    00001177 5A                    4540 	.db #0x5a	; 90	'Z'
    00001178 00                    4541 	.db #0x00	; 0
    00001179 00                    4542 	.db #0x00	; 0
    0000117A 5A                    4543 	.db #0x5a	; 90	'Z'
    0000117B 00                    4544 	.db #0x00	; 0
    0000117C 00                    4545 	.db #0x00	; 0
    0000117D 5A                    4546 	.db #0x5a	; 90	'Z'
    0000117E 00                    4547 	.db #0x00	; 0
    0000117F 00                    4548 	.db #0x00	; 0
    00001180 5A                    4549 	.db #0x5a	; 90	'Z'
    00001181 00                    4550 	.db #0x00	; 0
    00001182 00                    4551 	.db #0x00	; 0
    00001183 5A                    4552 	.db #0x5a	; 90	'Z'
    00001184 00                    4553 	.db #0x00	; 0
    00001185 00                    4554 	.db #0x00	; 0
    00001186 5A                    4555 	.db #0x5a	; 90	'Z'
    00001187 00                    4556 	.db #0x00	; 0
    00001188 00                    4557 	.db #0x00	; 0
    00001189 5A                    4558 	.db #0x5a	; 90	'Z'
    0000118A 00                    4559 	.db #0x00	; 0
    0000118B 00                    4560 	.db #0x00	; 0
    0000118C 5A                    4561 	.db #0x5a	; 90	'Z'
    0000118D 00                    4562 	.db #0x00	; 0
    0000118E 00                    4563 	.db #0x00	; 0
    0000118F 5A                    4564 	.db #0x5a	; 90	'Z'
    00001190 00                    4565 	.db #0x00	; 0
    00001191 00                    4566 	.db #0x00	; 0
    00001192 5A                    4567 	.db #0x5a	; 90	'Z'
    00001193 00                    4568 	.db #0x00	; 0
    00001194 00                    4569 	.db #0x00	; 0
    00001195 5A                    4570 	.db #0x5a	; 90	'Z'
    00001196 00                    4571 	.db #0x00	; 0
    00001197 00                    4572 	.db #0x00	; 0
    00001198 5A                    4573 	.db #0x5a	; 90	'Z'
    00001199 00                    4574 	.db #0x00	; 0
    0000119A 00                    4575 	.db #0x00	; 0
    0000119B 5A                    4576 	.db #0x5a	; 90	'Z'
    0000119C 00                    4577 	.db #0x00	; 0
    0000119D 00                    4578 	.db #0x00	; 0
    0000119E 5A                    4579 	.db #0x5a	; 90	'Z'
    0000119F 00                    4580 	.db #0x00	; 0
    000011A0 00                    4581 	.db #0x00	; 0
    000011A1 5A                    4582 	.db #0x5a	; 90	'Z'
    000011A2 00                    4583 	.db #0x00	; 0
    000011A3 00                    4584 	.db #0x00	; 0
    000011A4 5A                    4585 	.db #0x5a	; 90	'Z'
    000011A5 00                    4586 	.db #0x00	; 0
    000011A6 00                    4587 	.db #0x00	; 0
    000011A7 5A                    4588 	.db #0x5a	; 90	'Z'
    000011A8 00                    4589 	.db #0x00	; 0
    000011A9 00                    4590 	.db #0x00	; 0
    000011AA 5A                    4591 	.db #0x5a	; 90	'Z'
    000011AB 00                    4592 	.db #0x00	; 0
    000011AC 00                    4593 	.db #0x00	; 0
    000011AD 5A                    4594 	.db #0x5a	; 90	'Z'
    000011AE 00                    4595 	.db #0x00	; 0
    000011AF 00                    4596 	.db #0x00	; 0
    000011B0 5A                    4597 	.db #0x5a	; 90	'Z'
    000011B1 00                    4598 	.db #0x00	; 0
    000011B2 00                    4599 	.db #0x00	; 0
    000011B3 5A                    4600 	.db #0x5a	; 90	'Z'
    000011B4 00                    4601 	.db #0x00	; 0
    000011B5 00                    4602 	.db #0x00	; 0
    000011B6 5A                    4603 	.db #0x5a	; 90	'Z'
    000011B7 00                    4604 	.db #0x00	; 0
    000011B8 00                    4605 	.db #0x00	; 0
    000011B9 5A                    4606 	.db #0x5a	; 90	'Z'
    000011BA 00                    4607 	.db #0x00	; 0
    000011BB 00                    4608 	.db #0x00	; 0
    000011BC 5A                    4609 	.db #0x5a	; 90	'Z'
    000011BD 00                    4610 	.db #0x00	; 0
    000011BE 00                    4611 	.db #0x00	; 0
    000011BF 5A                    4612 	.db #0x5a	; 90	'Z'
    000011C0 00                    4613 	.db #0x00	; 0
    000011C1 00                    4614 	.db #0x00	; 0
    000011C2 5A                    4615 	.db #0x5a	; 90	'Z'
    000011C3 00                    4616 	.db #0x00	; 0
    000011C4 00                    4617 	.db #0x00	; 0
    000011C5 5A                    4618 	.db #0x5a	; 90	'Z'
    000011C6 00                    4619 	.db #0x00	; 0
    000011C7 00                    4620 	.db #0x00	; 0
    000011C8 5A                    4621 	.db #0x5a	; 90	'Z'
    000011C9 00                    4622 	.db #0x00	; 0
    000011CA 00                    4623 	.db #0x00	; 0
    000011CB 5A                    4624 	.db #0x5a	; 90	'Z'
    000011CC 00                    4625 	.db #0x00	; 0
    000011CD 00                    4626 	.db #0x00	; 0
    000011CE 5A                    4627 	.db #0x5a	; 90	'Z'
    000011CF 00                    4628 	.db #0x00	; 0
    000011D0 00                    4629 	.db #0x00	; 0
    000011D1 5A                    4630 	.db #0x5a	; 90	'Z'
    000011D2 00                    4631 	.db #0x00	; 0
    000011D3 00                    4632 	.db #0x00	; 0
    000011D4 5A                    4633 	.db #0x5a	; 90	'Z'
    000011D5 00                    4634 	.db #0x00	; 0
    000011D6 00                    4635 	.db #0x00	; 0
    000011D7 5A                    4636 	.db #0x5a	; 90	'Z'
    000011D8 00                    4637 	.db #0x00	; 0
    000011D9 00                    4638 	.db #0x00	; 0
    000011DA 5A                    4639 	.db #0x5a	; 90	'Z'
    000011DB 00                    4640 	.db #0x00	; 0
    000011DC 00                    4641 	.db #0x00	; 0
    000011DD 5A                    4642 	.db #0x5a	; 90	'Z'
    000011DE 00                    4643 	.db #0x00	; 0
    000011DF 00                    4644 	.db #0x00	; 0
    000011E0 5A                    4645 	.db #0x5a	; 90	'Z'
    000011E1 00                    4646 	.db #0x00	; 0
    000011E2 00                    4647 	.db #0x00	; 0
    000011E3 5A                    4648 	.db #0x5a	; 90	'Z'
    000011E4 00                    4649 	.db #0x00	; 0
    000011E5 00                    4650 	.db #0x00	; 0
    000011E6 5A                    4651 	.db #0x5a	; 90	'Z'
    000011E7 00                    4652 	.db #0x00	; 0
    000011E8 00                    4653 	.db #0x00	; 0
    000011E9 5A                    4654 	.db #0x5a	; 90	'Z'
    000011EA 00                    4655 	.db #0x00	; 0
    000011EB 00                    4656 	.db #0x00	; 0
    000011EC 5A                    4657 	.db #0x5a	; 90	'Z'
    000011ED 00                    4658 	.db #0x00	; 0
    000011EE 00                    4659 	.db #0x00	; 0
    000011EF 5A                    4660 	.db #0x5a	; 90	'Z'
    000011F0 00                    4661 	.db #0x00	; 0
    000011F1 00                    4662 	.db #0x00	; 0
    000011F2 5A                    4663 	.db #0x5a	; 90	'Z'
    000011F3 00                    4664 	.db #0x00	; 0
    000011F4 00                    4665 	.db #0x00	; 0
    000011F5 5A                    4666 	.db #0x5a	; 90	'Z'
    000011F6 00                    4667 	.db #0x00	; 0
    000011F7 00                    4668 	.db #0x00	; 0
    000011F8 5A                    4669 	.db #0x5a	; 90	'Z'
    000011F9 00                    4670 	.db #0x00	; 0
    000011FA 00                    4671 	.db #0x00	; 0
    000011FB 5A                    4672 	.db #0x5a	; 90	'Z'
    000011FC 00                    4673 	.db #0x00	; 0
    000011FD 00                    4674 	.db #0x00	; 0
    000011FE 5A                    4675 	.db #0x5a	; 90	'Z'
    000011FF 00                    4676 	.db #0x00	; 0
    00001200 00                    4677 	.db #0x00	; 0
    00001201                       4678 _P35:
    00001201 1E                    4679 	.db #0x1e	; 30
    00001202 40                    4680 	.db #0x40	; 64
    00001203 00                    4681 	.db #0x00	; 0
    00001204 5A                    4682 	.db #0x5a	; 90	'Z'
    00001205 00                    4683 	.db #0x00	; 0
    00001206 00                    4684 	.db #0x00	; 0
    00001207 5A                    4685 	.db #0x5a	; 90	'Z'
    00001208 0E                    4686 	.db #0x0e	; 14
    00001209 00                    4687 	.db #0x00	; 0
    0000120A 5A                    4688 	.db #0x5a	; 90	'Z'
    0000120B 00                    4689 	.db #0x00	; 0
    0000120C 00                    4690 	.db #0x00	; 0
    0000120D 5A                    4691 	.db #0x5a	; 90	'Z'
    0000120E 00                    4692 	.db #0x00	; 0
    0000120F 00                    4693 	.db #0x00	; 0
    00001210 5A                    4694 	.db #0x5a	; 90	'Z'
    00001211 00                    4695 	.db #0x00	; 0
    00001212 00                    4696 	.db #0x00	; 0
    00001213 5A                    4697 	.db #0x5a	; 90	'Z'
    00001214 00                    4698 	.db #0x00	; 0
    00001215 00                    4699 	.db #0x00	; 0
    00001216 5A                    4700 	.db #0x5a	; 90	'Z'
    00001217 00                    4701 	.db #0x00	; 0
    00001218 00                    4702 	.db #0x00	; 0
    00001219 5A                    4703 	.db #0x5a	; 90	'Z'
    0000121A 00                    4704 	.db #0x00	; 0
    0000121B 00                    4705 	.db #0x00	; 0
    0000121C 5A                    4706 	.db #0x5a	; 90	'Z'
    0000121D 00                    4707 	.db #0x00	; 0
    0000121E 00                    4708 	.db #0x00	; 0
    0000121F 5A                    4709 	.db #0x5a	; 90	'Z'
    00001220 00                    4710 	.db #0x00	; 0
    00001221 00                    4711 	.db #0x00	; 0
    00001222 5A                    4712 	.db #0x5a	; 90	'Z'
    00001223 00                    4713 	.db #0x00	; 0
    00001224 00                    4714 	.db #0x00	; 0
    00001225 5A                    4715 	.db #0x5a	; 90	'Z'
    00001226 00                    4716 	.db #0x00	; 0
    00001227 00                    4717 	.db #0x00	; 0
    00001228 5A                    4718 	.db #0x5a	; 90	'Z'
    00001229 00                    4719 	.db #0x00	; 0
    0000122A 00                    4720 	.db #0x00	; 0
    0000122B 5A                    4721 	.db #0x5a	; 90	'Z'
    0000122C 00                    4722 	.db #0x00	; 0
    0000122D 00                    4723 	.db #0x00	; 0
    0000122E 5A                    4724 	.db #0x5a	; 90	'Z'
    0000122F 00                    4725 	.db #0x00	; 0
    00001230 00                    4726 	.db #0x00	; 0
    00001231 5A                    4727 	.db #0x5a	; 90	'Z'
    00001232 00                    4728 	.db #0x00	; 0
    00001233 00                    4729 	.db #0x00	; 0
    00001234 5A                    4730 	.db #0x5a	; 90	'Z'
    00001235 00                    4731 	.db #0x00	; 0
    00001236 00                    4732 	.db #0x00	; 0
    00001237 5A                    4733 	.db #0x5a	; 90	'Z'
    00001238 00                    4734 	.db #0x00	; 0
    00001239 00                    4735 	.db #0x00	; 0
    0000123A 5A                    4736 	.db #0x5a	; 90	'Z'
    0000123B 00                    4737 	.db #0x00	; 0
    0000123C 00                    4738 	.db #0x00	; 0
    0000123D 5A                    4739 	.db #0x5a	; 90	'Z'
    0000123E 00                    4740 	.db #0x00	; 0
    0000123F 00                    4741 	.db #0x00	; 0
    00001240 5A                    4742 	.db #0x5a	; 90	'Z'
    00001241 00                    4743 	.db #0x00	; 0
    00001242 00                    4744 	.db #0x00	; 0
    00001243 5A                    4745 	.db #0x5a	; 90	'Z'
    00001244 00                    4746 	.db #0x00	; 0
    00001245 00                    4747 	.db #0x00	; 0
    00001246 5A                    4748 	.db #0x5a	; 90	'Z'
    00001247 00                    4749 	.db #0x00	; 0
    00001248 00                    4750 	.db #0x00	; 0
    00001249 5A                    4751 	.db #0x5a	; 90	'Z'
    0000124A 00                    4752 	.db #0x00	; 0
    0000124B 00                    4753 	.db #0x00	; 0
    0000124C 5A                    4754 	.db #0x5a	; 90	'Z'
    0000124D 00                    4755 	.db #0x00	; 0
    0000124E 00                    4756 	.db #0x00	; 0
    0000124F 5A                    4757 	.db #0x5a	; 90	'Z'
    00001250 00                    4758 	.db #0x00	; 0
    00001251 00                    4759 	.db #0x00	; 0
    00001252 5A                    4760 	.db #0x5a	; 90	'Z'
    00001253 00                    4761 	.db #0x00	; 0
    00001254 00                    4762 	.db #0x00	; 0
    00001255 5A                    4763 	.db #0x5a	; 90	'Z'
    00001256 00                    4764 	.db #0x00	; 0
    00001257 00                    4765 	.db #0x00	; 0
    00001258 5A                    4766 	.db #0x5a	; 90	'Z'
    00001259 00                    4767 	.db #0x00	; 0
    0000125A 00                    4768 	.db #0x00	; 0
    0000125B 5A                    4769 	.db #0x5a	; 90	'Z'
    0000125C 00                    4770 	.db #0x00	; 0
    0000125D 00                    4771 	.db #0x00	; 0
    0000125E 5A                    4772 	.db #0x5a	; 90	'Z'
    0000125F 00                    4773 	.db #0x00	; 0
    00001260 00                    4774 	.db #0x00	; 0
    00001261 5A                    4775 	.db #0x5a	; 90	'Z'
    00001262 00                    4776 	.db #0x00	; 0
    00001263 00                    4777 	.db #0x00	; 0
    00001264 5A                    4778 	.db #0x5a	; 90	'Z'
    00001265 00                    4779 	.db #0x00	; 0
    00001266 00                    4780 	.db #0x00	; 0
    00001267 5A                    4781 	.db #0x5a	; 90	'Z'
    00001268 00                    4782 	.db #0x00	; 0
    00001269 00                    4783 	.db #0x00	; 0
    0000126A 5A                    4784 	.db #0x5a	; 90	'Z'
    0000126B 00                    4785 	.db #0x00	; 0
    0000126C 00                    4786 	.db #0x00	; 0
    0000126D 5A                    4787 	.db #0x5a	; 90	'Z'
    0000126E 00                    4788 	.db #0x00	; 0
    0000126F 00                    4789 	.db #0x00	; 0
    00001270 5A                    4790 	.db #0x5a	; 90	'Z'
    00001271 00                    4791 	.db #0x00	; 0
    00001272 00                    4792 	.db #0x00	; 0
    00001273 5A                    4793 	.db #0x5a	; 90	'Z'
    00001274 00                    4794 	.db #0x00	; 0
    00001275 00                    4795 	.db #0x00	; 0
    00001276 5A                    4796 	.db #0x5a	; 90	'Z'
    00001277 00                    4797 	.db #0x00	; 0
    00001278 00                    4798 	.db #0x00	; 0
    00001279 5A                    4799 	.db #0x5a	; 90	'Z'
    0000127A 00                    4800 	.db #0x00	; 0
    0000127B 00                    4801 	.db #0x00	; 0
    0000127C 5A                    4802 	.db #0x5a	; 90	'Z'
    0000127D 00                    4803 	.db #0x00	; 0
    0000127E 00                    4804 	.db #0x00	; 0
    0000127F 5A                    4805 	.db #0x5a	; 90	'Z'
    00001280 00                    4806 	.db #0x00	; 0
    00001281 00                    4807 	.db #0x00	; 0
    00001282 5A                    4808 	.db #0x5a	; 90	'Z'
    00001283 00                    4809 	.db #0x00	; 0
    00001284 00                    4810 	.db #0x00	; 0
    00001285 5A                    4811 	.db #0x5a	; 90	'Z'
    00001286 00                    4812 	.db #0x00	; 0
    00001287 00                    4813 	.db #0x00	; 0
    00001288 5A                    4814 	.db #0x5a	; 90	'Z'
    00001289 00                    4815 	.db #0x00	; 0
    0000128A 00                    4816 	.db #0x00	; 0
    0000128B 5A                    4817 	.db #0x5a	; 90	'Z'
    0000128C 00                    4818 	.db #0x00	; 0
    0000128D 00                    4819 	.db #0x00	; 0
    0000128E 5A                    4820 	.db #0x5a	; 90	'Z'
    0000128F 00                    4821 	.db #0x00	; 0
    00001290 00                    4822 	.db #0x00	; 0
    00001291 5A                    4823 	.db #0x5a	; 90	'Z'
    00001292 00                    4824 	.db #0x00	; 0
    00001293 00                    4825 	.db #0x00	; 0
    00001294 5A                    4826 	.db #0x5a	; 90	'Z'
    00001295 00                    4827 	.db #0x00	; 0
    00001296 00                    4828 	.db #0x00	; 0
    00001297 5A                    4829 	.db #0x5a	; 90	'Z'
    00001298 00                    4830 	.db #0x00	; 0
    00001299 00                    4831 	.db #0x00	; 0
    0000129A 5A                    4832 	.db #0x5a	; 90	'Z'
    0000129B 00                    4833 	.db #0x00	; 0
    0000129C 00                    4834 	.db #0x00	; 0
    0000129D 5A                    4835 	.db #0x5a	; 90	'Z'
    0000129E 00                    4836 	.db #0x00	; 0
    0000129F 00                    4837 	.db #0x00	; 0
    000012A0 5A                    4838 	.db #0x5a	; 90	'Z'
    000012A1 00                    4839 	.db #0x00	; 0
    000012A2 00                    4840 	.db #0x00	; 0
    000012A3 5A                    4841 	.db #0x5a	; 90	'Z'
    000012A4 00                    4842 	.db #0x00	; 0
    000012A5 00                    4843 	.db #0x00	; 0
    000012A6 5A                    4844 	.db #0x5a	; 90	'Z'
    000012A7 00                    4845 	.db #0x00	; 0
    000012A8 00                    4846 	.db #0x00	; 0
    000012A9 5A                    4847 	.db #0x5a	; 90	'Z'
    000012AA 00                    4848 	.db #0x00	; 0
    000012AB 00                    4849 	.db #0x00	; 0
    000012AC 5A                    4850 	.db #0x5a	; 90	'Z'
    000012AD 00                    4851 	.db #0x00	; 0
    000012AE 00                    4852 	.db #0x00	; 0
    000012AF 5A                    4853 	.db #0x5a	; 90	'Z'
    000012B0 00                    4854 	.db #0x00	; 0
    000012B1 00                    4855 	.db #0x00	; 0
    000012B2 5A                    4856 	.db #0x5a	; 90	'Z'
    000012B3 00                    4857 	.db #0x00	; 0
    000012B4 00                    4858 	.db #0x00	; 0
    000012B5 5A                    4859 	.db #0x5a	; 90	'Z'
    000012B6 00                    4860 	.db #0x00	; 0
    000012B7 00                    4861 	.db #0x00	; 0
    000012B8 5A                    4862 	.db #0x5a	; 90	'Z'
    000012B9 00                    4863 	.db #0x00	; 0
    000012BA 00                    4864 	.db #0x00	; 0
    000012BB 5A                    4865 	.db #0x5a	; 90	'Z'
    000012BC 00                    4866 	.db #0x00	; 0
    000012BD 00                    4867 	.db #0x00	; 0
    000012BE 5A                    4868 	.db #0x5a	; 90	'Z'
    000012BF 00                    4869 	.db #0x00	; 0
    000012C0 00                    4870 	.db #0x00	; 0
    000012C1                       4871 _P36:
    000012C1 5A                    4872 	.db #0x5a	; 90	'Z'
    000012C2 0E                    4873 	.db #0x0e	; 14
    000012C3 00                    4874 	.db #0x00	; 0
    000012C4 5A                    4875 	.db #0x5a	; 90	'Z'
    000012C5 00                    4876 	.db #0x00	; 0
    000012C6 00                    4877 	.db #0x00	; 0
    000012C7 5A                    4878 	.db #0x5a	; 90	'Z'
    000012C8 00                    4879 	.db #0x00	; 0
    000012C9 00                    4880 	.db #0x00	; 0
    000012CA 5A                    4881 	.db #0x5a	; 90	'Z'
    000012CB 00                    4882 	.db #0x00	; 0
    000012CC 00                    4883 	.db #0x00	; 0
    000012CD 5A                    4884 	.db #0x5a	; 90	'Z'
    000012CE 00                    4885 	.db #0x00	; 0
    000012CF 00                    4886 	.db #0x00	; 0
    000012D0 5A                    4887 	.db #0x5a	; 90	'Z'
    000012D1 00                    4888 	.db #0x00	; 0
    000012D2 00                    4889 	.db #0x00	; 0
    000012D3 1A                    4890 	.db #0x1a	; 26
    000012D4 1C                    4891 	.db #0x1c	; 28
    000012D5 07                    4892 	.db #0x07	; 7
    000012D6 5A                    4893 	.db #0x5a	; 90	'Z'
    000012D7 0E                    4894 	.db #0x0e	; 14
    000012D8 00                    4895 	.db #0x00	; 0
    000012D9 5A                    4896 	.db #0x5a	; 90	'Z'
    000012DA 00                    4897 	.db #0x00	; 0
    000012DB 00                    4898 	.db #0x00	; 0
    000012DC 5A                    4899 	.db #0x5a	; 90	'Z'
    000012DD 00                    4900 	.db #0x00	; 0
    000012DE 00                    4901 	.db #0x00	; 0
    000012DF 1A                    4902 	.db #0x1a	; 26
    000012E0 1C                    4903 	.db #0x1c	; 28
    000012E1 07                    4904 	.db #0x07	; 7
    000012E2 5A                    4905 	.db #0x5a	; 90	'Z'
    000012E3 0E                    4906 	.db #0x0e	; 14
    000012E4 00                    4907 	.db #0x00	; 0
    000012E5 1A                    4908 	.db #0x1a	; 26
    000012E6 1C                    4909 	.db #0x1c	; 28
    000012E7 07                    4910 	.db #0x07	; 7
    000012E8 5A                    4911 	.db #0x5a	; 90	'Z'
    000012E9 0E                    4912 	.db #0x0e	; 14
    000012EA 00                    4913 	.db #0x00	; 0
    000012EB 18                    4914 	.db #0x18	; 24
    000012EC 1C                    4915 	.db #0x1c	; 28
    000012ED 07                    4916 	.db #0x07	; 7
    000012EE 5A                    4917 	.db #0x5a	; 90	'Z'
    000012EF 0E                    4918 	.db #0x0e	; 14
    000012F0 00                    4919 	.db #0x00	; 0
    000012F1 5A                    4920 	.db #0x5a	; 90	'Z'
    000012F2 00                    4921 	.db #0x00	; 0
    000012F3 00                    4922 	.db #0x00	; 0
    000012F4 5A                    4923 	.db #0x5a	; 90	'Z'
    000012F5 00                    4924 	.db #0x00	; 0
    000012F6 00                    4925 	.db #0x00	; 0
    000012F7 5A                    4926 	.db #0x5a	; 90	'Z'
    000012F8 00                    4927 	.db #0x00	; 0
    000012F9 00                    4928 	.db #0x00	; 0
    000012FA 1A                    4929 	.db #0x1a	; 26
    000012FB 1C                    4930 	.db #0x1c	; 28
    000012FC 03                    4931 	.db #0x03	; 3
    000012FD 5A                    4932 	.db #0x5a	; 90	'Z'
    000012FE 0E                    4933 	.db #0x0e	; 14
    000012FF 00                    4934 	.db #0x00	; 0
    00001300 5A                    4935 	.db #0x5a	; 90	'Z'
    00001301 00                    4936 	.db #0x00	; 0
    00001302 00                    4937 	.db #0x00	; 0
    00001303 1A                    4938 	.db #0x1a	; 26
    00001304 1C                    4939 	.db #0x1c	; 28
    00001305 07                    4940 	.db #0x07	; 7
    00001306 5A                    4941 	.db #0x5a	; 90	'Z'
    00001307 0E                    4942 	.db #0x0e	; 14
    00001308 00                    4943 	.db #0x00	; 0
    00001309 5A                    4944 	.db #0x5a	; 90	'Z'
    0000130A 00                    4945 	.db #0x00	; 0
    0000130B 00                    4946 	.db #0x00	; 0
    0000130C 5A                    4947 	.db #0x5a	; 90	'Z'
    0000130D 00                    4948 	.db #0x00	; 0
    0000130E 00                    4949 	.db #0x00	; 0
    0000130F 1A                    4950 	.db #0x1a	; 26
    00001310 1C                    4951 	.db #0x1c	; 28
    00001311 03                    4952 	.db #0x03	; 3
    00001312 5A                    4953 	.db #0x5a	; 90	'Z'
    00001313 0E                    4954 	.db #0x0e	; 14
    00001314 00                    4955 	.db #0x00	; 0
    00001315 1A                    4956 	.db #0x1a	; 26
    00001316 1C                    4957 	.db #0x1c	; 28
    00001317 05                    4958 	.db #0x05	; 5
    00001318 5A                    4959 	.db #0x5a	; 90	'Z'
    00001319 0E                    4960 	.db #0x0e	; 14
    0000131A 00                    4961 	.db #0x00	; 0
    0000131B 19                    4962 	.db #0x19	; 25
    0000131C 1C                    4963 	.db #0x1c	; 28
    0000131D 05                    4964 	.db #0x05	; 5
    0000131E 5A                    4965 	.db #0x5a	; 90	'Z'
    0000131F 0E                    4966 	.db #0x0e	; 14
    00001320 00                    4967 	.db #0x00	; 0
    00001321 1A                    4968 	.db #0x1a	; 26
    00001322 1C                    4969 	.db #0x1c	; 28
    00001323 07                    4970 	.db #0x07	; 7
    00001324 5A                    4971 	.db #0x5a	; 90	'Z'
    00001325 0E                    4972 	.db #0x0e	; 14
    00001326 00                    4973 	.db #0x00	; 0
    00001327 1A                    4974 	.db #0x1a	; 26
    00001328 1C                    4975 	.db #0x1c	; 28
    00001329 03                    4976 	.db #0x03	; 3
    0000132A 1A                    4977 	.db #0x1a	; 26
    0000132B 1C                    4978 	.db #0x1c	; 28
    0000132C 05                    4979 	.db #0x05	; 5
    0000132D 5A                    4980 	.db #0x5a	; 90	'Z'
    0000132E 0E                    4981 	.db #0x0e	; 14
    0000132F 00                    4982 	.db #0x00	; 0
    00001330 1A                    4983 	.db #0x1a	; 26
    00001331 1C                    4984 	.db #0x1c	; 28
    00001332 05                    4985 	.db #0x05	; 5
    00001333 5A                    4986 	.db #0x5a	; 90	'Z'
    00001334 0E                    4987 	.db #0x0e	; 14
    00001335 00                    4988 	.db #0x00	; 0
    00001336 1A                    4989 	.db #0x1a	; 26
    00001337 1C                    4990 	.db #0x1c	; 28
    00001338 05                    4991 	.db #0x05	; 5
    00001339 5A                    4992 	.db #0x5a	; 90	'Z'
    0000133A 0E                    4993 	.db #0x0e	; 14
    0000133B 00                    4994 	.db #0x00	; 0
    0000133C 5A                    4995 	.db #0x5a	; 90	'Z'
    0000133D 00                    4996 	.db #0x00	; 0
    0000133E 00                    4997 	.db #0x00	; 0
    0000133F 5A                    4998 	.db #0x5a	; 90	'Z'
    00001340 00                    4999 	.db #0x00	; 0
    00001341 00                    5000 	.db #0x00	; 0
    00001342 5A                    5001 	.db #0x5a	; 90	'Z'
    00001343 00                    5002 	.db #0x00	; 0
    00001344 00                    5003 	.db #0x00	; 0
    00001345 1A                    5004 	.db #0x1a	; 26
    00001346 1C                    5005 	.db #0x1c	; 28
    00001347 01                    5006 	.db #0x01	; 1
    00001348 1A                    5007 	.db #0x1a	; 26
    00001349 1C                    5008 	.db #0x1c	; 28
    0000134A 02                    5009 	.db #0x02	; 2
    0000134B 1A                    5010 	.db #0x1a	; 26
    0000134C 1C                    5011 	.db #0x1c	; 28
    0000134D 03                    5012 	.db #0x03	; 3
    0000134E 1A                    5013 	.db #0x1a	; 26
    0000134F 1C                    5014 	.db #0x1c	; 28
    00001350 04                    5015 	.db #0x04	; 4
    00001351 5A                    5016 	.db #0x5a	; 90	'Z'
    00001352 00                    5017 	.db #0x00	; 0
    00001353 00                    5018 	.db #0x00	; 0
    00001354 5A                    5019 	.db #0x5a	; 90	'Z'
    00001355 00                    5020 	.db #0x00	; 0
    00001356 00                    5021 	.db #0x00	; 0
    00001357 1A                    5022 	.db #0x1a	; 26
    00001358 1E                    5023 	.db #0x1e	; 30
    00001359 00                    5024 	.db #0x00	; 0
    0000135A 5A                    5025 	.db #0x5a	; 90	'Z'
    0000135B 00                    5026 	.db #0x00	; 0
    0000135C 00                    5027 	.db #0x00	; 0
    0000135D 1A                    5028 	.db #0x1a	; 26
    0000135E 1C                    5029 	.db #0x1c	; 28
    0000135F 03                    5030 	.db #0x03	; 3
    00001360 5A                    5031 	.db #0x5a	; 90	'Z'
    00001361 00                    5032 	.db #0x00	; 0
    00001362 00                    5033 	.db #0x00	; 0
    00001363 1A                    5034 	.db #0x1a	; 26
    00001364 1C                    5035 	.db #0x1c	; 28
    00001365 02                    5036 	.db #0x02	; 2
    00001366 5A                    5037 	.db #0x5a	; 90	'Z'
    00001367 00                    5038 	.db #0x00	; 0
    00001368 00                    5039 	.db #0x00	; 0
    00001369 19                    5040 	.db #0x19	; 25
    0000136A 1C                    5041 	.db #0x1c	; 28
    0000136B 01                    5042 	.db #0x01	; 1
    0000136C 5A                    5043 	.db #0x5a	; 90	'Z'
    0000136D 00                    5044 	.db #0x00	; 0
    0000136E 00                    5045 	.db #0x00	; 0
    0000136F 19                    5046 	.db #0x19	; 25
    00001370 1E                    5047 	.db #0x1e	; 30
    00001371 00                    5048 	.db #0x00	; 0
    00001372 5A                    5049 	.db #0x5a	; 90	'Z'
    00001373 00                    5050 	.db #0x00	; 0
    00001374 00                    5051 	.db #0x00	; 0
    00001375 1D                    5052 	.db #0x1d	; 29
    00001376 1E                    5053 	.db #0x1e	; 30
    00001377 00                    5054 	.db #0x00	; 0
    00001378 5A                    5055 	.db #0x5a	; 90	'Z'
    00001379 00                    5056 	.db #0x00	; 0
    0000137A 00                    5057 	.db #0x00	; 0
    0000137B 5A                    5058 	.db #0x5a	; 90	'Z'
    0000137C 0E                    5059 	.db #0x0e	; 14
    0000137D 00                    5060 	.db #0x00	; 0
    0000137E 5A                    5061 	.db #0x5a	; 90	'Z'
    0000137F 00                    5062 	.db #0x00	; 0
    00001380 00                    5063 	.db #0x00	; 0
    00001381                       5064 _P37:
    00001381 1A                    5065 	.db #0x1a	; 26
    00001382 20                    5066 	.db #0x20	; 32
    00001383 00                    5067 	.db #0x00	; 0
    00001384 5A                    5068 	.db #0x5a	; 90	'Z'
    00001385 00                    5069 	.db #0x00	; 0
    00001386 00                    5070 	.db #0x00	; 0
    00001387 5A                    5071 	.db #0x5a	; 90	'Z'
    00001388 00                    5072 	.db #0x00	; 0
    00001389 00                    5073 	.db #0x00	; 0
    0000138A 5A                    5074 	.db #0x5a	; 90	'Z'
    0000138B 00                    5075 	.db #0x00	; 0
    0000138C 00                    5076 	.db #0x00	; 0
    0000138D 1A                    5077 	.db #0x1a	; 26
    0000138E 2C                    5078 	.db #0x2c	; 44
    0000138F 09                    5079 	.db #0x09	; 9
    00001390 5A                    5080 	.db #0x5a	; 90	'Z'
    00001391 00                    5081 	.db #0x00	; 0
    00001392 00                    5082 	.db #0x00	; 0
    00001393 5A                    5083 	.db #0x5a	; 90	'Z'
    00001394 00                    5084 	.db #0x00	; 0
    00001395 00                    5085 	.db #0x00	; 0
    00001396 5A                    5086 	.db #0x5a	; 90	'Z'
    00001397 00                    5087 	.db #0x00	; 0
    00001398 00                    5088 	.db #0x00	; 0
    00001399 1A                    5089 	.db #0x1a	; 26
    0000139A 2C                    5090 	.db #0x2c	; 44
    0000139B 07                    5091 	.db #0x07	; 7
    0000139C 5A                    5092 	.db #0x5a	; 90	'Z'
    0000139D 00                    5093 	.db #0x00	; 0
    0000139E 00                    5094 	.db #0x00	; 0
    0000139F 5A                    5095 	.db #0x5a	; 90	'Z'
    000013A0 00                    5096 	.db #0x00	; 0
    000013A1 00                    5097 	.db #0x00	; 0
    000013A2 5A                    5098 	.db #0x5a	; 90	'Z'
    000013A3 00                    5099 	.db #0x00	; 0
    000013A4 00                    5100 	.db #0x00	; 0
    000013A5 1A                    5101 	.db #0x1a	; 26
    000013A6 2C                    5102 	.db #0x2c	; 44
    000013A7 09                    5103 	.db #0x09	; 9
    000013A8 21                    5104 	.db #0x21	; 33
    000013A9 20                    5105 	.db #0x20	; 32
    000013AA 00                    5106 	.db #0x00	; 0
    000013AB 1D                    5107 	.db #0x1d	; 29
    000013AC 20                    5108 	.db #0x20	; 32
    000013AD 00                    5109 	.db #0x00	; 0
    000013AE 1C                    5110 	.db #0x1c	; 28
    000013AF 20                    5111 	.db #0x20	; 32
    000013B0 00                    5112 	.db #0x00	; 0
    000013B1 1A                    5113 	.db #0x1a	; 26
    000013B2 20                    5114 	.db #0x20	; 32
    000013B3 00                    5115 	.db #0x00	; 0
    000013B4 5A                    5116 	.db #0x5a	; 90	'Z'
    000013B5 00                    5117 	.db #0x00	; 0
    000013B6 00                    5118 	.db #0x00	; 0
    000013B7 5A                    5119 	.db #0x5a	; 90	'Z'
    000013B8 00                    5120 	.db #0x00	; 0
    000013B9 00                    5121 	.db #0x00	; 0
    000013BA 5A                    5122 	.db #0x5a	; 90	'Z'
    000013BB 00                    5123 	.db #0x00	; 0
    000013BC 00                    5124 	.db #0x00	; 0
    000013BD 1A                    5125 	.db #0x1a	; 26
    000013BE 2C                    5126 	.db #0x2c	; 44
    000013BF 09                    5127 	.db #0x09	; 9
    000013C0 5A                    5128 	.db #0x5a	; 90	'Z'
    000013C1 00                    5129 	.db #0x00	; 0
    000013C2 00                    5130 	.db #0x00	; 0
    000013C3 5A                    5131 	.db #0x5a	; 90	'Z'
    000013C4 00                    5132 	.db #0x00	; 0
    000013C5 00                    5133 	.db #0x00	; 0
    000013C6 5A                    5134 	.db #0x5a	; 90	'Z'
    000013C7 00                    5135 	.db #0x00	; 0
    000013C8 00                    5136 	.db #0x00	; 0
    000013C9 1A                    5137 	.db #0x1a	; 26
    000013CA 2C                    5138 	.db #0x2c	; 44
    000013CB 07                    5139 	.db #0x07	; 7
    000013CC 5A                    5140 	.db #0x5a	; 90	'Z'
    000013CD 00                    5141 	.db #0x00	; 0
    000013CE 00                    5142 	.db #0x00	; 0
    000013CF 5A                    5143 	.db #0x5a	; 90	'Z'
    000013D0 00                    5144 	.db #0x00	; 0
    000013D1 00                    5145 	.db #0x00	; 0
    000013D2 5A                    5146 	.db #0x5a	; 90	'Z'
    000013D3 00                    5147 	.db #0x00	; 0
    000013D4 00                    5148 	.db #0x00	; 0
    000013D5 1A                    5149 	.db #0x1a	; 26
    000013D6 2C                    5150 	.db #0x2c	; 44
    000013D7 05                    5151 	.db #0x05	; 5
    000013D8 5A                    5152 	.db #0x5a	; 90	'Z'
    000013D9 00                    5153 	.db #0x00	; 0
    000013DA 00                    5154 	.db #0x00	; 0
    000013DB 1D                    5155 	.db #0x1d	; 29
    000013DC 2C                    5156 	.db #0x2c	; 44
    000013DD 07                    5157 	.db #0x07	; 7
    000013DE 5A                    5158 	.db #0x5a	; 90	'Z'
    000013DF 00                    5159 	.db #0x00	; 0
    000013E0 00                    5160 	.db #0x00	; 0
    000013E1 1A                    5161 	.db #0x1a	; 26
    000013E2 2C                    5162 	.db #0x2c	; 44
    000013E3 07                    5163 	.db #0x07	; 7
    000013E4 5A                    5164 	.db #0x5a	; 90	'Z'
    000013E5 00                    5165 	.db #0x00	; 0
    000013E6 00                    5166 	.db #0x00	; 0
    000013E7 5A                    5167 	.db #0x5a	; 90	'Z'
    000013E8 00                    5168 	.db #0x00	; 0
    000013E9 00                    5169 	.db #0x00	; 0
    000013EA 5A                    5170 	.db #0x5a	; 90	'Z'
    000013EB 00                    5171 	.db #0x00	; 0
    000013EC 00                    5172 	.db #0x00	; 0
    000013ED 1A                    5173 	.db #0x1a	; 26
    000013EE 2C                    5174 	.db #0x2c	; 44
    000013EF 07                    5175 	.db #0x07	; 7
    000013F0 5A                    5176 	.db #0x5a	; 90	'Z'
    000013F1 00                    5177 	.db #0x00	; 0
    000013F2 00                    5178 	.db #0x00	; 0
    000013F3 5A                    5179 	.db #0x5a	; 90	'Z'
    000013F4 00                    5180 	.db #0x00	; 0
    000013F5 00                    5181 	.db #0x00	; 0
    000013F6 5A                    5182 	.db #0x5a	; 90	'Z'
    000013F7 00                    5183 	.db #0x00	; 0
    000013F8 00                    5184 	.db #0x00	; 0
    000013F9 1A                    5185 	.db #0x1a	; 26
    000013FA 2C                    5186 	.db #0x2c	; 44
    000013FB 05                    5187 	.db #0x05	; 5
    000013FC 5A                    5188 	.db #0x5a	; 90	'Z'
    000013FD 00                    5189 	.db #0x00	; 0
    000013FE 00                    5190 	.db #0x00	; 0
    000013FF 5A                    5191 	.db #0x5a	; 90	'Z'
    00001400 00                    5192 	.db #0x00	; 0
    00001401 00                    5193 	.db #0x00	; 0
    00001402 5A                    5194 	.db #0x5a	; 90	'Z'
    00001403 00                    5195 	.db #0x00	; 0
    00001404 00                    5196 	.db #0x00	; 0
    00001405 1A                    5197 	.db #0x1a	; 26
    00001406 2C                    5198 	.db #0x2c	; 44
    00001407 05                    5199 	.db #0x05	; 5
    00001408 5A                    5200 	.db #0x5a	; 90	'Z'
    00001409 00                    5201 	.db #0x00	; 0
    0000140A 00                    5202 	.db #0x00	; 0
    0000140B 1C                    5203 	.db #0x1c	; 28
    0000140C 2C                    5204 	.db #0x2c	; 44
    0000140D 04                    5205 	.db #0x04	; 4
    0000140E 1D                    5206 	.db #0x1d	; 29
    0000140F 2C                    5207 	.db #0x2c	; 44
    00001410 04                    5208 	.db #0x04	; 4
    00001411 1A                    5209 	.db #0x1a	; 26
    00001412 2C                    5210 	.db #0x2c	; 44
    00001413 04                    5211 	.db #0x04	; 4
    00001414 5A                    5212 	.db #0x5a	; 90	'Z'
    00001415 00                    5213 	.db #0x00	; 0
    00001416 00                    5214 	.db #0x00	; 0
    00001417 5A                    5215 	.db #0x5a	; 90	'Z'
    00001418 00                    5216 	.db #0x00	; 0
    00001419 00                    5217 	.db #0x00	; 0
    0000141A 5A                    5218 	.db #0x5a	; 90	'Z'
    0000141B 00                    5219 	.db #0x00	; 0
    0000141C 00                    5220 	.db #0x00	; 0
    0000141D 1A                    5221 	.db #0x1a	; 26
    0000141E 2C                    5222 	.db #0x2c	; 44
    0000141F 03                    5223 	.db #0x03	; 3
    00001420 5A                    5224 	.db #0x5a	; 90	'Z'
    00001421 00                    5225 	.db #0x00	; 0
    00001422 00                    5226 	.db #0x00	; 0
    00001423 1D                    5227 	.db #0x1d	; 29
    00001424 2C                    5228 	.db #0x2c	; 44
    00001425 02                    5229 	.db #0x02	; 2
    00001426 5A                    5230 	.db #0x5a	; 90	'Z'
    00001427 00                    5231 	.db #0x00	; 0
    00001428 00                    5232 	.db #0x00	; 0
    00001429 19                    5233 	.db #0x19	; 25
    0000142A 2C                    5234 	.db #0x2c	; 44
    0000142B 01                    5235 	.db #0x01	; 1
    0000142C 5A                    5236 	.db #0x5a	; 90	'Z'
    0000142D 00                    5237 	.db #0x00	; 0
    0000142E 00                    5238 	.db #0x00	; 0
    0000142F 5A                    5239 	.db #0x5a	; 90	'Z'
    00001430 00                    5240 	.db #0x00	; 0
    00001431 00                    5241 	.db #0x00	; 0
    00001432 5A                    5242 	.db #0x5a	; 90	'Z'
    00001433 00                    5243 	.db #0x00	; 0
    00001434 00                    5244 	.db #0x00	; 0
    00001435 19                    5245 	.db #0x19	; 25
    00001436 2C                    5246 	.db #0x2c	; 44
    00001437 00                    5247 	.db #0x00	; 0
    00001438 5A                    5248 	.db #0x5a	; 90	'Z'
    00001439 0E                    5249 	.db #0x0e	; 14
    0000143A 00                    5250 	.db #0x00	; 0
    0000143B 1D                    5251 	.db #0x1d	; 29
    0000143C 2C                    5252 	.db #0x2c	; 44
    0000143D 00                    5253 	.db #0x00	; 0
    0000143E 5A                    5254 	.db #0x5a	; 90	'Z'
    0000143F 0E                    5255 	.db #0x0e	; 14
    00001440 00                    5256 	.db #0x00	; 0
    00001441                       5257 _P39:
    00001441 5A                    5258 	.db #0x5a	; 90	'Z'
    00001442 00                    5259 	.db #0x00	; 0
    00001443 00                    5260 	.db #0x00	; 0
    00001444 5A                    5261 	.db #0x5a	; 90	'Z'
    00001445 00                    5262 	.db #0x00	; 0
    00001446 00                    5263 	.db #0x00	; 0
    00001447 5A                    5264 	.db #0x5a	; 90	'Z'
    00001448 00                    5265 	.db #0x00	; 0
    00001449 00                    5266 	.db #0x00	; 0
    0000144A 5A                    5267 	.db #0x5a	; 90	'Z'
    0000144B 00                    5268 	.db #0x00	; 0
    0000144C 00                    5269 	.db #0x00	; 0
    0000144D 5A                    5270 	.db #0x5a	; 90	'Z'
    0000144E 00                    5271 	.db #0x00	; 0
    0000144F 00                    5272 	.db #0x00	; 0
    00001450 5A                    5273 	.db #0x5a	; 90	'Z'
    00001451 00                    5274 	.db #0x00	; 0
    00001452 00                    5275 	.db #0x00	; 0
    00001453 5A                    5276 	.db #0x5a	; 90	'Z'
    00001454 00                    5277 	.db #0x00	; 0
    00001455 00                    5278 	.db #0x00	; 0
    00001456 5A                    5279 	.db #0x5a	; 90	'Z'
    00001457 00                    5280 	.db #0x00	; 0
    00001458 00                    5281 	.db #0x00	; 0
    00001459 5A                    5282 	.db #0x5a	; 90	'Z'
    0000145A 00                    5283 	.db #0x00	; 0
    0000145B 00                    5284 	.db #0x00	; 0
    0000145C 5A                    5285 	.db #0x5a	; 90	'Z'
    0000145D 00                    5286 	.db #0x00	; 0
    0000145E 00                    5287 	.db #0x00	; 0
    0000145F 5A                    5288 	.db #0x5a	; 90	'Z'
    00001460 00                    5289 	.db #0x00	; 0
    00001461 00                    5290 	.db #0x00	; 0
    00001462 5A                    5291 	.db #0x5a	; 90	'Z'
    00001463 00                    5292 	.db #0x00	; 0
    00001464 00                    5293 	.db #0x00	; 0
    00001465 5A                    5294 	.db #0x5a	; 90	'Z'
    00001466 00                    5295 	.db #0x00	; 0
    00001467 00                    5296 	.db #0x00	; 0
    00001468 5A                    5297 	.db #0x5a	; 90	'Z'
    00001469 00                    5298 	.db #0x00	; 0
    0000146A 00                    5299 	.db #0x00	; 0
    0000146B 5A                    5300 	.db #0x5a	; 90	'Z'
    0000146C 00                    5301 	.db #0x00	; 0
    0000146D 00                    5302 	.db #0x00	; 0
    0000146E 5A                    5303 	.db #0x5a	; 90	'Z'
    0000146F 00                    5304 	.db #0x00	; 0
    00001470 00                    5305 	.db #0x00	; 0
    00001471 5A                    5306 	.db #0x5a	; 90	'Z'
    00001472 00                    5307 	.db #0x00	; 0
    00001473 00                    5308 	.db #0x00	; 0
    00001474 5A                    5309 	.db #0x5a	; 90	'Z'
    00001475 00                    5310 	.db #0x00	; 0
    00001476 00                    5311 	.db #0x00	; 0
    00001477 5A                    5312 	.db #0x5a	; 90	'Z'
    00001478 00                    5313 	.db #0x00	; 0
    00001479 00                    5314 	.db #0x00	; 0
    0000147A 5A                    5315 	.db #0x5a	; 90	'Z'
    0000147B 00                    5316 	.db #0x00	; 0
    0000147C 00                    5317 	.db #0x00	; 0
    0000147D 5A                    5318 	.db #0x5a	; 90	'Z'
    0000147E 00                    5319 	.db #0x00	; 0
    0000147F 00                    5320 	.db #0x00	; 0
    00001480 5A                    5321 	.db #0x5a	; 90	'Z'
    00001481 00                    5322 	.db #0x00	; 0
    00001482 00                    5323 	.db #0x00	; 0
    00001483 5A                    5324 	.db #0x5a	; 90	'Z'
    00001484 00                    5325 	.db #0x00	; 0
    00001485 00                    5326 	.db #0x00	; 0
    00001486 5A                    5327 	.db #0x5a	; 90	'Z'
    00001487 00                    5328 	.db #0x00	; 0
    00001488 00                    5329 	.db #0x00	; 0
    00001489 5A                    5330 	.db #0x5a	; 90	'Z'
    0000148A 00                    5331 	.db #0x00	; 0
    0000148B 00                    5332 	.db #0x00	; 0
    0000148C 5A                    5333 	.db #0x5a	; 90	'Z'
    0000148D 00                    5334 	.db #0x00	; 0
    0000148E 00                    5335 	.db #0x00	; 0
    0000148F 5A                    5336 	.db #0x5a	; 90	'Z'
    00001490 00                    5337 	.db #0x00	; 0
    00001491 00                    5338 	.db #0x00	; 0
    00001492 5A                    5339 	.db #0x5a	; 90	'Z'
    00001493 00                    5340 	.db #0x00	; 0
    00001494 00                    5341 	.db #0x00	; 0
    00001495 5A                    5342 	.db #0x5a	; 90	'Z'
    00001496 00                    5343 	.db #0x00	; 0
    00001497 00                    5344 	.db #0x00	; 0
    00001498 5A                    5345 	.db #0x5a	; 90	'Z'
    00001499 00                    5346 	.db #0x00	; 0
    0000149A 00                    5347 	.db #0x00	; 0
    0000149B 5A                    5348 	.db #0x5a	; 90	'Z'
    0000149C 00                    5349 	.db #0x00	; 0
    0000149D 00                    5350 	.db #0x00	; 0
    0000149E 5A                    5351 	.db #0x5a	; 90	'Z'
    0000149F 00                    5352 	.db #0x00	; 0
    000014A0 00                    5353 	.db #0x00	; 0
    000014A1 5A                    5354 	.db #0x5a	; 90	'Z'
    000014A2 00                    5355 	.db #0x00	; 0
    000014A3 00                    5356 	.db #0x00	; 0
    000014A4 5A                    5357 	.db #0x5a	; 90	'Z'
    000014A5 00                    5358 	.db #0x00	; 0
    000014A6 00                    5359 	.db #0x00	; 0
    000014A7 5A                    5360 	.db #0x5a	; 90	'Z'
    000014A8 00                    5361 	.db #0x00	; 0
    000014A9 00                    5362 	.db #0x00	; 0
    000014AA 5A                    5363 	.db #0x5a	; 90	'Z'
    000014AB 00                    5364 	.db #0x00	; 0
    000014AC 00                    5365 	.db #0x00	; 0
    000014AD 5A                    5366 	.db #0x5a	; 90	'Z'
    000014AE 00                    5367 	.db #0x00	; 0
    000014AF 00                    5368 	.db #0x00	; 0
    000014B0 5A                    5369 	.db #0x5a	; 90	'Z'
    000014B1 00                    5370 	.db #0x00	; 0
    000014B2 00                    5371 	.db #0x00	; 0
    000014B3 5A                    5372 	.db #0x5a	; 90	'Z'
    000014B4 00                    5373 	.db #0x00	; 0
    000014B5 00                    5374 	.db #0x00	; 0
    000014B6 5A                    5375 	.db #0x5a	; 90	'Z'
    000014B7 00                    5376 	.db #0x00	; 0
    000014B8 00                    5377 	.db #0x00	; 0
    000014B9 5A                    5378 	.db #0x5a	; 90	'Z'
    000014BA 00                    5379 	.db #0x00	; 0
    000014BB 00                    5380 	.db #0x00	; 0
    000014BC 5A                    5381 	.db #0x5a	; 90	'Z'
    000014BD 00                    5382 	.db #0x00	; 0
    000014BE 00                    5383 	.db #0x00	; 0
    000014BF 5A                    5384 	.db #0x5a	; 90	'Z'
    000014C0 00                    5385 	.db #0x00	; 0
    000014C1 00                    5386 	.db #0x00	; 0
    000014C2 5A                    5387 	.db #0x5a	; 90	'Z'
    000014C3 00                    5388 	.db #0x00	; 0
    000014C4 00                    5389 	.db #0x00	; 0
    000014C5 5A                    5390 	.db #0x5a	; 90	'Z'
    000014C6 00                    5391 	.db #0x00	; 0
    000014C7 00                    5392 	.db #0x00	; 0
    000014C8 5A                    5393 	.db #0x5a	; 90	'Z'
    000014C9 00                    5394 	.db #0x00	; 0
    000014CA 00                    5395 	.db #0x00	; 0
    000014CB 5A                    5396 	.db #0x5a	; 90	'Z'
    000014CC 00                    5397 	.db #0x00	; 0
    000014CD 00                    5398 	.db #0x00	; 0
    000014CE 5A                    5399 	.db #0x5a	; 90	'Z'
    000014CF 00                    5400 	.db #0x00	; 0
    000014D0 00                    5401 	.db #0x00	; 0
    000014D1 3B                    5402 	.db #0x3b	; 59
    000014D2 1E                    5403 	.db #0x1e	; 30
    000014D3 00                    5404 	.db #0x00	; 0
    000014D4 3B                    5405 	.db #0x3b	; 59
    000014D5 1E                    5406 	.db #0x1e	; 30
    000014D6 00                    5407 	.db #0x00	; 0
    000014D7 3B                    5408 	.db #0x3b	; 59
    000014D8 1C                    5409 	.db #0x1c	; 28
    000014D9 01                    5410 	.db #0x01	; 1
    000014DA 3B                    5411 	.db #0x3b	; 59
    000014DB 1C                    5412 	.db #0x1c	; 28
    000014DC 01                    5413 	.db #0x01	; 1
    000014DD 3B                    5414 	.db #0x3b	; 59
    000014DE 1C                    5415 	.db #0x1c	; 28
    000014DF 02                    5416 	.db #0x02	; 2
    000014E0 3B                    5417 	.db #0x3b	; 59
    000014E1 1C                    5418 	.db #0x1c	; 28
    000014E2 02                    5419 	.db #0x02	; 2
    000014E3 3B                    5420 	.db #0x3b	; 59
    000014E4 1C                    5421 	.db #0x1c	; 28
    000014E5 03                    5422 	.db #0x03	; 3
    000014E6 3B                    5423 	.db #0x3b	; 59
    000014E7 1C                    5424 	.db #0x1c	; 28
    000014E8 03                    5425 	.db #0x03	; 3
    000014E9 3B                    5426 	.db #0x3b	; 59
    000014EA 1C                    5427 	.db #0x1c	; 28
    000014EB 04                    5428 	.db #0x04	; 4
    000014EC 3B                    5429 	.db #0x3b	; 59
    000014ED 1C                    5430 	.db #0x1c	; 28
    000014EE 04                    5431 	.db #0x04	; 4
    000014EF 3B                    5432 	.db #0x3b	; 59
    000014F0 1C                    5433 	.db #0x1c	; 28
    000014F1 04                    5434 	.db #0x04	; 4
    000014F2 3B                    5435 	.db #0x3b	; 59
    000014F3 1C                    5436 	.db #0x1c	; 28
    000014F4 04                    5437 	.db #0x04	; 4
    000014F5 3B                    5438 	.db #0x3b	; 59
    000014F6 1C                    5439 	.db #0x1c	; 28
    000014F7 04                    5440 	.db #0x04	; 4
    000014F8 3B                    5441 	.db #0x3b	; 59
    000014F9 1C                    5442 	.db #0x1c	; 28
    000014FA 05                    5443 	.db #0x05	; 5
    000014FB 3B                    5444 	.db #0x3b	; 59
    000014FC 1C                    5445 	.db #0x1c	; 28
    000014FD 06                    5446 	.db #0x06	; 6
    000014FE 3B                    5447 	.db #0x3b	; 59
    000014FF 1C                    5448 	.db #0x1c	; 28
    00001500 07                    5449 	.db #0x07	; 7
    00001501                       5450 _itNoiseSP1:
    00001501 24                    5451 	.db #0x24	; 36
    00001502 00                    5452 	.db #0x00	; 0
    00001503 00                    5453 	.db #0x00	; 0
    00001504 24                    5454 	.db #0x24	; 36
    00001505 20                    5455 	.db #0x20	; 32
    00001506 00                    5456 	.db #0x00	; 0
    00001507 5A                    5457 	.db #0x5a	; 90	'Z'
    00001508 00                    5458 	.db #0x00	; 0
    00001509 00                    5459 	.db #0x00	; 0
    0000150A 5A                    5460 	.db #0x5a	; 90	'Z'
    0000150B 00                    5461 	.db #0x00	; 0
    0000150C 00                    5462 	.db #0x00	; 0
    0000150D 5A                    5463 	.db #0x5a	; 90	'Z'
    0000150E 00                    5464 	.db #0x00	; 0
    0000150F 00                    5465 	.db #0x00	; 0
    00001510 5A                    5466 	.db #0x5a	; 90	'Z'
    00001511 00                    5467 	.db #0x00	; 0
    00001512 00                    5468 	.db #0x00	; 0
    00001513 5A                    5469 	.db #0x5a	; 90	'Z'
    00001514 00                    5470 	.db #0x00	; 0
    00001515 00                    5471 	.db #0x00	; 0
    00001516 5A                    5472 	.db #0x5a	; 90	'Z'
    00001517 00                    5473 	.db #0x00	; 0
    00001518 00                    5474 	.db #0x00	; 0
    00001519 5A                    5475 	.db #0x5a	; 90	'Z'
    0000151A 00                    5476 	.db #0x00	; 0
    0000151B 00                    5477 	.db #0x00	; 0
    0000151C 5A                    5478 	.db #0x5a	; 90	'Z'
    0000151D 00                    5479 	.db #0x00	; 0
    0000151E 00                    5480 	.db #0x00	; 0
    0000151F 5A                    5481 	.db #0x5a	; 90	'Z'
    00001520 00                    5482 	.db #0x00	; 0
    00001521 00                    5483 	.db #0x00	; 0
    00001522 5A                    5484 	.db #0x5a	; 90	'Z'
    00001523 00                    5485 	.db #0x00	; 0
    00001524 00                    5486 	.db #0x00	; 0
    00001525 5A                    5487 	.db #0x5a	; 90	'Z'
    00001526 00                    5488 	.db #0x00	; 0
    00001527 00                    5489 	.db #0x00	; 0
    00001528 5A                    5490 	.db #0x5a	; 90	'Z'
    00001529 00                    5491 	.db #0x00	; 0
    0000152A 00                    5492 	.db #0x00	; 0
    0000152B 5A                    5493 	.db #0x5a	; 90	'Z'
    0000152C 00                    5494 	.db #0x00	; 0
    0000152D 00                    5495 	.db #0x00	; 0
    0000152E 5A                    5496 	.db #0x5a	; 90	'Z'
    0000152F 00                    5497 	.db #0x00	; 0
    00001530 00                    5498 	.db #0x00	; 0
    00001531 5A                    5499 	.db #0x5a	; 90	'Z'
    00001532 00                    5500 	.db #0x00	; 0
    00001533 00                    5501 	.db #0x00	; 0
    00001534 5A                    5502 	.db #0x5a	; 90	'Z'
    00001535 00                    5503 	.db #0x00	; 0
    00001536 00                    5504 	.db #0x00	; 0
    00001537 5A                    5505 	.db #0x5a	; 90	'Z'
    00001538 00                    5506 	.db #0x00	; 0
    00001539 00                    5507 	.db #0x00	; 0
    0000153A 5A                    5508 	.db #0x5a	; 90	'Z'
    0000153B 00                    5509 	.db #0x00	; 0
    0000153C 00                    5510 	.db #0x00	; 0
    0000153D 5A                    5511 	.db #0x5a	; 90	'Z'
    0000153E 00                    5512 	.db #0x00	; 0
    0000153F 00                    5513 	.db #0x00	; 0
    00001540 5A                    5514 	.db #0x5a	; 90	'Z'
    00001541 00                    5515 	.db #0x00	; 0
    00001542 00                    5516 	.db #0x00	; 0
    00001543 5A                    5517 	.db #0x5a	; 90	'Z'
    00001544 00                    5518 	.db #0x00	; 0
    00001545 00                    5519 	.db #0x00	; 0
    00001546 5A                    5520 	.db #0x5a	; 90	'Z'
    00001547 00                    5521 	.db #0x00	; 0
    00001548 00                    5522 	.db #0x00	; 0
    00001549 5A                    5523 	.db #0x5a	; 90	'Z'
    0000154A 00                    5524 	.db #0x00	; 0
    0000154B 00                    5525 	.db #0x00	; 0
    0000154C 5A                    5526 	.db #0x5a	; 90	'Z'
    0000154D 00                    5527 	.db #0x00	; 0
    0000154E 00                    5528 	.db #0x00	; 0
    0000154F 5A                    5529 	.db #0x5a	; 90	'Z'
    00001550 00                    5530 	.db #0x00	; 0
    00001551 00                    5531 	.db #0x00	; 0
    00001552 5A                    5532 	.db #0x5a	; 90	'Z'
    00001553 00                    5533 	.db #0x00	; 0
    00001554 00                    5534 	.db #0x00	; 0
    00001555 5A                    5535 	.db #0x5a	; 90	'Z'
    00001556 00                    5536 	.db #0x00	; 0
    00001557 00                    5537 	.db #0x00	; 0
    00001558 5A                    5538 	.db #0x5a	; 90	'Z'
    00001559 00                    5539 	.db #0x00	; 0
    0000155A 00                    5540 	.db #0x00	; 0
    0000155B 5A                    5541 	.db #0x5a	; 90	'Z'
    0000155C 00                    5542 	.db #0x00	; 0
    0000155D 00                    5543 	.db #0x00	; 0
    0000155E 5A                    5544 	.db #0x5a	; 90	'Z'
    0000155F 10                    5545 	.db #0x10	; 16
    00001560 00                    5546 	.db #0x00	; 0
    00001561                       5547 _itNoiseSP2:
    00001561 44                    5548 	.db #0x44	; 68	'D'
    00001562 00                    5549 	.db #0x00	; 0
    00001563 00                    5550 	.db #0x00	; 0
    00001564 44                    5551 	.db #0x44	; 68	'D'
    00001565 20                    5552 	.db #0x20	; 32
    00001566 00                    5553 	.db #0x00	; 0
    00001567 5A                    5554 	.db #0x5a	; 90	'Z'
    00001568 00                    5555 	.db #0x00	; 0
    00001569 00                    5556 	.db #0x00	; 0
    0000156A 5A                    5557 	.db #0x5a	; 90	'Z'
    0000156B 00                    5558 	.db #0x00	; 0
    0000156C 00                    5559 	.db #0x00	; 0
    0000156D 5A                    5560 	.db #0x5a	; 90	'Z'
    0000156E 00                    5561 	.db #0x00	; 0
    0000156F 00                    5562 	.db #0x00	; 0
    00001570 5A                    5563 	.db #0x5a	; 90	'Z'
    00001571 00                    5564 	.db #0x00	; 0
    00001572 00                    5565 	.db #0x00	; 0
    00001573 5A                    5566 	.db #0x5a	; 90	'Z'
    00001574 00                    5567 	.db #0x00	; 0
    00001575 00                    5568 	.db #0x00	; 0
    00001576 5A                    5569 	.db #0x5a	; 90	'Z'
    00001577 00                    5570 	.db #0x00	; 0
    00001578 00                    5571 	.db #0x00	; 0
    00001579 5A                    5572 	.db #0x5a	; 90	'Z'
    0000157A 00                    5573 	.db #0x00	; 0
    0000157B 00                    5574 	.db #0x00	; 0
    0000157C 5A                    5575 	.db #0x5a	; 90	'Z'
    0000157D 00                    5576 	.db #0x00	; 0
    0000157E 00                    5577 	.db #0x00	; 0
    0000157F 5A                    5578 	.db #0x5a	; 90	'Z'
    00001580 00                    5579 	.db #0x00	; 0
    00001581 00                    5580 	.db #0x00	; 0
    00001582 5A                    5581 	.db #0x5a	; 90	'Z'
    00001583 00                    5582 	.db #0x00	; 0
    00001584 00                    5583 	.db #0x00	; 0
    00001585 5A                    5584 	.db #0x5a	; 90	'Z'
    00001586 00                    5585 	.db #0x00	; 0
    00001587 00                    5586 	.db #0x00	; 0
    00001588 5A                    5587 	.db #0x5a	; 90	'Z'
    00001589 00                    5588 	.db #0x00	; 0
    0000158A 00                    5589 	.db #0x00	; 0
    0000158B 5A                    5590 	.db #0x5a	; 90	'Z'
    0000158C 00                    5591 	.db #0x00	; 0
    0000158D 00                    5592 	.db #0x00	; 0
    0000158E 5A                    5593 	.db #0x5a	; 90	'Z'
    0000158F 00                    5594 	.db #0x00	; 0
    00001590 00                    5595 	.db #0x00	; 0
    00001591 5A                    5596 	.db #0x5a	; 90	'Z'
    00001592 00                    5597 	.db #0x00	; 0
    00001593 00                    5598 	.db #0x00	; 0
    00001594 5A                    5599 	.db #0x5a	; 90	'Z'
    00001595 00                    5600 	.db #0x00	; 0
    00001596 00                    5601 	.db #0x00	; 0
    00001597 5A                    5602 	.db #0x5a	; 90	'Z'
    00001598 00                    5603 	.db #0x00	; 0
    00001599 00                    5604 	.db #0x00	; 0
    0000159A 5A                    5605 	.db #0x5a	; 90	'Z'
    0000159B 00                    5606 	.db #0x00	; 0
    0000159C 00                    5607 	.db #0x00	; 0
    0000159D 5A                    5608 	.db #0x5a	; 90	'Z'
    0000159E 00                    5609 	.db #0x00	; 0
    0000159F 00                    5610 	.db #0x00	; 0
    000015A0 5A                    5611 	.db #0x5a	; 90	'Z'
    000015A1 00                    5612 	.db #0x00	; 0
    000015A2 00                    5613 	.db #0x00	; 0
    000015A3 5A                    5614 	.db #0x5a	; 90	'Z'
    000015A4 00                    5615 	.db #0x00	; 0
    000015A5 00                    5616 	.db #0x00	; 0
    000015A6 5A                    5617 	.db #0x5a	; 90	'Z'
    000015A7 00                    5618 	.db #0x00	; 0
    000015A8 00                    5619 	.db #0x00	; 0
    000015A9 5A                    5620 	.db #0x5a	; 90	'Z'
    000015AA 00                    5621 	.db #0x00	; 0
    000015AB 00                    5622 	.db #0x00	; 0
    000015AC 5A                    5623 	.db #0x5a	; 90	'Z'
    000015AD 00                    5624 	.db #0x00	; 0
    000015AE 00                    5625 	.db #0x00	; 0
    000015AF 5A                    5626 	.db #0x5a	; 90	'Z'
    000015B0 00                    5627 	.db #0x00	; 0
    000015B1 00                    5628 	.db #0x00	; 0
    000015B2 5A                    5629 	.db #0x5a	; 90	'Z'
    000015B3 00                    5630 	.db #0x00	; 0
    000015B4 00                    5631 	.db #0x00	; 0
    000015B5 5A                    5632 	.db #0x5a	; 90	'Z'
    000015B6 00                    5633 	.db #0x00	; 0
    000015B7 00                    5634 	.db #0x00	; 0
    000015B8 5A                    5635 	.db #0x5a	; 90	'Z'
    000015B9 00                    5636 	.db #0x00	; 0
    000015BA 00                    5637 	.db #0x00	; 0
    000015BB 5A                    5638 	.db #0x5a	; 90	'Z'
    000015BC 00                    5639 	.db #0x00	; 0
    000015BD 00                    5640 	.db #0x00	; 0
    000015BE 5A                    5641 	.db #0x5a	; 90	'Z'
    000015BF 10                    5642 	.db #0x10	; 16
    000015C0 00                    5643 	.db #0x00	; 0
    000015C1                       5644 _itNoiseSP3:
    000015C1 42                    5645 	.db #0x42	; 66	'B'
    000015C2 00                    5646 	.db #0x00	; 0
    000015C3 00                    5647 	.db #0x00	; 0
    000015C4 41                    5648 	.db #0x41	; 65	'A'
    000015C5 00                    5649 	.db #0x00	; 0
    000015C6 00                    5650 	.db #0x00	; 0
    000015C7 40                    5651 	.db #0x40	; 64
    000015C8 00                    5652 	.db #0x00	; 0
    000015C9 00                    5653 	.db #0x00	; 0
    000015CA 40                    5654 	.db #0x40	; 64
    000015CB 40                    5655 	.db #0x40	; 64
    000015CC 00                    5656 	.db #0x00	; 0
    000015CD 5A                    5657 	.db #0x5a	; 90	'Z'
    000015CE 00                    5658 	.db #0x00	; 0
    000015CF 00                    5659 	.db #0x00	; 0
    000015D0 5A                    5660 	.db #0x5a	; 90	'Z'
    000015D1 00                    5661 	.db #0x00	; 0
    000015D2 00                    5662 	.db #0x00	; 0
    000015D3 5A                    5663 	.db #0x5a	; 90	'Z'
    000015D4 00                    5664 	.db #0x00	; 0
    000015D5 00                    5665 	.db #0x00	; 0
    000015D6 5A                    5666 	.db #0x5a	; 90	'Z'
    000015D7 00                    5667 	.db #0x00	; 0
    000015D8 00                    5668 	.db #0x00	; 0
    000015D9 5A                    5669 	.db #0x5a	; 90	'Z'
    000015DA 00                    5670 	.db #0x00	; 0
    000015DB 00                    5671 	.db #0x00	; 0
    000015DC 5A                    5672 	.db #0x5a	; 90	'Z'
    000015DD 00                    5673 	.db #0x00	; 0
    000015DE 00                    5674 	.db #0x00	; 0
    000015DF 5A                    5675 	.db #0x5a	; 90	'Z'
    000015E0 00                    5676 	.db #0x00	; 0
    000015E1 00                    5677 	.db #0x00	; 0
    000015E2 5A                    5678 	.db #0x5a	; 90	'Z'
    000015E3 00                    5679 	.db #0x00	; 0
    000015E4 00                    5680 	.db #0x00	; 0
    000015E5 5A                    5681 	.db #0x5a	; 90	'Z'
    000015E6 00                    5682 	.db #0x00	; 0
    000015E7 00                    5683 	.db #0x00	; 0
    000015E8 5A                    5684 	.db #0x5a	; 90	'Z'
    000015E9 00                    5685 	.db #0x00	; 0
    000015EA 00                    5686 	.db #0x00	; 0
    000015EB 5A                    5687 	.db #0x5a	; 90	'Z'
    000015EC 00                    5688 	.db #0x00	; 0
    000015ED 00                    5689 	.db #0x00	; 0
    000015EE 5A                    5690 	.db #0x5a	; 90	'Z'
    000015EF 00                    5691 	.db #0x00	; 0
    000015F0 00                    5692 	.db #0x00	; 0
    000015F1 5A                    5693 	.db #0x5a	; 90	'Z'
    000015F2 00                    5694 	.db #0x00	; 0
    000015F3 00                    5695 	.db #0x00	; 0
    000015F4 5A                    5696 	.db #0x5a	; 90	'Z'
    000015F5 00                    5697 	.db #0x00	; 0
    000015F6 00                    5698 	.db #0x00	; 0
    000015F7 5A                    5699 	.db #0x5a	; 90	'Z'
    000015F8 00                    5700 	.db #0x00	; 0
    000015F9 00                    5701 	.db #0x00	; 0
    000015FA 5A                    5702 	.db #0x5a	; 90	'Z'
    000015FB 00                    5703 	.db #0x00	; 0
    000015FC 00                    5704 	.db #0x00	; 0
    000015FD 5A                    5705 	.db #0x5a	; 90	'Z'
    000015FE 00                    5706 	.db #0x00	; 0
    000015FF 00                    5707 	.db #0x00	; 0
    00001600 5A                    5708 	.db #0x5a	; 90	'Z'
    00001601 00                    5709 	.db #0x00	; 0
    00001602 00                    5710 	.db #0x00	; 0
    00001603 5A                    5711 	.db #0x5a	; 90	'Z'
    00001604 00                    5712 	.db #0x00	; 0
    00001605 00                    5713 	.db #0x00	; 0
    00001606 5A                    5714 	.db #0x5a	; 90	'Z'
    00001607 00                    5715 	.db #0x00	; 0
    00001608 00                    5716 	.db #0x00	; 0
    00001609 5A                    5717 	.db #0x5a	; 90	'Z'
    0000160A 00                    5718 	.db #0x00	; 0
    0000160B 00                    5719 	.db #0x00	; 0
    0000160C 5A                    5720 	.db #0x5a	; 90	'Z'
    0000160D 00                    5721 	.db #0x00	; 0
    0000160E 00                    5722 	.db #0x00	; 0
    0000160F 5A                    5723 	.db #0x5a	; 90	'Z'
    00001610 00                    5724 	.db #0x00	; 0
    00001611 00                    5725 	.db #0x00	; 0
    00001612 5A                    5726 	.db #0x5a	; 90	'Z'
    00001613 00                    5727 	.db #0x00	; 0
    00001614 00                    5728 	.db #0x00	; 0
    00001615 5A                    5729 	.db #0x5a	; 90	'Z'
    00001616 00                    5730 	.db #0x00	; 0
    00001617 00                    5731 	.db #0x00	; 0
    00001618 5A                    5732 	.db #0x5a	; 90	'Z'
    00001619 00                    5733 	.db #0x00	; 0
    0000161A 00                    5734 	.db #0x00	; 0
    0000161B 5A                    5735 	.db #0x5a	; 90	'Z'
    0000161C 00                    5736 	.db #0x00	; 0
    0000161D 00                    5737 	.db #0x00	; 0
    0000161E 5A                    5738 	.db #0x5a	; 90	'Z'
    0000161F 10                    5739 	.db #0x10	; 16
    00001620 00                    5740 	.db #0x00	; 0
    00001621                       5741 _itNoiseSP4:
    00001621 44                    5742 	.db #0x44	; 68	'D'
    00001622 00                    5743 	.db #0x00	; 0
    00001623 00                    5744 	.db #0x00	; 0
    00001624 44                    5745 	.db #0x44	; 68	'D'
    00001625 20                    5746 	.db #0x20	; 32
    00001626 00                    5747 	.db #0x00	; 0
    00001627 5A                    5748 	.db #0x5a	; 90	'Z'
    00001628 00                    5749 	.db #0x00	; 0
    00001629 00                    5750 	.db #0x00	; 0
    0000162A 5A                    5751 	.db #0x5a	; 90	'Z'
    0000162B 00                    5752 	.db #0x00	; 0
    0000162C 00                    5753 	.db #0x00	; 0
    0000162D 5A                    5754 	.db #0x5a	; 90	'Z'
    0000162E 00                    5755 	.db #0x00	; 0
    0000162F 00                    5756 	.db #0x00	; 0
    00001630 5A                    5757 	.db #0x5a	; 90	'Z'
    00001631 00                    5758 	.db #0x00	; 0
    00001632 00                    5759 	.db #0x00	; 0
    00001633 5A                    5760 	.db #0x5a	; 90	'Z'
    00001634 00                    5761 	.db #0x00	; 0
    00001635 00                    5762 	.db #0x00	; 0
    00001636 5A                    5763 	.db #0x5a	; 90	'Z'
    00001637 00                    5764 	.db #0x00	; 0
    00001638 00                    5765 	.db #0x00	; 0
    00001639 5A                    5766 	.db #0x5a	; 90	'Z'
    0000163A 00                    5767 	.db #0x00	; 0
    0000163B 00                    5768 	.db #0x00	; 0
    0000163C 5A                    5769 	.db #0x5a	; 90	'Z'
    0000163D 00                    5770 	.db #0x00	; 0
    0000163E 00                    5771 	.db #0x00	; 0
    0000163F 5A                    5772 	.db #0x5a	; 90	'Z'
    00001640 00                    5773 	.db #0x00	; 0
    00001641 00                    5774 	.db #0x00	; 0
    00001642 5A                    5775 	.db #0x5a	; 90	'Z'
    00001643 00                    5776 	.db #0x00	; 0
    00001644 00                    5777 	.db #0x00	; 0
    00001645 5A                    5778 	.db #0x5a	; 90	'Z'
    00001646 00                    5779 	.db #0x00	; 0
    00001647 00                    5780 	.db #0x00	; 0
    00001648 5A                    5781 	.db #0x5a	; 90	'Z'
    00001649 00                    5782 	.db #0x00	; 0
    0000164A 00                    5783 	.db #0x00	; 0
    0000164B 5A                    5784 	.db #0x5a	; 90	'Z'
    0000164C 00                    5785 	.db #0x00	; 0
    0000164D 00                    5786 	.db #0x00	; 0
    0000164E 5A                    5787 	.db #0x5a	; 90	'Z'
    0000164F 00                    5788 	.db #0x00	; 0
    00001650 00                    5789 	.db #0x00	; 0
    00001651 5A                    5790 	.db #0x5a	; 90	'Z'
    00001652 00                    5791 	.db #0x00	; 0
    00001653 00                    5792 	.db #0x00	; 0
    00001654 5A                    5793 	.db #0x5a	; 90	'Z'
    00001655 00                    5794 	.db #0x00	; 0
    00001656 00                    5795 	.db #0x00	; 0
    00001657 5A                    5796 	.db #0x5a	; 90	'Z'
    00001658 00                    5797 	.db #0x00	; 0
    00001659 00                    5798 	.db #0x00	; 0
    0000165A 5A                    5799 	.db #0x5a	; 90	'Z'
    0000165B 00                    5800 	.db #0x00	; 0
    0000165C 00                    5801 	.db #0x00	; 0
    0000165D 5A                    5802 	.db #0x5a	; 90	'Z'
    0000165E 00                    5803 	.db #0x00	; 0
    0000165F 00                    5804 	.db #0x00	; 0
    00001660 5A                    5805 	.db #0x5a	; 90	'Z'
    00001661 00                    5806 	.db #0x00	; 0
    00001662 00                    5807 	.db #0x00	; 0
    00001663 5A                    5808 	.db #0x5a	; 90	'Z'
    00001664 00                    5809 	.db #0x00	; 0
    00001665 00                    5810 	.db #0x00	; 0
    00001666 5A                    5811 	.db #0x5a	; 90	'Z'
    00001667 00                    5812 	.db #0x00	; 0
    00001668 00                    5813 	.db #0x00	; 0
    00001669 5A                    5814 	.db #0x5a	; 90	'Z'
    0000166A 00                    5815 	.db #0x00	; 0
    0000166B 00                    5816 	.db #0x00	; 0
    0000166C 5A                    5817 	.db #0x5a	; 90	'Z'
    0000166D 00                    5818 	.db #0x00	; 0
    0000166E 00                    5819 	.db #0x00	; 0
    0000166F 5A                    5820 	.db #0x5a	; 90	'Z'
    00001670 00                    5821 	.db #0x00	; 0
    00001671 00                    5822 	.db #0x00	; 0
    00001672 5A                    5823 	.db #0x5a	; 90	'Z'
    00001673 00                    5824 	.db #0x00	; 0
    00001674 00                    5825 	.db #0x00	; 0
    00001675 5A                    5826 	.db #0x5a	; 90	'Z'
    00001676 00                    5827 	.db #0x00	; 0
    00001677 00                    5828 	.db #0x00	; 0
    00001678 5A                    5829 	.db #0x5a	; 90	'Z'
    00001679 00                    5830 	.db #0x00	; 0
    0000167A 00                    5831 	.db #0x00	; 0
    0000167B 5A                    5832 	.db #0x5a	; 90	'Z'
    0000167C 00                    5833 	.db #0x00	; 0
    0000167D 00                    5834 	.db #0x00	; 0
    0000167E 5A                    5835 	.db #0x5a	; 90	'Z'
    0000167F 10                    5836 	.db #0x10	; 16
    00001680 00                    5837 	.db #0x00	; 0
    00001681                       5838 _itNoiseSP5:
    00001681 3C                    5839 	.db #0x3c	; 60
    00001682 00                    5840 	.db #0x00	; 0
    00001683 00                    5841 	.db #0x00	; 0
    00001684 3C                    5842 	.db #0x3c	; 60
    00001685 20                    5843 	.db #0x20	; 32
    00001686 00                    5844 	.db #0x00	; 0
    00001687 5A                    5845 	.db #0x5a	; 90	'Z'
    00001688 00                    5846 	.db #0x00	; 0
    00001689 00                    5847 	.db #0x00	; 0
    0000168A 5A                    5848 	.db #0x5a	; 90	'Z'
    0000168B 00                    5849 	.db #0x00	; 0
    0000168C 00                    5850 	.db #0x00	; 0
    0000168D 5A                    5851 	.db #0x5a	; 90	'Z'
    0000168E 00                    5852 	.db #0x00	; 0
    0000168F 00                    5853 	.db #0x00	; 0
    00001690 5A                    5854 	.db #0x5a	; 90	'Z'
    00001691 00                    5855 	.db #0x00	; 0
    00001692 00                    5856 	.db #0x00	; 0
    00001693 5A                    5857 	.db #0x5a	; 90	'Z'
    00001694 00                    5858 	.db #0x00	; 0
    00001695 00                    5859 	.db #0x00	; 0
    00001696 5A                    5860 	.db #0x5a	; 90	'Z'
    00001697 00                    5861 	.db #0x00	; 0
    00001698 00                    5862 	.db #0x00	; 0
    00001699 5A                    5863 	.db #0x5a	; 90	'Z'
    0000169A 00                    5864 	.db #0x00	; 0
    0000169B 00                    5865 	.db #0x00	; 0
    0000169C 5A                    5866 	.db #0x5a	; 90	'Z'
    0000169D 00                    5867 	.db #0x00	; 0
    0000169E 00                    5868 	.db #0x00	; 0
    0000169F 5A                    5869 	.db #0x5a	; 90	'Z'
    000016A0 00                    5870 	.db #0x00	; 0
    000016A1 00                    5871 	.db #0x00	; 0
    000016A2 5A                    5872 	.db #0x5a	; 90	'Z'
    000016A3 00                    5873 	.db #0x00	; 0
    000016A4 00                    5874 	.db #0x00	; 0
    000016A5 5A                    5875 	.db #0x5a	; 90	'Z'
    000016A6 00                    5876 	.db #0x00	; 0
    000016A7 00                    5877 	.db #0x00	; 0
    000016A8 5A                    5878 	.db #0x5a	; 90	'Z'
    000016A9 00                    5879 	.db #0x00	; 0
    000016AA 00                    5880 	.db #0x00	; 0
    000016AB 5A                    5881 	.db #0x5a	; 90	'Z'
    000016AC 00                    5882 	.db #0x00	; 0
    000016AD 00                    5883 	.db #0x00	; 0
    000016AE 5A                    5884 	.db #0x5a	; 90	'Z'
    000016AF 00                    5885 	.db #0x00	; 0
    000016B0 00                    5886 	.db #0x00	; 0
    000016B1 5A                    5887 	.db #0x5a	; 90	'Z'
    000016B2 00                    5888 	.db #0x00	; 0
    000016B3 00                    5889 	.db #0x00	; 0
    000016B4 5A                    5890 	.db #0x5a	; 90	'Z'
    000016B5 00                    5891 	.db #0x00	; 0
    000016B6 00                    5892 	.db #0x00	; 0
    000016B7 5A                    5893 	.db #0x5a	; 90	'Z'
    000016B8 00                    5894 	.db #0x00	; 0
    000016B9 00                    5895 	.db #0x00	; 0
    000016BA 5A                    5896 	.db #0x5a	; 90	'Z'
    000016BB 00                    5897 	.db #0x00	; 0
    000016BC 00                    5898 	.db #0x00	; 0
    000016BD 5A                    5899 	.db #0x5a	; 90	'Z'
    000016BE 00                    5900 	.db #0x00	; 0
    000016BF 00                    5901 	.db #0x00	; 0
    000016C0 5A                    5902 	.db #0x5a	; 90	'Z'
    000016C1 00                    5903 	.db #0x00	; 0
    000016C2 00                    5904 	.db #0x00	; 0
    000016C3 5A                    5905 	.db #0x5a	; 90	'Z'
    000016C4 00                    5906 	.db #0x00	; 0
    000016C5 00                    5907 	.db #0x00	; 0
    000016C6 5A                    5908 	.db #0x5a	; 90	'Z'
    000016C7 00                    5909 	.db #0x00	; 0
    000016C8 00                    5910 	.db #0x00	; 0
    000016C9 5A                    5911 	.db #0x5a	; 90	'Z'
    000016CA 00                    5912 	.db #0x00	; 0
    000016CB 00                    5913 	.db #0x00	; 0
    000016CC 5A                    5914 	.db #0x5a	; 90	'Z'
    000016CD 00                    5915 	.db #0x00	; 0
    000016CE 00                    5916 	.db #0x00	; 0
    000016CF 5A                    5917 	.db #0x5a	; 90	'Z'
    000016D0 00                    5918 	.db #0x00	; 0
    000016D1 00                    5919 	.db #0x00	; 0
    000016D2 5A                    5920 	.db #0x5a	; 90	'Z'
    000016D3 00                    5921 	.db #0x00	; 0
    000016D4 00                    5922 	.db #0x00	; 0
    000016D5 5A                    5923 	.db #0x5a	; 90	'Z'
    000016D6 00                    5924 	.db #0x00	; 0
    000016D7 00                    5925 	.db #0x00	; 0
    000016D8 5A                    5926 	.db #0x5a	; 90	'Z'
    000016D9 00                    5927 	.db #0x00	; 0
    000016DA 00                    5928 	.db #0x00	; 0
    000016DB 5A                    5929 	.db #0x5a	; 90	'Z'
    000016DC 00                    5930 	.db #0x00	; 0
    000016DD 00                    5931 	.db #0x00	; 0
    000016DE 5A                    5932 	.db #0x5a	; 90	'Z'
    000016DF 10                    5933 	.db #0x10	; 16
    000016E0 00                    5934 	.db #0x00	; 0
    000016E1                       5935 _itNoiseSP6:
    000016E1 34                    5936 	.db #0x34	; 52	'4'
    000016E2 00                    5937 	.db #0x00	; 0
    000016E3 00                    5938 	.db #0x00	; 0
    000016E4 34                    5939 	.db #0x34	; 52	'4'
    000016E5 20                    5940 	.db #0x20	; 32
    000016E6 00                    5941 	.db #0x00	; 0
    000016E7 5A                    5942 	.db #0x5a	; 90	'Z'
    000016E8 00                    5943 	.db #0x00	; 0
    000016E9 00                    5944 	.db #0x00	; 0
    000016EA 5A                    5945 	.db #0x5a	; 90	'Z'
    000016EB 00                    5946 	.db #0x00	; 0
    000016EC 00                    5947 	.db #0x00	; 0
    000016ED 5A                    5948 	.db #0x5a	; 90	'Z'
    000016EE 00                    5949 	.db #0x00	; 0
    000016EF 00                    5950 	.db #0x00	; 0
    000016F0 5A                    5951 	.db #0x5a	; 90	'Z'
    000016F1 00                    5952 	.db #0x00	; 0
    000016F2 00                    5953 	.db #0x00	; 0
    000016F3 5A                    5954 	.db #0x5a	; 90	'Z'
    000016F4 00                    5955 	.db #0x00	; 0
    000016F5 00                    5956 	.db #0x00	; 0
    000016F6 5A                    5957 	.db #0x5a	; 90	'Z'
    000016F7 00                    5958 	.db #0x00	; 0
    000016F8 00                    5959 	.db #0x00	; 0
    000016F9 5A                    5960 	.db #0x5a	; 90	'Z'
    000016FA 00                    5961 	.db #0x00	; 0
    000016FB 00                    5962 	.db #0x00	; 0
    000016FC 5A                    5963 	.db #0x5a	; 90	'Z'
    000016FD 00                    5964 	.db #0x00	; 0
    000016FE 00                    5965 	.db #0x00	; 0
    000016FF 5A                    5966 	.db #0x5a	; 90	'Z'
    00001700 00                    5967 	.db #0x00	; 0
    00001701 00                    5968 	.db #0x00	; 0
    00001702 5A                    5969 	.db #0x5a	; 90	'Z'
    00001703 00                    5970 	.db #0x00	; 0
    00001704 00                    5971 	.db #0x00	; 0
    00001705 5A                    5972 	.db #0x5a	; 90	'Z'
    00001706 00                    5973 	.db #0x00	; 0
    00001707 00                    5974 	.db #0x00	; 0
    00001708 5A                    5975 	.db #0x5a	; 90	'Z'
    00001709 00                    5976 	.db #0x00	; 0
    0000170A 00                    5977 	.db #0x00	; 0
    0000170B 5A                    5978 	.db #0x5a	; 90	'Z'
    0000170C 00                    5979 	.db #0x00	; 0
    0000170D 00                    5980 	.db #0x00	; 0
    0000170E 5A                    5981 	.db #0x5a	; 90	'Z'
    0000170F 00                    5982 	.db #0x00	; 0
    00001710 00                    5983 	.db #0x00	; 0
    00001711 5A                    5984 	.db #0x5a	; 90	'Z'
    00001712 00                    5985 	.db #0x00	; 0
    00001713 00                    5986 	.db #0x00	; 0
    00001714 5A                    5987 	.db #0x5a	; 90	'Z'
    00001715 00                    5988 	.db #0x00	; 0
    00001716 00                    5989 	.db #0x00	; 0
    00001717 5A                    5990 	.db #0x5a	; 90	'Z'
    00001718 00                    5991 	.db #0x00	; 0
    00001719 00                    5992 	.db #0x00	; 0
    0000171A 5A                    5993 	.db #0x5a	; 90	'Z'
    0000171B 00                    5994 	.db #0x00	; 0
    0000171C 00                    5995 	.db #0x00	; 0
    0000171D 5A                    5996 	.db #0x5a	; 90	'Z'
    0000171E 00                    5997 	.db #0x00	; 0
    0000171F 00                    5998 	.db #0x00	; 0
    00001720 5A                    5999 	.db #0x5a	; 90	'Z'
    00001721 00                    6000 	.db #0x00	; 0
    00001722 00                    6001 	.db #0x00	; 0
    00001723 5A                    6002 	.db #0x5a	; 90	'Z'
    00001724 00                    6003 	.db #0x00	; 0
    00001725 00                    6004 	.db #0x00	; 0
    00001726 5A                    6005 	.db #0x5a	; 90	'Z'
    00001727 00                    6006 	.db #0x00	; 0
    00001728 00                    6007 	.db #0x00	; 0
    00001729 5A                    6008 	.db #0x5a	; 90	'Z'
    0000172A 00                    6009 	.db #0x00	; 0
    0000172B 00                    6010 	.db #0x00	; 0
    0000172C 5A                    6011 	.db #0x5a	; 90	'Z'
    0000172D 00                    6012 	.db #0x00	; 0
    0000172E 00                    6013 	.db #0x00	; 0
    0000172F 5A                    6014 	.db #0x5a	; 90	'Z'
    00001730 00                    6015 	.db #0x00	; 0
    00001731 00                    6016 	.db #0x00	; 0
    00001732 5A                    6017 	.db #0x5a	; 90	'Z'
    00001733 00                    6018 	.db #0x00	; 0
    00001734 00                    6019 	.db #0x00	; 0
    00001735 5A                    6020 	.db #0x5a	; 90	'Z'
    00001736 00                    6021 	.db #0x00	; 0
    00001737 00                    6022 	.db #0x00	; 0
    00001738 5A                    6023 	.db #0x5a	; 90	'Z'
    00001739 00                    6024 	.db #0x00	; 0
    0000173A 00                    6025 	.db #0x00	; 0
    0000173B 5A                    6026 	.db #0x5a	; 90	'Z'
    0000173C 00                    6027 	.db #0x00	; 0
    0000173D 00                    6028 	.db #0x00	; 0
    0000173E 5A                    6029 	.db #0x5a	; 90	'Z'
    0000173F 10                    6030 	.db #0x10	; 16
    00001740 00                    6031 	.db #0x00	; 0
    00001741                       6032 _itNoiseSP7:
    00001741 37                    6033 	.db #0x37	; 55	'7'
    00001742 00                    6034 	.db #0x00	; 0
    00001743 00                    6035 	.db #0x00	; 0
    00001744 37                    6036 	.db #0x37	; 55	'7'
    00001745 20                    6037 	.db #0x20	; 32
    00001746 00                    6038 	.db #0x00	; 0
    00001747 5A                    6039 	.db #0x5a	; 90	'Z'
    00001748 00                    6040 	.db #0x00	; 0
    00001749 00                    6041 	.db #0x00	; 0
    0000174A 5A                    6042 	.db #0x5a	; 90	'Z'
    0000174B 00                    6043 	.db #0x00	; 0
    0000174C 00                    6044 	.db #0x00	; 0
    0000174D 5A                    6045 	.db #0x5a	; 90	'Z'
    0000174E 00                    6046 	.db #0x00	; 0
    0000174F 00                    6047 	.db #0x00	; 0
    00001750 5A                    6048 	.db #0x5a	; 90	'Z'
    00001751 00                    6049 	.db #0x00	; 0
    00001752 00                    6050 	.db #0x00	; 0
    00001753 5A                    6051 	.db #0x5a	; 90	'Z'
    00001754 00                    6052 	.db #0x00	; 0
    00001755 00                    6053 	.db #0x00	; 0
    00001756 5A                    6054 	.db #0x5a	; 90	'Z'
    00001757 00                    6055 	.db #0x00	; 0
    00001758 00                    6056 	.db #0x00	; 0
    00001759 5A                    6057 	.db #0x5a	; 90	'Z'
    0000175A 00                    6058 	.db #0x00	; 0
    0000175B 00                    6059 	.db #0x00	; 0
    0000175C 5A                    6060 	.db #0x5a	; 90	'Z'
    0000175D 00                    6061 	.db #0x00	; 0
    0000175E 00                    6062 	.db #0x00	; 0
    0000175F 5A                    6063 	.db #0x5a	; 90	'Z'
    00001760 00                    6064 	.db #0x00	; 0
    00001761 00                    6065 	.db #0x00	; 0
    00001762 5A                    6066 	.db #0x5a	; 90	'Z'
    00001763 00                    6067 	.db #0x00	; 0
    00001764 00                    6068 	.db #0x00	; 0
    00001765 5A                    6069 	.db #0x5a	; 90	'Z'
    00001766 00                    6070 	.db #0x00	; 0
    00001767 00                    6071 	.db #0x00	; 0
    00001768 5A                    6072 	.db #0x5a	; 90	'Z'
    00001769 00                    6073 	.db #0x00	; 0
    0000176A 00                    6074 	.db #0x00	; 0
    0000176B 5A                    6075 	.db #0x5a	; 90	'Z'
    0000176C 00                    6076 	.db #0x00	; 0
    0000176D 00                    6077 	.db #0x00	; 0
    0000176E 5A                    6078 	.db #0x5a	; 90	'Z'
    0000176F 00                    6079 	.db #0x00	; 0
    00001770 00                    6080 	.db #0x00	; 0
    00001771 5A                    6081 	.db #0x5a	; 90	'Z'
    00001772 00                    6082 	.db #0x00	; 0
    00001773 00                    6083 	.db #0x00	; 0
    00001774 5A                    6084 	.db #0x5a	; 90	'Z'
    00001775 00                    6085 	.db #0x00	; 0
    00001776 00                    6086 	.db #0x00	; 0
    00001777 5A                    6087 	.db #0x5a	; 90	'Z'
    00001778 00                    6088 	.db #0x00	; 0
    00001779 00                    6089 	.db #0x00	; 0
    0000177A 5A                    6090 	.db #0x5a	; 90	'Z'
    0000177B 00                    6091 	.db #0x00	; 0
    0000177C 00                    6092 	.db #0x00	; 0
    0000177D 5A                    6093 	.db #0x5a	; 90	'Z'
    0000177E 00                    6094 	.db #0x00	; 0
    0000177F 00                    6095 	.db #0x00	; 0
    00001780 5A                    6096 	.db #0x5a	; 90	'Z'
    00001781 00                    6097 	.db #0x00	; 0
    00001782 00                    6098 	.db #0x00	; 0
    00001783 5A                    6099 	.db #0x5a	; 90	'Z'
    00001784 00                    6100 	.db #0x00	; 0
    00001785 00                    6101 	.db #0x00	; 0
    00001786 5A                    6102 	.db #0x5a	; 90	'Z'
    00001787 00                    6103 	.db #0x00	; 0
    00001788 00                    6104 	.db #0x00	; 0
    00001789 5A                    6105 	.db #0x5a	; 90	'Z'
    0000178A 00                    6106 	.db #0x00	; 0
    0000178B 00                    6107 	.db #0x00	; 0
    0000178C 5A                    6108 	.db #0x5a	; 90	'Z'
    0000178D 00                    6109 	.db #0x00	; 0
    0000178E 00                    6110 	.db #0x00	; 0
    0000178F 5A                    6111 	.db #0x5a	; 90	'Z'
    00001790 00                    6112 	.db #0x00	; 0
    00001791 00                    6113 	.db #0x00	; 0
    00001792 5A                    6114 	.db #0x5a	; 90	'Z'
    00001793 00                    6115 	.db #0x00	; 0
    00001794 00                    6116 	.db #0x00	; 0
    00001795 5A                    6117 	.db #0x5a	; 90	'Z'
    00001796 00                    6118 	.db #0x00	; 0
    00001797 00                    6119 	.db #0x00	; 0
    00001798 5A                    6120 	.db #0x5a	; 90	'Z'
    00001799 00                    6121 	.db #0x00	; 0
    0000179A 00                    6122 	.db #0x00	; 0
    0000179B 5A                    6123 	.db #0x5a	; 90	'Z'
    0000179C 00                    6124 	.db #0x00	; 0
    0000179D 00                    6125 	.db #0x00	; 0
    0000179E 5A                    6126 	.db #0x5a	; 90	'Z'
    0000179F 10                    6127 	.db #0x10	; 16
    000017A0 00                    6128 	.db #0x00	; 0
    000017A1                       6129 _order1:
    000017A1r01r00                 6130 	.dw _P0
    000017A3r01r03                 6131 	.dw _P4
    000017A5rC1r03                 6132 	.dw _P8
    000017A7r01r06                 6133 	.dw _P12
    000017A9r41r08                 6134 	.dw _P16
    000017ABr41r08                 6135 	.dw _P16
    000017ADr41r08                 6136 	.dw _P16
    000017AFr41r08                 6137 	.dw _P16
    000017B1r41r08                 6138 	.dw _P16
    000017B3r41r08                 6139 	.dw _P16
    000017B5r41r08                 6140 	.dw _P16
    000017B7r41r08                 6141 	.dw _P16
    000017B9r41r0E                 6142 	.dw _P28
    000017BBr41r0E                 6143 	.dw _P28
    000017BDr41r08                 6144 	.dw _P16
    000017BFr41r08                 6145 	.dw _P16
    000017C1r41r08                 6146 	.dw _P16
    000017C3r41r08                 6147 	.dw _P16
    000017C5r41r08                 6148 	.dw _P16
    000017C7r41r08                 6149 	.dw _P16
    000017C9r41r08                 6150 	.dw _P16
    000017CBr41r08                 6151 	.dw _P16
    000017CDr41r0E                 6152 	.dw _P28
    000017CFr41r0E                 6153 	.dw _P28
    000017D1r41r0E                 6154 	.dw _P28
    000017D3rC1r12                 6155 	.dw _P36
    000017D5                       6156 _order2:
    000017D5rC1r00                 6157 	.dw _P1
    000017D7rC1r00                 6158 	.dw _P1
    000017D9r81r04                 6159 	.dw _P9
    000017DBrC1r06                 6160 	.dw _P13
    000017DDr01r09                 6161 	.dw _P17
    000017DFr41r0B                 6162 	.dw _P21
    000017E1r01r09                 6163 	.dw _P17
    000017E3r41r0B                 6164 	.dw _P21
    000017E5r01r09                 6165 	.dw _P17
    000017E7r41r0B                 6166 	.dw _P21
    000017E9r01r09                 6167 	.dw _P17
    000017EBr41r0B                 6168 	.dw _P21
    000017EDr01r0F                 6169 	.dw _P29
    000017EFr01r0F                 6170 	.dw _P29
    000017F1r01r09                 6171 	.dw _P17
    000017F3r41r0B                 6172 	.dw _P21
    000017F5r01r09                 6173 	.dw _P17
    000017F7r41r0B                 6174 	.dw _P21
    000017F9r01r09                 6175 	.dw _P17
    000017FBr41r0B                 6176 	.dw _P21
    000017FDr01r09                 6177 	.dw _P17
    000017FFr41r0B                 6178 	.dw _P21
    00001801r01r0F                 6179 	.dw _P29
    00001803r01r0F                 6180 	.dw _P29
    00001805r01r0F                 6181 	.dw _P29
    00001807r81r13                 6182 	.dw _P37
    00001809                       6183 _order3:
    00001809r81r01                 6184 	.dw _P2
    0000180Br81r01                 6185 	.dw _P2
    0000180Dr81r01                 6186 	.dw _P2
    0000180Fr81r01                 6187 	.dw _P2
    00001811rC1r09                 6188 	.dw _P18
    00001813r01r0C                 6189 	.dw _P22
    00001815rC1r09                 6190 	.dw _P18
    00001817r01r0C                 6191 	.dw _P22
    00001819rC1r09                 6192 	.dw _P18
    0000181Br01r0C                 6193 	.dw _P22
    0000181DrC1r09                 6194 	.dw _P18
    0000181FrC1r0C                 6195 	.dw _P26
    00001821rC1r0F                 6196 	.dw _P30
    00001823rC1r0F                 6197 	.dw _P30
    00001825rC1r09                 6198 	.dw _P18
    00001827r01r0C                 6199 	.dw _P22
    00001829rC1r09                 6200 	.dw _P18
    0000182Br01r0C                 6201 	.dw _P22
    0000182DrC1r09                 6202 	.dw _P18
    0000182Fr01r0C                 6203 	.dw _P22
    00001831rC1r09                 6204 	.dw _P18
    00001833rC1r0C                 6205 	.dw _P26
    00001835rC1r0F                 6206 	.dw _P30
    00001837rC1r0F                 6207 	.dw _P30
    00001839r41r11                 6208 	.dw _P34
    0000183Br81r01                 6209 	.dw _P2
    0000183D                       6210 _order4:
    0000183Dr41r02                 6211 	.dw _P3
    0000183Fr81r01                 6212 	.dw _P2
    00001841r41r05                 6213 	.dw _P11
    00001843r81r07                 6214 	.dw _P15
    00001845r81r0A                 6215 	.dw _P19
    00001847r81r0A                 6216 	.dw _P19
    00001849r81r0A                 6217 	.dw _P19
    0000184Br81r0A                 6218 	.dw _P19
    0000184Dr81r0A                 6219 	.dw _P19
    0000184Fr81r0A                 6220 	.dw _P19
    00001851r81r0A                 6221 	.dw _P19
    00001853r81r0D                 6222 	.dw _P27
    00001855r81r10                 6223 	.dw _P31
    00001857r81r10                 6224 	.dw _P31
    00001859r81r0A                 6225 	.dw _P19
    0000185Br81r0A                 6226 	.dw _P19
    0000185Dr81r0A                 6227 	.dw _P19
    0000185Fr81r0A                 6228 	.dw _P19
    00001861r81r0A                 6229 	.dw _P19
    00001863r81r0A                 6230 	.dw _P19
    00001865r81r0A                 6231 	.dw _P19
    00001867r81r0D                 6232 	.dw _P27
    00001869r81r10                 6233 	.dw _P31
    0000186Br81r10                 6234 	.dw _P31
    0000186Dr01r12                 6235 	.dw _P35
    0000186Fr41r14                 6236 	.dw _P39
    00001871                       6237 _duty_instruments:
    00001871 00                    6238 	.db #0x00	; 0
    00001872 40                    6239 	.db #0x40	; 64
    00001873 A8                    6240 	.db #0xa8	; 168
    00001874 00 00                 6241 	.dw #0x0000
    00001876 80                    6242 	.db #0x80	; 128
    00001877 00                    6243 	.db #0x00	; 0
    00001878 80                    6244 	.db #0x80	; 128
    00001879 A8                    6245 	.db #0xa8	; 168
    0000187A 00 00                 6246 	.dw #0x0000
    0000187C 80                    6247 	.db #0x80	; 128
    0000187D 00                    6248 	.db #0x00	; 0
    0000187E C0                    6249 	.db #0xc0	; 192
    0000187F A8                    6250 	.db #0xa8	; 168
    00001880 00 00                 6251 	.dw #0x0000
    00001882 80                    6252 	.db #0x80	; 128
    00001883 00                    6253 	.db #0x00	; 0
    00001884 00                    6254 	.db #0x00	; 0
    00001885 A8                    6255 	.db #0xa8	; 168
    00001886 00 00                 6256 	.dw #0x0000
    00001888 80                    6257 	.db #0x80	; 128
    00001889                       6258 _wave_instruments:
    00001889 80                    6259 	.db #0x80	; 128
    0000188A 20                    6260 	.db #0x20	; 32
    0000188B 01                    6261 	.db #0x01	; 1
    0000188C 00 00                 6262 	.dw #0x0000
    0000188E C0                    6263 	.db #0xc0	; 192
    0000188F 80                    6264 	.db #0x80	; 128
    00001890 20                    6265 	.db #0x20	; 32
    00001891 02                    6266 	.db #0x02	; 2
    00001892 00 00                 6267 	.dw #0x0000
    00001894 C0                    6268 	.db #0xc0	; 192
    00001895 80                    6269 	.db #0x80	; 128
    00001896 20                    6270 	.db #0x20	; 32
    00001897 03                    6271 	.db #0x03	; 3
    00001898 00 00                 6272 	.dw #0x0000
    0000189A C0                    6273 	.db #0xc0	; 192
    0000189B 80                    6274 	.db #0x80	; 128
    0000189C 20                    6275 	.db #0x20	; 32
    0000189D 04                    6276 	.db #0x04	; 4
    0000189E 00 00                 6277 	.dw #0x0000
    000018A0 C0                    6278 	.db #0xc0	; 192
    000018A1 80                    6279 	.db #0x80	; 128
    000018A2 20                    6280 	.db #0x20	; 32
    000018A3 05                    6281 	.db #0x05	; 5
    000018A4 00 00                 6282 	.dw #0x0000
    000018A6 C0                    6283 	.db #0xc0	; 192
    000018A7 80                    6284 	.db #0x80	; 128
    000018A8 20                    6285 	.db #0x20	; 32
    000018A9 06                    6286 	.db #0x06	; 6
    000018AA 00 00                 6287 	.dw #0x0000
    000018AC C0                    6288 	.db #0xc0	; 192
    000018AD 00                    6289 	.db #0x00	; 0
    000018AE 20                    6290 	.db #0x20	; 32
    000018AF 07                    6291 	.db #0x07	; 7
    000018B0 00 00                 6292 	.dw #0x0000
    000018B2 80                    6293 	.db #0x80	; 128
    000018B3 00                    6294 	.db #0x00	; 0
    000018B4 20                    6295 	.db #0x20	; 32
    000018B5 08                    6296 	.db #0x08	; 8
    000018B6 00 00                 6297 	.dw #0x0000
    000018B8 80                    6298 	.db #0x80	; 128
    000018B9 00                    6299 	.db #0x00	; 0
    000018BA 20                    6300 	.db #0x20	; 32
    000018BB 09                    6301 	.db #0x09	; 9
    000018BC 00 00                 6302 	.dw #0x0000
    000018BE 80                    6303 	.db #0x80	; 128
    000018BF 00                    6304 	.db #0x00	; 0
    000018C0 20                    6305 	.db #0x20	; 32
    000018C1 0A                    6306 	.db #0x0a	; 10
    000018C2 00 00                 6307 	.dw #0x0000
    000018C4 80                    6308 	.db #0x80	; 128
    000018C5 00                    6309 	.db #0x00	; 0
    000018C6 20                    6310 	.db #0x20	; 32
    000018C7 0B                    6311 	.db #0x0b	; 11
    000018C8 00 00                 6312 	.dw #0x0000
    000018CA 80                    6313 	.db #0x80	; 128
    000018CB 00                    6314 	.db #0x00	; 0
    000018CC 20                    6315 	.db #0x20	; 32
    000018CD 0C                    6316 	.db #0x0c	; 12
    000018CE 00 00                 6317 	.dw #0x0000
    000018D0 80                    6318 	.db #0x80	; 128
    000018D1 00                    6319 	.db #0x00	; 0
    000018D2 20                    6320 	.db #0x20	; 32
    000018D3 0D                    6321 	.db #0x0d	; 13
    000018D4 00 00                 6322 	.dw #0x0000
    000018D6 80                    6323 	.db #0x80	; 128
    000018D7                       6324 _noise_instruments:
    000018D7 98                    6325 	.db #0x98	; 152
    000018D8r01r15                 6326 	.dw _itNoiseSP1
    000018DA 00                    6327 	.db #0x00	; 0
    000018DB 00                    6328 	.db #0x00	; 0
    000018DC 00                    6329 	.db #0x00	; 0
    000018DD A2                    6330 	.db #0xa2	; 162
    000018DEr61r15                 6331 	.dw _itNoiseSP2
    000018E0 68                    6332 	.db #0x68	; 104	'h'
    000018E1 00                    6333 	.db #0x00	; 0
    000018E2 00                    6334 	.db #0x00	; 0
    000018E3 78                    6335 	.db #0x78	; 120	'x'
    000018E4rC1r15                 6336 	.dw _itNoiseSP3
    000018E6 00                    6337 	.db #0x00	; 0
    000018E7 00                    6338 	.db #0x00	; 0
    000018E8 00                    6339 	.db #0x00	; 0
    000018E9 92                    6340 	.db #0x92	; 146
    000018EAr21r16                 6341 	.dw _itNoiseSP4
    000018EC 40                    6342 	.db #0x40	; 64
    000018ED 00                    6343 	.db #0x00	; 0
    000018EE 00                    6344 	.db #0x00	; 0
    000018EF 94                    6345 	.db #0x94	; 148
    000018F0r81r16                 6346 	.dw _itNoiseSP5
    000018F2 00                    6347 	.db #0x00	; 0
    000018F3 00                    6348 	.db #0x00	; 0
    000018F4 00                    6349 	.db #0x00	; 0
    000018F5 94                    6350 	.db #0x94	; 148
    000018F6rE1r16                 6351 	.dw _itNoiseSP6
    000018F8 00                    6352 	.db #0x00	; 0
    000018F9 00                    6353 	.db #0x00	; 0
    000018FA 00                    6354 	.db #0x00	; 0
    000018FB B2                    6355 	.db #0xb2	; 178
    000018FCr41r17                 6356 	.dw _itNoiseSP7
    000018FE 00                    6357 	.db #0x00	; 0
    000018FF 00                    6358 	.db #0x00	; 0
    00001900 00                    6359 	.db #0x00	; 0
    00001901                       6360 _waves:
    00001901 88                    6361 	.db #0x88	; 136
    00001902 88                    6362 	.db #0x88	; 136
    00001903 88                    6363 	.db #0x88	; 136
    00001904 88                    6364 	.db #0x88	; 136
    00001905 88                    6365 	.db #0x88	; 136
    00001906 88                    6366 	.db #0x88	; 136
    00001907 88                    6367 	.db #0x88	; 136
    00001908 88                    6368 	.db #0x88	; 136
    00001909 88                    6369 	.db #0x88	; 136
    0000190A 88                    6370 	.db #0x88	; 136
    0000190B 88                    6371 	.db #0x88	; 136
    0000190C 88                    6372 	.db #0x88	; 136
    0000190D 88                    6373 	.db #0x88	; 136
    0000190E 88                    6374 	.db #0x88	; 136
    0000190F 88                    6375 	.db #0x88	; 136
    00001910 88                    6376 	.db #0x88	; 136
    00001911 FF                    6377 	.db #0xff	; 255
    00001912 FF                    6378 	.db #0xff	; 255
    00001913 00                    6379 	.db #0x00	; 0
    00001914 00                    6380 	.db #0x00	; 0
    00001915 00                    6381 	.db #0x00	; 0
    00001916 00                    6382 	.db #0x00	; 0
    00001917 00                    6383 	.db #0x00	; 0
    00001918 00                    6384 	.db #0x00	; 0
    00001919 00                    6385 	.db #0x00	; 0
    0000191A 00                    6386 	.db #0x00	; 0
    0000191B 00                    6387 	.db #0x00	; 0
    0000191C 00                    6388 	.db #0x00	; 0
    0000191D 00                    6389 	.db #0x00	; 0
    0000191E 00                    6390 	.db #0x00	; 0
    0000191F 00                    6391 	.db #0x00	; 0
    00001920 00                    6392 	.db #0x00	; 0
    00001921 FF                    6393 	.db #0xff	; 255
    00001922 FF                    6394 	.db #0xff	; 255
    00001923 FF                    6395 	.db #0xff	; 255
    00001924 FF                    6396 	.db #0xff	; 255
    00001925 00                    6397 	.db #0x00	; 0
    00001926 00                    6398 	.db #0x00	; 0
    00001927 00                    6399 	.db #0x00	; 0
    00001928 00                    6400 	.db #0x00	; 0
    00001929 00                    6401 	.db #0x00	; 0
    0000192A 00                    6402 	.db #0x00	; 0
    0000192B 00                    6403 	.db #0x00	; 0
    0000192C 00                    6404 	.db #0x00	; 0
    0000192D 00                    6405 	.db #0x00	; 0
    0000192E 00                    6406 	.db #0x00	; 0
    0000192F 00                    6407 	.db #0x00	; 0
    00001930 00                    6408 	.db #0x00	; 0
    00001931 FF                    6409 	.db #0xff	; 255
    00001932 FF                    6410 	.db #0xff	; 255
    00001933 FF                    6411 	.db #0xff	; 255
    00001934 FF                    6412 	.db #0xff	; 255
    00001935 FF                    6413 	.db #0xff	; 255
    00001936 00                    6414 	.db #0x00	; 0
    00001937 00                    6415 	.db #0x00	; 0
    00001938 00                    6416 	.db #0x00	; 0
    00001939 00                    6417 	.db #0x00	; 0
    0000193A 00                    6418 	.db #0x00	; 0
    0000193B 00                    6419 	.db #0x00	; 0
    0000193C 00                    6420 	.db #0x00	; 0
    0000193D 00                    6421 	.db #0x00	; 0
    0000193E 00                    6422 	.db #0x00	; 0
    0000193F 00                    6423 	.db #0x00	; 0
    00001940 00                    6424 	.db #0x00	; 0
    00001941 FF                    6425 	.db #0xff	; 255
    00001942 FF                    6426 	.db #0xff	; 255
    00001943 FF                    6427 	.db #0xff	; 255
    00001944 FF                    6428 	.db #0xff	; 255
    00001945 FF                    6429 	.db #0xff	; 255
    00001946 FF                    6430 	.db #0xff	; 255
    00001947 00                    6431 	.db #0x00	; 0
    00001948 00                    6432 	.db #0x00	; 0
    00001949 00                    6433 	.db #0x00	; 0
    0000194A 00                    6434 	.db #0x00	; 0
    0000194B 00                    6435 	.db #0x00	; 0
    0000194C 00                    6436 	.db #0x00	; 0
    0000194D 00                    6437 	.db #0x00	; 0
    0000194E 00                    6438 	.db #0x00	; 0
    0000194F 00                    6439 	.db #0x00	; 0
    00001950 00                    6440 	.db #0x00	; 0
    00001951 FF                    6441 	.db #0xff	; 255
    00001952 FF                    6442 	.db #0xff	; 255
    00001953 FF                    6443 	.db #0xff	; 255
    00001954 FF                    6444 	.db #0xff	; 255
    00001955 FF                    6445 	.db #0xff	; 255
    00001956 FF                    6446 	.db #0xff	; 255
    00001957 FF                    6447 	.db #0xff	; 255
    00001958 00                    6448 	.db #0x00	; 0
    00001959 00                    6449 	.db #0x00	; 0
    0000195A 00                    6450 	.db #0x00	; 0
    0000195B 00                    6451 	.db #0x00	; 0
    0000195C 00                    6452 	.db #0x00	; 0
    0000195D 00                    6453 	.db #0x00	; 0
    0000195E 00                    6454 	.db #0x00	; 0
    0000195F 00                    6455 	.db #0x00	; 0
    00001960 00                    6456 	.db #0x00	; 0
    00001961 FF                    6457 	.db #0xff	; 255
    00001962 FF                    6458 	.db #0xff	; 255
    00001963 FF                    6459 	.db #0xff	; 255
    00001964 FF                    6460 	.db #0xff	; 255
    00001965 FF                    6461 	.db #0xff	; 255
    00001966 FF                    6462 	.db #0xff	; 255
    00001967 FF                    6463 	.db #0xff	; 255
    00001968 FF                    6464 	.db #0xff	; 255
    00001969 00                    6465 	.db #0x00	; 0
    0000196A 00                    6466 	.db #0x00	; 0
    0000196B 00                    6467 	.db #0x00	; 0
    0000196C 00                    6468 	.db #0x00	; 0
    0000196D 00                    6469 	.db #0x00	; 0
    0000196E 00                    6470 	.db #0x00	; 0
    0000196F 00                    6471 	.db #0x00	; 0
    00001970 00                    6472 	.db #0x00	; 0
    00001971 CC                    6473 	.db #0xcc	; 204
    00001972 CC                    6474 	.db #0xcc	; 204
    00001973 CC                    6475 	.db #0xcc	; 204
    00001974 CC                    6476 	.db #0xcc	; 204
    00001975 CC                    6477 	.db #0xcc	; 204
    00001976 CC                    6478 	.db #0xcc	; 204
    00001977 CC                    6479 	.db #0xcc	; 204
    00001978 CC                    6480 	.db #0xcc	; 204
    00001979 33                    6481 	.db #0x33	; 51	'3'
    0000197A 33                    6482 	.db #0x33	; 51	'3'
    0000197B 33                    6483 	.db #0x33	; 51	'3'
    0000197C 33                    6484 	.db #0x33	; 51	'3'
    0000197D 33                    6485 	.db #0x33	; 51	'3'
    0000197E 33                    6486 	.db #0x33	; 51	'3'
    0000197F 33                    6487 	.db #0x33	; 51	'3'
    00001980 33                    6488 	.db #0x33	; 51	'3'
    00001981 AA                    6489 	.db #0xaa	; 170
    00001982 AA                    6490 	.db #0xaa	; 170
    00001983 AA                    6491 	.db #0xaa	; 170
    00001984 AA                    6492 	.db #0xaa	; 170
    00001985 AA                    6493 	.db #0xaa	; 170
    00001986 AA                    6494 	.db #0xaa	; 170
    00001987 AA                    6495 	.db #0xaa	; 170
    00001988 AA                    6496 	.db #0xaa	; 170
    00001989 55                    6497 	.db #0x55	; 85	'U'
    0000198A 55                    6498 	.db #0x55	; 85	'U'
    0000198B 55                    6499 	.db #0x55	; 85	'U'
    0000198C 55                    6500 	.db #0x55	; 85	'U'
    0000198D 55                    6501 	.db #0x55	; 85	'U'
    0000198E 55                    6502 	.db #0x55	; 85	'U'
    0000198F 55                    6503 	.db #0x55	; 85	'U'
    00001990 55                    6504 	.db #0x55	; 85	'U'
    00001991 88                    6505 	.db #0x88	; 136
    00001992 88                    6506 	.db #0x88	; 136
    00001993 88                    6507 	.db #0x88	; 136
    00001994 88                    6508 	.db #0x88	; 136
    00001995 88                    6509 	.db #0x88	; 136
    00001996 88                    6510 	.db #0x88	; 136
    00001997 88                    6511 	.db #0x88	; 136
    00001998 88                    6512 	.db #0x88	; 136
    00001999 77                    6513 	.db #0x77	; 119	'w'
    0000199A 77                    6514 	.db #0x77	; 119	'w'
    0000199B 77                    6515 	.db #0x77	; 119	'w'
    0000199C 77                    6516 	.db #0x77	; 119	'w'
    0000199D 77                    6517 	.db #0x77	; 119	'w'
    0000199E 77                    6518 	.db #0x77	; 119	'w'
    0000199F 77                    6519 	.db #0x77	; 119	'w'
    000019A0 77                    6520 	.db #0x77	; 119	'w'
    000019A1 FF                    6521 	.db #0xff	; 255
    000019A2 FF                    6522 	.db #0xff	; 255
    000019A3 CC                    6523 	.db #0xcc	; 204
    000019A4 CC                    6524 	.db #0xcc	; 204
    000019A5 FF                    6525 	.db #0xff	; 255
    000019A6 FF                    6526 	.db #0xff	; 255
    000019A7 CC                    6527 	.db #0xcc	; 204
    000019A8 CC                    6528 	.db #0xcc	; 204
    000019A9 00                    6529 	.db #0x00	; 0
    000019AA 00                    6530 	.db #0x00	; 0
    000019AB 33                    6531 	.db #0x33	; 51	'3'
    000019AC 33                    6532 	.db #0x33	; 51	'3'
    000019AD 00                    6533 	.db #0x00	; 0
    000019AE 00                    6534 	.db #0x00	; 0
    000019AF 33                    6535 	.db #0x33	; 51	'3'
    000019B0 33                    6536 	.db #0x33	; 51	'3'
    000019B1 FE                    6537 	.db #0xfe	; 254
    000019B2 DC                    6538 	.db #0xdc	; 220
    000019B3 BA                    6539 	.db #0xba	; 186
    000019B4 98                    6540 	.db #0x98	; 152
    000019B5 76                    6541 	.db #0x76	; 118	'v'
    000019B6 54                    6542 	.db #0x54	; 84	'T'
    000019B7 32                    6543 	.db #0x32	; 50	'2'
    000019B8 10                    6544 	.db #0x10	; 16
    000019B9 01                    6545 	.db #0x01	; 1
    000019BA 23                    6546 	.db #0x23	; 35
    000019BB 45                    6547 	.db #0x45	; 69	'E'
    000019BC 67                    6548 	.db #0x67	; 103	'g'
    000019BD 89                    6549 	.db #0x89	; 137
    000019BE AB                    6550 	.db #0xab	; 171
    000019BF CD                    6551 	.db #0xcd	; 205
    000019C0 EF                    6552 	.db #0xef	; 239
    000019C1 FF                    6553 	.db #0xff	; 255
    000019C2 FF                    6554 	.db #0xff	; 255
    000019C3 BA                    6555 	.db #0xba	; 186
    000019C4 98                    6556 	.db #0x98	; 152
    000019C5 A9                    6557 	.db #0xa9	; 169
    000019C6 87                    6558 	.db #0x87	; 135
    000019C7 32                    6559 	.db #0x32	; 50	'2'
    000019C8 10                    6560 	.db #0x10	; 16
    000019C9 34                    6561 	.db #0x34	; 52	'4'
    000019CA 56                    6562 	.db #0x56	; 86	'V'
    000019CB 45                    6563 	.db #0x45	; 69	'E'
    000019CC 67                    6564 	.db #0x67	; 103	'g'
    000019CD BC                    6565 	.db #0xbc	; 188
    000019CE DE                    6566 	.db #0xde	; 222
    000019CF CD                    6567 	.db #0xcd	; 205
    000019D0 EF                    6568 	.db #0xef	; 239
    000019D1 FF                    6569 	.db #0xff	; 255
    000019D2 EE                    6570 	.db #0xee	; 238
    000019D3 DD                    6571 	.db #0xdd	; 221
    000019D4 CC                    6572 	.db #0xcc	; 204
    000019D5 BB                    6573 	.db #0xbb	; 187
    000019D6 AA                    6574 	.db #0xaa	; 170
    000019D7 99                    6575 	.db #0x99	; 153
    000019D8 88                    6576 	.db #0x88	; 136
    000019D9 77                    6577 	.db #0x77	; 119	'w'
    000019DA 66                    6578 	.db #0x66	; 102	'f'
    000019DB 55                    6579 	.db #0x55	; 85	'U'
    000019DC 44                    6580 	.db #0x44	; 68	'D'
    000019DD 33                    6581 	.db #0x33	; 51	'3'
    000019DE 22                    6582 	.db #0x22	; 34
    000019DF 11                    6583 	.db #0x11	; 17
    000019E0 00                    6584 	.db #0x00	; 0
    000019E1                       6585 _intro_theme:
    000019E1 06                    6586 	.db #0x06	; 6
    000019E2r00r00                 6587 	.dw _order_cnt
    000019E4rA1r17                 6588 	.dw _order1
    000019E6rD5r17                 6589 	.dw _order2
    000019E8r09r18                 6590 	.dw _order3
    000019EAr3Dr18                 6591 	.dw _order4
    000019ECr71r18                 6592 	.dw _duty_instruments
    000019EEr89r18                 6593 	.dw _wave_instruments
    000019F0rD7r18                 6594 	.dw _noise_instruments
    000019F2 00 00                 6595 	.dw #0x0000
    000019F4r01r19                 6596 	.dw _waves
                                   6597 	.area _INITIALIZER
                                   6598 	.area _CABS (ABS)
