                                      1 ;--------------------------------------------------------
                                      2 ; File Created by SDCC : free open source ISO C Compiler
                                      3 ; Version 4.5.1 #15267 (Linux)
                                      4 ;--------------------------------------------------------
                                      5 	.module CampTiles
                                      6 	
                                      7 ;--------------------------------------------------------
                                      8 ; Public variables in this module
                                      9 ;--------------------------------------------------------
                                     10 	.globl _camp_collisions
                                     11 	.globl _CampTiles
                                     12 ;--------------------------------------------------------
                                     13 ; special function registers
                                     14 ;--------------------------------------------------------
                                     15 	.area _HRAM
                                     16 ;--------------------------------------------------------
                                     17 ; ram data
                                     18 ;--------------------------------------------------------
                                     19 	.area _DATA
                                     20 ;--------------------------------------------------------
                                     21 ; ram data
                                     22 ;--------------------------------------------------------
                                     23 	.area _INITIALIZED
                                     24 ;--------------------------------------------------------
                                     25 ; absolute external ram data
                                     26 ;--------------------------------------------------------
                                     27 	.area _DABS (ABS)
                                     28 ;--------------------------------------------------------
                                     29 ; global & static initialisations
                                     30 ;--------------------------------------------------------
                                     31 	.area _HOME
                                     32 	.area _GSINIT
                                     33 	.area _GSFINAL
                                     34 	.area _GSINIT
                                     35 ;--------------------------------------------------------
                                     36 ; Home
                                     37 ;--------------------------------------------------------
                                     38 	.area _HOME
                                     39 	.area _HOME
                                     40 ;--------------------------------------------------------
                                     41 ; code
                                     42 ;--------------------------------------------------------
                                     43 	.area _CODE_2
                                     44 	.area _CODE_2
    00000000                         45 _CampTiles:
    00000000 0A                      46 	.db #0x0a	; 10
    00000001 11                      47 	.db #0x11	; 17
    00000002 27                      48 	.db #0x27	; 39
    00000003 18                      49 	.db #0x18	; 24
    00000004 36                      50 	.db #0x36	; 54	'6'
    00000005 08                      51 	.db #0x08	; 8
    00000006 2E                      52 	.db #0x2e	; 46
    00000007 10                      53 	.db #0x10	; 16
    00000008 39                      54 	.db #0x39	; 57	'9'
    00000009 01                      55 	.db #0x01	; 1
    0000000A 9B                      56 	.db #0x9b	; 155
    0000000B 83                      57 	.db #0x83	; 131
    0000000C CB                      58 	.db #0xcb	; 203
    0000000D C3                      59 	.db #0xc3	; 195
    0000000E C1                      60 	.db #0xc1	; 193
    0000000F C3                      61 	.db #0xc3	; 195
    00000010 B1                      62 	.db #0xb1	; 177
    00000011 06                      63 	.db #0x06	; 6
    00000012 7D                      64 	.db #0x7d	; 125
    00000013 02                      65 	.db #0x02	; 2
    00000014 69                      66 	.db #0x69	; 105	'i'
    00000015 16                      67 	.db #0x16	; 22
    00000016 39                      68 	.db #0x39	; 57	'9'
    00000017 06                      69 	.db #0x06	; 6
    00000018 3B                      70 	.db #0x3b	; 59
    00000019 04                      71 	.db #0x04	; 4
    0000001A 9B                      72 	.db #0x9b	; 155
    0000001B 84                      73 	.db #0x84	; 132
    0000001C 96                      74 	.db #0x96	; 150
    0000001D 88                      75 	.db #0x88	; 136
    0000001E DC                      76 	.db #0xdc	; 220
    0000001F C0                      77 	.db #0xc0	; 192
    00000020 01                      78 	.db #0x01	; 1
    00000021 00                      79 	.db #0x00	; 0
    00000022 C3                      80 	.db #0xc3	; 195
    00000023 00                      81 	.db #0x00	; 0
    00000024 D1                      82 	.db #0xd1	; 209
    00000025 10                      83 	.db #0x10	; 16
    00000026 99                      84 	.db #0x99	; 153
    00000027 18                      85 	.db #0x18	; 24
    00000028 3C                      86 	.db #0x3c	; 60
    00000029 3C                      87 	.db #0x3c	; 60
    0000002A 3E                      88 	.db #0x3e	; 62
    0000002B 3E                      89 	.db #0x3e	; 62
    0000002C 7E                      90 	.db #0x7e	; 126
    0000002D 7E                      91 	.db #0x7e	; 126
    0000002E FF                      92 	.db #0xff	; 255
    0000002F FF                      93 	.db #0xff	; 255
    00000030 61                      94 	.db #0x61	; 97	'a'
    00000031 00                      95 	.db #0x00	; 0
    00000032 79                      96 	.db #0x79	; 121	'y'
    00000033 80                      97 	.db #0x80	; 128
    00000034 F8                      98 	.db #0xf8	; 248
    00000035 02                      99 	.db #0x02	; 2
    00000036 E9                     100 	.db #0xe9	; 233
    00000037 16                     101 	.db #0x16	; 22
    00000038 F9                     102 	.db #0xf9	; 249
    00000039 06                     103 	.db #0x06	; 6
    0000003A FA                     104 	.db #0xfa	; 250
    0000003B 05                     105 	.db #0x05	; 5
    0000003C 5B                     106 	.db #0x5b	; 91
    0000003D 24                     107 	.db #0x24	; 36
    0000003E 37                     108 	.db #0x37	; 55	'7'
    0000003F 08                     109 	.db #0x08	; 8
    00000040 FF                     110 	.db #0xff	; 255
    00000041 80                     111 	.db #0x80	; 128
    00000042 DF                     112 	.db #0xdf	; 223
    00000043 A0                     113 	.db #0xa0	; 160
    00000044 FD                     114 	.db #0xfd	; 253
    00000045 82                     115 	.db #0x82	; 130
    00000046 9F                     116 	.db #0x9f	; 159
    00000047 E0                     117 	.db #0xe0	; 224
    00000048 CF                     118 	.db #0xcf	; 207
    00000049 B0                     119 	.db #0xb0	; 176
    0000004A E0                     120 	.db #0xe0	; 224
    0000004B 9E                     121 	.db #0x9e	; 158
    0000004C 41                     122 	.db #0x41	; 65	'A'
    0000004D 7E                     123 	.db #0x7e	; 126
    0000004E 7F                     124 	.db #0x7f	; 127
    0000004F 40                     125 	.db #0x40	; 64
    00000050 B8                     126 	.db #0xb8	; 184
    00000051 40                     127 	.db #0x40	; 64
    00000052 F0                     128 	.db #0xf0	; 240
    00000053 00                     129 	.db #0x00	; 0
    00000054 F0                     130 	.db #0xf0	; 240
    00000055 00                     131 	.db #0x00	; 0
    00000056 C0                     132 	.db #0xc0	; 192
    00000057 00                     133 	.db #0x00	; 0
    00000058 00                     134 	.db #0x00	; 0
    00000059 00                     135 	.db #0x00	; 0
    0000005A 00                     136 	.db #0x00	; 0
    0000005B 00                     137 	.db #0x00	; 0
    0000005C C0                     138 	.db #0xc0	; 192
    0000005D 00                     139 	.db #0x00	; 0
    0000005E F0                     140 	.db #0xf0	; 240
    0000005F 00                     141 	.db #0x00	; 0
    00000060 00                     142 	.db #0x00	; 0
    00000061 00                     143 	.db #0x00	; 0
    00000062 00                     144 	.db #0x00	; 0
    00000063 00                     145 	.db #0x00	; 0
    00000064 00                     146 	.db #0x00	; 0
    00000065 00                     147 	.db #0x00	; 0
    00000066 00                     148 	.db #0x00	; 0
    00000067 00                     149 	.db #0x00	; 0
    00000068 00                     150 	.db #0x00	; 0
    00000069 00                     151 	.db #0x00	; 0
    0000006A 00                     152 	.db #0x00	; 0
    0000006B 00                     153 	.db #0x00	; 0
    0000006C 00                     154 	.db #0x00	; 0
    0000006D 00                     155 	.db #0x00	; 0
    0000006E 00                     156 	.db #0x00	; 0
    0000006F 00                     157 	.db #0x00	; 0
    00000070 00                     158 	.db #0x00	; 0
    00000071 00                     159 	.db #0x00	; 0
    00000072 00                     160 	.db #0x00	; 0
    00000073 00                     161 	.db #0x00	; 0
    00000074 00                     162 	.db #0x00	; 0
    00000075 00                     163 	.db #0x00	; 0
    00000076 00                     164 	.db #0x00	; 0
    00000077 00                     165 	.db #0x00	; 0
    00000078 00                     166 	.db #0x00	; 0
    00000079 00                     167 	.db #0x00	; 0
    0000007A 00                     168 	.db #0x00	; 0
    0000007B 00                     169 	.db #0x00	; 0
    0000007C 00                     170 	.db #0x00	; 0
    0000007D 00                     171 	.db #0x00	; 0
    0000007E 00                     172 	.db #0x00	; 0
    0000007F 00                     173 	.db #0x00	; 0
    00000080 00                     174 	.db #0x00	; 0
    00000081 00                     175 	.db #0x00	; 0
    00000082 00                     176 	.db #0x00	; 0
    00000083 00                     177 	.db #0x00	; 0
    00000084 00                     178 	.db #0x00	; 0
    00000085 00                     179 	.db #0x00	; 0
    00000086 00                     180 	.db #0x00	; 0
    00000087 00                     181 	.db #0x00	; 0
    00000088 00                     182 	.db #0x00	; 0
    00000089 00                     183 	.db #0x00	; 0
    0000008A 00                     184 	.db #0x00	; 0
    0000008B 00                     185 	.db #0x00	; 0
    0000008C 00                     186 	.db #0x00	; 0
    0000008D 00                     187 	.db #0x00	; 0
    0000008E 00                     188 	.db #0x00	; 0
    0000008F 00                     189 	.db #0x00	; 0
    00000090 00                     190 	.db #0x00	; 0
    00000091 00                     191 	.db #0x00	; 0
    00000092 00                     192 	.db #0x00	; 0
    00000093 00                     193 	.db #0x00	; 0
    00000094 00                     194 	.db #0x00	; 0
    00000095 00                     195 	.db #0x00	; 0
    00000096 00                     196 	.db #0x00	; 0
    00000097 00                     197 	.db #0x00	; 0
    00000098 00                     198 	.db #0x00	; 0
    00000099 00                     199 	.db #0x00	; 0
    0000009A 00                     200 	.db #0x00	; 0
    0000009B 00                     201 	.db #0x00	; 0
    0000009C 00                     202 	.db #0x00	; 0
    0000009D 00                     203 	.db #0x00	; 0
    0000009E 00                     204 	.db #0x00	; 0
    0000009F 00                     205 	.db #0x00	; 0
    000000A0 1D                     206 	.db #0x1d	; 29
    000000A1 02                     207 	.db #0x02	; 2
    000000A2 0F                     208 	.db #0x0f	; 15
    000000A3 00                     209 	.db #0x00	; 0
    000000A4 0F                     210 	.db #0x0f	; 15
    000000A5 00                     211 	.db #0x00	; 0
    000000A6 03                     212 	.db #0x03	; 3
    000000A7 00                     213 	.db #0x00	; 0
    000000A8 00                     214 	.db #0x00	; 0
    000000A9 00                     215 	.db #0x00	; 0
    000000AA 00                     216 	.db #0x00	; 0
    000000AB 00                     217 	.db #0x00	; 0
    000000AC 03                     218 	.db #0x03	; 3
    000000AD 00                     219 	.db #0x00	; 0
    000000AE 0F                     220 	.db #0x0f	; 15
    000000AF 00                     221 	.db #0x00	; 0
    000000B0 FF                     222 	.db #0xff	; 255
    000000B1 01                     223 	.db #0x01	; 1
    000000B2 FB                     224 	.db #0xfb	; 251
    000000B3 05                     225 	.db #0x05	; 5
    000000B4 BF                     226 	.db #0xbf	; 191
    000000B5 41                     227 	.db #0x41	; 65	'A'
    000000B6 F9                     228 	.db #0xf9	; 249
    000000B7 07                     229 	.db #0x07	; 7
    000000B8 F3                     230 	.db #0xf3	; 243
    000000B9 0D                     231 	.db #0x0d	; 13
    000000BA 07                     232 	.db #0x07	; 7
    000000BB 79                     233 	.db #0x79	; 121	'y'
    000000BC 82                     234 	.db #0x82	; 130
    000000BD 7E                     235 	.db #0x7e	; 126
    000000BE FE                     236 	.db #0xfe	; 254
    000000BF 02                     237 	.db #0x02	; 2
    000000C0 00                     238 	.db #0x00	; 0
    000000C1 00                     239 	.db #0x00	; 0
    000000C2 00                     240 	.db #0x00	; 0
    000000C3 00                     241 	.db #0x00	; 0
    000000C4 00                     242 	.db #0x00	; 0
    000000C5 00                     243 	.db #0x00	; 0
    000000C6 00                     244 	.db #0x00	; 0
    000000C7 00                     245 	.db #0x00	; 0
    000000C8 00                     246 	.db #0x00	; 0
    000000C9 00                     247 	.db #0x00	; 0
    000000CA 00                     248 	.db #0x00	; 0
    000000CB 00                     249 	.db #0x00	; 0
    000000CC 00                     250 	.db #0x00	; 0
    000000CD 00                     251 	.db #0x00	; 0
    000000CE 00                     252 	.db #0x00	; 0
    000000CF 00                     253 	.db #0x00	; 0
    000000D0 00                     254 	.db #0x00	; 0
    000000D1 00                     255 	.db #0x00	; 0
    000000D2 00                     256 	.db #0x00	; 0
    000000D3 00                     257 	.db #0x00	; 0
    000000D4 00                     258 	.db #0x00	; 0
    000000D5 00                     259 	.db #0x00	; 0
    000000D6 00                     260 	.db #0x00	; 0
    000000D7 00                     261 	.db #0x00	; 0
    000000D8 00                     262 	.db #0x00	; 0
    000000D9 00                     263 	.db #0x00	; 0
    000000DA 00                     264 	.db #0x00	; 0
    000000DB 00                     265 	.db #0x00	; 0
    000000DC 00                     266 	.db #0x00	; 0
    000000DD 00                     267 	.db #0x00	; 0
    000000DE 00                     268 	.db #0x00	; 0
    000000DF 00                     269 	.db #0x00	; 0
    000000E0 00                     270 	.db #0x00	; 0
    000000E1 00                     271 	.db #0x00	; 0
    000000E2 01                     272 	.db #0x01	; 1
    000000E3 01                     273 	.db #0x01	; 1
    000000E4 06                     274 	.db #0x06	; 6
    000000E5 06                     275 	.db #0x06	; 6
    000000E6 08                     276 	.db #0x08	; 8
    000000E7 08                     277 	.db #0x08	; 8
    000000E8 10                     278 	.db #0x10	; 16
    000000E9 10                     279 	.db #0x10	; 16
    000000EA 23                     280 	.db #0x23	; 35
    000000EB 20                     281 	.db #0x20	; 32
    000000EC 7F                     282 	.db #0x7f	; 127
    000000ED 40                     283 	.db #0x40	; 64
    000000EE BF                     284 	.db #0xbf	; 191
    000000EF C0                     285 	.db #0xc0	; 192
    000000F0 00                     286 	.db #0x00	; 0
    000000F1 00                     287 	.db #0x00	; 0
    000000F2 E0                     288 	.db #0xe0	; 224
    000000F3 E0                     289 	.db #0xe0	; 224
    000000F4 10                     290 	.db #0x10	; 16
    000000F5 10                     291 	.db #0x10	; 16
    000000F6 08                     292 	.db #0x08	; 8
    000000F7 08                     293 	.db #0x08	; 8
    000000F8 FC                     294 	.db #0xfc	; 252
    000000F9 04                     295 	.db #0x04	; 4
    000000FA CE                     296 	.db #0xce	; 206
    000000FB 32                     297 	.db #0x32	; 50	'2'
    000000FC BE                     298 	.db #0xbe	; 190
    000000FD 42                     299 	.db #0x42	; 66	'B'
    000000FE F9                     300 	.db #0xf9	; 249
    000000FF 07                     301 	.db #0x07	; 7
    00000100 E2                     302 	.db #0xe2	; 226
    00000101 E3                     303 	.db #0xe3	; 227
    00000102 E5                     304 	.db #0xe5	; 229
    00000103 E7                     305 	.db #0xe7	; 231
    00000104 E2                     306 	.db #0xe2	; 226
    00000105 F7                     307 	.db #0xf7	; 247
    00000106 E0                     308 	.db #0xe0	; 224
    00000107 FF                     309 	.db #0xff	; 255
    00000108 D5                     310 	.db #0xd5	; 213
    00000109 FF                     311 	.db #0xff	; 255
    0000010A C8                     312 	.db #0xc8	; 200
    0000010B FF                     313 	.db #0xff	; 255
    0000010C D5                     314 	.db #0xd5	; 213
    0000010D FF                     315 	.db #0xff	; 255
    0000010E 80                     316 	.db #0x80	; 128
    0000010F FF                     317 	.db #0xff	; 255
    00000110 D9                     318 	.db #0xd9	; 217
    00000111 C1                     319 	.db #0xc1	; 193
    00000112 23                     320 	.db #0x23	; 35
    00000113 E3                     321 	.db #0xe3	; 227
    00000114 57                     322 	.db #0x57	; 87	'W'
    00000115 F7                     323 	.db #0xf7	; 247
    00000116 00                     324 	.db #0x00	; 0
    00000117 FF                     325 	.db #0xff	; 255
    00000118 55                     326 	.db #0x55	; 85	'U'
    00000119 FF                     327 	.db #0xff	; 255
    0000011A 88                     328 	.db #0x88	; 136
    0000011B FF                     329 	.db #0xff	; 255
    0000011C 55                     330 	.db #0x55	; 85	'U'
    0000011D FF                     331 	.db #0xff	; 255
    0000011E 00                     332 	.db #0x00	; 0
    0000011F FF                     333 	.db #0xff	; 255
    00000120 FF                     334 	.db #0xff	; 255
    00000121 FF                     335 	.db #0xff	; 255
    00000122 FF                     336 	.db #0xff	; 255
    00000123 FF                     337 	.db #0xff	; 255
    00000124 F5                     338 	.db #0xf5	; 245
    00000125 FF                     339 	.db #0xff	; 255
    00000126 00                     340 	.db #0x00	; 0
    00000127 FF                     341 	.db #0xff	; 255
    00000128 55                     342 	.db #0x55	; 85	'U'
    00000129 FF                     343 	.db #0xff	; 255
    0000012A 88                     344 	.db #0x88	; 136
    0000012B FF                     345 	.db #0xff	; 255
    0000012C 55                     346 	.db #0x55	; 85	'U'
    0000012D FF                     347 	.db #0xff	; 255
    0000012E 00                     348 	.db #0x00	; 0
    0000012F FF                     349 	.db #0xff	; 255
    00000130 BC                     350 	.db #0xbc	; 188
    00000131 80                     351 	.db #0x80	; 128
    00000132 39                     352 	.db #0x39	; 57	'9'
    00000133 81                     353 	.db #0x81	; 129
    00000134 03                     354 	.db #0x03	; 3
    00000135 83                     355 	.db #0x83	; 131
    00000136 07                     356 	.db #0x07	; 7
    00000137 87                     357 	.db #0x87	; 135
    00000138 57                     358 	.db #0x57	; 87	'W'
    00000139 DF                     359 	.db #0xdf	; 223
    0000013A 8B                     360 	.db #0x8b	; 139
    0000013B FF                     361 	.db #0xff	; 255
    0000013C 57                     362 	.db #0x57	; 87	'W'
    0000013D FF                     363 	.db #0xff	; 255
    0000013E 01                     364 	.db #0x01	; 1
    0000013F FF                     365 	.db #0xff	; 255
    00000140 5F                     366 	.db #0x5f	; 95
    00000141 60                     367 	.db #0x60	; 96
    00000142 7F                     368 	.db #0x7f	; 127
    00000143 40                     369 	.db #0x40	; 64
    00000144 6F                     370 	.db #0x6f	; 111	'o'
    00000145 50                     371 	.db #0x50	; 80	'P'
    00000146 70                     372 	.db #0x70	; 112	'p'
    00000147 4E                     373 	.db #0x4e	; 78	'N'
    00000148 CF                     374 	.db #0xcf	; 207
    00000149 B0                     375 	.db #0xb0	; 176
    0000014A DF                     376 	.db #0xdf	; 223
    0000014B A0                     377 	.db #0xa0	; 160
    0000014C FD                     378 	.db #0xfd	; 253
    0000014D 82                     379 	.db #0x82	; 130
    0000014E FF                     380 	.db #0xff	; 255
    0000014F 80                     381 	.db #0x80	; 128
    00000150 70                     382 	.db #0x70	; 112	'p'
    00000151 80                     383 	.db #0x80	; 128
    00000152 C0                     384 	.db #0xc0	; 192
    00000153 00                     385 	.db #0x00	; 0
    00000154 00                     386 	.db #0x00	; 0
    00000155 00                     387 	.db #0x00	; 0
    00000156 00                     388 	.db #0x00	; 0
    00000157 00                     389 	.db #0x00	; 0
    00000158 80                     390 	.db #0x80	; 128
    00000159 00                     391 	.db #0x00	; 0
    0000015A E0                     392 	.db #0xe0	; 224
    0000015B 00                     393 	.db #0x00	; 0
    0000015C D0                     394 	.db #0xd0	; 208
    0000015D 20                     395 	.db #0x20	; 32
    0000015E F0                     396 	.db #0xf0	; 240
    0000015F 00                     397 	.db #0x00	; 0
    00000160 00                     398 	.db #0x00	; 0
    00000161 00                     399 	.db #0x00	; 0
    00000162 00                     400 	.db #0x00	; 0
    00000163 00                     401 	.db #0x00	; 0
    00000164 00                     402 	.db #0x00	; 0
    00000165 00                     403 	.db #0x00	; 0
    00000166 00                     404 	.db #0x00	; 0
    00000167 00                     405 	.db #0x00	; 0
    00000168 00                     406 	.db #0x00	; 0
    00000169 00                     407 	.db #0x00	; 0
    0000016A 00                     408 	.db #0x00	; 0
    0000016B 00                     409 	.db #0x00	; 0
    0000016C 00                     410 	.db #0x00	; 0
    0000016D 00                     411 	.db #0x00	; 0
    0000016E 00                     412 	.db #0x00	; 0
    0000016F 00                     413 	.db #0x00	; 0
    00000170 00                     414 	.db #0x00	; 0
    00000171 00                     415 	.db #0x00	; 0
    00000172 00                     416 	.db #0x00	; 0
    00000173 00                     417 	.db #0x00	; 0
    00000174 00                     418 	.db #0x00	; 0
    00000175 00                     419 	.db #0x00	; 0
    00000176 00                     420 	.db #0x00	; 0
    00000177 00                     421 	.db #0x00	; 0
    00000178 00                     422 	.db #0x00	; 0
    00000179 00                     423 	.db #0x00	; 0
    0000017A 00                     424 	.db #0x00	; 0
    0000017B 00                     425 	.db #0x00	; 0
    0000017C 00                     426 	.db #0x00	; 0
    0000017D 00                     427 	.db #0x00	; 0
    0000017E 00                     428 	.db #0x00	; 0
    0000017F 00                     429 	.db #0x00	; 0
    00000180 00                     430 	.db #0x00	; 0
    00000181 00                     431 	.db #0x00	; 0
    00000182 00                     432 	.db #0x00	; 0
    00000183 00                     433 	.db #0x00	; 0
    00000184 00                     434 	.db #0x00	; 0
    00000185 00                     435 	.db #0x00	; 0
    00000186 00                     436 	.db #0x00	; 0
    00000187 00                     437 	.db #0x00	; 0
    00000188 00                     438 	.db #0x00	; 0
    00000189 00                     439 	.db #0x00	; 0
    0000018A 00                     440 	.db #0x00	; 0
    0000018B 00                     441 	.db #0x00	; 0
    0000018C 00                     442 	.db #0x00	; 0
    0000018D 00                     443 	.db #0x00	; 0
    0000018E 00                     444 	.db #0x00	; 0
    0000018F 00                     445 	.db #0x00	; 0
    00000190 00                     446 	.db #0x00	; 0
    00000191 00                     447 	.db #0x00	; 0
    00000192 00                     448 	.db #0x00	; 0
    00000193 00                     449 	.db #0x00	; 0
    00000194 00                     450 	.db #0x00	; 0
    00000195 00                     451 	.db #0x00	; 0
    00000196 00                     452 	.db #0x00	; 0
    00000197 00                     453 	.db #0x00	; 0
    00000198 00                     454 	.db #0x00	; 0
    00000199 00                     455 	.db #0x00	; 0
    0000019A 00                     456 	.db #0x00	; 0
    0000019B 00                     457 	.db #0x00	; 0
    0000019C 00                     458 	.db #0x00	; 0
    0000019D 00                     459 	.db #0x00	; 0
    0000019E 00                     460 	.db #0x00	; 0
    0000019F 00                     461 	.db #0x00	; 0
    000001A0 0E                     462 	.db #0x0e	; 14
    000001A1 01                     463 	.db #0x01	; 1
    000001A2 03                     464 	.db #0x03	; 3
    000001A3 00                     465 	.db #0x00	; 0
    000001A4 00                     466 	.db #0x00	; 0
    000001A5 00                     467 	.db #0x00	; 0
    000001A6 00                     468 	.db #0x00	; 0
    000001A7 00                     469 	.db #0x00	; 0
    000001A8 01                     470 	.db #0x01	; 1
    000001A9 00                     471 	.db #0x00	; 0
    000001AA 07                     472 	.db #0x07	; 7
    000001AB 00                     473 	.db #0x00	; 0
    000001AC 0B                     474 	.db #0x0b	; 11
    000001AD 04                     475 	.db #0x04	; 4
    000001AE 0F                     476 	.db #0x0f	; 15
    000001AF 00                     477 	.db #0x00	; 0
    000001B0 FA                     478 	.db #0xfa	; 250
    000001B1 06                     479 	.db #0x06	; 6
    000001B2 FE                     480 	.db #0xfe	; 254
    000001B3 02                     481 	.db #0x02	; 2
    000001B4 F6                     482 	.db #0xf6	; 246
    000001B5 0A                     483 	.db #0x0a	; 10
    000001B6 0E                     484 	.db #0x0e	; 14
    000001B7 72                     485 	.db #0x72	; 114	'r'
    000001B8 F3                     486 	.db #0xf3	; 243
    000001B9 0D                     487 	.db #0x0d	; 13
    000001BA FB                     488 	.db #0xfb	; 251
    000001BB 05                     489 	.db #0x05	; 5
    000001BC BF                     490 	.db #0xbf	; 191
    000001BD 41                     491 	.db #0x41	; 65	'A'
    000001BE FF                     492 	.db #0xff	; 255
    000001BF 01                     493 	.db #0x01	; 1
    000001C0 00                     494 	.db #0x00	; 0
    000001C1 00                     495 	.db #0x00	; 0
    000001C2 00                     496 	.db #0x00	; 0
    000001C3 00                     497 	.db #0x00	; 0
    000001C4 00                     498 	.db #0x00	; 0
    000001C5 00                     499 	.db #0x00	; 0
    000001C6 00                     500 	.db #0x00	; 0
    000001C7 00                     501 	.db #0x00	; 0
    000001C8 00                     502 	.db #0x00	; 0
    000001C9 00                     503 	.db #0x00	; 0
    000001CA 00                     504 	.db #0x00	; 0
    000001CB 00                     505 	.db #0x00	; 0
    000001CC 00                     506 	.db #0x00	; 0
    000001CD 00                     507 	.db #0x00	; 0
    000001CE 00                     508 	.db #0x00	; 0
    000001CF 00                     509 	.db #0x00	; 0
    000001D0 00                     510 	.db #0x00	; 0
    000001D1 00                     511 	.db #0x00	; 0
    000001D2 00                     512 	.db #0x00	; 0
    000001D3 00                     513 	.db #0x00	; 0
    000001D4 00                     514 	.db #0x00	; 0
    000001D5 00                     515 	.db #0x00	; 0
    000001D6 00                     516 	.db #0x00	; 0
    000001D7 00                     517 	.db #0x00	; 0
    000001D8 00                     518 	.db #0x00	; 0
    000001D9 00                     519 	.db #0x00	; 0
    000001DA 00                     520 	.db #0x00	; 0
    000001DB 00                     521 	.db #0x00	; 0
    000001DC 00                     522 	.db #0x00	; 0
    000001DD 00                     523 	.db #0x00	; 0
    000001DE 00                     524 	.db #0x00	; 0
    000001DF 00                     525 	.db #0x00	; 0
    000001E0 9F                     526 	.db #0x9f	; 159
    000001E1 E0                     527 	.db #0xe0	; 224
    000001E2 87                     528 	.db #0x87	; 135
    000001E3 F8                     529 	.db #0xf8	; 248
    000001E4 80                     530 	.db #0x80	; 128
    000001E5 FF                     531 	.db #0xff	; 255
    000001E6 90                     532 	.db #0x90	; 144
    000001E7 FF                     533 	.db #0xff	; 255
    000001E8 8C                     534 	.db #0x8c	; 140
    000001E9 FF                     535 	.db #0xff	; 255
    000001EA 80                     536 	.db #0x80	; 128
    000001EB FF                     537 	.db #0xff	; 255
    000001EC 40                     538 	.db #0x40	; 64
    000001ED 7F                     539 	.db #0x7f	; 127
    000001EE 3F                     540 	.db #0x3f	; 63
    000001EF 3F                     541 	.db #0x3f	; 63
    000001F0 F1                     542 	.db #0xf1	; 241
    000001F1 0F                     543 	.db #0x0f	; 15
    000001F2 C1                     544 	.db #0xc1	; 193
    000001F3 3F                     545 	.db #0x3f	; 63
    000001F4 05                     546 	.db #0x05	; 5
    000001F5 FF                     547 	.db #0xff	; 255
    000001F6 01                     548 	.db #0x01	; 1
    000001F7 FF                     549 	.db #0xff	; 255
    000001F8 01                     550 	.db #0x01	; 1
    000001F9 FF                     551 	.db #0xff	; 255
    000001FA 0A                     552 	.db #0x0a	; 10
    000001FB FE                     553 	.db #0xfe	; 254
    000001FC 04                     554 	.db #0x04	; 4
    000001FD FC                     555 	.db #0xfc	; 252
    000001FE F8                     556 	.db #0xf8	; 248
    000001FF F8                     557 	.db #0xf8	; 248
    00000200 AA                     558 	.db #0xaa	; 170
    00000201 FF                     559 	.db #0xff	; 255
    00000202 80                     560 	.db #0x80	; 128
    00000203 FF                     561 	.db #0xff	; 255
    00000204 92                     562 	.db #0x92	; 146
    00000205 ED                     563 	.db #0xed	; 237
    00000206 00                     564 	.db #0x00	; 0
    00000207 80                     565 	.db #0x80	; 128
    00000208 AA                     566 	.db #0xaa	; 170
    00000209 FF                     567 	.db #0xff	; 255
    0000020A 80                     568 	.db #0x80	; 128
    0000020B FF                     569 	.db #0xff	; 255
    0000020C EA                     570 	.db #0xea	; 234
    0000020D 80                     571 	.db #0x80	; 128
    0000020E 00                     572 	.db #0x00	; 0
    0000020F 80                     573 	.db #0x80	; 128
    00000210 AB                     574 	.db #0xab	; 171
    00000211 FF                     575 	.db #0xff	; 255
    00000212 01                     576 	.db #0x01	; 1
    00000213 FF                     577 	.db #0xff	; 255
    00000214 49                     578 	.db #0x49	; 73	'I'
    00000215 B7                     579 	.db #0xb7	; 183
    00000216 00                     580 	.db #0x00	; 0
    00000217 01                     581 	.db #0x01	; 1
    00000218 AB                     582 	.db #0xab	; 171
    00000219 FF                     583 	.db #0xff	; 255
    0000021A 01                     584 	.db #0x01	; 1
    0000021B FF                     585 	.db #0xff	; 255
    0000021C 6B                     586 	.db #0x6b	; 107	'k'
    0000021D 01                     587 	.db #0x01	; 1
    0000021E 00                     588 	.db #0x00	; 0
    0000021F 01                     589 	.db #0x01	; 1
    00000220 AA                     590 	.db #0xaa	; 170
    00000221 FF                     591 	.db #0xff	; 255
    00000222 80                     592 	.db #0x80	; 128
    00000223 FF                     593 	.db #0xff	; 255
    00000224 91                     594 	.db #0x91	; 145
    00000225 EE                     595 	.db #0xee	; 238
    00000226 00                     596 	.db #0x00	; 0
    00000227 80                     597 	.db #0x80	; 128
    00000228 AA                     598 	.db #0xaa	; 170
    00000229 FF                     599 	.db #0xff	; 255
    0000022A 80                     600 	.db #0x80	; 128
    0000022B FF                     601 	.db #0xff	; 255
    0000022C C9                     602 	.db #0xc9	; 201
    0000022D 80                     603 	.db #0x80	; 128
    0000022E 00                     604 	.db #0x00	; 0
    0000022F 80                     605 	.db #0x80	; 128
    00000230 AB                     606 	.db #0xab	; 171
    00000231 FF                     607 	.db #0xff	; 255
    00000232 01                     608 	.db #0x01	; 1
    00000233 FF                     609 	.db #0xff	; 255
    00000234 49                     610 	.db #0x49	; 73	'I'
    00000235 B7                     611 	.db #0xb7	; 183
    00000236 00                     612 	.db #0x00	; 0
    00000237 01                     613 	.db #0x01	; 1
    00000238 AB                     614 	.db #0xab	; 171
    00000239 FF                     615 	.db #0xff	; 255
    0000023A 01                     616 	.db #0x01	; 1
    0000023B FF                     617 	.db #0xff	; 255
    0000023C 97                     618 	.db #0x97	; 151
    0000023D 01                     619 	.db #0x01	; 1
    0000023E 00                     620 	.db #0x00	; 0
    0000023F 01                     621 	.db #0x01	; 1
    00000240 AE                     622 	.db #0xae	; 174
    00000241 91                     623 	.db #0x91	; 145
    00000242 5C                     624 	.db #0x5c	; 92
    00000243 43                     625 	.db #0x43	; 67	'C'
    00000244 59                     626 	.db #0x59	; 89	'Y'
    00000245 46                     627 	.db #0x46	; 70	'F'
    00000246 57                     628 	.db #0x57	; 87	'W'
    00000247 48                     629 	.db #0x48	; 72	'H'
    00000248 5D                     630 	.db #0x5d	; 93
    00000249 42                     631 	.db #0x42	; 66	'B'
    0000024A 57                     632 	.db #0x57	; 87	'W'
    0000024B 48                     633 	.db #0x48	; 72	'H'
    0000024C 5D                     634 	.db #0x5d	; 93
    0000024D 42                     635 	.db #0x42	; 66	'B'
    0000024E 5F                     636 	.db #0x5f	; 95
    0000024F 40                     637 	.db #0x40	; 64
    00000250 08                     638 	.db #0x08	; 8
    00000251 F0                     639 	.db #0xf0	; 240
    00000252 00                     640 	.db #0x00	; 0
    00000253 FC                     641 	.db #0xfc	; 252
    00000254 E6                     642 	.db #0xe6	; 230
    00000255 19                     643 	.db #0x19	; 25
    00000256 4C                     644 	.db #0x4c	; 76	'L'
    00000257 B3                     645 	.db #0xb3	; 179
    00000258 DC                     646 	.db #0xdc	; 220
    00000259 23                     647 	.db #0x23	; 35
    0000025A 94                     648 	.db #0x94	; 148
    0000025B 6B                     649 	.db #0x6b	; 107	'k'
    0000025C BD                     650 	.db #0xbd	; 189
    0000025D 42                     651 	.db #0x42	; 66	'B'
    0000025E 3D                     652 	.db #0x3d	; 61
    0000025F C2                     653 	.db #0xc2	; 194
    00000260 00                     654 	.db #0x00	; 0
    00000261 00                     655 	.db #0x00	; 0
    00000262 00                     656 	.db #0x00	; 0
    00000263 00                     657 	.db #0x00	; 0
    00000264 00                     658 	.db #0x00	; 0
    00000265 80                     659 	.db #0x80	; 128
    00000266 84                     660 	.db #0x84	; 132
    00000267 00                     661 	.db #0x00	; 0
    00000268 8E                     662 	.db #0x8e	; 142
    00000269 00                     663 	.db #0x00	; 0
    0000026A CE                     664 	.db #0xce	; 206
    0000026B 00                     665 	.db #0x00	; 0
    0000026C CB                     666 	.db #0xcb	; 203
    0000026D 24                     667 	.db #0x24	; 36
    0000026E CF                     668 	.db #0xcf	; 207
    0000026F 30                     669 	.db #0x30	; 48	'0'
    00000270 00                     670 	.db #0x00	; 0
    00000271 00                     671 	.db #0x00	; 0
    00000272 00                     672 	.db #0x00	; 0
    00000273 00                     673 	.db #0x00	; 0
    00000274 04                     674 	.db #0x04	; 4
    00000275 00                     675 	.db #0x00	; 0
    00000276 0F                     676 	.db #0x0f	; 15
    00000277 00                     677 	.db #0x00	; 0
    00000278 3F                     678 	.db #0x3f	; 63
    00000279 00                     679 	.db #0x00	; 0
    0000027A 77                     680 	.db #0x77	; 119	'w'
    0000027B 08                     681 	.db #0x08	; 8
    0000027C 7F                     682 	.db #0x7f	; 127
    0000027D 00                     683 	.db #0x00	; 0
    0000027E 76                     684 	.db #0x76	; 118	'v'
    0000027F 88                     685 	.db #0x88	; 136
    00000280 00                     686 	.db #0x00	; 0
    00000281 00                     687 	.db #0x00	; 0
    00000282 00                     688 	.db #0x00	; 0
    00000283 00                     689 	.db #0x00	; 0
    00000284 20                     690 	.db #0x20	; 32
    00000285 00                     691 	.db #0x00	; 0
    00000286 F0                     692 	.db #0xf0	; 240
    00000287 00                     693 	.db #0x00	; 0
    00000288 FC                     694 	.db #0xfc	; 252
    00000289 00                     695 	.db #0x00	; 0
    0000028A EE                     696 	.db #0xee	; 238
    0000028B 10                     697 	.db #0x10	; 16
    0000028C FE                     698 	.db #0xfe	; 254
    0000028D 00                     699 	.db #0x00	; 0
    0000028E 6E                     700 	.db #0x6e	; 110	'n'
    0000028F 11                     701 	.db #0x11	; 17
    00000290 00                     702 	.db #0x00	; 0
    00000291 00                     703 	.db #0x00	; 0
    00000292 00                     704 	.db #0x00	; 0
    00000293 00                     705 	.db #0x00	; 0
    00000294 00                     706 	.db #0x00	; 0
    00000295 01                     707 	.db #0x01	; 1
    00000296 21                     708 	.db #0x21	; 33
    00000297 00                     709 	.db #0x00	; 0
    00000298 71                     710 	.db #0x71	; 113	'q'
    00000299 00                     711 	.db #0x00	; 0
    0000029A 73                     712 	.db #0x73	; 115	's'
    0000029B 00                     713 	.db #0x00	; 0
    0000029C D3                     714 	.db #0xd3	; 211
    0000029D 24                     715 	.db #0x24	; 36
    0000029E F3                     716 	.db #0xf3	; 243
    0000029F 0C                     717 	.db #0x0c	; 12
    000002A0 10                     718 	.db #0x10	; 16
    000002A1 0F                     719 	.db #0x0f	; 15
    000002A2 00                     720 	.db #0x00	; 0
    000002A3 3F                     721 	.db #0x3f	; 63
    000002A4 67                     722 	.db #0x67	; 103	'g'
    000002A5 98                     723 	.db #0x98	; 152
    000002A6 32                     724 	.db #0x32	; 50	'2'
    000002A7 CD                     725 	.db #0xcd	; 205
    000002A8 3B                     726 	.db #0x3b	; 59
    000002A9 C4                     727 	.db #0xc4	; 196
    000002AA 29                     728 	.db #0x29	; 41
    000002AB D6                     729 	.db #0xd6	; 214
    000002AC BD                     730 	.db #0xbd	; 189
    000002AD 42                     731 	.db #0x42	; 66	'B'
    000002AE BC                     732 	.db #0xbc	; 188
    000002AF 43                     733 	.db #0x43	; 67	'C'
    000002B0 75                     734 	.db #0x75	; 117	'u'
    000002B1 89                     735 	.db #0x89	; 137
    000002B2 3A                     736 	.db #0x3a	; 58
    000002B3 C2                     737 	.db #0xc2	; 194
    000002B4 9A                     738 	.db #0x9a	; 154
    000002B5 62                     739 	.db #0x62	; 98	'b'
    000002B6 EA                     740 	.db #0xea	; 234
    000002B7 12                     741 	.db #0x12	; 18
    000002B8 BA                     742 	.db #0xba	; 186
    000002B9 42                     743 	.db #0x42	; 66	'B'
    000002BA EA                     744 	.db #0xea	; 234
    000002BB 12                     745 	.db #0x12	; 18
    000002BC BA                     746 	.db #0xba	; 186
    000002BD 42                     747 	.db #0x42	; 66	'B'
    000002BE FA                     748 	.db #0xfa	; 250
    000002BF 02                     749 	.db #0x02	; 2
    000002C0 07                     750 	.db #0x07	; 7
    000002C1 07                     751 	.db #0x07	; 7
    000002C2 0D                     752 	.db #0x0d	; 13
    000002C3 09                     753 	.db #0x09	; 9
    000002C4 06                     754 	.db #0x06	; 6
    000002C5 04                     755 	.db #0x04	; 4
    000002C6 03                     756 	.db #0x03	; 3
    000002C7 02                     757 	.db #0x02	; 2
    000002C8 06                     758 	.db #0x06	; 6
    000002C9 06                     759 	.db #0x06	; 6
    000002CA 0F                     760 	.db #0x0f	; 15
    000002CB 08                     761 	.db #0x08	; 8
    000002CC 1A                     762 	.db #0x1a	; 26
    000002CD 15                     763 	.db #0x15	; 21
    000002CE 30                     764 	.db #0x30	; 48	'0'
    000002CF 2F                     765 	.db #0x2f	; 47
    000002D0 E0                     766 	.db #0xe0	; 224
    000002D1 E0                     767 	.db #0xe0	; 224
    000002D2 B0                     768 	.db #0xb0	; 176
    000002D3 90                     769 	.db #0x90	; 144
    000002D4 60                     770 	.db #0x60	; 96
    000002D5 20                     771 	.db #0x20	; 32
    000002D6 40                     772 	.db #0x40	; 64
    000002D7 40                     773 	.db #0x40	; 64
    000002D8 E0                     774 	.db #0xe0	; 224
    000002D9 60                     775 	.db #0x60	; 96
    000002DA F0                     776 	.db #0xf0	; 240
    000002DB 10                     777 	.db #0x10	; 16
    000002DC 58                     778 	.db #0x58	; 88	'X'
    000002DD A8                     779 	.db #0xa8	; 168
    000002DE 0C                     780 	.db #0x0c	; 12
    000002DF F4                     781 	.db #0xf4	; 244
    000002E0 03                     782 	.db #0x03	; 3
    000002E1 03                     783 	.db #0x03	; 3
    000002E2 05                     784 	.db #0x05	; 5
    000002E3 06                     785 	.db #0x06	; 6
    000002E4 07                     786 	.db #0x07	; 7
    000002E5 07                     787 	.db #0x07	; 7
    000002E6 66                     788 	.db #0x66	; 102	'f'
    000002E7 60                     789 	.db #0x60	; 96
    000002E8 F0                     790 	.db #0xf0	; 240
    000002E9 90                     791 	.db #0x90	; 144
    000002EA B2                     792 	.db #0xb2	; 178
    000002EB E2                     793 	.db #0xe2	; 226
    000002EC E3                     794 	.db #0xe3	; 227
    000002ED C7                     795 	.db #0xc7	; 199
    000002EE DF                     796 	.db #0xdf	; 223
    000002EF 1F                     797 	.db #0x1f	; 31
    000002F0 80                     798 	.db #0x80	; 128
    000002F1 80                     799 	.db #0x80	; 128
    000002F2 40                     800 	.db #0x40	; 64
    000002F3 C0                     801 	.db #0xc0	; 192
    000002F4 C0                     802 	.db #0xc0	; 192
    000002F5 80                     803 	.db #0x80	; 128
    000002F6 0C                     804 	.db #0x0c	; 12
    000002F7 0C                     805 	.db #0x0c	; 12
    000002F8 8E                     806 	.db #0x8e	; 142
    000002F9 8A                     807 	.db #0x8a	; 138
    000002FA F5                     808 	.db #0xf5	; 245
    000002FB F7                     809 	.db #0xf7	; 247
    000002FC 87                     810 	.db #0x87	; 135
    000002FD C2                     811 	.db #0xc2	; 194
    000002FE F0                     812 	.db #0xf0	; 240
    000002FF F0                     813 	.db #0xf0	; 240
    00000300 AA                     814 	.db #0xaa	; 170
    00000301 FF                     815 	.db #0xff	; 255
    00000302 80                     816 	.db #0x80	; 128
    00000303 FF                     817 	.db #0xff	; 255
    00000304 A2                     818 	.db #0xa2	; 162
    00000305 80                     819 	.db #0x80	; 128
    00000306 00                     820 	.db #0x00	; 0
    00000307 80                     821 	.db #0x80	; 128
    00000308 AA                     822 	.db #0xaa	; 170
    00000309 FF                     823 	.db #0xff	; 255
    0000030A FF                     824 	.db #0xff	; 255
    0000030B 80                     825 	.db #0x80	; 128
    0000030C 80                     826 	.db #0x80	; 128
    0000030D 80                     827 	.db #0x80	; 128
    0000030E 00                     828 	.db #0x00	; 0
    0000030F 80                     829 	.db #0x80	; 128
    00000310 AB                     830 	.db #0xab	; 171
    00000311 FF                     831 	.db #0xff	; 255
    00000312 01                     832 	.db #0x01	; 1
    00000313 FF                     833 	.db #0xff	; 255
    00000314 09                     834 	.db #0x09	; 9
    00000315 01                     835 	.db #0x01	; 1
    00000316 00                     836 	.db #0x00	; 0
    00000317 01                     837 	.db #0x01	; 1
    00000318 AB                     838 	.db #0xab	; 171
    00000319 FF                     839 	.db #0xff	; 255
    0000031A FF                     840 	.db #0xff	; 255
    0000031B 01                     841 	.db #0x01	; 1
    0000031C 01                     842 	.db #0x01	; 1
    0000031D 01                     843 	.db #0x01	; 1
    0000031E 00                     844 	.db #0x00	; 0
    0000031F 01                     845 	.db #0x01	; 1
    00000320 AA                     846 	.db #0xaa	; 170
    00000321 FF                     847 	.db #0xff	; 255
    00000322 80                     848 	.db #0x80	; 128
    00000323 FF                     849 	.db #0xff	; 255
    00000324 92                     850 	.db #0x92	; 146
    00000325 80                     851 	.db #0x80	; 128
    00000326 00                     852 	.db #0x00	; 0
    00000327 80                     853 	.db #0x80	; 128
    00000328 AA                     854 	.db #0xaa	; 170
    00000329 FF                     855 	.db #0xff	; 255
    0000032A FF                     856 	.db #0xff	; 255
    0000032B 80                     857 	.db #0x80	; 128
    0000032C 80                     858 	.db #0x80	; 128
    0000032D 80                     859 	.db #0x80	; 128
    0000032E 00                     860 	.db #0x00	; 0
    0000032F 80                     861 	.db #0x80	; 128
    00000330 AB                     862 	.db #0xab	; 171
    00000331 FF                     863 	.db #0xff	; 255
    00000332 01                     864 	.db #0x01	; 1
    00000333 FF                     865 	.db #0xff	; 255
    00000334 45                     866 	.db #0x45	; 69	'E'
    00000335 01                     867 	.db #0x01	; 1
    00000336 00                     868 	.db #0x00	; 0
    00000337 01                     869 	.db #0x01	; 1
    00000338 AB                     870 	.db #0xab	; 171
    00000339 FF                     871 	.db #0xff	; 255
    0000033A FF                     872 	.db #0xff	; 255
    0000033B 01                     873 	.db #0x01	; 1
    0000033C 01                     874 	.db #0x01	; 1
    0000033D 01                     875 	.db #0x01	; 1
    0000033E 00                     876 	.db #0x00	; 0
    0000033F 01                     877 	.db #0x01	; 1
    00000340 57                     878 	.db #0x57	; 87	'W'
    00000341 48                     879 	.db #0x48	; 72	'H'
    00000342 BE                     880 	.db #0xbe	; 190
    00000343 81                     881 	.db #0x81	; 129
    00000344 BC                     882 	.db #0xbc	; 188
    00000345 83                     883 	.db #0x83	; 131
    00000346 BD                     884 	.db #0xbd	; 189
    00000347 82                     885 	.db #0x82	; 130
    00000348 B5                     886 	.db #0xb5	; 181
    00000349 8A                     887 	.db #0x8a	; 138
    0000034A 5F                     888 	.db #0x5f	; 95
    0000034B 40                     889 	.db #0x40	; 64
    0000034C 40                     890 	.db #0x40	; 64
    0000034D 40                     891 	.db #0x40	; 64
    0000034E 3F                     892 	.db #0x3f	; 63
    0000034F 3F                     893 	.db #0x3f	; 63
    00000350 6F                     894 	.db #0x6f	; 111	'o'
    00000351 90                     895 	.db #0x90	; 144
    00000352 7E                     896 	.db #0x7e	; 126
    00000353 81                     897 	.db #0x81	; 129
    00000354 FF                     898 	.db #0xff	; 255
    00000355 00                     899 	.db #0x00	; 0
    00000356 FC                     900 	.db #0xfc	; 252
    00000357 00                     901 	.db #0x00	; 0
    00000358 B3                     902 	.db #0xb3	; 179
    00000359 43                     903 	.db #0x43	; 67	'C'
    0000035A EC                     904 	.db #0xec	; 236
    0000035B 0C                     905 	.db #0x0c	; 12
    0000035C 10                     906 	.db #0x10	; 16
    0000035D 10                     907 	.db #0x10	; 16
    0000035E E0                     908 	.db #0xe0	; 224
    0000035F E0                     909 	.db #0xe0	; 224
    00000360 CF                     910 	.db #0xcf	; 207
    00000361 30                     911 	.db #0x30	; 48	'0'
    00000362 EF                     912 	.db #0xef	; 239
    00000363 10                     913 	.db #0x10	; 16
    00000364 EE                     914 	.db #0xee	; 238
    00000365 11                     915 	.db #0x11	; 17
    00000366 3A                     916 	.db #0x3a	; 58
    00000367 05                     917 	.db #0x05	; 5
    00000368 CE                     918 	.db #0xce	; 206
    00000369 C1                     919 	.db #0xc1	; 193
    0000036A 37                     920 	.db #0x37	; 55	'7'
    0000036B 30                     921 	.db #0x30	; 48	'0'
    0000036C 08                     922 	.db #0x08	; 8
    0000036D 08                     923 	.db #0x08	; 8
    0000036E 07                     924 	.db #0x07	; 7
    0000036F 07                     925 	.db #0x07	; 7
    00000370 3E                     926 	.db #0x3e	; 62
    00000371 C0                     927 	.db #0xc0	; 192
    00000372 3D                     928 	.db #0x3d	; 61
    00000373 C2                     929 	.db #0xc2	; 194
    00000374 3F                     930 	.db #0x3f	; 63
    00000375 C0                     931 	.db #0xc0	; 192
    00000376 3E                     932 	.db #0x3e	; 62
    00000377 C0                     933 	.db #0xc0	; 192
    00000378 97                     934 	.db #0x97	; 151
    00000379 68                     935 	.db #0x68	; 104	'h'
    0000037A FE                     936 	.db #0xfe	; 254
    0000037B 00                     937 	.db #0x00	; 0
    0000037C 00                     938 	.db #0x00	; 0
    0000037D 00                     939 	.db #0x00	; 0
    0000037E FF                     940 	.db #0xff	; 255
    0000037F FF                     941 	.db #0xff	; 255
    00000380 7C                     942 	.db #0x7c	; 124
    00000381 03                     943 	.db #0x03	; 3
    00000382 BC                     944 	.db #0xbc	; 188
    00000383 43                     945 	.db #0x43	; 67	'C'
    00000384 FC                     946 	.db #0xfc	; 252
    00000385 03                     947 	.db #0x03	; 3
    00000386 7C                     948 	.db #0x7c	; 124
    00000387 03                     949 	.db #0x03	; 3
    00000388 E9                     950 	.db #0xe9	; 233
    00000389 16                     951 	.db #0x16	; 22
    0000038A 7F                     952 	.db #0x7f	; 127
    0000038B 00                     953 	.db #0x00	; 0
    0000038C 00                     954 	.db #0x00	; 0
    0000038D 00                     955 	.db #0x00	; 0
    0000038E FF                     956 	.db #0xff	; 255
    0000038F FF                     957 	.db #0xff	; 255
    00000390 F3                     958 	.db #0xf3	; 243
    00000391 0C                     959 	.db #0x0c	; 12
    00000392 F7                     960 	.db #0xf7	; 247
    00000393 08                     961 	.db #0x08	; 8
    00000394 77                     962 	.db #0x77	; 119	'w'
    00000395 88                     963 	.db #0x88	; 136
    00000396 5C                     964 	.db #0x5c	; 92
    00000397 A0                     965 	.db #0xa0	; 160
    00000398 73                     966 	.db #0x73	; 115	's'
    00000399 83                     967 	.db #0x83	; 131
    0000039A EC                     968 	.db #0xec	; 236
    0000039B 0C                     969 	.db #0x0c	; 12
    0000039C 10                     970 	.db #0x10	; 16
    0000039D 10                     971 	.db #0x10	; 16
    0000039E E0                     972 	.db #0xe0	; 224
    0000039F E0                     973 	.db #0xe0	; 224
    000003A0 F6                     974 	.db #0xf6	; 246
    000003A1 09                     975 	.db #0x09	; 9
    000003A2 7E                     976 	.db #0x7e	; 126
    000003A3 81                     977 	.db #0x81	; 129
    000003A4 FF                     978 	.db #0xff	; 255
    000003A5 00                     979 	.db #0x00	; 0
    000003A6 3F                     980 	.db #0x3f	; 63
    000003A7 00                     981 	.db #0x00	; 0
    000003A8 CD                     982 	.db #0xcd	; 205
    000003A9 C2                     983 	.db #0xc2	; 194
    000003AA 37                     984 	.db #0x37	; 55	'7'
    000003AB 30                     985 	.db #0x30	; 48	'0'
    000003AC 08                     986 	.db #0x08	; 8
    000003AD 08                     987 	.db #0x08	; 8
    000003AE 07                     988 	.db #0x07	; 7
    000003AF 07                     989 	.db #0x07	; 7
    000003B0 EA                     990 	.db #0xea	; 234
    000003B1 12                     991 	.db #0x12	; 18
    000003B2 7D                     992 	.db #0x7d	; 125
    000003B3 81                     993 	.db #0x81	; 129
    000003B4 3D                     994 	.db #0x3d	; 61
    000003B5 C1                     995 	.db #0xc1	; 193
    000003B6 BD                     996 	.db #0xbd	; 189
    000003B7 41                     997 	.db #0x41	; 65	'A'
    000003B8 AD                     998 	.db #0xad	; 173
    000003B9 51                     999 	.db #0x51	; 81	'Q'
    000003BA FA                    1000 	.db #0xfa	; 250
    000003BB 02                    1001 	.db #0x02	; 2
    000003BC 02                    1002 	.db #0x02	; 2
    000003BD 02                    1003 	.db #0x02	; 2
    000003BE FC                    1004 	.db #0xfc	; 252
    000003BF FC                    1005 	.db #0xfc	; 252
    000003C0 6B                    1006 	.db #0x6b	; 107	'k'
    000003C1 57                    1007 	.db #0x57	; 87	'W'
    000003C2 C4                    1008 	.db #0xc4	; 196
    000003C3 BF                    1009 	.db #0xbf	; 191
    000003C4 EA                    1010 	.db #0xea	; 234
    000003C5 9D                    1011 	.db #0x9d	; 157
    000003C6 D5                    1012 	.db #0xd5	; 213
    000003C7 B8                    1013 	.db #0xb8	; 184
    000003C8 96                    1014 	.db #0x96	; 150
    000003C9 F8                    1015 	.db #0xf8	; 248
    000003CA D2                    1016 	.db #0xd2	; 210
    000003CB BC                    1017 	.db #0xbc	; 188
    000003CC 9F                    1018 	.db #0x9f	; 159
    000003CD FF                    1019 	.db #0xff	; 255
    000003CE C0                    1020 	.db #0xc0	; 192
    000003CF BF                    1021 	.db #0xbf	; 191
    000003D0 D6                    1022 	.db #0xd6	; 214
    000003D1 EA                    1023 	.db #0xea	; 234
    000003D2 A3                    1024 	.db #0xa3	; 163
    000003D3 7D                    1025 	.db #0x7d	; 125
    000003D4 D7                    1026 	.db #0xd7	; 215
    000003D5 39                    1027 	.db #0x39	; 57	'9'
    000003D6 AB                    1028 	.db #0xab	; 171
    000003D7 1D                    1029 	.db #0x1d	; 29
    000003D8 29                    1030 	.db #0x29	; 41
    000003D9 1F                    1031 	.db #0x1f	; 31
    000003DA 4B                    1032 	.db #0x4b	; 75	'K'
    000003DB 3D                    1033 	.db #0x3d	; 61
    000003DC F9                    1034 	.db #0xf9	; 249
    000003DD FF                    1035 	.db #0xff	; 255
    000003DE 03                    1036 	.db #0x03	; 3
    000003DF FD                    1037 	.db #0xfd	; 253
    000003E0 03                    1038 	.db #0x03	; 3
    000003E1 03                    1039 	.db #0x03	; 3
    000003E2 25                    1040 	.db #0x25	; 37
    000003E3 27                    1041 	.db #0x27	; 39
    000003E4 75                    1042 	.db #0x75	; 117	'u'
    000003E5 55                    1043 	.db #0x55	; 85	'U'
    000003E6 90                    1044 	.db #0x90	; 144
    000003E7 F0                    1045 	.db #0xf0	; 240
    000003E8 F1                    1046 	.db #0xf1	; 241
    000003E9 61                    1047 	.db #0x61	; 97	'a'
    000003EA 63                    1048 	.db #0x63	; 99	'c'
    000003EB 02                    1049 	.db #0x02	; 2
    000003EC 04                    1050 	.db #0x04	; 4
    000003ED 07                    1051 	.db #0x07	; 7
    000003EE 07                    1052 	.db #0x07	; 7
    000003EF 07                    1053 	.db #0x07	; 7
    000003F0 40                    1054 	.db #0x40	; 64
    000003F1 C0                    1055 	.db #0xc0	; 192
    000003F2 40                    1056 	.db #0x40	; 64
    000003F3 60                    1057 	.db #0x60	; 96
    000003F4 22                    1058 	.db #0x22	; 34
    000003F5 22                    1059 	.db #0x22	; 34
    000003F6 07                    1060 	.db #0x07	; 7
    000003F7 05                    1061 	.db #0x05	; 5
    000003F8 0D                    1062 	.db #0x0d	; 13
    000003F9 0B                    1063 	.db #0x0b	; 11
    000003FA 8F                    1064 	.db #0x8f	; 143
    000003FB 86                    1065 	.db #0x86	; 134
    000003FC 46                    1066 	.db #0x46	; 70	'F'
    000003FD C0                    1067 	.db #0xc0	; 192
    000003FE C0                    1068 	.db #0xc0	; 192
    000003FF 80                    1069 	.db #0x80	; 128
    00000400 3F                    1070 	.db #0x3f	; 63
    00000401 00                    1071 	.db #0x00	; 0
    00000402 73                    1072 	.db #0x73	; 115	's'
    00000403 0C                    1073 	.db #0x0c	; 12
    00000404 7F                    1074 	.db #0x7f	; 127
    00000405 00                    1075 	.db #0x00	; 0
    00000406 7F                    1076 	.db #0x7f	; 127
    00000407 00                    1077 	.db #0x00	; 0
    00000408 3F                    1078 	.db #0x3f	; 63
    00000409 00                    1079 	.db #0x00	; 0
    0000040A 79                    1080 	.db #0x79	; 121	'y'
    0000040B 00                    1081 	.db #0x00	; 0
    0000040C 77                    1082 	.db #0x77	; 119	'w'
    0000040D 00                    1083 	.db #0x00	; 0
    0000040E 7F                    1084 	.db #0x7f	; 127
    0000040F 00                    1085 	.db #0x00	; 0
    00000410 FC                    1086 	.db #0xfc	; 252
    00000411 00                    1087 	.db #0x00	; 0
    00000412 FE                    1088 	.db #0xfe	; 254
    00000413 00                    1089 	.db #0x00	; 0
    00000414 FA                    1090 	.db #0xfa	; 250
    00000415 04                    1091 	.db #0x04	; 4
    00000416 76                    1092 	.db #0x76	; 118	'v'
    00000417 88                    1093 	.db #0x88	; 136
    00000418 BC                    1094 	.db #0xbc	; 188
    00000419 40                    1095 	.db #0x40	; 64
    0000041A FE                    1096 	.db #0xfe	; 254
    0000041B 00                    1097 	.db #0x00	; 0
    0000041C EE                    1098 	.db #0xee	; 238
    0000041D 10                    1099 	.db #0x10	; 16
    0000041E FE                    1100 	.db #0xfe	; 254
    0000041F 00                    1101 	.db #0x00	; 0
    00000420 00                    1102 	.db #0x00	; 0
    00000421 00                    1103 	.db #0x00	; 0
    00000422 00                    1104 	.db #0x00	; 0
    00000423 00                    1105 	.db #0x00	; 0
    00000424 00                    1106 	.db #0x00	; 0
    00000425 00                    1107 	.db #0x00	; 0
    00000426 08                    1108 	.db #0x08	; 8
    00000427 00                    1109 	.db #0x00	; 0
    00000428 00                    1110 	.db #0x00	; 0
    00000429 00                    1111 	.db #0x00	; 0
    0000042A 00                    1112 	.db #0x00	; 0
    0000042B 00                    1113 	.db #0x00	; 0
    0000042C 00                    1114 	.db #0x00	; 0
    0000042D 00                    1115 	.db #0x00	; 0
    0000042E 00                    1116 	.db #0x00	; 0
    0000042F 00                    1117 	.db #0x00	; 0
    00000430 00                    1118 	.db #0x00	; 0
    00000431 00                    1119 	.db #0x00	; 0
    00000432 00                    1120 	.db #0x00	; 0
    00000433 00                    1121 	.db #0x00	; 0
    00000434 00                    1122 	.db #0x00	; 0
    00000435 00                    1123 	.db #0x00	; 0
    00000436 00                    1124 	.db #0x00	; 0
    00000437 00                    1125 	.db #0x00	; 0
    00000438 04                    1126 	.db #0x04	; 4
    00000439 00                    1127 	.db #0x00	; 0
    0000043A 0C                    1128 	.db #0x0c	; 12
    0000043B 00                    1129 	.db #0x00	; 0
    0000043C 18                    1130 	.db #0x18	; 24
    0000043D 00                    1131 	.db #0x00	; 0
    0000043E 00                    1132 	.db #0x00	; 0
    0000043F 00                    1133 	.db #0x00	; 0
    00000440 3F                    1134 	.db #0x3f	; 63
    00000441 00                    1135 	.db #0x00	; 0
    00000442 1F                    1136 	.db #0x1f	; 31
    00000443 00                    1137 	.db #0x00	; 0
    00000444 0E                    1138 	.db #0x0e	; 14
    00000445 00                    1139 	.db #0x00	; 0
    00000446 00                    1140 	.db #0x00	; 0
    00000447 00                    1141 	.db #0x00	; 0
    00000448 00                    1142 	.db #0x00	; 0
    00000449 00                    1143 	.db #0x00	; 0
    0000044A 0C                    1144 	.db #0x0c	; 12
    0000044B 00                    1145 	.db #0x00	; 0
    0000044C 08                    1146 	.db #0x08	; 8
    0000044D 00                    1147 	.db #0x00	; 0
    0000044E 00                    1148 	.db #0x00	; 0
    0000044F 00                    1149 	.db #0x00	; 0
    00000450 FC                    1150 	.db #0xfc	; 252
    00000451 00                    1151 	.db #0x00	; 0
    00000452 F0                    1152 	.db #0xf0	; 240
    00000453 00                    1153 	.db #0x00	; 0
    00000454 20                    1154 	.db #0x20	; 32
    00000455 00                    1155 	.db #0x00	; 0
    00000456 00                    1156 	.db #0x00	; 0
    00000457 00                    1157 	.db #0x00	; 0
    00000458 00                    1158 	.db #0x00	; 0
    00000459 00                    1159 	.db #0x00	; 0
    0000045A 00                    1160 	.db #0x00	; 0
    0000045B 00                    1161 	.db #0x00	; 0
    0000045C 00                    1162 	.db #0x00	; 0
    0000045D 00                    1163 	.db #0x00	; 0
    0000045E 00                    1164 	.db #0x00	; 0
    0000045F 00                    1165 	.db #0x00	; 0
    00000460 03                    1166 	.db #0x03	; 3
    00000461 03                    1167 	.db #0x03	; 3
    00000462 04                    1168 	.db #0x04	; 4
    00000463 04                    1169 	.db #0x04	; 4
    00000464 1C                    1170 	.db #0x1c	; 28
    00000465 1C                    1171 	.db #0x1c	; 28
    00000466 27                    1172 	.db #0x27	; 39
    00000467 24                    1173 	.db #0x24	; 36
    00000468 79                    1174 	.db #0x79	; 121	'y'
    00000469 60                    1175 	.db #0x60	; 96
    0000046A A7                    1176 	.db #0xa7	; 167
    0000046B 98                    1177 	.db #0x98	; 152
    0000046C CC                    1178 	.db #0xcc	; 204
    0000046D 81                    1179 	.db #0x81	; 129
    0000046E 5F                    1180 	.db #0x5f	; 95
    0000046F 60                    1181 	.db #0x60	; 96
    00000470 80                    1182 	.db #0x80	; 128
    00000471 80                    1183 	.db #0x80	; 128
    00000472 60                    1184 	.db #0x60	; 96
    00000473 60                    1185 	.db #0x60	; 96
    00000474 B8                    1186 	.db #0xb8	; 184
    00000475 58                    1187 	.db #0x58	; 88	'X'
    00000476 76                    1188 	.db #0x76	; 118	'v'
    00000477 8E                    1189 	.db #0x8e	; 142
    00000478 E2                    1190 	.db #0xe2	; 226
    00000479 1E                    1191 	.db #0x1e	; 30
    0000047A 71                    1192 	.db #0x71	; 113	'q'
    0000047B 8F                    1193 	.db #0x8f	; 143
    0000047C 41                    1194 	.db #0x41	; 65	'A'
    0000047D BF                    1195 	.db #0xbf	; 191
    0000047E 1D                    1196 	.db #0x1d	; 29
    0000047F E7                    1197 	.db #0xe7	; 231
    00000480 F2                    1198 	.db #0xf2	; 242
    00000481 8D                    1199 	.db #0x8d	; 141
    00000482 88                    1200 	.db #0x88	; 136
    00000483 F7                    1201 	.db #0xf7	; 247
    00000484 65                    1202 	.db #0x65	; 101	'e'
    00000485 7B                    1203 	.db #0x7b	; 123
    00000486 8D                    1204 	.db #0x8d	; 141
    00000487 FA                    1205 	.db #0xfa	; 250
    00000488 5A                    1206 	.db #0x5a	; 90	'Z'
    00000489 77                    1207 	.db #0x77	; 119	'w'
    0000048A 37                    1208 	.db #0x37	; 55	'7'
    0000048B 3F                    1209 	.db #0x3f	; 63
    0000048C 1E                    1210 	.db #0x1e	; 30
    0000048D 1F                    1211 	.db #0x1f	; 31
    0000048E 0F                    1212 	.db #0x0f	; 15
    0000048F 0F                    1213 	.db #0x0f	; 15
    00000490 0A                    1214 	.db #0x0a	; 10
    00000491 F6                    1215 	.db #0xf6	; 246
    00000492 E1                    1216 	.db #0xe1	; 225
    00000493 3F                    1217 	.db #0x3f	; 63
    00000494 35                    1218 	.db #0x35	; 53	'5'
    00000495 DF                    1219 	.db #0xdf	; 223
    00000496 F1                    1220 	.db #0xf1	; 241
    00000497 FF                    1221 	.db #0xff	; 255
    00000498 4B                    1222 	.db #0x4b	; 75	'K'
    00000499 FF                    1223 	.db #0xff	; 255
    0000049A 7C                    1224 	.db #0x7c	; 124
    0000049B BC                    1225 	.db #0xbc	; 188
    0000049C F8                    1226 	.db #0xf8	; 248
    0000049D B8                    1227 	.db #0xb8	; 184
    0000049E F0                    1228 	.db #0xf0	; 240
    0000049F F0                    1229 	.db #0xf0	; 240
    000004A0 F3                    1230 	.db #0xf3	; 243
    000004A1 8F                    1231 	.db #0x8f	; 143
    000004A2 8C                    1232 	.db #0x8c	; 140
    000004A3 F4                    1233 	.db #0xf4	; 244
    000004A4 7C                    1234 	.db #0x7c	; 124
    000004A5 7C                    1235 	.db #0x7c	; 124
    000004A6 A7                    1236 	.db #0xa7	; 167
    000004A7 E4                    1237 	.db #0xe4	; 228
    000004A8 79                    1238 	.db #0x79	; 121	'y'
    000004A9 60                    1239 	.db #0x60	; 96
    000004AA A7                    1240 	.db #0xa7	; 167
    000004AB 98                    1241 	.db #0x98	; 152
    000004AC CC                    1242 	.db #0xcc	; 204
    000004AD 81                    1243 	.db #0x81	; 129
    000004AE 5F                    1244 	.db #0x5f	; 95
    000004AF 60                    1245 	.db #0x60	; 96
    000004B0 8A                    1246 	.db #0x8a	; 138
    000004B1 F6                    1247 	.db #0xf6	; 246
    000004B2 61                    1248 	.db #0x61	; 97	'a'
    000004B3 7F                    1249 	.db #0x7f	; 127
    000004B4 BD                    1250 	.db #0xbd	; 189
    000004B5 5F                    1251 	.db #0x5f	; 95
    000004B6 77                    1252 	.db #0x77	; 119	'w'
    000004B7 8F                    1253 	.db #0x8f	; 143
    000004B8 E3                    1254 	.db #0xe3	; 227
    000004B9 1F                    1255 	.db #0x1f	; 31
    000004BA 71                    1256 	.db #0x71	; 113	'q'
    000004BB 8F                    1257 	.db #0x8f	; 143
    000004BC 41                    1258 	.db #0x41	; 65	'A'
    000004BD BF                    1259 	.db #0xbf	; 191
    000004BE 1D                    1260 	.db #0x1d	; 29
    000004BF E7                    1261 	.db #0xe7	; 231
    000004C0 00                    1262 	.db #0x00	; 0
    000004C1 00                    1263 	.db #0x00	; 0
    000004C2 10                    1264 	.db #0x10	; 16
    000004C3 00                    1265 	.db #0x00	; 0
    000004C4 00                    1266 	.db #0x00	; 0
    000004C5 10                    1267 	.db #0x10	; 16
    000004C6 00                    1268 	.db #0x00	; 0
    000004C7 00                    1269 	.db #0x00	; 0
    000004C8 00                    1270 	.db #0x00	; 0
    000004C9 00                    1271 	.db #0x00	; 0
    000004CA 00                    1272 	.db #0x00	; 0
    000004CB 00                    1273 	.db #0x00	; 0
    000004CC 00                    1274 	.db #0x00	; 0
    000004CD 00                    1275 	.db #0x00	; 0
    000004CE 00                    1276 	.db #0x00	; 0
    000004CF 00                    1277 	.db #0x00	; 0
    000004D0 00                    1278 	.db #0x00	; 0
    000004D1 00                    1279 	.db #0x00	; 0
    000004D2 00                    1280 	.db #0x00	; 0
    000004D3 00                    1281 	.db #0x00	; 0
    000004D4 00                    1282 	.db #0x00	; 0
    000004D5 00                    1283 	.db #0x00	; 0
    000004D6 10                    1284 	.db #0x10	; 16
    000004D7 00                    1285 	.db #0x00	; 0
    000004D8 00                    1286 	.db #0x00	; 0
    000004D9 10                    1287 	.db #0x10	; 16
    000004DA 00                    1288 	.db #0x00	; 0
    000004DB 00                    1289 	.db #0x00	; 0
    000004DC 00                    1290 	.db #0x00	; 0
    000004DD 00                    1291 	.db #0x00	; 0
    000004DE 00                    1292 	.db #0x00	; 0
    000004DF 00                    1293 	.db #0x00	; 0
    000004E0 00                    1294 	.db #0x00	; 0
    000004E1 00                    1295 	.db #0x00	; 0
    000004E2 00                    1296 	.db #0x00	; 0
    000004E3 00                    1297 	.db #0x00	; 0
    000004E4 00                    1298 	.db #0x00	; 0
    000004E5 00                    1299 	.db #0x00	; 0
    000004E6 00                    1300 	.db #0x00	; 0
    000004E7 00                    1301 	.db #0x00	; 0
    000004E8 00                    1302 	.db #0x00	; 0
    000004E9 00                    1303 	.db #0x00	; 0
    000004EA 00                    1304 	.db #0x00	; 0
    000004EB 00                    1305 	.db #0x00	; 0
    000004EC 61                    1306 	.db #0x61	; 97	'a'
    000004ED 00                    1307 	.db #0x00	; 0
    000004EE 61                    1308 	.db #0x61	; 97	'a'
    000004EF 00                    1309 	.db #0x00	; 0
    000004F0 00                    1310 	.db #0x00	; 0
    000004F1 00                    1311 	.db #0x00	; 0
    000004F2 00                    1312 	.db #0x00	; 0
    000004F3 00                    1313 	.db #0x00	; 0
    000004F4 00                    1314 	.db #0x00	; 0
    000004F5 00                    1315 	.db #0x00	; 0
    000004F6 00                    1316 	.db #0x00	; 0
    000004F7 00                    1317 	.db #0x00	; 0
    000004F8 00                    1318 	.db #0x00	; 0
    000004F9 00                    1319 	.db #0x00	; 0
    000004FA 86                    1320 	.db #0x86	; 134
    000004FB 00                    1321 	.db #0x00	; 0
    000004FC 8C                    1322 	.db #0x8c	; 140
    000004FD 02                    1323 	.db #0x02	; 2
    000004FE 1C                    1324 	.db #0x1c	; 28
    000004FF 80                    1325 	.db #0x80	; 128
    00000500 3F                    1326 	.db #0x3f	; 63
    00000501 00                    1327 	.db #0x00	; 0
    00000502 73                    1328 	.db #0x73	; 115	's'
    00000503 0C                    1329 	.db #0x0c	; 12
    00000504 7F                    1330 	.db #0x7f	; 127
    00000505 00                    1331 	.db #0x00	; 0
    00000506 7F                    1332 	.db #0x7f	; 127
    00000507 00                    1333 	.db #0x00	; 0
    00000508 3E                    1334 	.db #0x3e	; 62
    00000509 01                    1335 	.db #0x01	; 1
    0000050A 7F                    1336 	.db #0x7f	; 127
    0000050B 00                    1337 	.db #0x00	; 0
    0000050C 77                    1338 	.db #0x77	; 119	'w'
    0000050D 08                    1339 	.db #0x08	; 8
    0000050E 7F                    1340 	.db #0x7f	; 127
    0000050F 00                    1341 	.db #0x00	; 0
    00000510 FC                    1342 	.db #0xfc	; 252
    00000511 00                    1343 	.db #0x00	; 0
    00000512 DE                    1344 	.db #0xde	; 222
    00000513 20                    1345 	.db #0x20	; 32
    00000514 FE                    1346 	.db #0xfe	; 254
    00000515 00                    1347 	.db #0x00	; 0
    00000516 FE                    1348 	.db #0xfe	; 254
    00000517 00                    1349 	.db #0x00	; 0
    00000518 9C                    1350 	.db #0x9c	; 156
    00000519 00                    1351 	.db #0x00	; 0
    0000051A 6E                    1352 	.db #0x6e	; 110	'n'
    0000051B 80                    1353 	.db #0x80	; 128
    0000051C FE                    1354 	.db #0xfe	; 254
    0000051D 00                    1355 	.db #0x00	; 0
    0000051E F2                    1356 	.db #0xf2	; 242
    0000051F 0C                    1357 	.db #0x0c	; 12
    00000520 00                    1358 	.db #0x00	; 0
    00000521 00                    1359 	.db #0x00	; 0
    00000522 08                    1360 	.db #0x08	; 8
    00000523 00                    1361 	.db #0x00	; 0
    00000524 0C                    1362 	.db #0x0c	; 12
    00000525 00                    1363 	.db #0x00	; 0
    00000526 00                    1364 	.db #0x00	; 0
    00000527 00                    1365 	.db #0x00	; 0
    00000528 00                    1366 	.db #0x00	; 0
    00000529 00                    1367 	.db #0x00	; 0
    0000052A 0E                    1368 	.db #0x0e	; 14
    0000052B 00                    1369 	.db #0x00	; 0
    0000052C 1F                    1370 	.db #0x1f	; 31
    0000052D 00                    1371 	.db #0x00	; 0
    0000052E 3F                    1372 	.db #0x3f	; 63
    0000052F 00                    1373 	.db #0x00	; 0
    00000530 00                    1374 	.db #0x00	; 0
    00000531 00                    1375 	.db #0x00	; 0
    00000532 00                    1376 	.db #0x00	; 0
    00000533 00                    1377 	.db #0x00	; 0
    00000534 00                    1378 	.db #0x00	; 0
    00000535 00                    1379 	.db #0x00	; 0
    00000536 00                    1380 	.db #0x00	; 0
    00000537 00                    1381 	.db #0x00	; 0
    00000538 00                    1382 	.db #0x00	; 0
    00000539 00                    1383 	.db #0x00	; 0
    0000053A 20                    1384 	.db #0x20	; 32
    0000053B 00                    1385 	.db #0x00	; 0
    0000053C F0                    1386 	.db #0xf0	; 240
    0000053D 00                    1387 	.db #0x00	; 0
    0000053E FC                    1388 	.db #0xfc	; 252
    0000053F 00                    1389 	.db #0x00	; 0
    00000540 00                    1390 	.db #0x00	; 0
    00000541 00                    1391 	.db #0x00	; 0
    00000542 00                    1392 	.db #0x00	; 0
    00000543 00                    1393 	.db #0x00	; 0
    00000544 00                    1394 	.db #0x00	; 0
    00000545 00                    1395 	.db #0x00	; 0
    00000546 00                    1396 	.db #0x00	; 0
    00000547 00                    1397 	.db #0x00	; 0
    00000548 08                    1398 	.db #0x08	; 8
    00000549 00                    1399 	.db #0x00	; 0
    0000054A 00                    1400 	.db #0x00	; 0
    0000054B 00                    1401 	.db #0x00	; 0
    0000054C 00                    1402 	.db #0x00	; 0
    0000054D 00                    1403 	.db #0x00	; 0
    0000054E 00                    1404 	.db #0x00	; 0
    0000054F 00                    1405 	.db #0x00	; 0
    00000550 00                    1406 	.db #0x00	; 0
    00000551 00                    1407 	.db #0x00	; 0
    00000552 18                    1408 	.db #0x18	; 24
    00000553 00                    1409 	.db #0x00	; 0
    00000554 0C                    1410 	.db #0x0c	; 12
    00000555 00                    1411 	.db #0x00	; 0
    00000556 04                    1412 	.db #0x04	; 4
    00000557 00                    1413 	.db #0x00	; 0
    00000558 00                    1414 	.db #0x00	; 0
    00000559 00                    1415 	.db #0x00	; 0
    0000055A 00                    1416 	.db #0x00	; 0
    0000055B 00                    1417 	.db #0x00	; 0
    0000055C 00                    1418 	.db #0x00	; 0
    0000055D 00                    1419 	.db #0x00	; 0
    0000055E 00                    1420 	.db #0x00	; 0
    0000055F 00                    1421 	.db #0x00	; 0
    00000560 F2                    1422 	.db #0xf2	; 242
    00000561 8D                    1423 	.db #0x8d	; 141
    00000562 88                    1424 	.db #0x88	; 136
    00000563 F7                    1425 	.db #0xf7	; 247
    00000564 65                    1426 	.db #0x65	; 101	'e'
    00000565 7B                    1427 	.db #0x7b	; 123
    00000566 8C                    1428 	.db #0x8c	; 140
    00000567 FB                    1429 	.db #0xfb	; 251
    00000568 D8                    1430 	.db #0xd8	; 216
    00000569 F7                    1431 	.db #0xf7	; 247
    0000056A 73                    1432 	.db #0x73	; 115	's'
    0000056B 7F                    1433 	.db #0x7f	; 127
    0000056C 5A                    1434 	.db #0x5a	; 90	'Z'
    0000056D 7F                    1435 	.db #0x7f	; 127
    0000056E E1                    1436 	.db #0xe1	; 225
    0000056F 9F                    1437 	.db #0x9f	; 159
    00000570 0A                    1438 	.db #0x0a	; 10
    00000571 F6                    1439 	.db #0xf6	; 246
    00000572 E1                    1440 	.db #0xe1	; 225
    00000573 3F                    1441 	.db #0x3f	; 63
    00000574 35                    1442 	.db #0x35	; 53	'5'
    00000575 DF                    1443 	.db #0xdf	; 223
    00000576 B1                    1444 	.db #0xb1	; 177
    00000577 FF                    1445 	.db #0xff	; 255
    00000578 4B                    1446 	.db #0x4b	; 75	'K'
    00000579 FF                    1447 	.db #0xff	; 255
    0000057A 26                    1448 	.db #0x26	; 38
    0000057B FE                    1449 	.db #0xfe	; 254
    0000057C A1                    1450 	.db #0xa1	; 161
    0000057D FF                    1451 	.db #0xff	; 255
    0000057E C7                    1452 	.db #0xc7	; 199
    0000057F F9                    1453 	.db #0xf9	; 249
    00000580 3D                    1454 	.db #0x3d	; 61
    00000581 3F                    1455 	.db #0x3f	; 63
    00000582 7E                    1456 	.db #0x7e	; 126
    00000583 7D                    1457 	.db #0x7d	; 125
    00000584 78                    1458 	.db #0x78	; 120	'x'
    00000585 7F                    1459 	.db #0x7f	; 127
    00000586 73                    1460 	.db #0x73	; 115	's'
    00000587 7F                    1461 	.db #0x7f	; 127
    00000588 3F                    1462 	.db #0x3f	; 63
    00000589 3F                    1463 	.db #0x3f	; 63
    0000058A 1F                    1464 	.db #0x1f	; 31
    0000058B 1F                    1465 	.db #0x1f	; 31
    0000058C 07                    1466 	.db #0x07	; 7
    0000058D 07                    1467 	.db #0x07	; 7
    0000058E 03                    1468 	.db #0x03	; 3
    0000058F 03                    1469 	.db #0x03	; 3
    00000590 3C                    1470 	.db #0x3c	; 60
    00000591 FC                    1471 	.db #0xfc	; 252
    00000592 BE                    1472 	.db #0xbe	; 190
    00000593 DE                    1473 	.db #0xde	; 222
    00000594 CE                    1474 	.db #0xce	; 206
    00000595 7E                    1475 	.db #0x7e	; 126
    00000596 7E                    1476 	.db #0x7e	; 126
    00000597 FE                    1477 	.db #0xfe	; 254
    00000598 FC                    1478 	.db #0xfc	; 252
    00000599 FC                    1479 	.db #0xfc	; 252
    0000059A F8                    1480 	.db #0xf8	; 248
    0000059B F8                    1481 	.db #0xf8	; 248
    0000059C E0                    1482 	.db #0xe0	; 224
    0000059D E0                    1483 	.db #0xe0	; 224
    0000059E C0                    1484 	.db #0xc0	; 192
    0000059F C0                    1485 	.db #0xc0	; 192
    000005A0 F2                    1486 	.db #0xf2	; 242
    000005A1 8D                    1487 	.db #0x8d	; 141
    000005A2 88                    1488 	.db #0x88	; 136
    000005A3 F7                    1489 	.db #0xf7	; 247
    000005A4 65                    1490 	.db #0x65	; 101	'e'
    000005A5 7B                    1491 	.db #0x7b	; 123
    000005A6 8C                    1492 	.db #0x8c	; 140
    000005A7 FB                    1493 	.db #0xfb	; 251
    000005A8 D8                    1494 	.db #0xd8	; 216
    000005A9 F7                    1495 	.db #0xf7	; 247
    000005AA 73                    1496 	.db #0x73	; 115	's'
    000005AB 7F                    1497 	.db #0x7f	; 127
    000005AC 5A                    1498 	.db #0x5a	; 90	'Z'
    000005AD 7F                    1499 	.db #0x7f	; 127
    000005AE E1                    1500 	.db #0xe1	; 225
    000005AF 9F                    1501 	.db #0x9f	; 159
    000005B0 0A                    1502 	.db #0x0a	; 10
    000005B1 F6                    1503 	.db #0xf6	; 246
    000005B2 E1                    1504 	.db #0xe1	; 225
    000005B3 3F                    1505 	.db #0x3f	; 63
    000005B4 35                    1506 	.db #0x35	; 53	'5'
    000005B5 DF                    1507 	.db #0xdf	; 223
    000005B6 B1                    1508 	.db #0xb1	; 177
    000005B7 FF                    1509 	.db #0xff	; 255
    000005B8 4B                    1510 	.db #0x4b	; 75	'K'
    000005B9 FF                    1511 	.db #0xff	; 255
    000005BA 26                    1512 	.db #0x26	; 38
    000005BB FE                    1513 	.db #0xfe	; 254
    000005BC A1                    1514 	.db #0xa1	; 161
    000005BD FF                    1515 	.db #0xff	; 255
    000005BE C7                    1516 	.db #0xc7	; 199
    000005BF F9                    1517 	.db #0xf9	; 249
    000005C0 00                    1518 	.db #0x00	; 0
    000005C1 00                    1519 	.db #0x00	; 0
    000005C2 10                    1520 	.db #0x10	; 16
    000005C3 00                    1521 	.db #0x00	; 0
    000005C4 00                    1522 	.db #0x00	; 0
    000005C5 10                    1523 	.db #0x10	; 16
    000005C6 00                    1524 	.db #0x00	; 0
    000005C7 00                    1525 	.db #0x00	; 0
    000005C8 00                    1526 	.db #0x00	; 0
    000005C9 00                    1527 	.db #0x00	; 0
    000005CA 00                    1528 	.db #0x00	; 0
    000005CB 00                    1529 	.db #0x00	; 0
    000005CC 00                    1530 	.db #0x00	; 0
    000005CD 00                    1531 	.db #0x00	; 0
    000005CE 00                    1532 	.db #0x00	; 0
    000005CF 00                    1533 	.db #0x00	; 0
    000005D0 00                    1534 	.db #0x00	; 0
    000005D1 00                    1535 	.db #0x00	; 0
    000005D2 00                    1536 	.db #0x00	; 0
    000005D3 00                    1537 	.db #0x00	; 0
    000005D4 00                    1538 	.db #0x00	; 0
    000005D5 00                    1539 	.db #0x00	; 0
    000005D6 00                    1540 	.db #0x00	; 0
    000005D7 00                    1541 	.db #0x00	; 0
    000005D8 00                    1542 	.db #0x00	; 0
    000005D9 00                    1543 	.db #0x00	; 0
    000005DA 08                    1544 	.db #0x08	; 8
    000005DB 00                    1545 	.db #0x00	; 0
    000005DC 00                    1546 	.db #0x00	; 0
    000005DD 08                    1547 	.db #0x08	; 8
    000005DE 00                    1548 	.db #0x00	; 0
    000005DF 00                    1549 	.db #0x00	; 0
    000005E0 31                    1550 	.db #0x31	; 49	'1'
    000005E1 40                    1551 	.db #0x40	; 64
    000005E2 19                    1552 	.db #0x19	; 25
    000005E3 20                    1553 	.db #0x20	; 32
    000005E4 19                    1554 	.db #0x19	; 25
    000005E5 00                    1555 	.db #0x00	; 0
    000005E6 09                    1556 	.db #0x09	; 9
    000005E7 10                    1557 	.db #0x10	; 16
    000005E8 08                    1558 	.db #0x08	; 8
    000005E9 00                    1559 	.db #0x00	; 0
    000005EA 01                    1560 	.db #0x01	; 1
    000005EB 08                    1561 	.db #0x08	; 8
    000005EC 00                    1562 	.db #0x00	; 0
    000005ED 00                    1563 	.db #0x00	; 0
    000005EE 08                    1564 	.db #0x08	; 8
    000005EF 00                    1565 	.db #0x00	; 0
    000005F0 B8                    1566 	.db #0xb8	; 184
    000005F1 04                    1567 	.db #0x04	; 4
    000005F2 B0                    1568 	.db #0xb0	; 176
    000005F3 08                    1569 	.db #0x08	; 8
    000005F4 20                    1570 	.db #0x20	; 32
    000005F5 90                    1571 	.db #0x90	; 144
    000005F6 28                    1572 	.db #0x28	; 40
    000005F7 80                    1573 	.db #0x80	; 128
    000005F8 10                    1574 	.db #0x10	; 16
    000005F9 00                    1575 	.db #0x00	; 0
    000005FA 08                    1576 	.db #0x08	; 8
    000005FB 00                    1577 	.db #0x00	; 0
    000005FC 40                    1578 	.db #0x40	; 64
    000005FD 00                    1579 	.db #0x00	; 0
    000005FE 00                    1580 	.db #0x00	; 0
    000005FF 00                    1581 	.db #0x00	; 0
    00000600 3F                    1582 	.db #0x3f	; 63
    00000601 3F                    1583 	.db #0x3f	; 63
    00000602 7F                    1584 	.db #0x7f	; 127
    00000603 40                    1585 	.db #0x40	; 64
    00000604 F8                    1586 	.db #0xf8	; 248
    00000605 80                    1587 	.db #0x80	; 128
    00000606 F0                    1588 	.db #0xf0	; 240
    00000607 80                    1589 	.db #0x80	; 128
    00000608 F0                    1590 	.db #0xf0	; 240
    00000609 82                    1591 	.db #0x82	; 130
    0000060A F8                    1592 	.db #0xf8	; 248
    0000060B 80                    1593 	.db #0x80	; 128
    0000060C FC                    1594 	.db #0xfc	; 252
    0000060D 81                    1595 	.db #0x81	; 129
    0000060E F8                    1596 	.db #0xf8	; 248
    0000060F 80                    1597 	.db #0x80	; 128
    00000610 FF                    1598 	.db #0xff	; 255
    00000611 FF                    1599 	.db #0xff	; 255
    00000612 FF                    1600 	.db #0xff	; 255
    00000613 00                    1601 	.db #0x00	; 0
    00000614 0F                    1602 	.db #0x0f	; 15
    00000615 00                    1603 	.db #0x00	; 0
    00000616 1F                    1604 	.db #0x1f	; 31
    00000617 00                    1605 	.db #0x00	; 0
    00000618 1F                    1606 	.db #0x1f	; 31
    00000619 C0                    1607 	.db #0xc0	; 192
    0000061A 0F                    1608 	.db #0x0f	; 15
    0000061B 00                    1609 	.db #0x00	; 0
    0000061C 0F                    1610 	.db #0x0f	; 15
    0000061D A0                    1611 	.db #0xa0	; 160
    0000061E 0F                    1612 	.db #0x0f	; 15
    0000061F 00                    1613 	.db #0x00	; 0
    00000620 FF                    1614 	.db #0xff	; 255
    00000621 FF                    1615 	.db #0xff	; 255
    00000622 FF                    1616 	.db #0xff	; 255
    00000623 00                    1617 	.db #0x00	; 0
    00000624 EC                    1618 	.db #0xec	; 236
    00000625 3F                    1619 	.db #0x3f	; 63
    00000626 F2                    1620 	.db #0xf2	; 242
    00000627 3D                    1621 	.db #0x3d	; 61
    00000628 EC                    1622 	.db #0xec	; 236
    00000629 37                    1623 	.db #0x37	; 55	'7'
    0000062A F1                    1624 	.db #0xf1	; 241
    0000062B 3F                    1625 	.db #0x3f	; 63
    0000062C FF                    1626 	.db #0xff	; 255
    0000062D 3F                    1627 	.db #0x3f	; 63
    0000062E EF                    1628 	.db #0xef	; 239
    0000062F 1F                    1629 	.db #0x1f	; 31
    00000630 FF                    1630 	.db #0xff	; 255
    00000631 FF                    1631 	.db #0xff	; 255
    00000632 FF                    1632 	.db #0xff	; 255
    00000633 00                    1633 	.db #0x00	; 0
    00000634 DF                    1634 	.db #0xdf	; 223
    00000635 F8                    1635 	.db #0xf8	; 248
    00000636 37                    1636 	.db #0x37	; 55	'7'
    00000637 EC                    1637 	.db #0xec	; 236
    00000638 43                    1638 	.db #0x43	; 67	'C'
    00000639 BE                    1639 	.db #0xbe	; 190
    0000063A 17                    1640 	.db #0x17	; 23
    0000063B FC                    1641 	.db #0xfc	; 252
    0000063C FF                    1642 	.db #0xff	; 255
    0000063D F8                    1643 	.db #0xf8	; 248
    0000063E EF                    1644 	.db #0xef	; 239
    0000063F F0                    1645 	.db #0xf0	; 240
    00000640 FF                    1646 	.db #0xff	; 255
    00000641 FF                    1647 	.db #0xff	; 255
    00000642 FF                    1648 	.db #0xff	; 255
    00000643 00                    1649 	.db #0x00	; 0
    00000644 F3                    1650 	.db #0xf3	; 243
    00000645 00                    1651 	.db #0x00	; 0
    00000646 F3                    1652 	.db #0xf3	; 243
    00000647 08                    1653 	.db #0x08	; 8
    00000648 F3                    1654 	.db #0xf3	; 243
    00000649 00                    1655 	.db #0x00	; 0
    0000064A F3                    1656 	.db #0xf3	; 243
    0000064B 08                    1657 	.db #0x08	; 8
    0000064C FF                    1658 	.db #0xff	; 255
    0000064D 3F                    1659 	.db #0x3f	; 63
    0000064E C0                    1660 	.db #0xc0	; 192
    0000064F 5F                    1661 	.db #0x5f	; 95
    00000650 FC                    1662 	.db #0xfc	; 252
    00000651 FC                    1663 	.db #0xfc	; 252
    00000652 FE                    1664 	.db #0xfe	; 254
    00000653 02                    1665 	.db #0x02	; 2
    00000654 FF                    1666 	.db #0xff	; 255
    00000655 01                    1667 	.db #0x01	; 1
    00000656 FF                    1668 	.db #0xff	; 255
    00000657 01                    1669 	.db #0x01	; 1
    00000658 FF                    1670 	.db #0xff	; 255
    00000659 01                    1671 	.db #0x01	; 1
    0000065A FF                    1672 	.db #0xff	; 255
    0000065B 01                    1673 	.db #0x01	; 1
    0000065C FF                    1674 	.db #0xff	; 255
    0000065D 01                    1675 	.db #0x01	; 1
    0000065E FF                    1676 	.db #0xff	; 255
    0000065F 81                    1677 	.db #0x81	; 129
    00000660 F0                    1678 	.db #0xf0	; 240
    00000661 82                    1679 	.db #0x82	; 130
    00000662 B8                    1680 	.db #0xb8	; 184
    00000663 80                    1681 	.db #0x80	; 128
    00000664 DF                    1682 	.db #0xdf	; 223
    00000665 80                    1683 	.db #0x80	; 128
    00000666 A0                    1684 	.db #0xa0	; 160
    00000667 C0                    1685 	.db #0xc0	; 192
    00000668 40                    1686 	.db #0x40	; 64
    00000669 7F                    1687 	.db #0x7f	; 127
    0000066A 7F                    1688 	.db #0x7f	; 127
    0000066B 7F                    1689 	.db #0x7f	; 127
    0000066C 5B                    1690 	.db #0x5b	; 91
    0000066D 67                    1691 	.db #0x67	; 103	'g'
    0000066E FF                    1692 	.db #0xff	; 255
    0000066F 3C                    1693 	.db #0x3c	; 60
    00000670 0F                    1694 	.db #0x0f	; 15
    00000671 C0                    1695 	.db #0xc0	; 192
    00000672 1F                    1696 	.db #0x1f	; 31
    00000673 00                    1697 	.db #0x00	; 0
    00000674 FF                    1698 	.db #0xff	; 255
    00000675 00                    1699 	.db #0x00	; 0
    00000676 00                    1700 	.db #0x00	; 0
    00000677 00                    1701 	.db #0x00	; 0
    00000678 00                    1702 	.db #0x00	; 0
    00000679 FF                    1703 	.db #0xff	; 255
    0000067A FF                    1704 	.db #0xff	; 255
    0000067B FF                    1705 	.db #0xff	; 255
    0000067C 00                    1706 	.db #0x00	; 0
    0000067D FF                    1707 	.db #0xff	; 255
    0000067E FF                    1708 	.db #0xff	; 255
    0000067F 00                    1709 	.db #0x00	; 0
    00000680 DD                    1710 	.db #0xdd	; 221
    00000681 3F                    1711 	.db #0x3f	; 63
    00000682 80                    1712 	.db #0x80	; 128
    00000683 7F                    1713 	.db #0x7f	; 127
    00000684 FF                    1714 	.db #0xff	; 255
    00000685 00                    1715 	.db #0x00	; 0
    00000686 00                    1716 	.db #0x00	; 0
    00000687 00                    1717 	.db #0x00	; 0
    00000688 00                    1718 	.db #0x00	; 0
    00000689 FF                    1719 	.db #0xff	; 255
    0000068A FF                    1720 	.db #0xff	; 255
    0000068B FF                    1721 	.db #0xff	; 255
    0000068C 00                    1722 	.db #0x00	; 0
    0000068D FF                    1723 	.db #0xff	; 255
    0000068E FF                    1724 	.db #0xff	; 255
    0000068F 00                    1725 	.db #0x00	; 0
    00000690 77                    1726 	.db #0x77	; 119	'w'
    00000691 F8                    1727 	.db #0xf8	; 248
    00000692 03                    1728 	.db #0x03	; 3
    00000693 FC                    1729 	.db #0xfc	; 252
    00000694 FF                    1730 	.db #0xff	; 255
    00000695 00                    1731 	.db #0x00	; 0
    00000696 00                    1732 	.db #0x00	; 0
    00000697 00                    1733 	.db #0x00	; 0
    00000698 00                    1734 	.db #0x00	; 0
    00000699 FF                    1735 	.db #0xff	; 255
    0000069A FF                    1736 	.db #0xff	; 255
    0000069B FF                    1737 	.db #0xff	; 255
    0000069C 00                    1738 	.db #0x00	; 0
    0000069D FF                    1739 	.db #0xff	; 255
    0000069E FF                    1740 	.db #0xff	; 255
    0000069F 00                    1741 	.db #0x00	; 0
    000006A0 C0                    1742 	.db #0xc0	; 192
    000006A1 5F                    1743 	.db #0x5f	; 95
    000006A2 FF                    1744 	.db #0xff	; 255
    000006A3 3F                    1745 	.db #0x3f	; 63
    000006A4 FF                    1746 	.db #0xff	; 255
    000006A5 00                    1747 	.db #0x00	; 0
    000006A6 00                    1748 	.db #0x00	; 0
    000006A7 00                    1749 	.db #0x00	; 0
    000006A8 00                    1750 	.db #0x00	; 0
    000006A9 FF                    1751 	.db #0xff	; 255
    000006AA FF                    1752 	.db #0xff	; 255
    000006AB FF                    1753 	.db #0xff	; 255
    000006AC 00                    1754 	.db #0x00	; 0
    000006AD FF                    1755 	.db #0xff	; 255
    000006AE FF                    1756 	.db #0xff	; 255
    000006AF 00                    1757 	.db #0x00	; 0
    000006B0 FF                    1758 	.db #0xff	; 255
    000006B1 81                    1759 	.db #0x81	; 129
    000006B2 FD                    1760 	.db #0xfd	; 253
    000006B3 01                    1761 	.db #0x01	; 1
    000006B4 FB                    1762 	.db #0xfb	; 251
    000006B5 01                    1763 	.db #0x01	; 1
    000006B6 05                    1764 	.db #0x05	; 5
    000006B7 03                    1765 	.db #0x03	; 3
    000006B8 02                    1766 	.db #0x02	; 2
    000006B9 FE                    1767 	.db #0xfe	; 254
    000006BA FE                    1768 	.db #0xfe	; 254
    000006BB FE                    1769 	.db #0xfe	; 254
    000006BC DA                    1770 	.db #0xda	; 218
    000006BD E6                    1771 	.db #0xe6	; 230
    000006BE FF                    1772 	.db #0xff	; 255
    000006BF 3C                    1773 	.db #0x3c	; 60
    000006C0                       1774 _camp_collisions:
    000006C0 02                    1775 	.db #0x02	; 2
    000006C1 02                    1776 	.db #0x02	; 2
    000006C2 02                    1777 	.db #0x02	; 2
    000006C3 02                    1778 	.db #0x02	; 2
    000006C4 01                    1779 	.db #0x01	; 1
    000006C5 01                    1780 	.db #0x01	; 1
    000006C6 00                    1781 	.db #0x00	; 0
    000006C7 00                    1782 	.db #0x00	; 0
    000006C8 00                    1783 	.db #0x00	; 0
    000006C9 00                    1784 	.db #0x00	; 0
    000006CA 01                    1785 	.db #0x01	; 1
    000006CB 01                    1786 	.db #0x01	; 1
    000006CC 00                    1787 	.db #0x00	; 0
    000006CD 00                    1788 	.db #0x00	; 0
    000006CE 01                    1789 	.db #0x01	; 1
    000006CF 01                    1790 	.db #0x01	; 1
    000006D0 02                    1791 	.db #0x02	; 2
    000006D1 02                    1792 	.db #0x02	; 2
    000006D2 02                    1793 	.db #0x02	; 2
    000006D3 02                    1794 	.db #0x02	; 2
    000006D4 01                    1795 	.db #0x01	; 1
    000006D5 01                    1796 	.db #0x01	; 1
    000006D6 00                    1797 	.db #0x00	; 0
    000006D7 00                    1798 	.db #0x00	; 0
    000006D8 00                    1799 	.db #0x00	; 0
    000006D9 00                    1800 	.db #0x00	; 0
    000006DA 01                    1801 	.db #0x01	; 1
    000006DB 01                    1802 	.db #0x01	; 1
    000006DC 00                    1803 	.db #0x00	; 0
    000006DD 00                    1804 	.db #0x00	; 0
    000006DE 01                    1805 	.db #0x01	; 1
    000006DF 01                    1806 	.db #0x01	; 1
    000006E0 00                    1807 	.db #0x00	; 0
    000006E1 00                    1808 	.db #0x00	; 0
    000006E2 00                    1809 	.db #0x00	; 0
    000006E3 00                    1810 	.db #0x00	; 0
    000006E4 01                    1811 	.db #0x01	; 1
    000006E5 01                    1812 	.db #0x01	; 1
    000006E6 01                    1813 	.db #0x01	; 1
    000006E7 01                    1814 	.db #0x01	; 1
    000006E8 01                    1815 	.db #0x01	; 1
    000006E9 01                    1816 	.db #0x01	; 1
    000006EA 01                    1817 	.db #0x01	; 1
    000006EB 01                    1818 	.db #0x01	; 1
    000006EC 01                    1819 	.db #0x01	; 1
    000006ED 01                    1820 	.db #0x01	; 1
    000006EE 01                    1821 	.db #0x01	; 1
    000006EF 01                    1822 	.db #0x01	; 1
    000006F0 00                    1823 	.db #0x00	; 0
    000006F1 00                    1824 	.db #0x00	; 0
    000006F2 00                    1825 	.db #0x00	; 0
    000006F3 00                    1826 	.db #0x00	; 0
    000006F4 01                    1827 	.db #0x01	; 1
    000006F5 01                    1828 	.db #0x01	; 1
    000006F6 01                    1829 	.db #0x01	; 1
    000006F7 01                    1830 	.db #0x01	; 1
    000006F8 01                    1831 	.db #0x01	; 1
    000006F9 01                    1832 	.db #0x01	; 1
    000006FA 01                    1833 	.db #0x01	; 1
    000006FB 01                    1834 	.db #0x01	; 1
    000006FC 01                    1835 	.db #0x01	; 1
    000006FD 01                    1836 	.db #0x01	; 1
    000006FE 01                    1837 	.db #0x01	; 1
    000006FF 01                    1838 	.db #0x01	; 1
    00000700 00                    1839 	.db #0x00	; 0
    00000701 00                    1840 	.db #0x00	; 0
    00000702 00                    1841 	.db #0x00	; 0
    00000703 00                    1842 	.db #0x00	; 0
    00000704 00                    1843 	.db #0x00	; 0
    00000705 00                    1844 	.db #0x00	; 0
    00000706 01                    1845 	.db #0x01	; 1
    00000707 01                    1846 	.db #0x01	; 1
    00000708 01                    1847 	.db #0x01	; 1
    00000709 01                    1848 	.db #0x01	; 1
    0000070A 01                    1849 	.db #0x01	; 1
    0000070B 01                    1850 	.db #0x01	; 1
    0000070C 00                    1851 	.db #0x00	; 0
    0000070D 00                    1852 	.db #0x00	; 0
    0000070E 00                    1853 	.db #0x00	; 0
    0000070F 00                    1854 	.db #0x00	; 0
    00000710 00                    1855 	.db #0x00	; 0
    00000711 00                    1856 	.db #0x00	; 0
    00000712 00                    1857 	.db #0x00	; 0
    00000713 00                    1858 	.db #0x00	; 0
    00000714 00                    1859 	.db #0x00	; 0
    00000715 00                    1860 	.db #0x00	; 0
    00000716 01                    1861 	.db #0x01	; 1
    00000717 01                    1862 	.db #0x01	; 1
    00000718 01                    1863 	.db #0x01	; 1
    00000719 01                    1864 	.db #0x01	; 1
    0000071A 01                    1865 	.db #0x01	; 1
    0000071B 01                    1866 	.db #0x01	; 1
    0000071C 00                    1867 	.db #0x00	; 0
    0000071D 00                    1868 	.db #0x00	; 0
    0000071E 00                    1869 	.db #0x00	; 0
    0000071F 00                    1870 	.db #0x00	; 0
    00000720 01                    1871 	.db #0x01	; 1
    00000721 01                    1872 	.db #0x01	; 1
    00000722 01                    1873 	.db #0x01	; 1
    00000723 01                    1874 	.db #0x01	; 1
    00000724 01                    1875 	.db #0x01	; 1
    00000725 01                    1876 	.db #0x01	; 1
    00000726 01                    1877 	.db #0x01	; 1
    00000727 01                    1878 	.db #0x01	; 1
    00000728 01                    1879 	.db #0x01	; 1
    00000729 01                    1880 	.db #0x01	; 1
    0000072A 01                    1881 	.db #0x01	; 1
    0000072B 01                    1882 	.db #0x01	; 1
                                   1883 	.area _INITIALIZER
                                   1884 	.area _CABS (ABS)
