                                      1 ;--------------------------------------------------------
                                      2 ; File Created by SDCC : free open source ISO C Compiler
                                      3 ; Version 4.5.1 #15267 (Linux)
                                      4 ;--------------------------------------------------------
                                      5 	.module IntroSlide2Tiles
                                      6 	
                                      7 ;--------------------------------------------------------
                                      8 ; Public variables in this module
                                      9 ;--------------------------------------------------------
                                     10 	.globl _Slide2
                                     11 ;--------------------------------------------------------
                                     12 ; special function registers
                                     13 ;--------------------------------------------------------
                                     14 	.area _HRAM
                                     15 ;--------------------------------------------------------
                                     16 ; ram data
                                     17 ;--------------------------------------------------------
                                     18 	.area _DATA
                                     19 ;--------------------------------------------------------
                                     20 ; ram data
                                     21 ;--------------------------------------------------------
                                     22 	.area _INITIALIZED
                                     23 ;--------------------------------------------------------
                                     24 ; absolute external ram data
                                     25 ;--------------------------------------------------------
                                     26 	.area _DABS (ABS)
                                     27 ;--------------------------------------------------------
                                     28 ; global & static initialisations
                                     29 ;--------------------------------------------------------
                                     30 	.area _HOME
                                     31 	.area _GSINIT
                                     32 	.area _GSFINAL
                                     33 	.area _GSINIT
                                     34 ;--------------------------------------------------------
                                     35 ; Home
                                     36 ;--------------------------------------------------------
                                     37 	.area _HOME
                                     38 	.area _HOME
                                     39 ;--------------------------------------------------------
                                     40 ; code
                                     41 ;--------------------------------------------------------
                                     42 	.area _CODE_6
                                     43 	.area _CODE_6
    00000000                         44 _Slide2:
    00000000 00                      45 	.db #0x00	; 0
    00000001 00                      46 	.db #0x00	; 0
    00000002 00                      47 	.db #0x00	; 0
    00000003 00                      48 	.db #0x00	; 0
    00000004 00                      49 	.db #0x00	; 0
    00000005 00                      50 	.db #0x00	; 0
    00000006 00                      51 	.db #0x00	; 0
    00000007 00                      52 	.db #0x00	; 0
    00000008 00                      53 	.db #0x00	; 0
    00000009 00                      54 	.db #0x00	; 0
    0000000A 00                      55 	.db #0x00	; 0
    0000000B 00                      56 	.db #0x00	; 0
    0000000C 00                      57 	.db #0x00	; 0
    0000000D 00                      58 	.db #0x00	; 0
    0000000E 00                      59 	.db #0x00	; 0
    0000000F 00                      60 	.db #0x00	; 0
    00000010 00                      61 	.db #0x00	; 0
    00000011 00                      62 	.db #0x00	; 0
    00000012 00                      63 	.db #0x00	; 0
    00000013 00                      64 	.db #0x00	; 0
    00000014 22                      65 	.db #0x22	; 34
    00000015 00                      66 	.db #0x00	; 0
    00000016 00                      67 	.db #0x00	; 0
    00000017 00                      68 	.db #0x00	; 0
    00000018 AA                      69 	.db #0xaa	; 170
    00000019 00                      70 	.db #0x00	; 0
    0000001A 44                      71 	.db #0x44	; 68	'D'
    0000001B 00                      72 	.db #0x00	; 0
    0000001C AA                      73 	.db #0xaa	; 170
    0000001D 00                      74 	.db #0x00	; 0
    0000001E 11                      75 	.db #0x11	; 17
    0000001F 00                      76 	.db #0x00	; 0
    00000020 EE                      77 	.db #0xee	; 238
    00000021 00                      78 	.db #0x00	; 0
    00000022 55                      79 	.db #0x55	; 85	'U'
    00000023 00                      80 	.db #0x00	; 0
    00000024 BB                      81 	.db #0xbb	; 187
    00000025 00                      82 	.db #0x00	; 0
    00000026 55                      83 	.db #0x55	; 85	'U'
    00000027 00                      84 	.db #0x00	; 0
    00000028 FF                      85 	.db #0xff	; 255
    00000029 00                      86 	.db #0x00	; 0
    0000002A DD                      87 	.db #0xdd	; 221
    0000002B 00                      88 	.db #0x00	; 0
    0000002C FF                      89 	.db #0xff	; 255
    0000002D 00                      90 	.db #0x00	; 0
    0000002E FF                      91 	.db #0xff	; 255
    0000002F 00                      92 	.db #0x00	; 0
    00000030 FF                      93 	.db #0xff	; 255
    00000031 00                      94 	.db #0x00	; 0
    00000032 FF                      95 	.db #0xff	; 255
    00000033 00                      96 	.db #0x00	; 0
    00000034 FF                      97 	.db #0xff	; 255
    00000035 00                      98 	.db #0x00	; 0
    00000036 FF                      99 	.db #0xff	; 255
    00000037 00                     100 	.db #0x00	; 0
    00000038 FF                     101 	.db #0xff	; 255
    00000039 00                     102 	.db #0x00	; 0
    0000003A FF                     103 	.db #0xff	; 255
    0000003B 00                     104 	.db #0x00	; 0
    0000003C FF                     105 	.db #0xff	; 255
    0000003D 00                     106 	.db #0x00	; 0
    0000003E FF                     107 	.db #0xff	; 255
    0000003F 00                     108 	.db #0x00	; 0
    00000040 FF                     109 	.db #0xff	; 255
    00000041 00                     110 	.db #0x00	; 0
    00000042 FF                     111 	.db #0xff	; 255
    00000043 00                     112 	.db #0x00	; 0
    00000044 FF                     113 	.db #0xff	; 255
    00000045 00                     114 	.db #0x00	; 0
    00000046 FF                     115 	.db #0xff	; 255
    00000047 07                     116 	.db #0x07	; 7
    00000048 F8                     117 	.db #0xf8	; 248
    00000049 18                     118 	.db #0x18	; 24
    0000004A E0                     119 	.db #0xe0	; 224
    0000004B 20                     120 	.db #0x20	; 32
    0000004C E0                     121 	.db #0xe0	; 224
    0000004D 20                     122 	.db #0x20	; 32
    0000004E C3                     123 	.db #0xc3	; 195
    0000004F 40                     124 	.db #0x40	; 64
    00000050 FF                     125 	.db #0xff	; 255
    00000051 00                     126 	.db #0x00	; 0
    00000052 FF                     127 	.db #0xff	; 255
    00000053 00                     128 	.db #0x00	; 0
    00000054 FF                     129 	.db #0xff	; 255
    00000055 00                     130 	.db #0x00	; 0
    00000056 FF                     131 	.db #0xff	; 255
    00000057 F0                     132 	.db #0xf0	; 240
    00000058 0F                     133 	.db #0x0f	; 15
    00000059 0C                     134 	.db #0x0c	; 12
    0000005A 03                     135 	.db #0x03	; 3
    0000005B 02                     136 	.db #0x02	; 2
    0000005C 03                     137 	.db #0x03	; 3
    0000005D 02                     138 	.db #0x02	; 2
    0000005E 61                     139 	.db #0x61	; 97	'a'
    0000005F 01                     140 	.db #0x01	; 1
    00000060 FF                     141 	.db #0xff	; 255
    00000061 00                     142 	.db #0x00	; 0
    00000062 FF                     143 	.db #0xff	; 255
    00000063 00                     144 	.db #0x00	; 0
    00000064 FF                     145 	.db #0xff	; 255
    00000065 00                     146 	.db #0x00	; 0
    00000066 FF                     147 	.db #0xff	; 255
    00000067 00                     148 	.db #0x00	; 0
    00000068 FF                     149 	.db #0xff	; 255
    00000069 00                     150 	.db #0x00	; 0
    0000006A FF                     151 	.db #0xff	; 255
    0000006B 00                     152 	.db #0x00	; 0
    0000006C FF                     153 	.db #0xff	; 255
    0000006D 00                     154 	.db #0x00	; 0
    0000006E FF                     155 	.db #0xff	; 255
    0000006F 3F                     156 	.db #0x3f	; 63
    00000070 FF                     157 	.db #0xff	; 255
    00000071 00                     158 	.db #0x00	; 0
    00000072 FF                     159 	.db #0xff	; 255
    00000073 00                     160 	.db #0x00	; 0
    00000074 FF                     161 	.db #0xff	; 255
    00000075 00                     162 	.db #0x00	; 0
    00000076 FF                     163 	.db #0xff	; 255
    00000077 00                     164 	.db #0x00	; 0
    00000078 FF                     165 	.db #0xff	; 255
    00000079 00                     166 	.db #0x00	; 0
    0000007A FF                     167 	.db #0xff	; 255
    0000007B 00                     168 	.db #0x00	; 0
    0000007C FF                     169 	.db #0xff	; 255
    0000007D 00                     170 	.db #0x00	; 0
    0000007E FF                     171 	.db #0xff	; 255
    0000007F 7C                     172 	.db #0x7c	; 124
    00000080 FF                     173 	.db #0xff	; 255
    00000081 00                     174 	.db #0x00	; 0
    00000082 FF                     175 	.db #0xff	; 255
    00000083 00                     176 	.db #0x00	; 0
    00000084 FF                     177 	.db #0xff	; 255
    00000085 00                     178 	.db #0x00	; 0
    00000086 FF                     179 	.db #0xff	; 255
    00000087 00                     180 	.db #0x00	; 0
    00000088 FF                     181 	.db #0xff	; 255
    00000089 00                     182 	.db #0x00	; 0
    0000008A FF                     183 	.db #0xff	; 255
    0000008B 00                     184 	.db #0x00	; 0
    0000008C FF                     185 	.db #0xff	; 255
    0000008D 00                     186 	.db #0x00	; 0
    0000008E FF                     187 	.db #0xff	; 255
    0000008F 01                     188 	.db #0x01	; 1
    00000090 C0                     189 	.db #0xc0	; 192
    00000091 40                     190 	.db #0x40	; 64
    00000092 DC                     191 	.db #0xdc	; 220
    00000093 5C                     192 	.db #0x5c	; 92
    00000094 DE                     193 	.db #0xde	; 222
    00000095 42                     194 	.db #0x42	; 66	'B'
    00000096 CF                     195 	.db #0xcf	; 207
    00000097 4D                     196 	.db #0x4d	; 77	'M'
    00000098 DF                     197 	.db #0xdf	; 223
    00000099 57                     198 	.db #0x57	; 87	'W'
    0000009A CD                     199 	.db #0xcd	; 205
    0000009B 44                     200 	.db #0x44	; 68	'D'
    0000009C C0                     201 	.db #0xc0	; 192
    0000009D C0                     202 	.db #0xc0	; 192
    0000009E C0                     203 	.db #0xc0	; 192
    0000009F 40                     204 	.db #0x40	; 64
    000000A0 81                     205 	.db #0x81	; 129
    000000A1 01                     206 	.db #0x01	; 1
    000000A2 1D                     207 	.db #0x1d	; 29
    000000A3 1D                     208 	.db #0x1d	; 29
    000000A4 BD                     209 	.db #0xbd	; 189
    000000A5 A1                     210 	.db #0xa1	; 161
    000000A6 F9                     211 	.db #0xf9	; 249
    000000A7 59                     212 	.db #0x59	; 89	'Y'
    000000A8 FD                     213 	.db #0xfd	; 253
    000000A9 75                     214 	.db #0x75	; 117	'u'
    000000AA D9                     215 	.db #0xd9	; 217
    000000AB 91                     216 	.db #0x91	; 145
    000000AC 01                     217 	.db #0x01	; 1
    000000AD 01                     218 	.db #0x01	; 1
    000000AE 81                     219 	.db #0x81	; 129
    000000AF 81                     220 	.db #0x81	; 129
    000000B0 FF                     221 	.db #0xff	; 255
    000000B1 00                     222 	.db #0x00	; 0
    000000B2 FF                     223 	.db #0xff	; 255
    000000B3 00                     224 	.db #0x00	; 0
    000000B4 FF                     225 	.db #0xff	; 255
    000000B5 00                     226 	.db #0x00	; 0
    000000B6 FF                     227 	.db #0xff	; 255
    000000B7 00                     228 	.db #0x00	; 0
    000000B8 FF                     229 	.db #0xff	; 255
    000000B9 00                     230 	.db #0x00	; 0
    000000BA FF                     231 	.db #0xff	; 255
    000000BB 00                     232 	.db #0x00	; 0
    000000BC FF                     233 	.db #0xff	; 255
    000000BD 80                     234 	.db #0x80	; 128
    000000BE FF                     235 	.db #0xff	; 255
    000000BF 40                     236 	.db #0x40	; 64
    000000C0 FF                     237 	.db #0xff	; 255
    000000C1 00                     238 	.db #0x00	; 0
    000000C2 FF                     239 	.db #0xff	; 255
    000000C3 00                     240 	.db #0x00	; 0
    000000C4 FF                     241 	.db #0xff	; 255
    000000C5 00                     242 	.db #0x00	; 0
    000000C6 FF                     243 	.db #0xff	; 255
    000000C7 00                     244 	.db #0x00	; 0
    000000C8 FF                     245 	.db #0xff	; 255
    000000C9 00                     246 	.db #0x00	; 0
    000000CA FF                     247 	.db #0xff	; 255
    000000CB 01                     248 	.db #0x01	; 1
    000000CC FE                     249 	.db #0xfe	; 254
    000000CD 03                     250 	.db #0x03	; 3
    000000CE FC                     251 	.db #0xfc	; 252
    000000CF 07                     252 	.db #0x07	; 7
    000000D0 FF                     253 	.db #0xff	; 255
    000000D1 00                     254 	.db #0x00	; 0
    000000D2 FF                     255 	.db #0xff	; 255
    000000D3 00                     256 	.db #0x00	; 0
    000000D4 FF                     257 	.db #0xff	; 255
    000000D5 00                     258 	.db #0x00	; 0
    000000D6 FF                     259 	.db #0xff	; 255
    000000D7 00                     260 	.db #0x00	; 0
    000000D8 FF                     261 	.db #0xff	; 255
    000000D9 7B                     262 	.db #0x7b	; 123
    000000DA 84                     263 	.db #0x84	; 132
    000000DB FF                     264 	.db #0xff	; 255
    000000DC 29                     265 	.db #0x29	; 41
    000000DD D6                     266 	.db #0xd6	; 214
    000000DE 00                     267 	.db #0x00	; 0
    000000DF FF                     268 	.db #0xff	; 255
    000000E0 FF                     269 	.db #0xff	; 255
    000000E1 00                     270 	.db #0x00	; 0
    000000E2 FF                     271 	.db #0xff	; 255
    000000E3 00                     272 	.db #0x00	; 0
    000000E4 FF                     273 	.db #0xff	; 255
    000000E5 00                     274 	.db #0x00	; 0
    000000E6 FF                     275 	.db #0xff	; 255
    000000E7 00                     276 	.db #0x00	; 0
    000000E8 FF                     277 	.db #0xff	; 255
    000000E9 FC                     278 	.db #0xfc	; 252
    000000EA 03                     279 	.db #0x03	; 3
    000000EB FF                     280 	.db #0xff	; 255
    000000EC 28                     281 	.db #0x28	; 40
    000000ED D7                     282 	.db #0xd7	; 215
    000000EE 00                     283 	.db #0x00	; 0
    000000EF FF                     284 	.db #0xff	; 255
    000000F0 FF                     285 	.db #0xff	; 255
    000000F1 00                     286 	.db #0x00	; 0
    000000F2 FF                     287 	.db #0xff	; 255
    000000F3 00                     288 	.db #0x00	; 0
    000000F4 FF                     289 	.db #0xff	; 255
    000000F5 00                     290 	.db #0x00	; 0
    000000F6 FF                     291 	.db #0xff	; 255
    000000F7 00                     292 	.db #0x00	; 0
    000000F8 FF                     293 	.db #0xff	; 255
    000000F9 00                     294 	.db #0x00	; 0
    000000FA FF                     295 	.db #0xff	; 255
    000000FB 00                     296 	.db #0x00	; 0
    000000FC FF                     297 	.db #0xff	; 255
    000000FD 80                     298 	.db #0x80	; 128
    000000FE 7F                     299 	.db #0x7f	; 127
    000000FF C0                     300 	.db #0xc0	; 192
    00000100 FF                     301 	.db #0xff	; 255
    00000101 00                     302 	.db #0x00	; 0
    00000102 FF                     303 	.db #0xff	; 255
    00000103 00                     304 	.db #0x00	; 0
    00000104 FF                     305 	.db #0xff	; 255
    00000105 00                     306 	.db #0x00	; 0
    00000106 FF                     307 	.db #0xff	; 255
    00000107 01                     308 	.db #0x01	; 1
    00000108 FE                     309 	.db #0xfe	; 254
    00000109 03                     310 	.db #0x03	; 3
    0000010A FE                     311 	.db #0xfe	; 254
    0000010B 03                     312 	.db #0x03	; 3
    0000010C FE                     313 	.db #0xfe	; 254
    0000010D 03                     314 	.db #0x03	; 3
    0000010E FC                     315 	.db #0xfc	; 252
    0000010F 07                     316 	.db #0x07	; 7
    00000110 C0                     317 	.db #0xc0	; 192
    00000111 7F                     318 	.db #0x7f	; 127
    00000112 8A                     319 	.db #0x8a	; 138
    00000113 F5                     320 	.db #0xf5	; 245
    00000114 85                     321 	.db #0x85	; 133
    00000115 FA                     322 	.db #0xfa	; 250
    00000116 20                     323 	.db #0x20	; 32
    00000117 DF                     324 	.db #0xdf	; 223
    00000118 40                     325 	.db #0x40	; 64
    00000119 BF                     326 	.db #0xbf	; 191
    0000011A 0C                     327 	.db #0x0c	; 12
    0000011B FF                     328 	.db #0xff	; 255
    0000011C 10                     329 	.db #0x10	; 16
    0000011D FF                     330 	.db #0xff	; 255
    0000011E 20                     331 	.db #0x20	; 32
    0000011F FF                     332 	.db #0xff	; 255
    00000120 83                     333 	.db #0x83	; 131
    00000121 FE                     334 	.db #0xfe	; 254
    00000122 A9                     335 	.db #0xa9	; 169
    00000123 57                     336 	.db #0x57	; 87	'W'
    00000124 54                     337 	.db #0x54	; 84	'T'
    00000125 AB                     338 	.db #0xab	; 171
    00000126 00                     339 	.db #0x00	; 0
    00000127 FF                     340 	.db #0xff	; 255
    00000128 7E                     341 	.db #0x7e	; 126
    00000129 FF                     342 	.db #0xff	; 255
    0000012A 81                     343 	.db #0x81	; 129
    0000012B FF                     344 	.db #0xff	; 255
    0000012C 14                     345 	.db #0x14	; 20
    0000012D EB                     346 	.db #0xeb	; 235
    0000012E 00                     347 	.db #0x00	; 0
    0000012F FF                     348 	.db #0xff	; 255
    00000130 FF                     349 	.db #0xff	; 255
    00000131 00                     350 	.db #0x00	; 0
    00000132 FF                     351 	.db #0xff	; 255
    00000133 00                     352 	.db #0x00	; 0
    00000134 FF                     353 	.db #0xff	; 255
    00000135 80                     354 	.db #0x80	; 128
    00000136 7F                     355 	.db #0x7f	; 127
    00000137 C0                     356 	.db #0xc0	; 192
    00000138 3F                     357 	.db #0x3f	; 63
    00000139 E0                     358 	.db #0xe0	; 224
    0000013A 3F                     359 	.db #0x3f	; 63
    0000013B E0                     360 	.db #0xe0	; 224
    0000013C 9F                     361 	.db #0x9f	; 159
    0000013D F0                     362 	.db #0xf0	; 240
    0000013E 5F                     363 	.db #0x5f	; 95
    0000013F F0                     364 	.db #0xf0	; 240
    00000140 FF                     365 	.db #0xff	; 255
    00000141 01                     366 	.db #0x01	; 1
    00000142 FF                     367 	.db #0xff	; 255
    00000143 01                     368 	.db #0x01	; 1
    00000144 FF                     369 	.db #0xff	; 255
    00000145 00                     370 	.db #0x00	; 0
    00000146 FF                     371 	.db #0xff	; 255
    00000147 00                     372 	.db #0x00	; 0
    00000148 FF                     373 	.db #0xff	; 255
    00000149 00                     374 	.db #0x00	; 0
    0000014A FF                     375 	.db #0xff	; 255
    0000014B 00                     376 	.db #0x00	; 0
    0000014C FF                     377 	.db #0xff	; 255
    0000014D 00                     378 	.db #0x00	; 0
    0000014E FF                     379 	.db #0xff	; 255
    0000014F 00                     380 	.db #0x00	; 0
    00000150 41                     381 	.db #0x41	; 65	'A'
    00000151 40                     382 	.db #0x40	; 64
    00000152 C1                     383 	.db #0xc1	; 193
    00000153 41                     384 	.db #0x41	; 65	'A'
    00000154 C1                     385 	.db #0xc1	; 193
    00000155 C1                     386 	.db #0xc1	; 193
    00000156 C9                     387 	.db #0xc9	; 201
    00000157 49                     388 	.db #0x49	; 73	'I'
    00000158 FE                     389 	.db #0xfe	; 254
    00000159 37                     390 	.db #0x37	; 55	'7'
    0000015A EF                     391 	.db #0xef	; 239
    0000015B 38                     392 	.db #0x38	; 56	'8'
    0000015C FB                     393 	.db #0xfb	; 251
    0000015D 17                     394 	.db #0x17	; 23
    0000015E E4                     395 	.db #0xe4	; 228
    0000015F 3F                     396 	.db #0x3f	; 63
    00000160 81                     397 	.db #0x81	; 129
    00000161 81                     398 	.db #0x81	; 129
    00000162 01                     399 	.db #0x01	; 1
    00000163 01                     400 	.db #0x01	; 1
    00000164 21                     401 	.db #0x21	; 33
    00000165 21                     402 	.db #0x21	; 33
    00000166 F9                     403 	.db #0xf9	; 249
    00000167 C9                     404 	.db #0xc9	; 201
    00000168 BF                     405 	.db #0xbf	; 191
    00000169 76                     406 	.db #0x76	; 118	'v'
    0000016A FB                     407 	.db #0xfb	; 251
    0000016B 8E                     408 	.db #0x8e	; 142
    0000016C 6F                     409 	.db #0x6f	; 111	'o'
    0000016D F4                     410 	.db #0xf4	; 244
    0000016E 93                     411 	.db #0x93	; 147
    0000016F 7E                     412 	.db #0x7e	; 126
    00000170 7F                     413 	.db #0x7f	; 127
    00000171 40                     414 	.db #0x40	; 64
    00000172 FF                     415 	.db #0xff	; 255
    00000173 40                     416 	.db #0x40	; 64
    00000174 FF                     417 	.db #0xff	; 255
    00000175 80                     418 	.db #0x80	; 128
    00000176 FF                     419 	.db #0xff	; 255
    00000177 00                     420 	.db #0x00	; 0
    00000178 FF                     421 	.db #0xff	; 255
    00000179 00                     422 	.db #0x00	; 0
    0000017A FF                     423 	.db #0xff	; 255
    0000017B 00                     424 	.db #0x00	; 0
    0000017C FF                     425 	.db #0xff	; 255
    0000017D 00                     426 	.db #0x00	; 0
    0000017E FF                     427 	.db #0xff	; 255
    0000017F 00                     428 	.db #0x00	; 0
    00000180 FF                     429 	.db #0xff	; 255
    00000181 00                     430 	.db #0x00	; 0
    00000182 FF                     431 	.db #0xff	; 255
    00000183 07                     432 	.db #0x07	; 7
    00000184 F8                     433 	.db #0xf8	; 248
    00000185 08                     434 	.db #0x08	; 8
    00000186 F7                     435 	.db #0xf7	; 247
    00000187 10                     436 	.db #0x10	; 16
    00000188 F7                     437 	.db #0xf7	; 247
    00000189 10                     438 	.db #0x10	; 16
    0000018A FB                     439 	.db #0xfb	; 251
    0000018B 08                     440 	.db #0x08	; 8
    0000018C F7                     441 	.db #0xf7	; 247
    0000018D 1D                     442 	.db #0x1d	; 29
    0000018E FB                     443 	.db #0xfb	; 251
    0000018F 18                     444 	.db #0x18	; 24
    00000190 FF                     445 	.db #0xff	; 255
    00000191 00                     446 	.db #0x00	; 0
    00000192 FF                     447 	.db #0xff	; 255
    00000193 00                     448 	.db #0x00	; 0
    00000194 FF                     449 	.db #0xff	; 255
    00000195 80                     450 	.db #0x80	; 128
    00000196 FF                     451 	.db #0xff	; 255
    00000197 40                     452 	.db #0x40	; 64
    00000198 FF                     453 	.db #0xff	; 255
    00000199 40                     454 	.db #0x40	; 64
    0000019A FF                     455 	.db #0xff	; 255
    0000019B 80                     456 	.db #0x80	; 128
    0000019C 7F                     457 	.db #0x7f	; 127
    0000019D C0                     458 	.db #0xc0	; 192
    0000019E FF                     459 	.db #0xff	; 255
    0000019F C0                     460 	.db #0xc0	; 192
    000001A0 F8                     461 	.db #0xf8	; 248
    000001A1 0F                     462 	.db #0x0f	; 15
    000001A2 F8                     463 	.db #0xf8	; 248
    000001A3 0F                     464 	.db #0x0f	; 15
    000001A4 F0                     465 	.db #0xf0	; 240
    000001A5 1F                     466 	.db #0x1f	; 31
    000001A6 F1                     467 	.db #0xf1	; 241
    000001A7 1F                     468 	.db #0x1f	; 31
    000001A8 F1                     469 	.db #0xf1	; 241
    000001A9 1F                     470 	.db #0x1f	; 31
    000001AA E5                     471 	.db #0xe5	; 229
    000001AB 3B                     472 	.db #0x3b	; 59
    000001AC E1                     473 	.db #0xe1	; 225
    000001AD 3F                     474 	.db #0x3f	; 63
    000001AE E1                     475 	.db #0xe1	; 225
    000001AF 3F                     476 	.db #0x3f	; 63
    000001B0 30                     477 	.db #0x30	; 48	'0'
    000001B1 FF                     478 	.db #0xff	; 255
    000001B2 40                     479 	.db #0x40	; 64
    000001B3 FF                     480 	.db #0xff	; 255
    000001B4 88                     481 	.db #0x88	; 136
    000001B5 F7                     482 	.db #0xf7	; 247
    000001B6 10                     483 	.db #0x10	; 16
    000001B7 EF                     484 	.db #0xef	; 239
    000001B8 20                     485 	.db #0x20	; 32
    000001B9 DF                     486 	.db #0xdf	; 223
    000001BA 21                     487 	.db #0x21	; 33
    000001BB DF                     488 	.db #0xdf	; 223
    000001BC 03                     489 	.db #0x03	; 3
    000001BD FE                     490 	.db #0xfe	; 254
    000001BE 13                     491 	.db #0x13	; 19
    000001BF FE                     492 	.db #0xfe	; 254
    000001C0 18                     493 	.db #0x18	; 24
    000001C1 FF                     494 	.db #0xff	; 255
    000001C2 04                     495 	.db #0x04	; 4
    000001C3 FF                     496 	.db #0xff	; 255
    000001C4 02                     497 	.db #0x02	; 2
    000001C5 FF                     498 	.db #0xff	; 255
    000001C6 02                     499 	.db #0x02	; 2
    000001C7 FF                     500 	.db #0xff	; 255
    000001C8 15                     501 	.db #0x15	; 21
    000001C9 EB                     502 	.db #0xeb	; 235
    000001CA 15                     503 	.db #0x15	; 21
    000001CB EB                     504 	.db #0xeb	; 235
    000001CC 81                     505 	.db #0x81	; 129
    000001CD FF                     506 	.db #0xff	; 255
    000001CE C1                     507 	.db #0xc1	; 193
    000001CF 7F                     508 	.db #0x7f	; 127
    000001D0 3F                     509 	.db #0x3f	; 63
    000001D1 E0                     510 	.db #0xe0	; 224
    000001D2 3F                     511 	.db #0x3f	; 63
    000001D3 E0                     512 	.db #0xe0	; 224
    000001D4 1F                     513 	.db #0x1f	; 31
    000001D5 F0                     514 	.db #0xf0	; 240
    000001D6 1F                     515 	.db #0x1f	; 31
    000001D7 F0                     516 	.db #0xf0	; 240
    000001D8 1F                     517 	.db #0x1f	; 31
    000001D9 F0                     518 	.db #0xf0	; 240
    000001DA 4F                     519 	.db #0x4f	; 79	'O'
    000001DB B8                     520 	.db #0xb8	; 184
    000001DC 0F                     521 	.db #0x0f	; 15
    000001DD F8                     522 	.db #0xf8	; 248
    000001DE 0F                     523 	.db #0x0f	; 15
    000001DF F8                     524 	.db #0xf8	; 248
    000001E0 FC                     525 	.db #0xfc	; 252
    000001E1 07                     526 	.db #0x07	; 7
    000001E2 FD                     527 	.db #0xfd	; 253
    000001E3 06                     528 	.db #0x06	; 6
    000001E4 FC                     529 	.db #0xfc	; 252
    000001E5 07                     530 	.db #0x07	; 7
    000001E6 FC                     531 	.db #0xfc	; 252
    000001E7 07                     532 	.db #0x07	; 7
    000001E8 FC                     533 	.db #0xfc	; 252
    000001E9 07                     534 	.db #0x07	; 7
    000001EA FE                     535 	.db #0xfe	; 254
    000001EB 03                     536 	.db #0x03	; 3
    000001EC FF                     537 	.db #0xff	; 255
    000001ED 03                     538 	.db #0x03	; 3
    000001EE FE                     539 	.db #0xfe	; 254
    000001EF 03                     540 	.db #0x03	; 3
    000001F0 01                     541 	.db #0x01	; 1
    000001F1 FF                     542 	.db #0xff	; 255
    000001F2 03                     543 	.db #0x03	; 3
    000001F3 FE                     544 	.db #0xfe	; 254
    000001F4 07                     545 	.db #0x07	; 7
    000001F5 FC                     546 	.db #0xfc	; 252
    000001F6 9F                     547 	.db #0x9f	; 159
    000001F7 FE                     548 	.db #0xfe	; 254
    000001F8 BD                     549 	.db #0xbd	; 189
    000001F9 F5                     550 	.db #0xf5	; 245
    000001FA AC                     551 	.db #0xac	; 172
    000001FB E4                     552 	.db #0xe4	; 228
    000001FC 60                     553 	.db #0x60	; 96
    000001FD C0                     554 	.db #0xc0	; 192
    000001FE E0                     555 	.db #0xe0	; 224
    000001FF C0                     556 	.db #0xc0	; 192
    00000200 86                     557 	.db #0x86	; 134
    00000201 FF                     558 	.db #0xff	; 255
    00000202 C1                     559 	.db #0xc1	; 193
    00000203 7F                     560 	.db #0x7f	; 127
    00000204 E0                     561 	.db #0xe0	; 224
    00000205 3F                     562 	.db #0x3f	; 63
    00000206 F2                     563 	.db #0xf2	; 242
    00000207 3D                     564 	.db #0x3d	; 61
    00000208 D9                     565 	.db #0xd9	; 217
    00000209 5E                     566 	.db #0x5e	; 94
    0000020A 1E                     567 	.db #0x1e	; 30
    0000020B 17                     568 	.db #0x17	; 23
    0000020C 06                     569 	.db #0x06	; 6
    0000020D 03                     570 	.db #0x03	; 3
    0000020E 87                     571 	.db #0x87	; 135
    0000020F 83                     572 	.db #0x83	; 131
    00000210 3F                     573 	.db #0x3f	; 63
    00000211 E0                     574 	.db #0xe0	; 224
    00000212 3F                     575 	.db #0x3f	; 63
    00000213 E0                     576 	.db #0xe0	; 224
    00000214 BF                     577 	.db #0xbf	; 191
    00000215 E0                     578 	.db #0xe0	; 224
    00000216 7F                     579 	.db #0x7f	; 127
    00000217 E0                     580 	.db #0xe0	; 224
    00000218 3F                     581 	.db #0x3f	; 63
    00000219 E0                     582 	.db #0xe0	; 224
    0000021A BF                     583 	.db #0xbf	; 191
    0000021B 60                     584 	.db #0x60	; 96
    0000021C 3F                     585 	.db #0x3f	; 63
    0000021D E0                     586 	.db #0xe0	; 224
    0000021E 7F                     587 	.db #0x7f	; 127
    0000021F C0                     588 	.db #0xc0	; 192
    00000220 FF                     589 	.db #0xff	; 255
    00000221 00                     590 	.db #0x00	; 0
    00000222 FF                     591 	.db #0xff	; 255
    00000223 00                     592 	.db #0x00	; 0
    00000224 FF                     593 	.db #0xff	; 255
    00000225 00                     594 	.db #0x00	; 0
    00000226 FF                     595 	.db #0xff	; 255
    00000227 00                     596 	.db #0x00	; 0
    00000228 FF                     597 	.db #0xff	; 255
    00000229 00                     598 	.db #0x00	; 0
    0000022A FF                     599 	.db #0xff	; 255
    0000022B 00                     600 	.db #0x00	; 0
    0000022C FF                     601 	.db #0xff	; 255
    0000022D 03                     602 	.db #0x03	; 3
    0000022E FF                     603 	.db #0xff	; 255
    0000022F 1F                     604 	.db #0x1f	; 31
    00000230 FF                     605 	.db #0xff	; 255
    00000231 00                     606 	.db #0x00	; 0
    00000232 FF                     607 	.db #0xff	; 255
    00000233 00                     608 	.db #0x00	; 0
    00000234 FF                     609 	.db #0xff	; 255
    00000235 1B                     610 	.db #0x1b	; 27
    00000236 FF                     611 	.db #0xff	; 255
    00000237 6C                     612 	.db #0x6c	; 108	'l'
    00000238 FD                     613 	.db #0xfd	; 253
    00000239 69                     614 	.db #0x69	; 105	'i'
    0000023A B9                     615 	.db #0xb9	; 185
    0000023B E8                     616 	.db #0xe8	; 232
    0000023C 3C                     617 	.db #0x3c	; 60
    0000023D E8                     618 	.db #0xe8	; 232
    0000023E 38                     619 	.db #0x38	; 56	'8'
    0000023F E8                     620 	.db #0xe8	; 232
    00000240 FB                     621 	.db #0xfb	; 251
    00000241 3C                     622 	.db #0x3c	; 60
    00000242 F7                     623 	.db #0xf7	; 247
    00000243 18                     624 	.db #0x18	; 24
    00000244 EA                     625 	.db #0xea	; 234
    00000245 F5                     626 	.db #0xf5	; 245
    00000246 EC                     627 	.db #0xec	; 236
    00000247 33                     628 	.db #0x33	; 51	'3'
    00000248 F3                     629 	.db #0xf3	; 243
    00000249 DC                     630 	.db #0xdc	; 220
    0000024A F6                     631 	.db #0xf6	; 246
    0000024B 39                     632 	.db #0x39	; 57	'9'
    0000024C FF                     633 	.db #0xff	; 255
    0000024D C8                     634 	.db #0xc8	; 200
    0000024E CB                     635 	.db #0xcb	; 203
    0000024F 0C                     636 	.db #0x0c	; 12
    00000250 6F                     637 	.db #0x6f	; 111	'o'
    00000251 9E                     638 	.db #0x9e	; 158
    00000252 FB                     639 	.db #0xfb	; 251
    00000253 04                     640 	.db #0x04	; 4
    00000254 AB                     641 	.db #0xab	; 171
    00000255 57                     642 	.db #0x57	; 87	'W'
    00000256 9B                     643 	.db #0x9b	; 155
    00000257 66                     644 	.db #0x66	; 102	'f'
    00000258 67                     645 	.db #0x67	; 103	'g'
    00000259 9D                     646 	.db #0x9d	; 157
    0000025A B7                     647 	.db #0xb7	; 183
    0000025B 4E                     648 	.db #0x4e	; 78	'N'
    0000025C 7F                     649 	.db #0x7f	; 127
    0000025D 89                     650 	.db #0x89	; 137
    0000025E E9                     651 	.db #0xe9	; 233
    0000025F 18                     652 	.db #0x18	; 24
    00000260 FF                     653 	.db #0xff	; 255
    00000261 00                     654 	.db #0x00	; 0
    00000262 FF                     655 	.db #0xff	; 255
    00000263 00                     656 	.db #0x00	; 0
    00000264 FF                     657 	.db #0xff	; 255
    00000265 EC                     658 	.db #0xec	; 236
    00000266 FF                     659 	.db #0xff	; 255
    00000267 1A                     660 	.db #0x1a	; 26
    00000268 DF                     661 	.db #0xdf	; 223
    00000269 C9                     662 	.db #0xc9	; 201
    0000026A CF                     663 	.db #0xcf	; 207
    0000026B 08                     664 	.db #0x08	; 8
    0000026C 9F                     665 	.db #0x9f	; 159
    0000026D 88                     666 	.db #0x88	; 136
    0000026E 8E                     667 	.db #0x8e	; 142
    0000026F 09                     668 	.db #0x09	; 9
    00000270 FF                     669 	.db #0xff	; 255
    00000271 00                     670 	.db #0x00	; 0
    00000272 FF                     671 	.db #0xff	; 255
    00000273 00                     672 	.db #0x00	; 0
    00000274 FF                     673 	.db #0xff	; 255
    00000275 00                     674 	.db #0x00	; 0
    00000276 FF                     675 	.db #0xff	; 255
    00000277 00                     676 	.db #0x00	; 0
    00000278 FF                     677 	.db #0xff	; 255
    00000279 00                     678 	.db #0x00	; 0
    0000027A FF                     679 	.db #0xff	; 255
    0000027B E0                     680 	.db #0xe0	; 224
    0000027C 7F                     681 	.db #0x7f	; 127
    0000027D 90                     682 	.db #0x90	; 144
    0000027E 7F                     683 	.db #0x7f	; 127
    0000027F 8C                     684 	.db #0x8c	; 140
    00000280 FF                     685 	.db #0xff	; 255
    00000281 15                     686 	.db #0x15	; 21
    00000282 FA                     687 	.db #0xfa	; 250
    00000283 17                     688 	.db #0x17	; 23
    00000284 F8                     689 	.db #0xf8	; 248
    00000285 17                     690 	.db #0x17	; 23
    00000286 FD                     691 	.db #0xfd	; 253
    00000287 0A                     692 	.db #0x0a	; 10
    00000288 FF                     693 	.db #0xff	; 255
    00000289 0A                     694 	.db #0x0a	; 10
    0000028A FD                     695 	.db #0xfd	; 253
    0000028B 05                     696 	.db #0x05	; 5
    0000028C FD                     697 	.db #0xfd	; 253
    0000028D 05                     698 	.db #0x05	; 5
    0000028E FD                     699 	.db #0xfd	; 253
    0000028F 05                     700 	.db #0x05	; 5
    00000290 FF                     701 	.db #0xff	; 255
    00000291 40                     702 	.db #0x40	; 64
    00000292 FF                     703 	.db #0xff	; 255
    00000293 40                     704 	.db #0x40	; 64
    00000294 FF                     705 	.db #0xff	; 255
    00000295 40                     706 	.db #0x40	; 64
    00000296 FF                     707 	.db #0xff	; 255
    00000297 80                     708 	.db #0x80	; 128
    00000298 FF                     709 	.db #0xff	; 255
    00000299 80                     710 	.db #0x80	; 128
    0000029A FF                     711 	.db #0xff	; 255
    0000029B 00                     712 	.db #0x00	; 0
    0000029C FF                     713 	.db #0xff	; 255
    0000029D 00                     714 	.db #0x00	; 0
    0000029E FF                     715 	.db #0xff	; 255
    0000029F 00                     716 	.db #0x00	; 0
    000002A0 E1                     717 	.db #0xe1	; 225
    000002A1 3F                     718 	.db #0x3f	; 63
    000002A2 E0                     719 	.db #0xe0	; 224
    000002A3 3F                     720 	.db #0x3f	; 63
    000002A4 E1                     721 	.db #0xe1	; 225
    000002A5 3F                     722 	.db #0x3f	; 63
    000002A6 E0                     723 	.db #0xe0	; 224
    000002A7 3F                     724 	.db #0x3f	; 63
    000002A8 E5                     725 	.db #0xe5	; 229
    000002A9 3F                     726 	.db #0x3f	; 63
    000002AA EA                     727 	.db #0xea	; 234
    000002AB 3F                     728 	.db #0x3f	; 63
    000002AC F4                     729 	.db #0xf4	; 244
    000002AD 3F                     730 	.db #0x3f	; 63
    000002AE FB                     731 	.db #0xfb	; 251
    000002AF 2F                     732 	.db #0x2f	; 47
    000002B0 FF                     733 	.db #0xff	; 255
    000002B1 FE                     734 	.db #0xfe	; 254
    000002B2 E7                     735 	.db #0xe7	; 231
    000002B3 D4                     736 	.db #0xd4	; 212
    000002B4 80                     737 	.db #0x80	; 128
    000002B5 98                     738 	.db #0x98	; 152
    000002B6 80                     739 	.db #0x80	; 128
    000002B7 80                     740 	.db #0x80	; 128
    000002B8 42                     741 	.db #0x42	; 66	'B'
    000002B9 C2                     742 	.db #0xc2	; 194
    000002BA C2                     743 	.db #0xc2	; 194
    000002BB 80                     744 	.db #0x80	; 128
    000002BC C0                     745 	.db #0xc0	; 192
    000002BD C0                     746 	.db #0xc0	; 192
    000002BE 63                     747 	.db #0x63	; 99	'c'
    000002BF C3                     748 	.db #0xc3	; 195
    000002C0 FF                     749 	.db #0xff	; 255
    000002C1 7F                     750 	.db #0x7f	; 127
    000002C2 9E                     751 	.db #0x9e	; 158
    000002C3 AB                     752 	.db #0xab	; 171
    000002C4 07                     753 	.db #0x07	; 7
    000002C5 63                     754 	.db #0x63	; 99	'c'
    000002C6 02                     755 	.db #0x02	; 2
    000002C7 03                     756 	.db #0x03	; 3
    000002C8 05                     757 	.db #0x05	; 5
    000002C9 07                     758 	.db #0x07	; 7
    000002CA 06                     759 	.db #0x06	; 6
    000002CB 03                     760 	.db #0x03	; 3
    000002CC 47                     761 	.db #0x47	; 71	'G'
    000002CD 07                     762 	.db #0x07	; 7
    000002CE 8D                     763 	.db #0x8d	; 141
    000002CF 87                     764 	.db #0x87	; 135
    000002D0 0F                     765 	.db #0x0f	; 15
    000002D1 F8                     766 	.db #0xf8	; 248
    000002D2 0F                     767 	.db #0x0f	; 15
    000002D3 F8                     768 	.db #0xf8	; 248
    000002D4 0F                     769 	.db #0x0f	; 15
    000002D5 F8                     770 	.db #0xf8	; 248
    000002D6 0F                     771 	.db #0x0f	; 15
    000002D7 F8                     772 	.db #0xf8	; 248
    000002D8 4F                     773 	.db #0x4f	; 79	'O'
    000002D9 F8                     774 	.db #0xf8	; 248
    000002DA AF                     775 	.db #0xaf	; 175
    000002DB F8                     776 	.db #0xf8	; 248
    000002DC 5F                     777 	.db #0x5f	; 95
    000002DD F8                     778 	.db #0xf8	; 248
    000002DE BF                     779 	.db #0xbf	; 191
    000002DF E8                     780 	.db #0xe8	; 232
    000002E0 FF                     781 	.db #0xff	; 255
    000002E1 00                     782 	.db #0x00	; 0
    000002E2 FF                     783 	.db #0xff	; 255
    000002E3 00                     784 	.db #0x00	; 0
    000002E4 FF                     785 	.db #0xff	; 255
    000002E5 00                     786 	.db #0x00	; 0
    000002E6 FF                     787 	.db #0xff	; 255
    000002E7 00                     788 	.db #0x00	; 0
    000002E8 FF                     789 	.db #0xff	; 255
    000002E9 00                     790 	.db #0x00	; 0
    000002EA FF                     791 	.db #0xff	; 255
    000002EB 01                     792 	.db #0x01	; 1
    000002EC FE                     793 	.db #0xfe	; 254
    000002ED 02                     794 	.db #0x02	; 2
    000002EE FF                     795 	.db #0xff	; 255
    000002EF 01                     796 	.db #0x01	; 1
    000002F0 FF                     797 	.db #0xff	; 255
    000002F1 01                     798 	.db #0x01	; 1
    000002F2 FF                     799 	.db #0xff	; 255
    000002F3 00                     800 	.db #0x00	; 0
    000002F4 FF                     801 	.db #0xff	; 255
    000002F5 00                     802 	.db #0x00	; 0
    000002F6 FF                     803 	.db #0xff	; 255
    000002F7 00                     804 	.db #0x00	; 0
    000002F8 FF                     805 	.db #0xff	; 255
    000002F9 7F                     806 	.db #0x7f	; 127
    000002FA 80                     807 	.db #0x80	; 128
    000002FB 80                     808 	.db #0x80	; 128
    000002FC 3F                     809 	.db #0x3f	; 63
    000002FD 00                     810 	.db #0x00	; 0
    000002FE CA                     811 	.db #0xca	; 202
    000002FF C0                     812 	.db #0xc0	; 192
    00000300 31                     813 	.db #0x31	; 49	'1'
    00000301 E0                     814 	.db #0xe0	; 224
    00000302 B0                     815 	.db #0xb0	; 176
    00000303 E0                     816 	.db #0xe0	; 224
    00000304 D9                     817 	.db #0xd9	; 217
    00000305 71                     818 	.db #0x71	; 113	'q'
    00000306 FF                     819 	.db #0xff	; 255
    00000307 68                     820 	.db #0x68	; 104	'h'
    00000308 FF                     821 	.db #0xff	; 255
    00000309 AF                     822 	.db #0xaf	; 175
    0000030A 7F                     823 	.db #0x7f	; 127
    0000030B 68                     824 	.db #0x68	; 104	'h'
    0000030C 99                     825 	.db #0x99	; 153
    0000030D 1F                     826 	.db #0x1f	; 31
    0000030E FF                     827 	.db #0xff	; 255
    0000030F 06                     828 	.db #0x06	; 6
    00000310 84                     829 	.db #0x84	; 132
    00000311 87                     830 	.db #0x87	; 135
    00000312 05                     831 	.db #0x05	; 5
    00000313 07                     832 	.db #0x07	; 7
    00000314 99                     833 	.db #0x99	; 153
    00000315 8F                     834 	.db #0x8f	; 143
    00000316 B7                     835 	.db #0xb7	; 183
    00000317 1E                     836 	.db #0x1e	; 30
    00000318 FF                     837 	.db #0xff	; 255
    00000319 EB                     838 	.db #0xeb	; 235
    0000031A BC                     839 	.db #0xbc	; 188
    0000031B 6C                     840 	.db #0x6c	; 108	'l'
    0000031C BB                     841 	.db #0xbb	; 187
    0000031D F8                     842 	.db #0xf8	; 248
    0000031E FF                     843 	.db #0xff	; 255
    0000031F 40                     844 	.db #0x40	; 64
    00000320 FF                     845 	.db #0xff	; 255
    00000321 80                     846 	.db #0x80	; 128
    00000322 FF                     847 	.db #0xff	; 255
    00000323 00                     848 	.db #0x00	; 0
    00000324 FF                     849 	.db #0xff	; 255
    00000325 00                     850 	.db #0x00	; 0
    00000326 FF                     851 	.db #0xff	; 255
    00000327 00                     852 	.db #0x00	; 0
    00000328 FF                     853 	.db #0xff	; 255
    00000329 FC                     854 	.db #0xfc	; 252
    0000032A 03                     855 	.db #0x03	; 3
    0000032B 03                     856 	.db #0x03	; 3
    0000032C FC                     857 	.db #0xfc	; 252
    0000032D 00                     858 	.db #0x00	; 0
    0000032E 56                     859 	.db #0x56	; 86	'V'
    0000032F 00                     860 	.db #0x00	; 0
    00000330 FF                     861 	.db #0xff	; 255
    00000331 00                     862 	.db #0x00	; 0
    00000332 FF                     863 	.db #0xff	; 255
    00000333 00                     864 	.db #0x00	; 0
    00000334 FF                     865 	.db #0xff	; 255
    00000335 00                     866 	.db #0x00	; 0
    00000336 FF                     867 	.db #0xff	; 255
    00000337 00                     868 	.db #0x00	; 0
    00000338 FF                     869 	.db #0xff	; 255
    00000339 00                     870 	.db #0x00	; 0
    0000033A FF                     871 	.db #0xff	; 255
    0000033B 00                     872 	.db #0x00	; 0
    0000033C FF                     873 	.db #0xff	; 255
    0000033D C0                     874 	.db #0xc0	; 192
    0000033E 3F                     875 	.db #0x3f	; 63
    0000033F 20                     876 	.db #0x20	; 32
    00000340 FF                     877 	.db #0xff	; 255
    00000341 00                     878 	.db #0x00	; 0
    00000342 FF                     879 	.db #0xff	; 255
    00000343 00                     880 	.db #0x00	; 0
    00000344 FF                     881 	.db #0xff	; 255
    00000345 00                     882 	.db #0x00	; 0
    00000346 FF                     883 	.db #0xff	; 255
    00000347 01                     884 	.db #0x01	; 1
    00000348 FF                     885 	.db #0xff	; 255
    00000349 01                     886 	.db #0x01	; 1
    0000034A FF                     887 	.db #0xff	; 255
    0000034B 02                     888 	.db #0x02	; 2
    0000034C FE                     889 	.db #0xfe	; 254
    0000034D 02                     890 	.db #0x02	; 2
    0000034E FE                     891 	.db #0xfe	; 254
    0000034F 04                     892 	.db #0x04	; 4
    00000350 FF                     893 	.db #0xff	; 255
    00000351 21                     894 	.db #0x21	; 33
    00000352 E7                     895 	.db #0xe7	; 231
    00000353 41                     896 	.db #0x41	; 65	'A'
    00000354 C3                     897 	.db #0xc3	; 195
    00000355 81                     898 	.db #0x81	; 129
    00000356 83                     899 	.db #0x83	; 131
    00000357 01                     900 	.db #0x01	; 1
    00000358 03                     901 	.db #0x03	; 3
    00000359 01                     902 	.db #0x01	; 1
    0000035A 03                     903 	.db #0x03	; 3
    0000035B 01                     904 	.db #0x01	; 1
    0000035C 01                     905 	.db #0x01	; 1
    0000035D 00                     906 	.db #0x00	; 0
    0000035E 01                     907 	.db #0x01	; 1
    0000035F 00                     908 	.db #0x00	; 0
    00000360 1E                     909 	.db #0x1e	; 30
    00000361 F4                     910 	.db #0xf4	; 244
    00000362 1C                     911 	.db #0x1c	; 28
    00000363 F4                     912 	.db #0xf4	; 244
    00000364 1E                     913 	.db #0x1e	; 30
    00000365 F4                     914 	.db #0xf4	; 244
    00000366 1C                     915 	.db #0x1c	; 28
    00000367 F4                     916 	.db #0xf4	; 244
    00000368 1E                     917 	.db #0x1e	; 30
    00000369 F4                     918 	.db #0xf4	; 244
    0000036A 1E                     919 	.db #0x1e	; 30
    0000036B F2                     920 	.db #0xf2	; 242
    0000036C CF                     921 	.db #0xcf	; 207
    0000036D FA                     922 	.db #0xfa	; 250
    0000036E 8F                     923 	.db #0x8f	; 143
    0000036F F9                     924 	.db #0xf9	; 249
    00000370 05                     925 	.db #0x05	; 5
    00000371 06                     926 	.db #0x06	; 6
    00000372 42                     927 	.db #0x42	; 66	'B'
    00000373 03                     928 	.db #0x03	; 3
    00000374 7D                     929 	.db #0x7d	; 125
    00000375 41                     930 	.db #0x41	; 65	'A'
    00000376 3E                     931 	.db #0x3e	; 62
    00000377 3C                     932 	.db #0x3c	; 60
    00000378 03                     933 	.db #0x03	; 3
    00000379 02                     934 	.db #0x02	; 2
    0000037A 01                     935 	.db #0x01	; 1
    0000037B 01                     936 	.db #0x01	; 1
    0000037C 01                     937 	.db #0x01	; 1
    0000037D 01                     938 	.db #0x01	; 1
    0000037E C1                     939 	.db #0xc1	; 193
    0000037F 01                     940 	.db #0x01	; 1
    00000380 50                     941 	.db #0x50	; 80	'P'
    00000381 B0                     942 	.db #0xb0	; 176
    00000382 A1                     943 	.db #0xa1	; 161
    00000383 E0                     944 	.db #0xe0	; 224
    00000384 5F                     945 	.db #0x5f	; 95
    00000385 41                     946 	.db #0x41	; 65	'A'
    00000386 3E                     947 	.db #0x3e	; 62
    00000387 1E                     948 	.db #0x1e	; 30
    00000388 60                     949 	.db #0x60	; 96
    00000389 20                     950 	.db #0x20	; 32
    0000038A C0                     951 	.db #0xc0	; 192
    0000038B 40                     952 	.db #0x40	; 64
    0000038C C3                     953 	.db #0xc3	; 195
    0000038D 40                     954 	.db #0x40	; 64
    0000038E CF                     955 	.db #0xcf	; 207
    0000038F 43                     956 	.db #0x43	; 67	'C'
    00000390 1C                     957 	.db #0x1c	; 28
    00000391 13                     958 	.db #0x13	; 19
    00000392 3D                     959 	.db #0x3d	; 61
    00000393 12                     960 	.db #0x12	; 18
    00000394 79                     961 	.db #0x79	; 121	'y'
    00000395 26                     962 	.db #0x26	; 38
    00000396 3B                     963 	.db #0x3b	; 59
    00000397 24                     964 	.db #0x24	; 36
    00000398 72                     965 	.db #0x72	; 114	'r'
    00000399 2D                     966 	.db #0x2d	; 45
    0000039A E6                     967 	.db #0xe6	; 230
    0000039B 59                     968 	.db #0x59	; 89	'Y'
    0000039C EF                     969 	.db #0xef	; 239
    0000039D 90                     970 	.db #0x90	; 144
    0000039E FF                     971 	.db #0xff	; 255
    0000039F 00                     972 	.db #0x00	; 0
    000003A0 FF                     973 	.db #0xff	; 255
    000003A1 12                     974 	.db #0x12	; 18
    000003A2 FB                     975 	.db #0xfb	; 251
    000003A3 11                     976 	.db #0x11	; 17
    000003A4 F9                     977 	.db #0xf9	; 249
    000003A5 10                     978 	.db #0x10	; 16
    000003A6 70                     979 	.db #0x70	; 112	'p'
    000003A7 A0                     980 	.db #0xa0	; 160
    000003A8 E0                     981 	.db #0xe0	; 224
    000003A9 40                     982 	.db #0x40	; 64
    000003AA E0                     983 	.db #0xe0	; 224
    000003AB 40                     984 	.db #0x40	; 64
    000003AC C0                     985 	.db #0xc0	; 192
    000003AD 80                     986 	.db #0x80	; 128
    000003AE C0                     987 	.db #0xc0	; 192
    000003AF 80                     988 	.db #0x80	; 128
    000003B0 FF                     989 	.db #0xff	; 255
    000003B1 00                     990 	.db #0x00	; 0
    000003B2 FF                     991 	.db #0xff	; 255
    000003B3 00                     992 	.db #0x00	; 0
    000003B4 FF                     993 	.db #0xff	; 255
    000003B5 80                     994 	.db #0x80	; 128
    000003B6 FF                     995 	.db #0xff	; 255
    000003B7 40                     996 	.db #0x40	; 64
    000003B8 7F                     997 	.db #0x7f	; 127
    000003B9 20                     998 	.db #0x20	; 32
    000003BA 3F                     999 	.db #0x3f	; 63
    000003BB 20                    1000 	.db #0x20	; 32
    000003BC 3F                    1001 	.db #0x3f	; 63
    000003BD 20                    1002 	.db #0x20	; 32
    000003BE 3F                    1003 	.db #0x3f	; 63
    000003BF 20                    1004 	.db #0x20	; 32
    000003C0 FD                    1005 	.db #0xfd	; 253
    000003C1 05                    1006 	.db #0x05	; 5
    000003C2 FD                    1007 	.db #0xfd	; 253
    000003C3 05                    1008 	.db #0x05	; 5
    000003C4 FD                    1009 	.db #0xfd	; 253
    000003C5 05                    1010 	.db #0x05	; 5
    000003C6 FD                    1011 	.db #0xfd	; 253
    000003C7 05                    1012 	.db #0x05	; 5
    000003C8 FD                    1013 	.db #0xfd	; 253
    000003C9 05                    1014 	.db #0x05	; 5
    000003CA FD                    1015 	.db #0xfd	; 253
    000003CB 05                    1016 	.db #0x05	; 5
    000003CC FD                    1017 	.db #0xfd	; 253
    000003CD 05                    1018 	.db #0x05	; 5
    000003CE FD                    1019 	.db #0xfd	; 253
    000003CF 05                    1020 	.db #0x05	; 5
    000003D0 FD                    1021 	.db #0xfd	; 253
    000003D1 0F                    1022 	.db #0x0f	; 15
    000003D2 FE                    1023 	.db #0xfe	; 254
    000003D3 3F                    1024 	.db #0x3f	; 63
    000003D4 D5                    1025 	.db #0xd5	; 213
    000003D5 6F                    1026 	.db #0x6f	; 111	'o'
    000003D6 82                    1027 	.db #0x82	; 130
    000003D7 FF                    1028 	.db #0xff	; 255
    000003D8 AD                    1029 	.db #0xad	; 173
    000003D9 FF                    1030 	.db #0xff	; 255
    000003DA F3                    1031 	.db #0xf3	; 243
    000003DB FE                    1032 	.db #0xfe	; 254
    000003DC D5                    1033 	.db #0xd5	; 213
    000003DD 6B                    1034 	.db #0x6b	; 107	'k'
    000003DE AA                    1035 	.db #0xaa	; 170
    000003DF D5                    1036 	.db #0xd5	; 213
    000003E0 38                    1037 	.db #0x38	; 56	'8'
    000003E1 F0                    1038 	.db #0xf0	; 240
    000003E2 9F                    1039 	.db #0x9f	; 159
    000003E3 FF                    1040 	.db #0xff	; 255
    000003E4 DF                    1041 	.db #0xdf	; 223
    000003E5 F0                    1042 	.db #0xf0	; 240
    000003E6 F0                    1043 	.db #0xf0	; 240
    000003E7 A0                    1044 	.db #0xa0	; 160
    000003E8 38                    1045 	.db #0x38	; 56	'8'
    000003E9 10                    1046 	.db #0x10	; 16
    000003EA 1D                    1047 	.db #0x1d	; 29
    000003EB 08                    1048 	.db #0x08	; 8
    000003EC 8F                    1049 	.db #0x8f	; 143
    000003ED 04                    1050 	.db #0x04	; 4
    000003EE C7                    1051 	.db #0xc7	; 199
    000003EF 82                    1052 	.db #0x82	; 130
    000003F0 39                    1053 	.db #0x39	; 57	'9'
    000003F1 1F                    1054 	.db #0x1f	; 31
    000003F2 E2                    1055 	.db #0xe2	; 226
    000003F3 FF                    1056 	.db #0xff	; 255
    000003F4 E7                    1057 	.db #0xe7	; 231
    000003F5 3F                    1058 	.db #0x3f	; 63
    000003F6 3E                    1059 	.db #0x3e	; 62
    000003F7 1B                    1060 	.db #0x1b	; 27
    000003F8 3F                    1061 	.db #0x3f	; 63
    000003F9 11                    1062 	.db #0x11	; 17
    000003FA 73                    1063 	.db #0x73	; 115	's'
    000003FB 21                    1064 	.db #0x21	; 33
    000003FC E6                    1065 	.db #0xe6	; 230
    000003FD 43                    1066 	.db #0x43	; 67	'C'
    000003FE CD                    1067 	.db #0xcd	; 205
    000003FF 86                    1068 	.db #0x86	; 134
    00000400 3F                    1069 	.db #0x3f	; 63
    00000401 E0                    1070 	.db #0xe0	; 224
    00000402 FF                    1071 	.db #0xff	; 255
    00000403 C0                    1072 	.db #0xc0	; 192
    00000404 7F                    1073 	.db #0x7f	; 127
    00000405 E0                    1074 	.db #0xe0	; 224
    00000406 9F                    1075 	.db #0x9f	; 159
    00000407 F0                    1076 	.db #0xf0	; 240
    00000408 5F                    1077 	.db #0x5f	; 95
    00000409 F0                    1078 	.db #0xf0	; 240
    0000040A BF                    1079 	.db #0xbf	; 191
    0000040B E0                    1080 	.db #0xe0	; 224
    0000040C 5F                    1081 	.db #0x5f	; 95
    0000040D B0                    1082 	.db #0xb0	; 176
    0000040E EF                    1083 	.db #0xef	; 239
    0000040F 18                    1084 	.db #0x18	; 24
    00000410 FF                    1085 	.db #0xff	; 255
    00000411 00                    1086 	.db #0x00	; 0
    00000412 FF                    1087 	.db #0xff	; 255
    00000413 00                    1088 	.db #0x00	; 0
    00000414 FF                    1089 	.db #0xff	; 255
    00000415 00                    1090 	.db #0x00	; 0
    00000416 FF                    1091 	.db #0xff	; 255
    00000417 00                    1092 	.db #0x00	; 0
    00000418 FF                    1093 	.db #0xff	; 255
    00000419 01                    1094 	.db #0x01	; 1
    0000041A FE                    1095 	.db #0xfe	; 254
    0000041B 03                    1096 	.db #0x03	; 3
    0000041C FE                    1097 	.db #0xfe	; 254
    0000041D 03                    1098 	.db #0x03	; 3
    0000041E FD                    1099 	.db #0xfd	; 253
    0000041F 07                    1100 	.db #0x07	; 7
    00000420 FD                    1101 	.db #0xfd	; 253
    00000421 30                    1102 	.db #0x30	; 48	'0'
    00000422 CA                    1103 	.db #0xca	; 202
    00000423 78                    1104 	.db #0x78	; 120	'x'
    00000424 87                    1105 	.db #0x87	; 135
    00000425 FE                    1106 	.db #0xfe	; 254
    00000426 91                    1107 	.db #0x91	; 145
    00000427 EF                    1108 	.db #0xef	; 239
    00000428 0B                    1109 	.db #0x0b	; 11
    00000429 FF                    1110 	.db #0xff	; 255
    0000042A 07                    1111 	.db #0x07	; 7
    0000042B FC                    1112 	.db #0xfc	; 252
    0000042C 07                    1113 	.db #0x07	; 7
    0000042D FE                    1114 	.db #0xfe	; 254
    0000042E 87                    1115 	.db #0x87	; 135
    0000042F 7E                    1116 	.db #0x7e	; 126
    00000430 EB                    1117 	.db #0xeb	; 235
    00000431 0C                    1118 	.db #0x0c	; 12
    00000432 D5                    1119 	.db #0xd5	; 213
    00000433 18                    1120 	.db #0x18	; 24
    00000434 6E                    1121 	.db #0x6e	; 110	'n'
    00000435 70                    1122 	.db #0x70	; 112	'p'
    00000436 F5                    1123 	.db #0xf5	; 245
    00000437 98                    1124 	.db #0x98	; 152
    00000438 5D                    1125 	.db #0x5d	; 93
    00000439 0E                    1126 	.db #0x0e	; 14
    0000043A BF                    1127 	.db #0xbf	; 191
    0000043B 03                    1128 	.db #0x03	; 3
    0000043C 57                    1129 	.db #0x57	; 87	'W'
    0000043D 00                    1130 	.db #0x00	; 0
    0000043E EF                    1131 	.db #0xef	; 239
    0000043F 00                    1132 	.db #0x00	; 0
    00000440 AF                    1133 	.db #0xaf	; 175
    00000441 60                    1134 	.db #0x60	; 96
    00000442 57                    1135 	.db #0x57	; 87	'W'
    00000443 30                    1136 	.db #0x30	; 48	'0'
    00000444 ED                    1137 	.db #0xed	; 237
    00000445 1C                    1138 	.db #0x1c	; 28
    00000446 5F                    1139 	.db #0x5f	; 95
    00000447 33                    1140 	.db #0x33	; 51	'3'
    00000448 B5                    1141 	.db #0xb5	; 181
    00000449 61                    1142 	.db #0x61	; 97	'a'
    0000044A FB                    1143 	.db #0xfb	; 251
    0000044B C0                    1144 	.db #0xc0	; 192
    0000044C F5                    1145 	.db #0xf5	; 245
    0000044D 00                    1146 	.db #0x00	; 0
    0000044E FE                    1147 	.db #0xfe	; 254
    0000044F 00                    1148 	.db #0x00	; 0
    00000450 AE                    1149 	.db #0xae	; 174
    00000451 00                    1150 	.db #0x00	; 0
    00000452 51                    1151 	.db #0x51	; 81	'Q'
    00000453 01                    1152 	.db #0x01	; 1
    00000454 FE                    1153 	.db #0xfe	; 254
    00000455 FF                    1154 	.db #0xff	; 255
    00000456 F0                    1155 	.db #0xf0	; 240
    00000457 1F                    1156 	.db #0x1f	; 31
    00000458 E0                    1157 	.db #0xe0	; 224
    00000459 3F                    1158 	.db #0x3f	; 63
    0000045A E4                    1159 	.db #0xe4	; 228
    0000045B 3B                    1160 	.db #0x3b	; 59
    0000045C 68                    1161 	.db #0x68	; 104	'h'
    0000045D 3F                    1162 	.db #0x3f	; 63
    0000045E F0                    1163 	.db #0xf0	; 240
    0000045F 3F                    1164 	.db #0x3f	; 63
    00000460 FF                    1165 	.db #0xff	; 255
    00000461 C0                    1166 	.db #0xc0	; 192
    00000462 FF                    1167 	.db #0xff	; 255
    00000463 00                    1168 	.db #0x00	; 0
    00000464 FF                    1169 	.db #0xff	; 255
    00000465 80                    1170 	.db #0x80	; 128
    00000466 7F                    1171 	.db #0x7f	; 127
    00000467 C0                    1172 	.db #0xc0	; 192
    00000468 3F                    1173 	.db #0x3f	; 63
    00000469 E0                    1174 	.db #0xe0	; 224
    0000046A 3F                    1175 	.db #0x3f	; 63
    0000046B E0                    1176 	.db #0xe0	; 224
    0000046C 1F                    1177 	.db #0x1f	; 31
    0000046D F0                    1178 	.db #0xf0	; 240
    0000046E DF                    1179 	.db #0xdf	; 223
    0000046F B0                    1180 	.db #0xb0	; 176
    00000470 FC                    1181 	.db #0xfc	; 252
    00000471 04                    1182 	.db #0x04	; 4
    00000472 FC                    1183 	.db #0xfc	; 252
    00000473 04                    1184 	.db #0x04	; 4
    00000474 FC                    1185 	.db #0xfc	; 252
    00000475 04                    1186 	.db #0x04	; 4
    00000476 FC                    1187 	.db #0xfc	; 252
    00000477 04                    1188 	.db #0x04	; 4
    00000478 FC                    1189 	.db #0xfc	; 252
    00000479 04                    1190 	.db #0x04	; 4
    0000047A FC                    1191 	.db #0xfc	; 252
    0000047B 04                    1192 	.db #0x04	; 4
    0000047C FC                    1193 	.db #0xfc	; 252
    0000047D 04                    1194 	.db #0x04	; 4
    0000047E FC                    1195 	.db #0xfc	; 252
    0000047F 04                    1196 	.db #0x04	; 4
    00000480 01                    1197 	.db #0x01	; 1
    00000481 00                    1198 	.db #0x00	; 0
    00000482 01                    1199 	.db #0x01	; 1
    00000483 00                    1200 	.db #0x00	; 0
    00000484 01                    1201 	.db #0x01	; 1
    00000485 00                    1202 	.db #0x00	; 0
    00000486 03                    1203 	.db #0x03	; 3
    00000487 01                    1204 	.db #0x01	; 1
    00000488 03                    1205 	.db #0x03	; 3
    00000489 03                    1206 	.db #0x03	; 3
    0000048A 02                    1207 	.db #0x02	; 2
    0000048B 03                    1208 	.db #0x03	; 3
    0000048C 02                    1209 	.db #0x02	; 2
    0000048D 03                    1210 	.db #0x03	; 3
    0000048E 01                    1211 	.db #0x01	; 1
    0000048F 01                    1212 	.db #0x01	; 1
    00000490 CB                    1213 	.db #0xcb	; 203
    00000491 FC                    1214 	.db #0xfc	; 252
    00000492 A5                    1215 	.db #0xa5	; 165
    00000493 FE                    1216 	.db #0xfe	; 254
    00000494 82                    1217 	.db #0x82	; 130
    00000495 FF                    1218 	.db #0xff	; 255
    00000496 61                    1219 	.db #0x61	; 97	'a'
    00000497 FF                    1220 	.db #0xff	; 255
    00000498 50                    1221 	.db #0x50	; 80	'P'
    00000499 FF                    1222 	.db #0xff	; 255
    0000049A 28                    1223 	.db #0x28	; 40
    0000049B FF                    1224 	.db #0xff	; 255
    0000049C 30                    1225 	.db #0x30	; 48	'0'
    0000049D FF                    1226 	.db #0xff	; 255
    0000049E 19                    1227 	.db #0x19	; 25
    0000049F FF                    1228 	.db #0xff	; 255
    000004A0 FE                    1229 	.db #0xfe	; 254
    000004A1 C0                    1230 	.db #0xc0	; 192
    000004A2 FF                    1231 	.db #0xff	; 255
    000004A3 3E                    1232 	.db #0x3e	; 62
    000004A4 FF                    1233 	.db #0xff	; 255
    000004A5 01                    1234 	.db #0x01	; 1
    000004A6 7F                    1235 	.db #0x7f	; 127
    000004A7 80                    1236 	.db #0x80	; 128
    000004A8 BF                    1237 	.db #0xbf	; 191
    000004A9 C0                    1238 	.db #0xc0	; 192
    000004AA 5F                    1239 	.db #0x5f	; 95
    000004AB E0                    1240 	.db #0xe0	; 224
    000004AC AF                    1241 	.db #0xaf	; 175
    000004AD F0                    1242 	.db #0xf0	; 240
    000004AE 17                    1243 	.db #0x17	; 23
    000004AF F8                    1244 	.db #0xf8	; 248
    000004B0 3F                    1245 	.db #0x3f	; 63
    000004B1 0C                    1246 	.db #0x0c	; 12
    000004B2 FF                    1247 	.db #0xff	; 255
    000004B3 30                    1248 	.db #0x30	; 48	'0'
    000004B4 FF                    1249 	.db #0xff	; 255
    000004B5 C0                    1250 	.db #0xc0	; 192
    000004B6 FF                    1251 	.db #0xff	; 255
    000004B7 00                    1252 	.db #0x00	; 0
    000004B8 FF                    1253 	.db #0xff	; 255
    000004B9 00                    1254 	.db #0x00	; 0
    000004BA FF                    1255 	.db #0xff	; 255
    000004BB 00                    1256 	.db #0x00	; 0
    000004BC FE                    1257 	.db #0xfe	; 254
    000004BD 01                    1258 	.db #0x01	; 1
    000004BE FF                    1259 	.db #0xff	; 255
    000004BF 00                    1260 	.db #0x00	; 0
    000004C0 FF                    1261 	.db #0xff	; 255
    000004C1 01                    1262 	.db #0x01	; 1
    000004C2 FF                    1263 	.db #0xff	; 255
    000004C3 01                    1264 	.db #0x01	; 1
    000004C4 FF                    1265 	.db #0xff	; 255
    000004C5 01                    1266 	.db #0x01	; 1
    000004C6 D7                    1267 	.db #0xd7	; 215
    000004C7 29                    1268 	.db #0x29	; 41
    000004C8 EB                    1269 	.db #0xeb	; 235
    000004C9 15                    1270 	.db #0x15	; 21
    000004CA D1                    1271 	.db #0xd1	; 209
    000004CB 2F                    1272 	.db #0x2f	; 47
    000004CC AB                    1273 	.db #0xab	; 171
    000004CD 55                    1274 	.db #0x55	; 85	'U'
    000004CE 53                    1275 	.db #0x53	; 83	'S'
    000004CF AD                    1276 	.db #0xad	; 173
    000004D0 80                    1277 	.db #0x80	; 128
    000004D1 00                    1278 	.db #0x00	; 0
    000004D2 80                    1279 	.db #0x80	; 128
    000004D3 00                    1280 	.db #0x00	; 0
    000004D4 80                    1281 	.db #0x80	; 128
    000004D5 00                    1282 	.db #0x00	; 0
    000004D6 80                    1283 	.db #0x80	; 128
    000004D7 00                    1284 	.db #0x00	; 0
    000004D8 80                    1285 	.db #0x80	; 128
    000004D9 80                    1286 	.db #0x80	; 128
    000004DA C0                    1287 	.db #0xc0	; 192
    000004DB 40                    1288 	.db #0x40	; 64
    000004DC C0                    1289 	.db #0xc0	; 192
    000004DD 00                    1290 	.db #0x00	; 0
    000004DE C0                    1291 	.db #0xc0	; 192
    000004DF 00                    1292 	.db #0x00	; 0
    000004E0 3F                    1293 	.db #0x3f	; 63
    000004E1 20                    1294 	.db #0x20	; 32
    000004E2 1F                    1295 	.db #0x1f	; 31
    000004E3 10                    1296 	.db #0x10	; 16
    000004E4 1F                    1297 	.db #0x1f	; 31
    000004E5 10                    1298 	.db #0x10	; 16
    000004E6 1F                    1299 	.db #0x1f	; 31
    000004E7 10                    1300 	.db #0x10	; 16
    000004E8 1F                    1301 	.db #0x1f	; 31
    000004E9 10                    1302 	.db #0x10	; 16
    000004EA 3F                    1303 	.db #0x3f	; 63
    000004EB 20                    1304 	.db #0x20	; 32
    000004EC 3F                    1305 	.db #0x3f	; 63
    000004ED 20                    1306 	.db #0x20	; 32
    000004EE 7F                    1307 	.db #0x7f	; 127
    000004EF 20                    1308 	.db #0x20	; 32
    000004F0 FD                    1309 	.db #0xfd	; 253
    000004F1 05                    1310 	.db #0x05	; 5
    000004F2 FD                    1311 	.db #0xfd	; 253
    000004F3 05                    1312 	.db #0x05	; 5
    000004F4 FD                    1313 	.db #0xfd	; 253
    000004F5 05                    1314 	.db #0x05	; 5
    000004F6 FD                    1315 	.db #0xfd	; 253
    000004F7 05                    1316 	.db #0x05	; 5
    000004F8 FD                    1317 	.db #0xfd	; 253
    000004F9 05                    1318 	.db #0x05	; 5
    000004FA FD                    1319 	.db #0xfd	; 253
    000004FB 05                    1320 	.db #0x05	; 5
    000004FC FD                    1321 	.db #0xfd	; 253
    000004FD 05                    1322 	.db #0x05	; 5
    000004FE FF                    1323 	.db #0xff	; 255
    000004FF 05                    1324 	.db #0x05	; 5
    00000500 FF                    1325 	.db #0xff	; 255
    00000501 00                    1326 	.db #0x00	; 0
    00000502 FF                    1327 	.db #0xff	; 255
    00000503 00                    1328 	.db #0x00	; 0
    00000504 FF                    1329 	.db #0xff	; 255
    00000505 01                    1330 	.db #0x01	; 1
    00000506 FF                    1331 	.db #0xff	; 255
    00000507 01                    1332 	.db #0x01	; 1
    00000508 FF                    1333 	.db #0xff	; 255
    00000509 01                    1334 	.db #0x01	; 1
    0000050A FF                    1335 	.db #0xff	; 255
    0000050B 02                    1336 	.db #0x02	; 2
    0000050C FF                    1337 	.db #0xff	; 255
    0000050D 02                    1338 	.db #0x02	; 2
    0000050E FE                    1339 	.db #0xfe	; 254
    0000050F 06                    1340 	.db #0x06	; 6
    00000510 DF                    1341 	.db #0xdf	; 223
    00000511 A0                    1342 	.db #0xa0	; 160
    00000512 BF                    1343 	.db #0xbf	; 191
    00000513 C0                    1344 	.db #0xc0	; 192
    00000514 7F                    1345 	.db #0x7f	; 127
    00000515 80                    1346 	.db #0x80	; 128
    00000516 FF                    1347 	.db #0xff	; 255
    00000517 00                    1348 	.db #0x00	; 0
    00000518 FF                    1349 	.db #0xff	; 255
    00000519 00                    1350 	.db #0x00	; 0
    0000051A FF                    1351 	.db #0xff	; 255
    0000051B 08                    1352 	.db #0x08	; 8
    0000051C FB                    1353 	.db #0xfb	; 251
    0000051D 0C                    1354 	.db #0x0c	; 12
    0000051E 7B                    1355 	.db #0x7b	; 123
    0000051F 0C                    1356 	.db #0x0c	; 12
    00000520 63                    1357 	.db #0x63	; 99	'c'
    00000521 C1                    1358 	.db #0xc1	; 193
    00000522 B7                    1359 	.db #0xb7	; 183
    00000523 62                    1360 	.db #0x62	; 98	'b'
    00000524 F7                    1361 	.db #0xf7	; 247
    00000525 22                    1362 	.db #0x22	; 34
    00000526 DE                    1363 	.db #0xde	; 222
    00000527 34                    1364 	.db #0x34	; 52	'4'
    00000528 FE                    1365 	.db #0xfe	; 254
    00000529 0C                    1366 	.db #0x0c	; 12
    0000052A F6                    1367 	.db #0xf6	; 246
    0000052B 0C                    1368 	.db #0x0c	; 12
    0000052C EC                    1369 	.db #0xec	; 236
    0000052D 18                    1370 	.db #0x18	; 24
    0000052E EC                    1371 	.db #0xec	; 236
    0000052F 18                    1372 	.db #0x18	; 24
    00000530 9B                    1373 	.db #0x9b	; 155
    00000531 0C                    1374 	.db #0x0c	; 12
    00000532 37                    1375 	.db #0x37	; 55	'7'
    00000533 18                    1376 	.db #0x18	; 24
    00000534 6F                    1377 	.db #0x6f	; 111	'o'
    00000535 30                    1378 	.db #0x30	; 48	'0'
    00000536 5F                    1379 	.db #0x5f	; 95
    00000537 60                    1380 	.db #0x60	; 96
    00000538 5F                    1381 	.db #0x5f	; 95
    00000539 60                    1382 	.db #0x60	; 96
    0000053A DE                    1383 	.db #0xde	; 222
    0000053B 61                    1384 	.db #0x61	; 97	'a'
    0000053C BF                    1385 	.db #0xbf	; 191
    0000053D C0                    1386 	.db #0xc0	; 192
    0000053E BE                    1387 	.db #0xbe	; 190
    0000053F C1                    1388 	.db #0xc1	; 193
    00000540 F7                    1389 	.db #0xf7	; 247
    00000541 0C                    1390 	.db #0x0c	; 12
    00000542 FF                    1391 	.db #0xff	; 255
    00000543 04                    1392 	.db #0x04	; 4
    00000544 FF                    1393 	.db #0xff	; 255
    00000545 04                    1394 	.db #0x04	; 4
    00000546 BB                    1395 	.db #0xbb	; 187
    00000547 46                    1396 	.db #0x46	; 70	'F'
    00000548 BF                    1397 	.db #0xbf	; 191
    00000549 E2                    1398 	.db #0xe2	; 226
    0000054A AD                    1399 	.db #0xad	; 173
    0000054B F3                    1400 	.db #0xf3	; 243
    0000054C DF                    1401 	.db #0xdf	; 223
    0000054D E1                    1402 	.db #0xe1	; 225
    0000054E AF                    1403 	.db #0xaf	; 175
    0000054F D1                    1404 	.db #0xd1	; 209
    00000550 FD                    1405 	.db #0xfd	; 253
    00000551 07                    1406 	.db #0x07	; 7
    00000552 F8                    1407 	.db #0xf8	; 248
    00000553 0F                    1408 	.db #0x0f	; 15
    00000554 F8                    1409 	.db #0xf8	; 248
    00000555 0F                    1410 	.db #0x0f	; 15
    00000556 F8                    1411 	.db #0xf8	; 248
    00000557 0F                    1412 	.db #0x0f	; 15
    00000558 F8                    1413 	.db #0xf8	; 248
    00000559 0F                    1414 	.db #0x0f	; 15
    0000055A F8                    1415 	.db #0xf8	; 248
    0000055B 0F                    1416 	.db #0x0f	; 15
    0000055C F8                    1417 	.db #0xf8	; 248
    0000055D 0F                    1418 	.db #0x0f	; 15
    0000055E F8                    1419 	.db #0xf8	; 248
    0000055F 0F                    1420 	.db #0x0f	; 15
    00000560 8F                    1421 	.db #0x8f	; 143
    00000561 7A                    1422 	.db #0x7a	; 122	'z'
    00000562 CF                    1423 	.db #0xcf	; 207
    00000563 BA                    1424 	.db #0xba	; 186
    00000564 0F                    1425 	.db #0x0f	; 15
    00000565 F9                    1426 	.db #0xf9	; 249
    00000566 FF                    1427 	.db #0xff	; 255
    00000567 32                    1428 	.db #0x32	; 50	'2'
    00000568 DF                    1429 	.db #0xdf	; 223
    00000569 F2                    1430 	.db #0xf2	; 242
    0000056A 1F                    1431 	.db #0x1f	; 31
    0000056B F2                    1432 	.db #0xf2	; 242
    0000056C 1F                    1433 	.db #0x1f	; 31
    0000056D F1                    1434 	.db #0xf1	; 241
    0000056E 3F                    1435 	.db #0x3f	; 63
    0000056F E1                    1436 	.db #0xe1	; 225
    00000570 D7                    1437 	.db #0xd7	; 215
    00000571 03                    1438 	.db #0x03	; 3
    00000572 FC                    1439 	.db #0xfc	; 252
    00000573 07                    1440 	.db #0x07	; 7
    00000574 FA                    1441 	.db #0xfa	; 250
    00000575 0C                    1442 	.db #0x0c	; 12
    00000576 F6                    1443 	.db #0xf6	; 246
    00000577 F8                    1444 	.db #0xf8	; 248
    00000578 7E                    1445 	.db #0x7e	; 126
    00000579 00                    1446 	.db #0x00	; 0
    0000057A D0                    1447 	.db #0xd0	; 208
    0000057B 00                    1448 	.db #0x00	; 0
    0000057C FE                    1449 	.db #0xfe	; 254
    0000057D 00                    1450 	.db #0x00	; 0
    0000057E FA                    1451 	.db #0xfa	; 250
    0000057F 00                    1452 	.db #0x00	; 0
    00000580 FD                    1453 	.db #0xfd	; 253
    00000581 C0                    1454 	.db #0xc0	; 192
    00000582 3F                    1455 	.db #0x3f	; 63
    00000583 E0                    1456 	.db #0xe0	; 224
    00000584 5F                    1457 	.db #0x5f	; 95
    00000585 30                    1458 	.db #0x30	; 48	'0'
    00000586 6F                    1459 	.db #0x6f	; 111	'o'
    00000587 1F                    1460 	.db #0x1f	; 31
    00000588 7E                    1461 	.db #0x7e	; 126
    00000589 00                    1462 	.db #0x00	; 0
    0000058A 0B                    1463 	.db #0x0b	; 11
    0000058B 00                    1464 	.db #0x00	; 0
    0000058C 7F                    1465 	.db #0x7f	; 127
    0000058D 01                    1466 	.db #0x01	; 1
    0000058E 5F                    1467 	.db #0x5f	; 95
    0000058F 01                    1468 	.db #0x01	; 1
    00000590 78                    1469 	.db #0x78	; 120	'x'
    00000591 2F                    1470 	.db #0x2f	; 47
    00000592 F8                    1471 	.db #0xf8	; 248
    00000593 4F                    1472 	.db #0x4f	; 79	'O'
    00000594 FF                    1473 	.db #0xff	; 255
    00000595 BF                    1474 	.db #0xbf	; 191
    00000596 C0                    1475 	.db #0xc0	; 192
    00000597 C0                    1476 	.db #0xc0	; 192
    00000598 8F                    1477 	.db #0x8f	; 143
    00000599 8F                    1478 	.db #0x8f	; 143
    0000059A 9F                    1479 	.db #0x9f	; 159
    0000059B 90                    1480 	.db #0x90	; 144
    0000059C BF                    1481 	.db #0xbf	; 191
    0000059D A0                    1482 	.db #0xa0	; 160
    0000059E BF                    1483 	.db #0xbf	; 191
    0000059F A0                    1484 	.db #0xa0	; 160
    000005A0 7F                    1485 	.db #0x7f	; 127
    000005A1 D0                    1486 	.db #0xd0	; 208
    000005A2 3F                    1487 	.db #0x3f	; 63
    000005A3 FF                    1488 	.db #0xff	; 255
    000005A4 C0                    1489 	.db #0xc0	; 192
    000005A5 C0                    1490 	.db #0xc0	; 192
    000005A6 1F                    1491 	.db #0x1f	; 31
    000005A7 1F                    1492 	.db #0x1f	; 31
    000005A8 FF                    1493 	.db #0xff	; 255
    000005A9 E0                    1494 	.db #0xe0	; 224
    000005AA FE                    1495 	.db #0xfe	; 254
    000005AB 00                    1496 	.db #0x00	; 0
    000005AC FE                    1497 	.db #0xfe	; 254
    000005AD 00                    1498 	.db #0x00	; 0
    000005AE FE                    1499 	.db #0xfe	; 254
    000005AF 00                    1500 	.db #0x00	; 0
    000005B0 FC                    1501 	.db #0xfc	; 252
    000005B1 04                    1502 	.db #0x04	; 4
    000005B2 FE                    1503 	.db #0xfe	; 254
    000005B3 FA                    1504 	.db #0xfa	; 250
    000005B4 0F                    1505 	.db #0x0f	; 15
    000005B5 0D                    1506 	.db #0x0d	; 13
    000005B6 FD                    1507 	.db #0xfd	; 253
    000005B7 FC                    1508 	.db #0xfc	; 252
    000005B8 FD                    1509 	.db #0xfd	; 253
    000005B9 04                    1510 	.db #0x04	; 4
    000005BA FD                    1511 	.db #0xfd	; 253
    000005BB 04                    1512 	.db #0x04	; 4
    000005BC FC                    1513 	.db #0xfc	; 252
    000005BD 04                    1514 	.db #0x04	; 4
    000005BE FC                    1515 	.db #0xfc	; 252
    000005BF 04                    1516 	.db #0x04	; 4
    000005C0 01                    1517 	.db #0x01	; 1
    000005C1 01                    1518 	.db #0x01	; 1
    000005C2 01                    1519 	.db #0x01	; 1
    000005C3 01                    1520 	.db #0x01	; 1
    000005C4 03                    1521 	.db #0x03	; 3
    000005C5 03                    1522 	.db #0x03	; 3
    000005C6 87                    1523 	.db #0x87	; 135
    000005C7 84                    1524 	.db #0x84	; 132
    000005C8 84                    1525 	.db #0x84	; 132
    000005C9 80                    1526 	.db #0x80	; 128
    000005CA 80                    1527 	.db #0x80	; 128
    000005CB 80                    1528 	.db #0x80	; 128
    000005CC 00                    1529 	.db #0x00	; 0
    000005CD 00                    1530 	.db #0x00	; 0
    000005CE 18                    1531 	.db #0x18	; 24
    000005CF 10                    1532 	.db #0x10	; 16
    000005D0 16                    1533 	.db #0x16	; 22
    000005D1 FF                    1534 	.db #0xff	; 255
    000005D2 0B                    1535 	.db #0x0b	; 11
    000005D3 FF                    1536 	.db #0xff	; 255
    000005D4 06                    1537 	.db #0x06	; 6
    000005D5 FF                    1538 	.db #0xff	; 255
    000005D6 83                    1539 	.db #0x83	; 131
    000005D7 FF                    1540 	.db #0xff	; 255
    000005D8 82                    1541 	.db #0x82	; 130
    000005D9 FF                    1542 	.db #0xff	; 255
    000005DA 81                    1543 	.db #0x81	; 129
    000005DB FF                    1544 	.db #0xff	; 255
    000005DC 81                    1545 	.db #0x81	; 129
    000005DD FF                    1546 	.db #0xff	; 255
    000005DE 81                    1547 	.db #0x81	; 129
    000005DF FF                    1548 	.db #0xff	; 255
    000005E0 0D                    1549 	.db #0x0d	; 13
    000005E1 FE                    1550 	.db #0xfe	; 254
    000005E2 06                    1551 	.db #0x06	; 6
    000005E3 FF                    1552 	.db #0xff	; 255
    000005E4 01                    1553 	.db #0x01	; 1
    000005E5 FF                    1554 	.db #0xff	; 255
    000005E6 00                    1555 	.db #0x00	; 0
    000005E7 FF                    1556 	.db #0xff	; 255
    000005E8 04                    1557 	.db #0x04	; 4
    000005E9 FF                    1558 	.db #0xff	; 255
    000005EA 0E                    1559 	.db #0x0e	; 14
    000005EB FB                    1560 	.db #0xfb	; 251
    000005EC 9F                    1561 	.db #0x9f	; 159
    000005ED F1                    1562 	.db #0xf1	; 241
    000005EE 3F                    1563 	.db #0x3f	; 63
    000005EF E0                    1564 	.db #0xe0	; 224
    000005F0 E6                    1565 	.db #0xe6	; 230
    000005F1 19                    1566 	.db #0x19	; 25
    000005F2 F7                    1567 	.db #0xf7	; 247
    000005F3 08                    1568 	.db #0x08	; 8
    000005F4 70                    1569 	.db #0x70	; 112	'p'
    000005F5 8F                    1570 	.db #0x8f	; 143
    000005F6 DF                    1571 	.db #0xdf	; 223
    000005F7 E0                    1572 	.db #0xe0	; 224
    000005F8 2F                    1573 	.db #0x2f	; 47
    000005F9 F0                    1574 	.db #0xf0	; 240
    000005FA 1B                    1575 	.db #0x1b	; 27
    000005FB FC                    1576 	.db #0xfc	; 252
    000005FC 05                    1577 	.db #0x05	; 5
    000005FD FE                    1578 	.db #0xfe	; 254
    000005FE 82                    1579 	.db #0x82	; 130
    000005FF FF                    1580 	.db #0xff	; 255
    00000600 A3                    1581 	.db #0xa3	; 163
    00000601 5D                    1582 	.db #0x5d	; 93
    00000602 C7                    1583 	.db #0xc7	; 199
    00000603 39                    1584 	.db #0x39	; 57	'9'
    00000604 07                    1585 	.db #0x07	; 7
    00000605 F9                    1586 	.db #0xf9	; 249
    00000606 EF                    1587 	.db #0xef	; 239
    00000607 11                    1588 	.db #0x11	; 17
    00000608 CC                    1589 	.db #0xcc	; 204
    00000609 33                    1590 	.db #0x33	; 51	'3'
    0000060A 9E                    1591 	.db #0x9e	; 158
    0000060B 61                    1592 	.db #0x61	; 97	'a'
    0000060C BC                    1593 	.db #0xbc	; 188
    0000060D 43                    1594 	.db #0x43	; 67	'C'
    0000060E FA                    1595 	.db #0xfa	; 250
    0000060F 05                    1596 	.db #0x05	; 5
    00000610 E0                    1597 	.db #0xe0	; 224
    00000611 C0                    1598 	.db #0xc0	; 192
    00000612 E0                    1599 	.db #0xe0	; 224
    00000613 60                    1600 	.db #0x60	; 96
    00000614 F0                    1601 	.db #0xf0	; 240
    00000615 50                    1602 	.db #0x50	; 80	'P'
    00000616 98                    1603 	.db #0x98	; 152
    00000617 88                    1604 	.db #0x88	; 136
    00000618 98                    1605 	.db #0x98	; 152
    00000619 88                    1606 	.db #0x88	; 136
    0000061A 98                    1607 	.db #0x98	; 152
    0000061B 88                    1608 	.db #0x88	; 136
    0000061C 8C                    1609 	.db #0x8c	; 140
    0000061D 84                    1610 	.db #0x84	; 132
    0000061E 8C                    1611 	.db #0x8c	; 140
    0000061F 84                    1612 	.db #0x84	; 132
    00000620 7F                    1613 	.db #0x7f	; 127
    00000621 50                    1614 	.db #0x50	; 80	'P'
    00000622 7F                    1615 	.db #0x7f	; 127
    00000623 50                    1616 	.db #0x50	; 80	'P'
    00000624 7F                    1617 	.db #0x7f	; 127
    00000625 50                    1618 	.db #0x50	; 80	'P'
    00000626 1F                    1619 	.db #0x1f	; 31
    00000627 10                    1620 	.db #0x10	; 16
    00000628 1F                    1621 	.db #0x1f	; 31
    00000629 08                    1622 	.db #0x08	; 8
    0000062A 0F                    1623 	.db #0x0f	; 15
    0000062B 08                    1624 	.db #0x08	; 8
    0000062C 0F                    1625 	.db #0x0f	; 15
    0000062D 08                    1626 	.db #0x08	; 8
    0000062E 07                    1627 	.db #0x07	; 7
    0000062F 04                    1628 	.db #0x04	; 4
    00000630 FD                    1629 	.db #0xfd	; 253
    00000631 05                    1630 	.db #0x05	; 5
    00000632 FF                    1631 	.db #0xff	; 255
    00000633 05                    1632 	.db #0x05	; 5
    00000634 FB                    1633 	.db #0xfb	; 251
    00000635 0B                    1634 	.db #0x0b	; 11
    00000636 F9                    1635 	.db #0xf9	; 249
    00000637 09                    1636 	.db #0x09	; 9
    00000638 FC                    1637 	.db #0xfc	; 252
    00000639 08                    1638 	.db #0x08	; 8
    0000063A FB                    1639 	.db #0xfb	; 251
    0000063B 08                    1640 	.db #0x08	; 8
    0000063C FC                    1641 	.db #0xfc	; 252
    0000063D 08                    1642 	.db #0x08	; 8
    0000063E FB                    1643 	.db #0xfb	; 251
    0000063F 08                    1644 	.db #0x08	; 8
    00000640 F9                    1645 	.db #0xf9	; 249
    00000641 8F                    1646 	.db #0x8f	; 143
    00000642 F7                    1647 	.db #0xf7	; 247
    00000643 78                    1648 	.db #0x78	; 120	'x'
    00000644 FF                    1649 	.db #0xff	; 255
    00000645 50                    1650 	.db #0x50	; 80	'P'
    00000646 DF                    1651 	.db #0xdf	; 223
    00000647 48                    1652 	.db #0x48	; 72	'H'
    00000648 8F                    1653 	.db #0x8f	; 143
    00000649 88                    1654 	.db #0x88	; 136
    0000064A FE                    1655 	.db #0xfe	; 254
    0000064B D1                    1656 	.db #0xd1	; 209
    0000064C BD                    1657 	.db #0xbd	; 189
    0000064D B3                    1658 	.db #0xb3	; 179
    0000064E FB                    1659 	.db #0xfb	; 251
    0000064F 97                    1660 	.db #0x97	; 151
    00000650 FF                    1661 	.db #0xff	; 255
    00000651 94                    1662 	.db #0x94	; 148
    00000652 FD                    1663 	.db #0xfd	; 253
    00000653 16                    1664 	.db #0x16	; 22
    00000654 FC                    1665 	.db #0xfc	; 252
    00000655 1F                    1666 	.db #0x1f	; 31
    00000656 FA                    1667 	.db #0xfa	; 250
    00000657 2F                    1668 	.db #0x2f	; 47
    00000658 F8                    1669 	.db #0xf8	; 248
    00000659 4F                    1670 	.db #0x4f	; 79	'O'
    0000065A FA                    1671 	.db #0xfa	; 250
    0000065B 8D                    1672 	.db #0x8d	; 141
    0000065C F9                    1673 	.db #0xf9	; 249
    0000065D 0F                    1674 	.db #0x0f	; 15
    0000065E F9                    1675 	.db #0xf9	; 249
    0000065F 0F                    1676 	.db #0x0f	; 15
    00000660 D9                    1677 	.db #0xd9	; 217
    00000661 30                    1678 	.db #0x30	; 48	'0'
    00000662 B3                    1679 	.db #0xb3	; 179
    00000663 61                    1680 	.db #0x61	; 97	'a'
    00000664 32                    1681 	.db #0x32	; 50	'2'
    00000665 E3                    1682 	.db #0xe3	; 227
    00000666 66                    1683 	.db #0x66	; 102	'f'
    00000667 C3                    1684 	.db #0xc3	; 195
    00000668 6D                    1685 	.db #0x6d	; 109	'm'
    00000669 C6                    1686 	.db #0xc6	; 198
    0000066A CB                    1687 	.db #0xcb	; 203
    0000066B 8C                    1688 	.db #0x8c	; 140
    0000066C 9F                    1689 	.db #0x9f	; 159
    0000066D 08                    1690 	.db #0x08	; 8
    0000066E 95                    1691 	.db #0x95	; 149
    0000066F 1A                    1692 	.db #0x1a	; 26
    00000670 BF                    1693 	.db #0xbf	; 191
    00000671 C0                    1694 	.db #0xc0	; 192
    00000672 3E                    1695 	.db #0x3e	; 62
    00000673 C1                    1696 	.db #0xc1	; 193
    00000674 81                    1697 	.db #0x81	; 129
    00000675 7F                    1698 	.db #0x7f	; 127
    00000676 C1                    1699 	.db #0xc1	; 193
    00000677 3F                    1700 	.db #0x3f	; 63
    00000678 FE                    1701 	.db #0xfe	; 254
    00000679 01                    1702 	.db #0x01	; 1
    0000067A 7E                    1703 	.db #0x7e	; 126
    0000067B 81                    1704 	.db #0x81	; 129
    0000067C FE                    1705 	.db #0xfe	; 254
    0000067D 01                    1706 	.db #0x01	; 1
    0000067E EB                    1707 	.db #0xeb	; 235
    0000067F 14                    1708 	.db #0x14	; 20
    00000680 9E                    1709 	.db #0x9e	; 158
    00000681 E1                    1710 	.db #0xe1	; 225
    00000682 AF                    1711 	.db #0xaf	; 175
    00000683 D0                    1712 	.db #0xd0	; 208
    00000684 DF                    1713 	.db #0xdf	; 223
    00000685 60                    1714 	.db #0x60	; 96
    00000686 DF                    1715 	.db #0xdf	; 223
    00000687 60                    1716 	.db #0x60	; 96
    00000688 EF                    1717 	.db #0xef	; 239
    00000689 B0                    1718 	.db #0xb0	; 176
    0000068A FF                    1719 	.db #0xff	; 255
    0000068B A0                    1720 	.db #0xa0	; 160
    0000068C EF                    1721 	.db #0xef	; 239
    0000068D B0                    1722 	.db #0xb0	; 176
    0000068E FF                    1723 	.db #0xff	; 255
    0000068F A0                    1724 	.db #0xa0	; 160
    00000690 FE                    1725 	.db #0xfe	; 254
    00000691 8F                    1726 	.db #0x8f	; 143
    00000692 FF                    1727 	.db #0xff	; 255
    00000693 99                    1728 	.db #0x99	; 153
    00000694 F6                    1729 	.db #0xf6	; 246
    00000695 9B                    1730 	.db #0x9b	; 155
    00000696 7F                    1731 	.db #0x7f	; 127
    00000697 D3                    1732 	.db #0xd3	; 211
    00000698 FE                    1733 	.db #0xfe	; 254
    00000699 52                    1734 	.db #0x52	; 82	'R'
    0000069A F7                    1735 	.db #0xf7	; 247
    0000069B 5B                    1736 	.db #0x5b	; 91
    0000069C FE                    1737 	.db #0xfe	; 254
    0000069D 53                    1738 	.db #0x53	; 83	'S'
    0000069E FA                    1739 	.db #0xfa	; 250
    0000069F 53                    1740 	.db #0x53	; 83	'S'
    000006A0 3F                    1741 	.db #0x3f	; 63
    000006A1 E1                    1742 	.db #0xe1	; 225
    000006A2 FF                    1743 	.db #0xff	; 255
    000006A3 C1                    1744 	.db #0xc1	; 193
    000006A4 7F                    1745 	.db #0x7f	; 127
    000006A5 C1                    1746 	.db #0xc1	; 193
    000006A6 FF                    1747 	.db #0xff	; 255
    000006A7 C0                    1748 	.db #0xc0	; 192
    000006A8 7F                    1749 	.db #0x7f	; 127
    000006A9 40                    1750 	.db #0x40	; 64
    000006AA FF                    1751 	.db #0xff	; 255
    000006AB C0                    1752 	.db #0xc0	; 192
    000006AC 7F                    1753 	.db #0x7f	; 127
    000006AD C0                    1754 	.db #0xc0	; 192
    000006AE 7F                    1755 	.db #0x7f	; 127
    000006AF C0                    1756 	.db #0xc0	; 192
    000006B0 DE                    1757 	.db #0xde	; 222
    000006B1 00                    1758 	.db #0x00	; 0
    000006B2 F4                    1759 	.db #0xf4	; 244
    000006B3 00                    1760 	.db #0x00	; 0
    000006B4 FE                    1761 	.db #0xfe	; 254
    000006B5 00                    1762 	.db #0x00	; 0
    000006B6 FA                    1763 	.db #0xfa	; 250
    000006B7 80                    1764 	.db #0x80	; 128
    000006B8 FF                    1765 	.db #0xff	; 255
    000006B9 E7                    1766 	.db #0xe7	; 231
    000006BA 9C                    1767 	.db #0x9c	; 156
    000006BB FB                    1768 	.db #0xfb	; 251
    000006BC D3                    1769 	.db #0xd3	; 211
    000006BD AF                    1770 	.db #0xaf	; 175
    000006BE 87                    1771 	.db #0x87	; 135
    000006BF FC                    1772 	.db #0xfc	; 252
    000006C0 7B                    1773 	.db #0x7b	; 123
    000006C1 01                    1774 	.db #0x01	; 1
    000006C2 2F                    1775 	.db #0x2f	; 47
    000006C3 01                    1776 	.db #0x01	; 1
    000006C4 7F                    1777 	.db #0x7f	; 127
    000006C5 01                    1778 	.db #0x01	; 1
    000006C6 5F                    1779 	.db #0x5f	; 95
    000006C7 02                    1780 	.db #0x02	; 2
    000006C8 FF                    1781 	.db #0xff	; 255
    000006C9 CE                    1782 	.db #0xce	; 206
    000006CA 73                    1783 	.db #0x73	; 115	's'
    000006CB BE                    1784 	.db #0xbe	; 190
    000006CC 97                    1785 	.db #0x97	; 151
    000006CD EA                    1786 	.db #0xea	; 234
    000006CE C3                    1787 	.db #0xc3	; 195
    000006CF 7E                    1788 	.db #0x7e	; 126
    000006D0 BF                    1789 	.db #0xbf	; 191
    000006D1 A0                    1790 	.db #0xa0	; 160
    000006D2 BF                    1791 	.db #0xbf	; 191
    000006D3 A0                    1792 	.db #0xa0	; 160
    000006D4 BF                    1793 	.db #0xbf	; 191
    000006D5 A0                    1794 	.db #0xa0	; 160
    000006D6 B9                    1795 	.db #0xb9	; 185
    000006D7 A0                    1796 	.db #0xa0	; 160
    000006D8 BC                    1797 	.db #0xbc	; 188
    000006D9 A0                    1798 	.db #0xa0	; 160
    000006DA BF                    1799 	.db #0xbf	; 191
    000006DB A0                    1800 	.db #0xa0	; 160
    000006DC BF                    1801 	.db #0xbf	; 191
    000006DD A0                    1802 	.db #0xa0	; 160
    000006DE 9F                    1803 	.db #0x9f	; 159
    000006DF 90                    1804 	.db #0x90	; 144
    000006E0 FE                    1805 	.db #0xfe	; 254
    000006E1 00                    1806 	.db #0x00	; 0
    000006E2 FE                    1807 	.db #0xfe	; 254
    000006E3 00                    1808 	.db #0x00	; 0
    000006E4 FF                    1809 	.db #0xff	; 255
    000006E5 00                    1810 	.db #0x00	; 0
    000006E6 FF                    1811 	.db #0xff	; 255
    000006E7 00                    1812 	.db #0x00	; 0
    000006E8 0F                    1813 	.db #0x0f	; 15
    000006E9 00                    1814 	.db #0x00	; 0
    000006EA E0                    1815 	.db #0xe0	; 224
    000006EB 00                    1816 	.db #0x00	; 0
    000006EC FF                    1817 	.db #0xff	; 255
    000006ED 00                    1818 	.db #0x00	; 0
    000006EE FF                    1819 	.db #0xff	; 255
    000006EF 78                    1820 	.db #0x78	; 120	'x'
    000006F0 FC                    1821 	.db #0xfc	; 252
    000006F1 04                    1822 	.db #0x04	; 4
    000006F2 3E                    1823 	.db #0x3e	; 62
    000006F3 02                    1824 	.db #0x02	; 2
    000006F4 8E                    1825 	.db #0x8e	; 142
    000006F5 02                    1826 	.db #0x02	; 2
    000006F6 E6                    1827 	.db #0xe6	; 230
    000006F7 02                    1828 	.db #0x02	; 2
    000006F8 86                    1829 	.db #0x86	; 134
    000006F9 02                    1830 	.db #0x02	; 2
    000006FA 72                    1831 	.db #0x72	; 114	'r'
    000006FB 02                    1832 	.db #0x02	; 2
    000006FC C2                    1833 	.db #0xc2	; 194
    000006FD 02                    1834 	.db #0x02	; 2
    000006FE 1A                    1835 	.db #0x1a	; 26
    000006FF 02                    1836 	.db #0x02	; 2
    00000700 18                    1837 	.db #0x18	; 24
    00000701 10                    1838 	.db #0x10	; 16
    00000702 18                    1839 	.db #0x18	; 24
    00000703 10                    1840 	.db #0x10	; 16
    00000704 18                    1841 	.db #0x18	; 24
    00000705 10                    1842 	.db #0x10	; 16
    00000706 18                    1843 	.db #0x18	; 24
    00000707 10                    1844 	.db #0x10	; 16
    00000708 18                    1845 	.db #0x18	; 24
    00000709 10                    1846 	.db #0x10	; 16
    0000070A 0C                    1847 	.db #0x0c	; 12
    0000070B 08                    1848 	.db #0x08	; 8
    0000070C 0D                    1849 	.db #0x0d	; 13
    0000070D 09                    1850 	.db #0x09	; 9
    0000070E 0D                    1851 	.db #0x0d	; 13
    0000070F 09                    1852 	.db #0x09	; 9
    00000710 A0                    1853 	.db #0xa0	; 160
    00000711 DF                    1854 	.db #0xdf	; 223
    00000712 98                    1855 	.db #0x98	; 152
    00000713 E7                    1856 	.db #0xe7	; 231
    00000714 AC                    1857 	.db #0xac	; 172
    00000715 D3                    1858 	.db #0xd3	; 211
    00000716 96                    1859 	.db #0x96	; 150
    00000717 E9                    1860 	.db #0xe9	; 233
    00000718 AF                    1861 	.db #0xaf	; 175
    00000719 D0                    1862 	.db #0xd0	; 208
    0000071A 97                    1863 	.db #0x97	; 151
    0000071B E8                    1864 	.db #0xe8	; 232
    0000071C CB                    1865 	.db #0xcb	; 203
    0000071D 74                    1866 	.db #0x74	; 116	't'
    0000071E E9                    1867 	.db #0xe9	; 233
    0000071F 36                    1868 	.db #0x36	; 54	'6'
    00000720 FF                    1869 	.db #0xff	; 255
    00000721 E1                    1870 	.db #0xe1	; 225
    00000722 BE                    1871 	.db #0xbe	; 190
    00000723 E3                    1872 	.db #0xe3	; 227
    00000724 5C                    1873 	.db #0x5c	; 92
    00000725 FF                    1874 	.db #0xff	; 255
    00000726 55                    1875 	.db #0x55	; 85	'U'
    00000727 FF                    1876 	.db #0xff	; 255
    00000728 BE                    1877 	.db #0xbe	; 190
    00000729 7F                    1878 	.db #0x7f	; 127
    0000072A C1                    1879 	.db #0xc1	; 193
    0000072B 3F                    1880 	.db #0x3f	; 63
    0000072C FE                    1881 	.db #0xfe	; 254
    0000072D 01                    1882 	.db #0x01	; 1
    0000072E FF                    1883 	.db #0xff	; 255
    0000072F 00                    1884 	.db #0x00	; 0
    00000730 01                    1885 	.db #0x01	; 1
    00000731 FF                    1886 	.db #0xff	; 255
    00000732 01                    1887 	.db #0x01	; 1
    00000733 FF                    1888 	.db #0xff	; 255
    00000734 01                    1889 	.db #0x01	; 1
    00000735 FF                    1890 	.db #0xff	; 255
    00000736 52                    1891 	.db #0x52	; 82	'R'
    00000737 FF                    1892 	.db #0xff	; 255
    00000738 AC                    1893 	.db #0xac	; 172
    00000739 FF                    1894 	.db #0xff	; 255
    0000073A F5                    1895 	.db #0xf5	; 245
    0000073B FF                    1896 	.db #0xff	; 255
    0000073C 1A                    1897 	.db #0x1a	; 26
    0000073D FF                    1898 	.db #0xff	; 255
    0000073E E7                    1899 	.db #0xe7	; 231
    0000073F 1F                    1900 	.db #0x1f	; 31
    00000740 D4                    1901 	.db #0xd4	; 212
    00000741 EB                    1902 	.db #0xeb	; 235
    00000742 2A                    1903 	.db #0x2a	; 42
    00000743 F5                    1904 	.db #0xf5	; 245
    00000744 14                    1905 	.db #0x14	; 20
    00000745 FB                    1906 	.db #0xfb	; 251
    00000746 0C                    1907 	.db #0x0c	; 12
    00000747 FF                    1908 	.db #0xff	; 255
    00000748 03                    1909 	.db #0x03	; 3
    00000749 FF                    1910 	.db #0xff	; 255
    0000074A 40                    1911 	.db #0x40	; 64
    0000074B FF                    1912 	.db #0xff	; 255
    0000074C AA                    1913 	.db #0xaa	; 170
    0000074D FF                    1914 	.db #0xff	; 255
    0000074E D5                    1915 	.db #0xd5	; 213
    0000074F FF                    1916 	.db #0xff	; 255
    00000750 8C                    1917 	.db #0x8c	; 140
    00000751 84                    1918 	.db #0x84	; 132
    00000752 8C                    1919 	.db #0x8c	; 140
    00000753 84                    1920 	.db #0x84	; 132
    00000754 86                    1921 	.db #0x86	; 134
    00000755 82                    1922 	.db #0x82	; 130
    00000756 86                    1923 	.db #0x86	; 134
    00000757 82                    1924 	.db #0x82	; 130
    00000758 86                    1925 	.db #0x86	; 134
    00000759 82                    1926 	.db #0x82	; 130
    0000075A 86                    1927 	.db #0x86	; 134
    0000075B 82                    1928 	.db #0x82	; 130
    0000075C 86                    1929 	.db #0x86	; 134
    0000075D 82                    1930 	.db #0x82	; 130
    0000075E 40                    1931 	.db #0x40	; 64
    0000075F C0                    1932 	.db #0xc0	; 192
    00000760 07                    1933 	.db #0x07	; 7
    00000761 04                    1934 	.db #0x04	; 4
    00000762 07                    1935 	.db #0x07	; 7
    00000763 04                    1936 	.db #0x04	; 4
    00000764 03                    1937 	.db #0x03	; 3
    00000765 02                    1938 	.db #0x02	; 2
    00000766 03                    1939 	.db #0x03	; 3
    00000767 02                    1940 	.db #0x02	; 2
    00000768 03                    1941 	.db #0x03	; 3
    00000769 02                    1942 	.db #0x02	; 2
    0000076A 03                    1943 	.db #0x03	; 3
    0000076B 02                    1944 	.db #0x02	; 2
    0000076C 07                    1945 	.db #0x07	; 7
    0000076D 04                    1946 	.db #0x04	; 4
    0000076E 07                    1947 	.db #0x07	; 7
    0000076F 04                    1948 	.db #0x04	; 4
    00000770 F8                    1949 	.db #0xf8	; 248
    00000771 08                    1950 	.db #0x08	; 8
    00000772 FF                    1951 	.db #0xff	; 255
    00000773 07                    1952 	.db #0x07	; 7
    00000774 FF                    1953 	.db #0xff	; 255
    00000775 05                    1954 	.db #0x05	; 5
    00000776 FF                    1955 	.db #0xff	; 255
    00000777 05                    1956 	.db #0x05	; 5
    00000778 FD                    1957 	.db #0xfd	; 253
    00000779 05                    1958 	.db #0x05	; 5
    0000077A FF                    1959 	.db #0xff	; 255
    0000077B 05                    1960 	.db #0x05	; 5
    0000077C FD                    1961 	.db #0xfd	; 253
    0000077D 05                    1962 	.db #0x05	; 5
    0000077E FF                    1963 	.db #0xff	; 255
    0000077F 05                    1964 	.db #0x05	; 5
    00000780 F7                    1965 	.db #0xf7	; 247
    00000781 AC                    1966 	.db #0xac	; 172
    00000782 CF                    1967 	.db #0xcf	; 207
    00000783 78                    1968 	.db #0x78	; 120	'x'
    00000784 BF                    1969 	.db #0xbf	; 191
    00000785 F0                    1970 	.db #0xf0	; 240
    00000786 FF                    1971 	.db #0xff	; 255
    00000787 C0                    1972 	.db #0xc0	; 192
    00000788 FF                    1973 	.db #0xff	; 255
    00000789 00                    1974 	.db #0x00	; 0
    0000078A FF                    1975 	.db #0xff	; 255
    0000078B 00                    1976 	.db #0x00	; 0
    0000078C FF                    1977 	.db #0xff	; 255
    0000078D 00                    1978 	.db #0x00	; 0
    0000078E FF                    1979 	.db #0xff	; 255
    0000078F 00                    1980 	.db #0x00	; 0
    00000790 FB                    1981 	.db #0xfb	; 251
    00000791 0E                    1982 	.db #0x0e	; 14
    00000792 F3                    1983 	.db #0xf3	; 243
    00000793 1E                    1984 	.db #0x1e	; 30
    00000794 F6                    1985 	.db #0xf6	; 246
    00000795 1C                    1986 	.db #0x1c	; 28
    00000796 FC                    1987 	.db #0xfc	; 252
    00000797 18                    1988 	.db #0x18	; 24
    00000798 FC                    1989 	.db #0xfc	; 252
    00000799 18                    1990 	.db #0x18	; 24
    0000079A FD                    1991 	.db #0xfd	; 253
    0000079B 18                    1992 	.db #0x18	; 24
    0000079C F9                    1993 	.db #0xf9	; 249
    0000079D 11                    1994 	.db #0x11	; 17
    0000079E F9                    1995 	.db #0xf9	; 249
    0000079F 11                    1996 	.db #0x11	; 17
    000007A0 3F                    1997 	.db #0x3f	; 63
    000007A1 10                    1998 	.db #0x10	; 16
    000007A2 6F                    1999 	.db #0x6f	; 111	'o'
    000007A3 30                    2000 	.db #0x30	; 48	'0'
    000007A4 5F                    2001 	.db #0x5f	; 95
    000007A5 60                    2002 	.db #0x60	; 96
    000007A6 FF                    2003 	.db #0xff	; 255
    000007A7 40                    2004 	.db #0x40	; 64
    000007A8 BF                    2005 	.db #0xbf	; 191
    000007A9 C0                    2006 	.db #0xc0	; 192
    000007AA FA                    2007 	.db #0xfa	; 250
    000007AB 85                    2008 	.db #0x85	; 133
    000007AC 7F                    2009 	.db #0x7f	; 127
    000007AD 80                    2010 	.db #0x80	; 128
    000007AE 78                    2011 	.db #0x78	; 120	'x'
    000007AF 87                    2012 	.db #0x87	; 135
    000007B0 FB                    2013 	.db #0xfb	; 251
    000007B1 04                    2014 	.db #0x04	; 4
    000007B2 EB                    2015 	.db #0xeb	; 235
    000007B3 14                    2016 	.db #0x14	; 20
    000007B4 FB                    2017 	.db #0xfb	; 251
    000007B5 04                    2018 	.db #0x04	; 4
    000007B6 D7                    2019 	.db #0xd7	; 215
    000007B7 28                    2020 	.db #0x28	; 40
    000007B8 AF                    2021 	.db #0xaf	; 175
    000007B9 50                    2022 	.db #0x50	; 80	'P'
    000007BA DF                    2023 	.db #0xdf	; 223
    000007BB 20                    2024 	.db #0x20	; 32
    000007BC BF                    2025 	.db #0xbf	; 191
    000007BD 40                    2026 	.db #0x40	; 64
    000007BE 7D                    2027 	.db #0x7d	; 125
    000007BF 82                    2028 	.db #0x82	; 130
    000007C0 EF                    2029 	.db #0xef	; 239
    000007C1 B0                    2030 	.db #0xb0	; 176
    000007C2 7F                    2031 	.db #0x7f	; 127
    000007C3 D0                    2032 	.db #0xd0	; 208
    000007C4 7F                    2033 	.db #0x7f	; 127
    000007C5 D0                    2034 	.db #0xd0	; 208
    000007C6 7F                    2035 	.db #0x7f	; 127
    000007C7 D0                    2036 	.db #0xd0	; 208
    000007C8 FF                    2037 	.db #0xff	; 255
    000007C9 50                    2038 	.db #0x50	; 80	'P'
    000007CA FF                    2039 	.db #0xff	; 255
    000007CB 50                    2040 	.db #0x50	; 80	'P'
    000007CC BF                    2041 	.db #0xbf	; 191
    000007CD 70                    2042 	.db #0x70	; 112	'p'
    000007CE AF                    2043 	.db #0xaf	; 175
    000007CF 70                    2044 	.db #0x70	; 112	'p'
    000007D0 FE                    2045 	.db #0xfe	; 254
    000007D1 4B                    2046 	.db #0x4b	; 75	'K'
    000007D2 FE                    2047 	.db #0xfe	; 254
    000007D3 4B                    2048 	.db #0x4b	; 75	'K'
    000007D4 FF                    2049 	.db #0xff	; 255
    000007D5 49                    2050 	.db #0x49	; 73	'I'
    000007D6 FF                    2051 	.db #0xff	; 255
    000007D7 48                    2052 	.db #0x48	; 72	'H'
    000007D8 FD                    2053 	.db #0xfd	; 253
    000007D9 4A                    2054 	.db #0x4a	; 74	'J'
    000007DA FF                    2055 	.db #0xff	; 255
    000007DB 48                    2056 	.db #0x48	; 72	'H'
    000007DC FF                    2057 	.db #0xff	; 255
    000007DD 44                    2058 	.db #0x44	; 68	'D'
    000007DE FD                    2059 	.db #0xfd	; 253
    000007DF 5C                    2060 	.db #0x5c	; 92
    000007E0 7F                    2061 	.db #0x7f	; 127
    000007E1 C1                    2062 	.db #0xc1	; 193
    000007E2 7F                    2063 	.db #0x7f	; 127
    000007E3 C1                    2064 	.db #0xc1	; 193
    000007E4 7E                    2065 	.db #0x7e	; 126
    000007E5 C7                    2066 	.db #0xc7	; 199
    000007E6 FF                    2067 	.db #0xff	; 255
    000007E7 E9                    2068 	.db #0xe9	; 233
    000007E8 FF                    2069 	.db #0xff	; 255
    000007E9 99                    2070 	.db #0x99	; 153
    000007EA DF                    2071 	.db #0xdf	; 223
    000007EB B3                    2072 	.db #0xb3	; 179
    000007EC 9C                    2073 	.db #0x9c	; 156
    000007ED F4                    2074 	.db #0xf4	; 244
    000007EE DF                    2075 	.db #0xdf	; 223
    000007EF 74                    2076 	.db #0x74	; 116	't'
    000007F0 FF                    2077 	.db #0xff	; 255
    000007F1 F8                    2078 	.db #0xf8	; 248
    000007F2 FF                    2079 	.db #0xff	; 255
    000007F3 10                    2080 	.db #0x10	; 16
    000007F4 FB                    2081 	.db #0xfb	; 251
    000007F5 1C                    2082 	.db #0x1c	; 28
    000007F6 24                    2083 	.db #0x24	; 36
    000007F7 FF                    2084 	.db #0xff	; 255
    000007F8 3F                    2085 	.db #0x3f	; 63
    000007F9 FF                    2086 	.db #0xff	; 255
    000007FA C0                    2087 	.db #0xc0	; 192
    000007FB C0                    2088 	.db #0xc0	; 192
    000007FC 3F                    2089 	.db #0x3f	; 63
    000007FD 00                    2090 	.db #0x00	; 0
    000007FE FF                    2091 	.db #0xff	; 255
    000007FF 3F                    2092 	.db #0x3f	; 63
    00000800 FF                    2093 	.db #0xff	; 255
    00000801 3F                    2094 	.db #0x3f	; 63
    00000802 FC                    2095 	.db #0xfc	; 252
    00000803 13                    2096 	.db #0x13	; 19
    00000804 3F                    2097 	.db #0x3f	; 63
    00000805 FF                    2098 	.db #0xff	; 255
    00000806 F8                    2099 	.db #0xf8	; 248
    00000807 F8                    2100 	.db #0xf8	; 248
    00000808 07                    2101 	.db #0x07	; 7
    00000809 00                    2102 	.db #0x00	; 0
    0000080A FF                    2103 	.db #0xff	; 255
    0000080B 07                    2104 	.db #0x07	; 7
    0000080C FF                    2105 	.db #0xff	; 255
    0000080D F8                    2106 	.db #0xf8	; 248
    0000080E FF                    2107 	.db #0xff	; 255
    0000080F 00                    2108 	.db #0x00	; 0
    00000810 DF                    2109 	.db #0xdf	; 223
    00000811 53                    2110 	.db #0x53	; 83	'S'
    00000812 FC                    2111 	.db #0xfc	; 252
    00000813 FC                    2112 	.db #0xfc	; 252
    00000814 83                    2113 	.db #0x83	; 131
    00000815 80                    2114 	.db #0x80	; 128
    00000816 7F                    2115 	.db #0x7f	; 127
    00000817 03                    2116 	.db #0x03	; 3
    00000818 FF                    2117 	.db #0xff	; 255
    00000819 7C                    2118 	.db #0x7c	; 124
    0000081A F7                    2119 	.db #0xf7	; 247
    0000081B 94                    2120 	.db #0x94	; 148
    0000081C F3                    2121 	.db #0xf3	; 243
    0000081D 12                    2122 	.db #0x12	; 18
    0000081E F9                    2123 	.db #0xf9	; 249
    0000081F 09                    2124 	.db #0x09	; 9
    00000820 8E                    2125 	.db #0x8e	; 142
    00000821 84                    2126 	.db #0x84	; 132
    00000822 7C                    2127 	.db #0x7c	; 124
    00000823 08                    2128 	.db #0x08	; 8
    00000824 FC                    2129 	.db #0xfc	; 252
    00000825 70                    2130 	.db #0x70	; 112	'p'
    00000826 F8                    2131 	.db #0xf8	; 248
    00000827 80                    2132 	.db #0x80	; 128
    00000828 FF                    2133 	.db #0xff	; 255
    00000829 00                    2134 	.db #0x00	; 0
    0000082A FF                    2135 	.db #0xff	; 255
    0000082B 00                    2136 	.db #0x00	; 0
    0000082C FC                    2137 	.db #0xfc	; 252
    0000082D 00                    2138 	.db #0x00	; 0
    0000082E FF                    2139 	.db #0xff	; 255
    0000082F 00                    2140 	.db #0x00	; 0
    00000830 3A                    2141 	.db #0x3a	; 58
    00000831 02                    2142 	.db #0x02	; 2
    00000832 3A                    2143 	.db #0x3a	; 58
    00000833 02                    2144 	.db #0x02	; 2
    00000834 32                    2145 	.db #0x32	; 50	'2'
    00000835 02                    2146 	.db #0x02	; 2
    00000836 76                    2147 	.db #0x76	; 118	'v'
    00000837 02                    2148 	.db #0x02	; 2
    00000838 F6                    2149 	.db #0xf6	; 246
    00000839 02                    2150 	.db #0x02	; 2
    0000083A E6                    2151 	.db #0xe6	; 230
    0000083B 02                    2152 	.db #0x02	; 2
    0000083C 0E                    2153 	.db #0x0e	; 14
    0000083D 02                    2154 	.db #0x02	; 2
    0000083E FC                    2155 	.db #0xfc	; 252
    0000083F 04                    2156 	.db #0x04	; 4
    00000840 07                    2157 	.db #0x07	; 7
    00000841 05                    2158 	.db #0x05	; 5
    00000842 03                    2159 	.db #0x03	; 3
    00000843 02                    2160 	.db #0x02	; 2
    00000844 03                    2161 	.db #0x03	; 3
    00000845 02                    2162 	.db #0x02	; 2
    00000846 01                    2163 	.db #0x01	; 1
    00000847 01                    2164 	.db #0x01	; 1
    00000848 01                    2165 	.db #0x01	; 1
    00000849 01                    2166 	.db #0x01	; 1
    0000084A 01                    2167 	.db #0x01	; 1
    0000084B 01                    2168 	.db #0x01	; 1
    0000084C 01                    2169 	.db #0x01	; 1
    0000084D 01                    2170 	.db #0x01	; 1
    0000084E 05                    2171 	.db #0x05	; 5
    0000084F 01                    2172 	.db #0x01	; 1
    00000850 EC                    2173 	.db #0xec	; 236
    00000851 33                    2174 	.db #0x33	; 51	'3'
    00000852 DF                    2175 	.db #0xdf	; 223
    00000853 60                    2176 	.db #0x60	; 96
    00000854 BF                    2177 	.db #0xbf	; 191
    00000855 C0                    2178 	.db #0xc0	; 192
    00000856 80                    2179 	.db #0x80	; 128
    00000857 FF                    2180 	.db #0xff	; 255
    00000858 00                    2181 	.db #0x00	; 0
    00000859 FF                    2182 	.db #0xff	; 255
    0000085A 00                    2183 	.db #0x00	; 0
    0000085B FF                    2184 	.db #0xff	; 255
    0000085C 00                    2185 	.db #0x00	; 0
    0000085D FF                    2186 	.db #0xff	; 255
    0000085E 00                    2187 	.db #0x00	; 0
    0000085F FF                    2188 	.db #0xff	; 255
    00000860 FD                    2189 	.db #0xfd	; 253
    00000861 02                    2190 	.db #0x02	; 2
    00000862 03                    2191 	.db #0x03	; 3
    00000863 FC                    2192 	.db #0xfc	; 252
    00000864 FF                    2193 	.db #0xff	; 255
    00000865 00                    2194 	.db #0x00	; 0
    00000866 00                    2195 	.db #0x00	; 0
    00000867 FF                    2196 	.db #0xff	; 255
    00000868 00                    2197 	.db #0x00	; 0
    00000869 FF                    2198 	.db #0xff	; 255
    0000086A 00                    2199 	.db #0x00	; 0
    0000086B FF                    2200 	.db #0xff	; 255
    0000086C 00                    2201 	.db #0x00	; 0
    0000086D FF                    2202 	.db #0xff	; 255
    0000086E 00                    2203 	.db #0x00	; 0
    0000086F FF                    2204 	.db #0xff	; 255
    00000870 F8                    2205 	.db #0xf8	; 248
    00000871 07                    2206 	.db #0x07	; 7
    00000872 FF                    2207 	.db #0xff	; 255
    00000873 00                    2208 	.db #0x00	; 0
    00000874 FF                    2209 	.db #0xff	; 255
    00000875 00                    2210 	.db #0x00	; 0
    00000876 3F                    2211 	.db #0x3f	; 63
    00000877 C0                    2212 	.db #0xc0	; 192
    00000878 00                    2213 	.db #0x00	; 0
    00000879 FF                    2214 	.db #0xff	; 255
    0000087A 00                    2215 	.db #0x00	; 0
    0000087B FF                    2216 	.db #0xff	; 255
    0000087C 00                    2217 	.db #0x00	; 0
    0000087D FF                    2218 	.db #0xff	; 255
    0000087E 00                    2219 	.db #0x00	; 0
    0000087F FF                    2220 	.db #0xff	; 255
    00000880 3F                    2221 	.db #0x3f	; 63
    00000881 FF                    2222 	.db #0xff	; 255
    00000882 C0                    2223 	.db #0xc0	; 192
    00000883 3F                    2224 	.db #0x3f	; 63
    00000884 FF                    2225 	.db #0xff	; 255
    00000885 00                    2226 	.db #0x00	; 0
    00000886 FF                    2227 	.db #0xff	; 255
    00000887 00                    2228 	.db #0x00	; 0
    00000888 00                    2229 	.db #0x00	; 0
    00000889 FF                    2230 	.db #0xff	; 255
    0000088A 00                    2231 	.db #0x00	; 0
    0000088B FF                    2232 	.db #0xff	; 255
    0000088C 00                    2233 	.db #0x00	; 0
    0000088D FF                    2234 	.db #0xff	; 255
    0000088E 00                    2235 	.db #0x00	; 0
    0000088F FF                    2236 	.db #0xff	; 255
    00000890 C8                    2237 	.db #0xc8	; 200
    00000891 C0                    2238 	.db #0xc0	; 192
    00000892 28                    2239 	.db #0x28	; 40
    00000893 E0                    2240 	.db #0xe0	; 224
    00000894 B0                    2241 	.db #0xb0	; 176
    00000895 60                    2242 	.db #0x60	; 96
    00000896 D0                    2243 	.db #0xd0	; 208
    00000897 30                    2244 	.db #0x30	; 48	'0'
    00000898 10                    2245 	.db #0x10	; 16
    00000899 F0                    2246 	.db #0xf0	; 240
    0000089A 10                    2247 	.db #0x10	; 16
    0000089B F0                    2248 	.db #0xf0	; 240
    0000089C 10                    2249 	.db #0x10	; 16
    0000089D F0                    2250 	.db #0xf0	; 240
    0000089E 10                    2251 	.db #0x10	; 16
    0000089F F0                    2252 	.db #0xf0	; 240
    000008A0 07                    2253 	.db #0x07	; 7
    000008A1 04                    2254 	.db #0x04	; 4
    000008A2 07                    2255 	.db #0x07	; 7
    000008A3 04                    2256 	.db #0x04	; 4
    000008A4 07                    2257 	.db #0x07	; 7
    000008A5 04                    2258 	.db #0x04	; 4
    000008A6 03                    2259 	.db #0x03	; 3
    000008A7 02                    2260 	.db #0x02	; 2
    000008A8 03                    2261 	.db #0x03	; 3
    000008A9 02                    2262 	.db #0x02	; 2
    000008AA 03                    2263 	.db #0x03	; 3
    000008AB 02                    2264 	.db #0x02	; 2
    000008AC 03                    2265 	.db #0x03	; 3
    000008AD 02                    2266 	.db #0x02	; 2
    000008AE 03                    2267 	.db #0x03	; 3
    000008AF 02                    2268 	.db #0x02	; 2
    000008B0 E0                    2269 	.db #0xe0	; 224
    000008B1 E0                    2270 	.db #0xe0	; 224
    000008B2 BB                    2271 	.db #0xbb	; 187
    000008B3 BB                    2272 	.db #0xbb	; 187
    000008B4 E4                    2273 	.db #0xe4	; 228
    000008B5 FF                    2274 	.db #0xff	; 255
    000008B6 40                    2275 	.db #0x40	; 64
    000008B7 74                    2276 	.db #0x74	; 116	't'
    000008B8 40                    2277 	.db #0x40	; 64
    000008B9 60                    2278 	.db #0x60	; 96
    000008BA 20                    2279 	.db #0x20	; 32
    000008BB 30                    2280 	.db #0x30	; 48	'0'
    000008BC 40                    2281 	.db #0x40	; 64
    000008BD 60                    2282 	.db #0x60	; 96
    000008BE 40                    2283 	.db #0x40	; 64
    000008BF 60                    2284 	.db #0x60	; 96
    000008C0 00                    2285 	.db #0x00	; 0
    000008C1 00                    2286 	.db #0x00	; 0
    000008C2 FF                    2287 	.db #0xff	; 255
    000008C3 FF                    2288 	.db #0xff	; 255
    000008C4 00                    2289 	.db #0x00	; 0
    000008C5 FF                    2290 	.db #0xff	; 255
    000008C6 00                    2291 	.db #0x00	; 0
    000008C7 00                    2292 	.db #0x00	; 0
    000008C8 00                    2293 	.db #0x00	; 0
    000008C9 00                    2294 	.db #0x00	; 0
    000008CA 00                    2295 	.db #0x00	; 0
    000008CB 00                    2296 	.db #0x00	; 0
    000008CC 00                    2297 	.db #0x00	; 0
    000008CD 00                    2298 	.db #0x00	; 0
    000008CE 00                    2299 	.db #0x00	; 0
    000008CF 00                    2300 	.db #0x00	; 0
    000008D0 07                    2301 	.db #0x07	; 7
    000008D1 07                    2302 	.db #0x07	; 7
    000008D2 DD                    2303 	.db #0xdd	; 221
    000008D3 DD                    2304 	.db #0xdd	; 221
    000008D4 27                    2305 	.db #0x27	; 39
    000008D5 FF                    2306 	.db #0xff	; 255
    000008D6 02                    2307 	.db #0x02	; 2
    000008D7 2E                    2308 	.db #0x2e	; 46
    000008D8 02                    2309 	.db #0x02	; 2
    000008D9 06                    2310 	.db #0x06	; 6
    000008DA 04                    2311 	.db #0x04	; 4
    000008DB 0C                    2312 	.db #0x0c	; 12
    000008DC 02                    2313 	.db #0x02	; 2
    000008DD 06                    2314 	.db #0x06	; 6
    000008DE 02                    2315 	.db #0x02	; 2
    000008DF 06                    2316 	.db #0x06	; 6
    000008E0 02                    2317 	.db #0x02	; 2
    000008E1 06                    2318 	.db #0x06	; 6
    000008E2 02                    2319 	.db #0x02	; 2
    000008E3 06                    2320 	.db #0x06	; 6
    000008E4 02                    2321 	.db #0x02	; 2
    000008E5 06                    2322 	.db #0x06	; 6
    000008E6 02                    2323 	.db #0x02	; 2
    000008E7 06                    2324 	.db #0x06	; 6
    000008E8 02                    2325 	.db #0x02	; 2
    000008E9 06                    2326 	.db #0x06	; 6
    000008EA 02                    2327 	.db #0x02	; 2
    000008EB 06                    2328 	.db #0x06	; 6
    000008EC 02                    2329 	.db #0x02	; 2
    000008ED 06                    2330 	.db #0x06	; 6
    000008EE 02                    2331 	.db #0x02	; 2
    000008EF 06                    2332 	.db #0x06	; 6
    000008F0 02                    2333 	.db #0x02	; 2
    000008F1 06                    2334 	.db #0x06	; 6
    000008F2 02                    2335 	.db #0x02	; 2
    000008F3 06                    2336 	.db #0x06	; 6
    000008F4 04                    2337 	.db #0x04	; 4
    000008F5 0C                    2338 	.db #0x0c	; 12
    000008F6 02                    2339 	.db #0x02	; 2
    000008F7 06                    2340 	.db #0x06	; 6
    000008F8 02                    2341 	.db #0x02	; 2
    000008F9 2E                    2342 	.db #0x2e	; 46
    000008FA 27                    2343 	.db #0x27	; 39
    000008FB FF                    2344 	.db #0xff	; 255
    000008FC DD                    2345 	.db #0xdd	; 221
    000008FD DD                    2346 	.db #0xdd	; 221
    000008FE 07                    2347 	.db #0x07	; 7
    000008FF 07                    2348 	.db #0x07	; 7
    00000900 00                    2349 	.db #0x00	; 0
    00000901 00                    2350 	.db #0x00	; 0
    00000902 00                    2351 	.db #0x00	; 0
    00000903 00                    2352 	.db #0x00	; 0
    00000904 00                    2353 	.db #0x00	; 0
    00000905 00                    2354 	.db #0x00	; 0
    00000906 00                    2355 	.db #0x00	; 0
    00000907 00                    2356 	.db #0x00	; 0
    00000908 00                    2357 	.db #0x00	; 0
    00000909 00                    2358 	.db #0x00	; 0
    0000090A 00                    2359 	.db #0x00	; 0
    0000090B FF                    2360 	.db #0xff	; 255
    0000090C FF                    2361 	.db #0xff	; 255
    0000090D FF                    2362 	.db #0xff	; 255
    0000090E 00                    2363 	.db #0x00	; 0
    0000090F 00                    2364 	.db #0x00	; 0
    00000910 40                    2365 	.db #0x40	; 64
    00000911 60                    2366 	.db #0x60	; 96
    00000912 40                    2367 	.db #0x40	; 64
    00000913 60                    2368 	.db #0x60	; 96
    00000914 20                    2369 	.db #0x20	; 32
    00000915 30                    2370 	.db #0x30	; 48	'0'
    00000916 40                    2371 	.db #0x40	; 64
    00000917 60                    2372 	.db #0x60	; 96
    00000918 40                    2373 	.db #0x40	; 64
    00000919 74                    2374 	.db #0x74	; 116	't'
    0000091A E4                    2375 	.db #0xe4	; 228
    0000091B FF                    2376 	.db #0xff	; 255
    0000091C BB                    2377 	.db #0xbb	; 187
    0000091D BB                    2378 	.db #0xbb	; 187
    0000091E E0                    2379 	.db #0xe0	; 224
    0000091F E0                    2380 	.db #0xe0	; 224
    00000920 40                    2381 	.db #0x40	; 64
    00000921 60                    2382 	.db #0x60	; 96
    00000922 40                    2383 	.db #0x40	; 64
    00000923 60                    2384 	.db #0x60	; 96
    00000924 40                    2385 	.db #0x40	; 64
    00000925 60                    2386 	.db #0x60	; 96
    00000926 40                    2387 	.db #0x40	; 64
    00000927 60                    2388 	.db #0x60	; 96
    00000928 40                    2389 	.db #0x40	; 64
    00000929 60                    2390 	.db #0x60	; 96
    0000092A 40                    2391 	.db #0x40	; 64
    0000092B 60                    2392 	.db #0x60	; 96
    0000092C 40                    2393 	.db #0x40	; 64
    0000092D 60                    2394 	.db #0x60	; 96
    0000092E 40                    2395 	.db #0x40	; 64
    0000092F 60                    2396 	.db #0x60	; 96
    00000930 00                    2397 	.db #0x00	; 0
    00000931 00                    2398 	.db #0x00	; 0
    00000932 10                    2399 	.db #0x10	; 16
    00000933 10                    2400 	.db #0x10	; 16
    00000934 28                    2401 	.db #0x28	; 40
    00000935 28                    2402 	.db #0x28	; 40
    00000936 28                    2403 	.db #0x28	; 40
    00000937 28                    2404 	.db #0x28	; 40
    00000938 44                    2405 	.db #0x44	; 68	'D'
    00000939 44                    2406 	.db #0x44	; 68	'D'
    0000093A 7C                    2407 	.db #0x7c	; 124
    0000093B 7C                    2408 	.db #0x7c	; 124
    0000093C 82                    2409 	.db #0x82	; 130
    0000093D 82                    2410 	.db #0x82	; 130
    0000093E 82                    2411 	.db #0x82	; 130
    0000093F 82                    2412 	.db #0x82	; 130
    00000940 00                    2413 	.db #0x00	; 0
    00000941 00                    2414 	.db #0x00	; 0
    00000942 F8                    2415 	.db #0xf8	; 248
    00000943 F8                    2416 	.db #0xf8	; 248
    00000944 84                    2417 	.db #0x84	; 132
    00000945 84                    2418 	.db #0x84	; 132
    00000946 84                    2419 	.db #0x84	; 132
    00000947 84                    2420 	.db #0x84	; 132
    00000948 FC                    2421 	.db #0xfc	; 252
    00000949 FC                    2422 	.db #0xfc	; 252
    0000094A 82                    2423 	.db #0x82	; 130
    0000094B 82                    2424 	.db #0x82	; 130
    0000094C 82                    2425 	.db #0x82	; 130
    0000094D 82                    2426 	.db #0x82	; 130
    0000094E FC                    2427 	.db #0xfc	; 252
    0000094F FC                    2428 	.db #0xfc	; 252
    00000950 00                    2429 	.db #0x00	; 0
    00000951 00                    2430 	.db #0x00	; 0
    00000952 3C                    2431 	.db #0x3c	; 60
    00000953 3C                    2432 	.db #0x3c	; 60
    00000954 42                    2433 	.db #0x42	; 66	'B'
    00000955 42                    2434 	.db #0x42	; 66	'B'
    00000956 80                    2435 	.db #0x80	; 128
    00000957 80                    2436 	.db #0x80	; 128
    00000958 80                    2437 	.db #0x80	; 128
    00000959 80                    2438 	.db #0x80	; 128
    0000095A 80                    2439 	.db #0x80	; 128
    0000095B 80                    2440 	.db #0x80	; 128
    0000095C 42                    2441 	.db #0x42	; 66	'B'
    0000095D 42                    2442 	.db #0x42	; 66	'B'
    0000095E 3C                    2443 	.db #0x3c	; 60
    0000095F 3C                    2444 	.db #0x3c	; 60
    00000960 00                    2445 	.db #0x00	; 0
    00000961 00                    2446 	.db #0x00	; 0
    00000962 F8                    2447 	.db #0xf8	; 248
    00000963 F8                    2448 	.db #0xf8	; 248
    00000964 84                    2449 	.db #0x84	; 132
    00000965 84                    2450 	.db #0x84	; 132
    00000966 82                    2451 	.db #0x82	; 130
    00000967 82                    2452 	.db #0x82	; 130
    00000968 82                    2453 	.db #0x82	; 130
    00000969 82                    2454 	.db #0x82	; 130
    0000096A 82                    2455 	.db #0x82	; 130
    0000096B 82                    2456 	.db #0x82	; 130
    0000096C 84                    2457 	.db #0x84	; 132
    0000096D 84                    2458 	.db #0x84	; 132
    0000096E F8                    2459 	.db #0xf8	; 248
    0000096F F8                    2460 	.db #0xf8	; 248
    00000970 00                    2461 	.db #0x00	; 0
    00000971 00                    2462 	.db #0x00	; 0
    00000972 FE                    2463 	.db #0xfe	; 254
    00000973 FE                    2464 	.db #0xfe	; 254
    00000974 80                    2465 	.db #0x80	; 128
    00000975 80                    2466 	.db #0x80	; 128
    00000976 80                    2467 	.db #0x80	; 128
    00000977 80                    2468 	.db #0x80	; 128
    00000978 FC                    2469 	.db #0xfc	; 252
    00000979 FC                    2470 	.db #0xfc	; 252
    0000097A 80                    2471 	.db #0x80	; 128
    0000097B 80                    2472 	.db #0x80	; 128
    0000097C 80                    2473 	.db #0x80	; 128
    0000097D 80                    2474 	.db #0x80	; 128
    0000097E FE                    2475 	.db #0xfe	; 254
    0000097F FE                    2476 	.db #0xfe	; 254
    00000980 00                    2477 	.db #0x00	; 0
    00000981 00                    2478 	.db #0x00	; 0
    00000982 FE                    2479 	.db #0xfe	; 254
    00000983 FE                    2480 	.db #0xfe	; 254
    00000984 80                    2481 	.db #0x80	; 128
    00000985 80                    2482 	.db #0x80	; 128
    00000986 80                    2483 	.db #0x80	; 128
    00000987 80                    2484 	.db #0x80	; 128
    00000988 FC                    2485 	.db #0xfc	; 252
    00000989 FC                    2486 	.db #0xfc	; 252
    0000098A 80                    2487 	.db #0x80	; 128
    0000098B 80                    2488 	.db #0x80	; 128
    0000098C 80                    2489 	.db #0x80	; 128
    0000098D 80                    2490 	.db #0x80	; 128
    0000098E 80                    2491 	.db #0x80	; 128
    0000098F 80                    2492 	.db #0x80	; 128
    00000990 00                    2493 	.db #0x00	; 0
    00000991 00                    2494 	.db #0x00	; 0
    00000992 3C                    2495 	.db #0x3c	; 60
    00000993 3C                    2496 	.db #0x3c	; 60
    00000994 42                    2497 	.db #0x42	; 66	'B'
    00000995 42                    2498 	.db #0x42	; 66	'B'
    00000996 80                    2499 	.db #0x80	; 128
    00000997 80                    2500 	.db #0x80	; 128
    00000998 9E                    2501 	.db #0x9e	; 158
    00000999 9E                    2502 	.db #0x9e	; 158
    0000099A 82                    2503 	.db #0x82	; 130
    0000099B 82                    2504 	.db #0x82	; 130
    0000099C 42                    2505 	.db #0x42	; 66	'B'
    0000099D 42                    2506 	.db #0x42	; 66	'B'
    0000099E 3C                    2507 	.db #0x3c	; 60
    0000099F 3C                    2508 	.db #0x3c	; 60
    000009A0 00                    2509 	.db #0x00	; 0
    000009A1 00                    2510 	.db #0x00	; 0
    000009A2 82                    2511 	.db #0x82	; 130
    000009A3 82                    2512 	.db #0x82	; 130
    000009A4 82                    2513 	.db #0x82	; 130
    000009A5 82                    2514 	.db #0x82	; 130
    000009A6 82                    2515 	.db #0x82	; 130
    000009A7 82                    2516 	.db #0x82	; 130
    000009A8 FE                    2517 	.db #0xfe	; 254
    000009A9 FE                    2518 	.db #0xfe	; 254
    000009AA 82                    2519 	.db #0x82	; 130
    000009AB 82                    2520 	.db #0x82	; 130
    000009AC 82                    2521 	.db #0x82	; 130
    000009AD 82                    2522 	.db #0x82	; 130
    000009AE 82                    2523 	.db #0x82	; 130
    000009AF 82                    2524 	.db #0x82	; 130
    000009B0 00                    2525 	.db #0x00	; 0
    000009B1 00                    2526 	.db #0x00	; 0
    000009B2 7C                    2527 	.db #0x7c	; 124
    000009B3 7C                    2528 	.db #0x7c	; 124
    000009B4 10                    2529 	.db #0x10	; 16
    000009B5 10                    2530 	.db #0x10	; 16
    000009B6 10                    2531 	.db #0x10	; 16
    000009B7 10                    2532 	.db #0x10	; 16
    000009B8 10                    2533 	.db #0x10	; 16
    000009B9 10                    2534 	.db #0x10	; 16
    000009BA 10                    2535 	.db #0x10	; 16
    000009BB 10                    2536 	.db #0x10	; 16
    000009BC 10                    2537 	.db #0x10	; 16
    000009BD 10                    2538 	.db #0x10	; 16
    000009BE 7C                    2539 	.db #0x7c	; 124
    000009BF 7C                    2540 	.db #0x7c	; 124
    000009C0 00                    2541 	.db #0x00	; 0
    000009C1 00                    2542 	.db #0x00	; 0
    000009C2 7E                    2543 	.db #0x7e	; 126
    000009C3 7E                    2544 	.db #0x7e	; 126
    000009C4 08                    2545 	.db #0x08	; 8
    000009C5 08                    2546 	.db #0x08	; 8
    000009C6 08                    2547 	.db #0x08	; 8
    000009C7 08                    2548 	.db #0x08	; 8
    000009C8 88                    2549 	.db #0x88	; 136
    000009C9 88                    2550 	.db #0x88	; 136
    000009CA 88                    2551 	.db #0x88	; 136
    000009CB 88                    2552 	.db #0x88	; 136
    000009CC 88                    2553 	.db #0x88	; 136
    000009CD 88                    2554 	.db #0x88	; 136
    000009CE 70                    2555 	.db #0x70	; 112	'p'
    000009CF 70                    2556 	.db #0x70	; 112	'p'
    000009D0 00                    2557 	.db #0x00	; 0
    000009D1 00                    2558 	.db #0x00	; 0
    000009D2 84                    2559 	.db #0x84	; 132
    000009D3 84                    2560 	.db #0x84	; 132
    000009D4 88                    2561 	.db #0x88	; 136
    000009D5 88                    2562 	.db #0x88	; 136
    000009D6 90                    2563 	.db #0x90	; 144
    000009D7 90                    2564 	.db #0x90	; 144
    000009D8 B0                    2565 	.db #0xb0	; 176
    000009D9 B0                    2566 	.db #0xb0	; 176
    000009DA C8                    2567 	.db #0xc8	; 200
    000009DB C8                    2568 	.db #0xc8	; 200
    000009DC 84                    2569 	.db #0x84	; 132
    000009DD 84                    2570 	.db #0x84	; 132
    000009DE 82                    2571 	.db #0x82	; 130
    000009DF 82                    2572 	.db #0x82	; 130
    000009E0 00                    2573 	.db #0x00	; 0
    000009E1 00                    2574 	.db #0x00	; 0
    000009E2 80                    2575 	.db #0x80	; 128
    000009E3 80                    2576 	.db #0x80	; 128
    000009E4 80                    2577 	.db #0x80	; 128
    000009E5 80                    2578 	.db #0x80	; 128
    000009E6 80                    2579 	.db #0x80	; 128
    000009E7 80                    2580 	.db #0x80	; 128
    000009E8 80                    2581 	.db #0x80	; 128
    000009E9 80                    2582 	.db #0x80	; 128
    000009EA 80                    2583 	.db #0x80	; 128
    000009EB 80                    2584 	.db #0x80	; 128
    000009EC 80                    2585 	.db #0x80	; 128
    000009ED 80                    2586 	.db #0x80	; 128
    000009EE FE                    2587 	.db #0xfe	; 254
    000009EF FE                    2588 	.db #0xfe	; 254
    000009F0 00                    2589 	.db #0x00	; 0
    000009F1 00                    2590 	.db #0x00	; 0
    000009F2 82                    2591 	.db #0x82	; 130
    000009F3 82                    2592 	.db #0x82	; 130
    000009F4 C6                    2593 	.db #0xc6	; 198
    000009F5 C6                    2594 	.db #0xc6	; 198
    000009F6 AA                    2595 	.db #0xaa	; 170
    000009F7 AA                    2596 	.db #0xaa	; 170
    000009F8 92                    2597 	.db #0x92	; 146
    000009F9 92                    2598 	.db #0x92	; 146
    000009FA 82                    2599 	.db #0x82	; 130
    000009FB 82                    2600 	.db #0x82	; 130
    000009FC 82                    2601 	.db #0x82	; 130
    000009FD 82                    2602 	.db #0x82	; 130
    000009FE 82                    2603 	.db #0x82	; 130
    000009FF 82                    2604 	.db #0x82	; 130
    00000A00 00                    2605 	.db #0x00	; 0
    00000A01 00                    2606 	.db #0x00	; 0
    00000A02 82                    2607 	.db #0x82	; 130
    00000A03 82                    2608 	.db #0x82	; 130
    00000A04 C2                    2609 	.db #0xc2	; 194
    00000A05 C2                    2610 	.db #0xc2	; 194
    00000A06 A2                    2611 	.db #0xa2	; 162
    00000A07 A2                    2612 	.db #0xa2	; 162
    00000A08 92                    2613 	.db #0x92	; 146
    00000A09 92                    2614 	.db #0x92	; 146
    00000A0A 8A                    2615 	.db #0x8a	; 138
    00000A0B 8A                    2616 	.db #0x8a	; 138
    00000A0C 86                    2617 	.db #0x86	; 134
    00000A0D 86                    2618 	.db #0x86	; 134
    00000A0E 82                    2619 	.db #0x82	; 130
    00000A0F 82                    2620 	.db #0x82	; 130
    00000A10 00                    2621 	.db #0x00	; 0
    00000A11 00                    2622 	.db #0x00	; 0
    00000A12 38                    2623 	.db #0x38	; 56	'8'
    00000A13 38                    2624 	.db #0x38	; 56	'8'
    00000A14 44                    2625 	.db #0x44	; 68	'D'
    00000A15 44                    2626 	.db #0x44	; 68	'D'
    00000A16 82                    2627 	.db #0x82	; 130
    00000A17 82                    2628 	.db #0x82	; 130
    00000A18 82                    2629 	.db #0x82	; 130
    00000A19 82                    2630 	.db #0x82	; 130
    00000A1A 82                    2631 	.db #0x82	; 130
    00000A1B 82                    2632 	.db #0x82	; 130
    00000A1C 44                    2633 	.db #0x44	; 68	'D'
    00000A1D 44                    2634 	.db #0x44	; 68	'D'
    00000A1E 38                    2635 	.db #0x38	; 56	'8'
    00000A1F 38                    2636 	.db #0x38	; 56	'8'
    00000A20 00                    2637 	.db #0x00	; 0
    00000A21 00                    2638 	.db #0x00	; 0
    00000A22 FC                    2639 	.db #0xfc	; 252
    00000A23 FC                    2640 	.db #0xfc	; 252
    00000A24 82                    2641 	.db #0x82	; 130
    00000A25 82                    2642 	.db #0x82	; 130
    00000A26 82                    2643 	.db #0x82	; 130
    00000A27 82                    2644 	.db #0x82	; 130
    00000A28 FC                    2645 	.db #0xfc	; 252
    00000A29 FC                    2646 	.db #0xfc	; 252
    00000A2A 80                    2647 	.db #0x80	; 128
    00000A2B 80                    2648 	.db #0x80	; 128
    00000A2C 80                    2649 	.db #0x80	; 128
    00000A2D 80                    2650 	.db #0x80	; 128
    00000A2E 80                    2651 	.db #0x80	; 128
    00000A2F 80                    2652 	.db #0x80	; 128
    00000A30 00                    2653 	.db #0x00	; 0
    00000A31 00                    2654 	.db #0x00	; 0
    00000A32 38                    2655 	.db #0x38	; 56	'8'
    00000A33 38                    2656 	.db #0x38	; 56	'8'
    00000A34 44                    2657 	.db #0x44	; 68	'D'
    00000A35 44                    2658 	.db #0x44	; 68	'D'
    00000A36 82                    2659 	.db #0x82	; 130
    00000A37 82                    2660 	.db #0x82	; 130
    00000A38 82                    2661 	.db #0x82	; 130
    00000A39 82                    2662 	.db #0x82	; 130
    00000A3A 8A                    2663 	.db #0x8a	; 138
    00000A3B 8A                    2664 	.db #0x8a	; 138
    00000A3C 44                    2665 	.db #0x44	; 68	'D'
    00000A3D 44                    2666 	.db #0x44	; 68	'D'
    00000A3E 3A                    2667 	.db #0x3a	; 58
    00000A3F 3A                    2668 	.db #0x3a	; 58
    00000A40 00                    2669 	.db #0x00	; 0
    00000A41 00                    2670 	.db #0x00	; 0
    00000A42 FC                    2671 	.db #0xfc	; 252
    00000A43 FC                    2672 	.db #0xfc	; 252
    00000A44 82                    2673 	.db #0x82	; 130
    00000A45 82                    2674 	.db #0x82	; 130
    00000A46 82                    2675 	.db #0x82	; 130
    00000A47 82                    2676 	.db #0x82	; 130
    00000A48 FC                    2677 	.db #0xfc	; 252
    00000A49 FC                    2678 	.db #0xfc	; 252
    00000A4A 88                    2679 	.db #0x88	; 136
    00000A4B 88                    2680 	.db #0x88	; 136
    00000A4C 84                    2681 	.db #0x84	; 132
    00000A4D 84                    2682 	.db #0x84	; 132
    00000A4E 82                    2683 	.db #0x82	; 130
    00000A4F 82                    2684 	.db #0x82	; 130
    00000A50 00                    2685 	.db #0x00	; 0
    00000A51 00                    2686 	.db #0x00	; 0
    00000A52 78                    2687 	.db #0x78	; 120	'x'
    00000A53 78                    2688 	.db #0x78	; 120	'x'
    00000A54 84                    2689 	.db #0x84	; 132
    00000A55 84                    2690 	.db #0x84	; 132
    00000A56 80                    2691 	.db #0x80	; 128
    00000A57 80                    2692 	.db #0x80	; 128
    00000A58 7C                    2693 	.db #0x7c	; 124
    00000A59 7C                    2694 	.db #0x7c	; 124
    00000A5A 02                    2695 	.db #0x02	; 2
    00000A5B 02                    2696 	.db #0x02	; 2
    00000A5C 82                    2697 	.db #0x82	; 130
    00000A5D 82                    2698 	.db #0x82	; 130
    00000A5E 7C                    2699 	.db #0x7c	; 124
    00000A5F 7C                    2700 	.db #0x7c	; 124
    00000A60 00                    2701 	.db #0x00	; 0
    00000A61 00                    2702 	.db #0x00	; 0
    00000A62 FE                    2703 	.db #0xfe	; 254
    00000A63 FE                    2704 	.db #0xfe	; 254
    00000A64 10                    2705 	.db #0x10	; 16
    00000A65 10                    2706 	.db #0x10	; 16
    00000A66 10                    2707 	.db #0x10	; 16
    00000A67 10                    2708 	.db #0x10	; 16
    00000A68 10                    2709 	.db #0x10	; 16
    00000A69 10                    2710 	.db #0x10	; 16
    00000A6A 10                    2711 	.db #0x10	; 16
    00000A6B 10                    2712 	.db #0x10	; 16
    00000A6C 10                    2713 	.db #0x10	; 16
    00000A6D 10                    2714 	.db #0x10	; 16
    00000A6E 10                    2715 	.db #0x10	; 16
    00000A6F 10                    2716 	.db #0x10	; 16
    00000A70 00                    2717 	.db #0x00	; 0
    00000A71 00                    2718 	.db #0x00	; 0
    00000A72 82                    2719 	.db #0x82	; 130
    00000A73 82                    2720 	.db #0x82	; 130
    00000A74 82                    2721 	.db #0x82	; 130
    00000A75 82                    2722 	.db #0x82	; 130
    00000A76 82                    2723 	.db #0x82	; 130
    00000A77 82                    2724 	.db #0x82	; 130
    00000A78 82                    2725 	.db #0x82	; 130
    00000A79 82                    2726 	.db #0x82	; 130
    00000A7A 82                    2727 	.db #0x82	; 130
    00000A7B 82                    2728 	.db #0x82	; 130
    00000A7C 42                    2729 	.db #0x42	; 66	'B'
    00000A7D 42                    2730 	.db #0x42	; 66	'B'
    00000A7E 3E                    2731 	.db #0x3e	; 62
    00000A7F 3E                    2732 	.db #0x3e	; 62
    00000A80 00                    2733 	.db #0x00	; 0
    00000A81 00                    2734 	.db #0x00	; 0
    00000A82 82                    2735 	.db #0x82	; 130
    00000A83 82                    2736 	.db #0x82	; 130
    00000A84 82                    2737 	.db #0x82	; 130
    00000A85 82                    2738 	.db #0x82	; 130
    00000A86 44                    2739 	.db #0x44	; 68	'D'
    00000A87 44                    2740 	.db #0x44	; 68	'D'
    00000A88 44                    2741 	.db #0x44	; 68	'D'
    00000A89 44                    2742 	.db #0x44	; 68	'D'
    00000A8A 28                    2743 	.db #0x28	; 40
    00000A8B 28                    2744 	.db #0x28	; 40
    00000A8C 28                    2745 	.db #0x28	; 40
    00000A8D 28                    2746 	.db #0x28	; 40
    00000A8E 10                    2747 	.db #0x10	; 16
    00000A8F 10                    2748 	.db #0x10	; 16
    00000A90 00                    2749 	.db #0x00	; 0
    00000A91 00                    2750 	.db #0x00	; 0
    00000A92 82                    2751 	.db #0x82	; 130
    00000A93 82                    2752 	.db #0x82	; 130
    00000A94 82                    2753 	.db #0x82	; 130
    00000A95 82                    2754 	.db #0x82	; 130
    00000A96 92                    2755 	.db #0x92	; 146
    00000A97 92                    2756 	.db #0x92	; 146
    00000A98 AA                    2757 	.db #0xaa	; 170
    00000A99 AA                    2758 	.db #0xaa	; 170
    00000A9A C6                    2759 	.db #0xc6	; 198
    00000A9B C6                    2760 	.db #0xc6	; 198
    00000A9C C6                    2761 	.db #0xc6	; 198
    00000A9D C6                    2762 	.db #0xc6	; 198
    00000A9E 82                    2763 	.db #0x82	; 130
    00000A9F 82                    2764 	.db #0x82	; 130
    00000AA0 00                    2765 	.db #0x00	; 0
    00000AA1 00                    2766 	.db #0x00	; 0
    00000AA2 C6                    2767 	.db #0xc6	; 198
    00000AA3 C6                    2768 	.db #0xc6	; 198
    00000AA4 44                    2769 	.db #0x44	; 68	'D'
    00000AA5 44                    2770 	.db #0x44	; 68	'D'
    00000AA6 28                    2771 	.db #0x28	; 40
    00000AA7 28                    2772 	.db #0x28	; 40
    00000AA8 10                    2773 	.db #0x10	; 16
    00000AA9 10                    2774 	.db #0x10	; 16
    00000AAA 28                    2775 	.db #0x28	; 40
    00000AAB 28                    2776 	.db #0x28	; 40
    00000AAC 44                    2777 	.db #0x44	; 68	'D'
    00000AAD 44                    2778 	.db #0x44	; 68	'D'
    00000AAE C6                    2779 	.db #0xc6	; 198
    00000AAF C6                    2780 	.db #0xc6	; 198
    00000AB0 00                    2781 	.db #0x00	; 0
    00000AB1 00                    2782 	.db #0x00	; 0
    00000AB2 82                    2783 	.db #0x82	; 130
    00000AB3 82                    2784 	.db #0x82	; 130
    00000AB4 44                    2785 	.db #0x44	; 68	'D'
    00000AB5 44                    2786 	.db #0x44	; 68	'D'
    00000AB6 28                    2787 	.db #0x28	; 40
    00000AB7 28                    2788 	.db #0x28	; 40
    00000AB8 10                    2789 	.db #0x10	; 16
    00000AB9 10                    2790 	.db #0x10	; 16
    00000ABA 10                    2791 	.db #0x10	; 16
    00000ABB 10                    2792 	.db #0x10	; 16
    00000ABC 10                    2793 	.db #0x10	; 16
    00000ABD 10                    2794 	.db #0x10	; 16
    00000ABE 10                    2795 	.db #0x10	; 16
    00000ABF 10                    2796 	.db #0x10	; 16
    00000AC0 00                    2797 	.db #0x00	; 0
    00000AC1 00                    2798 	.db #0x00	; 0
    00000AC2 FE                    2799 	.db #0xfe	; 254
    00000AC3 FE                    2800 	.db #0xfe	; 254
    00000AC4 04                    2801 	.db #0x04	; 4
    00000AC5 04                    2802 	.db #0x04	; 4
    00000AC6 08                    2803 	.db #0x08	; 8
    00000AC7 08                    2804 	.db #0x08	; 8
    00000AC8 10                    2805 	.db #0x10	; 16
    00000AC9 10                    2806 	.db #0x10	; 16
    00000ACA 20                    2807 	.db #0x20	; 32
    00000ACB 20                    2808 	.db #0x20	; 32
    00000ACC 40                    2809 	.db #0x40	; 64
    00000ACD 40                    2810 	.db #0x40	; 64
    00000ACE FE                    2811 	.db #0xfe	; 254
    00000ACF FE                    2812 	.db #0xfe	; 254
    00000AD0 00                    2813 	.db #0x00	; 0
    00000AD1 00                    2814 	.db #0x00	; 0
    00000AD2 00                    2815 	.db #0x00	; 0
    00000AD3 00                    2816 	.db #0x00	; 0
    00000AD4 00                    2817 	.db #0x00	; 0
    00000AD5 00                    2818 	.db #0x00	; 0
    00000AD6 00                    2819 	.db #0x00	; 0
    00000AD7 00                    2820 	.db #0x00	; 0
    00000AD8 00                    2821 	.db #0x00	; 0
    00000AD9 00                    2822 	.db #0x00	; 0
    00000ADA 00                    2823 	.db #0x00	; 0
    00000ADB 00                    2824 	.db #0x00	; 0
    00000ADC 60                    2825 	.db #0x60	; 96
    00000ADD 60                    2826 	.db #0x60	; 96
    00000ADE 60                    2827 	.db #0x60	; 96
    00000ADF 60                    2828 	.db #0x60	; 96
    00000AE0 00                    2829 	.db #0x00	; 0
    00000AE1 00                    2830 	.db #0x00	; 0
    00000AE2 00                    2831 	.db #0x00	; 0
    00000AE3 00                    2832 	.db #0x00	; 0
    00000AE4 18                    2833 	.db #0x18	; 24
    00000AE5 18                    2834 	.db #0x18	; 24
    00000AE6 18                    2835 	.db #0x18	; 24
    00000AE7 18                    2836 	.db #0x18	; 24
    00000AE8 00                    2837 	.db #0x00	; 0
    00000AE9 00                    2838 	.db #0x00	; 0
    00000AEA 00                    2839 	.db #0x00	; 0
    00000AEB 00                    2840 	.db #0x00	; 0
    00000AEC 18                    2841 	.db #0x18	; 24
    00000AED 18                    2842 	.db #0x18	; 24
    00000AEE 18                    2843 	.db #0x18	; 24
    00000AEF 18                    2844 	.db #0x18	; 24
    00000AF0 00                    2845 	.db #0x00	; 0
    00000AF1 00                    2846 	.db #0x00	; 0
    00000AF2 18                    2847 	.db #0x18	; 24
    00000AF3 18                    2848 	.db #0x18	; 24
    00000AF4 3C                    2849 	.db #0x3c	; 60
    00000AF5 3C                    2850 	.db #0x3c	; 60
    00000AF6 3C                    2851 	.db #0x3c	; 60
    00000AF7 3C                    2852 	.db #0x3c	; 60
    00000AF8 18                    2853 	.db #0x18	; 24
    00000AF9 18                    2854 	.db #0x18	; 24
    00000AFA 00                    2855 	.db #0x00	; 0
    00000AFB 00                    2856 	.db #0x00	; 0
    00000AFC 18                    2857 	.db #0x18	; 24
    00000AFD 18                    2858 	.db #0x18	; 24
    00000AFE 18                    2859 	.db #0x18	; 24
    00000AFF 18                    2860 	.db #0x18	; 24
    00000B00 00                    2861 	.db #0x00	; 0
    00000B01 00                    2862 	.db #0x00	; 0
    00000B02 00                    2863 	.db #0x00	; 0
    00000B03 00                    2864 	.db #0x00	; 0
    00000B04 00                    2865 	.db #0x00	; 0
    00000B05 00                    2866 	.db #0x00	; 0
    00000B06 00                    2867 	.db #0x00	; 0
    00000B07 00                    2868 	.db #0x00	; 0
    00000B08 60                    2869 	.db #0x60	; 96
    00000B09 60                    2870 	.db #0x60	; 96
    00000B0A 60                    2871 	.db #0x60	; 96
    00000B0B 60                    2872 	.db #0x60	; 96
    00000B0C 20                    2873 	.db #0x20	; 32
    00000B0D 20                    2874 	.db #0x20	; 32
    00000B0E 40                    2875 	.db #0x40	; 64
    00000B0F 40                    2876 	.db #0x40	; 64
    00000B10 60                    2877 	.db #0x60	; 96
    00000B11 60                    2878 	.db #0x60	; 96
    00000B12 60                    2879 	.db #0x60	; 96
    00000B13 60                    2880 	.db #0x60	; 96
    00000B14 20                    2881 	.db #0x20	; 32
    00000B15 20                    2882 	.db #0x20	; 32
    00000B16 40                    2883 	.db #0x40	; 64
    00000B17 40                    2884 	.db #0x40	; 64
    00000B18 00                    2885 	.db #0x00	; 0
    00000B19 00                    2886 	.db #0x00	; 0
    00000B1A 00                    2887 	.db #0x00	; 0
    00000B1B 00                    2888 	.db #0x00	; 0
    00000B1C 00                    2889 	.db #0x00	; 0
    00000B1D 00                    2890 	.db #0x00	; 0
    00000B1E 00                    2891 	.db #0x00	; 0
    00000B1F 00                    2892 	.db #0x00	; 0
    00000B20 00                    2893 	.db #0x00	; 0
    00000B21 00                    2894 	.db #0x00	; 0
    00000B22 7E                    2895 	.db #0x7e	; 126
    00000B23 7E                    2896 	.db #0x7e	; 126
    00000B24 E7                    2897 	.db #0xe7	; 231
    00000B25 E7                    2898 	.db #0xe7	; 231
    00000B26 CE                    2899 	.db #0xce	; 206
    00000B27 CE                    2900 	.db #0xce	; 206
    00000B28 18                    2901 	.db #0x18	; 24
    00000B29 18                    2902 	.db #0x18	; 24
    00000B2A 00                    2903 	.db #0x00	; 0
    00000B2B 00                    2904 	.db #0x00	; 0
    00000B2C 18                    2905 	.db #0x18	; 24
    00000B2D 18                    2906 	.db #0x18	; 24
    00000B2E 18                    2907 	.db #0x18	; 24
    00000B2F 18                    2908 	.db #0x18	; 24
                                   2909 	.area _INITIALIZER
                                   2910 	.area _CABS (ABS)
