                                      1 ;--------------------------------------------------------
                                      2 ; File Created by SDCC : free open source ISO C Compiler
                                      3 ; Version 4.5.1 #15267 (MINGW64)
                                      4 ;--------------------------------------------------------
                                      5 	.module IntroSlide1Tiles
                                      6 	
                                      7 ;--------------------------------------------------------
                                      8 ; Public variables in this module
                                      9 ;--------------------------------------------------------
                                     10 	.globl _Slide1
                                     11 ;--------------------------------------------------------
                                     12 ; special function registers
                                     13 ;--------------------------------------------------------
                                     14 	.area _HRAM
                                     15 ;--------------------------------------------------------
                                     16 ; ram data
                                     17 ;--------------------------------------------------------
                                     18 	.area _DATA
                                     19 ;--------------------------------------------------------
                                     20 ; ram data
                                     21 ;--------------------------------------------------------
                                     22 	.area _INITIALIZED
                                     23 ;--------------------------------------------------------
                                     24 ; absolute external ram data
                                     25 ;--------------------------------------------------------
                                     26 	.area _DABS (ABS)
                                     27 ;--------------------------------------------------------
                                     28 ; global & static initialisations
                                     29 ;--------------------------------------------------------
                                     30 	.area _HOME
                                     31 	.area _GSINIT
                                     32 	.area _GSFINAL
                                     33 	.area _GSINIT
                                     34 ;--------------------------------------------------------
                                     35 ; Home
                                     36 ;--------------------------------------------------------
                                     37 	.area _HOME
                                     38 	.area _HOME
                                     39 ;--------------------------------------------------------
                                     40 ; code
                                     41 ;--------------------------------------------------------
                                     42 	.area _CODE_6
                                     43 	.area _CODE_6
    00000000                         44 _Slide1:
    00000000 FF                      45 	.db #0xff	; 255
    00000001 00                      46 	.db #0x00	; 0
    00000002 FF                      47 	.db #0xff	; 255
    00000003 00                      48 	.db #0x00	; 0
    00000004 FF                      49 	.db #0xff	; 255
    00000005 00                      50 	.db #0x00	; 0
    00000006 FF                      51 	.db #0xff	; 255
    00000007 00                      52 	.db #0x00	; 0
    00000008 FF                      53 	.db #0xff	; 255
    00000009 00                      54 	.db #0x00	; 0
    0000000A FF                      55 	.db #0xff	; 255
    0000000B 00                      56 	.db #0x00	; 0
    0000000C FF                      57 	.db #0xff	; 255
    0000000D 00                      58 	.db #0x00	; 0
    0000000E FF                      59 	.db #0xff	; 255
    0000000F 00                      60 	.db #0x00	; 0
    00000010 FF                      61 	.db #0xff	; 255
    00000011 00                      62 	.db #0x00	; 0
    00000012 FF                      63 	.db #0xff	; 255
    00000013 00                      64 	.db #0x00	; 0
    00000014 FF                      65 	.db #0xff	; 255
    00000015 00                      66 	.db #0x00	; 0
    00000016 FF                      67 	.db #0xff	; 255
    00000017 00                      68 	.db #0x00	; 0
    00000018 FF                      69 	.db #0xff	; 255
    00000019 00                      70 	.db #0x00	; 0
    0000001A FF                      71 	.db #0xff	; 255
    0000001B 00                      72 	.db #0x00	; 0
    0000001C FF                      73 	.db #0xff	; 255
    0000001D 00                      74 	.db #0x00	; 0
    0000001E CF                      75 	.db #0xcf	; 207
    0000001F 00                      76 	.db #0x00	; 0
    00000020 FF                      77 	.db #0xff	; 255
    00000021 00                      78 	.db #0x00	; 0
    00000022 FF                      79 	.db #0xff	; 255
    00000023 00                      80 	.db #0x00	; 0
    00000024 FF                      81 	.db #0xff	; 255
    00000025 00                      82 	.db #0x00	; 0
    00000026 FF                      83 	.db #0xff	; 255
    00000027 00                      84 	.db #0x00	; 0
    00000028 FE                      85 	.db #0xfe	; 254
    00000029 00                      86 	.db #0x00	; 0
    0000002A FE                      87 	.db #0xfe	; 254
    0000002B 00                      88 	.db #0x00	; 0
    0000002C FC                      89 	.db #0xfc	; 252
    0000002D 00                      90 	.db #0x00	; 0
    0000002E F0                      91 	.db #0xf0	; 240
    0000002F 00                      92 	.db #0x00	; 0
    00000030 80                      93 	.db #0x80	; 128
    00000031 00                      94 	.db #0x00	; 0
    00000032 80                      95 	.db #0x80	; 128
    00000033 00                      96 	.db #0x00	; 0
    00000034 80                      97 	.db #0x80	; 128
    00000035 00                      98 	.db #0x00	; 0
    00000036 00                      99 	.db #0x00	; 0
    00000037 00                     100 	.db #0x00	; 0
    00000038 00                     101 	.db #0x00	; 0
    00000039 00                     102 	.db #0x00	; 0
    0000003A 00                     103 	.db #0x00	; 0
    0000003B 00                     104 	.db #0x00	; 0
    0000003C 00                     105 	.db #0x00	; 0
    0000003D 00                     106 	.db #0x00	; 0
    0000003E 00                     107 	.db #0x00	; 0
    0000003F 00                     108 	.db #0x00	; 0
    00000040 FF                     109 	.db #0xff	; 255
    00000041 00                     110 	.db #0x00	; 0
    00000042 FF                     111 	.db #0xff	; 255
    00000043 00                     112 	.db #0x00	; 0
    00000044 FF                     113 	.db #0xff	; 255
    00000045 00                     114 	.db #0x00	; 0
    00000046 FF                     115 	.db #0xff	; 255
    00000047 00                     116 	.db #0x00	; 0
    00000048 FF                     117 	.db #0xff	; 255
    00000049 00                     118 	.db #0x00	; 0
    0000004A 7F                     119 	.db #0x7f	; 127
    0000004B 00                     120 	.db #0x00	; 0
    0000004C 7F                     121 	.db #0x7f	; 127
    0000004D 00                     122 	.db #0x00	; 0
    0000004E 1D                     123 	.db #0x1d	; 29
    0000004F 00                     124 	.db #0x00	; 0
    00000050 FD                     125 	.db #0xfd	; 253
    00000051 00                     126 	.db #0x00	; 0
    00000052 FD                     127 	.db #0xfd	; 253
    00000053 00                     128 	.db #0x00	; 0
    00000054 FF                     129 	.db #0xff	; 255
    00000055 00                     130 	.db #0x00	; 0
    00000056 FF                     131 	.db #0xff	; 255
    00000057 00                     132 	.db #0x00	; 0
    00000058 FF                     133 	.db #0xff	; 255
    00000059 00                     134 	.db #0x00	; 0
    0000005A FF                     135 	.db #0xff	; 255
    0000005B 00                     136 	.db #0x00	; 0
    0000005C FF                     137 	.db #0xff	; 255
    0000005D 00                     138 	.db #0x00	; 0
    0000005E 0F                     139 	.db #0x0f	; 15
    0000005F 00                     140 	.db #0x00	; 0
    00000060 FF                     141 	.db #0xff	; 255
    00000061 00                     142 	.db #0x00	; 0
    00000062 FF                     143 	.db #0xff	; 255
    00000063 00                     144 	.db #0x00	; 0
    00000064 FF                     145 	.db #0xff	; 255
    00000065 00                     146 	.db #0x00	; 0
    00000066 FF                     147 	.db #0xff	; 255
    00000067 00                     148 	.db #0x00	; 0
    00000068 FE                     149 	.db #0xfe	; 254
    00000069 00                     150 	.db #0x00	; 0
    0000006A FC                     151 	.db #0xfc	; 252
    0000006B 00                     152 	.db #0x00	; 0
    0000006C FC                     153 	.db #0xfc	; 252
    0000006D 00                     154 	.db #0x00	; 0
    0000006E FC                     155 	.db #0xfc	; 252
    0000006F 00                     156 	.db #0x00	; 0
    00000070 9F                     157 	.db #0x9f	; 159
    00000071 00                     158 	.db #0x00	; 0
    00000072 F9                     159 	.db #0xf9	; 249
    00000073 00                     160 	.db #0x00	; 0
    00000074 F0                     161 	.db #0xf0	; 240
    00000075 00                     162 	.db #0x00	; 0
    00000076 F1                     163 	.db #0xf1	; 241
    00000077 00                     164 	.db #0x00	; 0
    00000078 71                     165 	.db #0x71	; 113	'q'
    00000079 00                     166 	.db #0x00	; 0
    0000007A D3                     167 	.db #0xd3	; 211
    0000007B 00                     168 	.db #0x00	; 0
    0000007C 41                     169 	.db #0x41	; 65	'A'
    0000007D 00                     170 	.db #0x00	; 0
    0000007E C0                     171 	.db #0xc0	; 192
    0000007F 00                     172 	.db #0x00	; 0
    00000080 FF                     173 	.db #0xff	; 255
    00000081 00                     174 	.db #0x00	; 0
    00000082 FF                     175 	.db #0xff	; 255
    00000083 00                     176 	.db #0x00	; 0
    00000084 FF                     177 	.db #0xff	; 255
    00000085 00                     178 	.db #0x00	; 0
    00000086 FF                     179 	.db #0xff	; 255
    00000087 00                     180 	.db #0x00	; 0
    00000088 FF                     181 	.db #0xff	; 255
    00000089 00                     182 	.db #0x00	; 0
    0000008A FF                     183 	.db #0xff	; 255
    0000008B 00                     184 	.db #0x00	; 0
    0000008C FF                     185 	.db #0xff	; 255
    0000008D 00                     186 	.db #0x00	; 0
    0000008E 03                     187 	.db #0x03	; 3
    0000008F 00                     188 	.db #0x00	; 0
    00000090 FF                     189 	.db #0xff	; 255
    00000091 00                     190 	.db #0x00	; 0
    00000092 FF                     191 	.db #0xff	; 255
    00000093 00                     192 	.db #0x00	; 0
    00000094 FF                     193 	.db #0xff	; 255
    00000095 00                     194 	.db #0x00	; 0
    00000096 FF                     195 	.db #0xff	; 255
    00000097 00                     196 	.db #0x00	; 0
    00000098 FD                     197 	.db #0xfd	; 253
    00000099 00                     198 	.db #0x00	; 0
    0000009A FD                     199 	.db #0xfd	; 253
    0000009B 00                     200 	.db #0x00	; 0
    0000009C FD                     201 	.db #0xfd	; 253
    0000009D 00                     202 	.db #0x00	; 0
    0000009E FF                     203 	.db #0xff	; 255
    0000009F 00                     204 	.db #0x00	; 0
    000000A0 FF                     205 	.db #0xff	; 255
    000000A1 00                     206 	.db #0x00	; 0
    000000A2 FF                     207 	.db #0xff	; 255
    000000A3 00                     208 	.db #0x00	; 0
    000000A4 FE                     209 	.db #0xfe	; 254
    000000A5 00                     210 	.db #0x00	; 0
    000000A6 FE                     211 	.db #0xfe	; 254
    000000A7 00                     212 	.db #0x00	; 0
    000000A8 FC                     213 	.db #0xfc	; 252
    000000A9 00                     214 	.db #0x00	; 0
    000000AA F0                     215 	.db #0xf0	; 240
    000000AB 00                     216 	.db #0x00	; 0
    000000AC F8                     217 	.db #0xf8	; 248
    000000AD 00                     218 	.db #0x00	; 0
    000000AE F0                     219 	.db #0xf0	; 240
    000000AF 00                     220 	.db #0x00	; 0
    000000B0 E0                     221 	.db #0xe0	; 224
    000000B1 00                     222 	.db #0x00	; 0
    000000B2 C0                     223 	.db #0xc0	; 192
    000000B3 00                     224 	.db #0x00	; 0
    000000B4 80                     225 	.db #0x80	; 128
    000000B5 00                     226 	.db #0x00	; 0
    000000B6 00                     227 	.db #0x00	; 0
    000000B7 00                     228 	.db #0x00	; 0
    000000B8 00                     229 	.db #0x00	; 0
    000000B9 00                     230 	.db #0x00	; 0
    000000BA 00                     231 	.db #0x00	; 0
    000000BB 00                     232 	.db #0x00	; 0
    000000BC 00                     233 	.db #0x00	; 0
    000000BD 00                     234 	.db #0x00	; 0
    000000BE 00                     235 	.db #0x00	; 0
    000000BF 00                     236 	.db #0x00	; 0
    000000C0 00                     237 	.db #0x00	; 0
    000000C1 00                     238 	.db #0x00	; 0
    000000C2 00                     239 	.db #0x00	; 0
    000000C3 00                     240 	.db #0x00	; 0
    000000C4 00                     241 	.db #0x00	; 0
    000000C5 00                     242 	.db #0x00	; 0
    000000C6 00                     243 	.db #0x00	; 0
    000000C7 00                     244 	.db #0x00	; 0
    000000C8 00                     245 	.db #0x00	; 0
    000000C9 00                     246 	.db #0x00	; 0
    000000CA 00                     247 	.db #0x00	; 0
    000000CB 00                     248 	.db #0x00	; 0
    000000CC 00                     249 	.db #0x00	; 0
    000000CD 00                     250 	.db #0x00	; 0
    000000CE 00                     251 	.db #0x00	; 0
    000000CF 00                     252 	.db #0x00	; 0
    000000D0 0F                     253 	.db #0x0f	; 15
    000000D1 00                     254 	.db #0x00	; 0
    000000D2 07                     255 	.db #0x07	; 7
    000000D3 00                     256 	.db #0x00	; 0
    000000D4 0F                     257 	.db #0x0f	; 15
    000000D5 00                     258 	.db #0x00	; 0
    000000D6 0F                     259 	.db #0x0f	; 15
    000000D7 00                     260 	.db #0x00	; 0
    000000D8 07                     261 	.db #0x07	; 7
    000000D9 00                     262 	.db #0x00	; 0
    000000DA 07                     263 	.db #0x07	; 7
    000000DB 00                     264 	.db #0x00	; 0
    000000DC 07                     265 	.db #0x07	; 7
    000000DD 00                     266 	.db #0x00	; 0
    000000DE 07                     267 	.db #0x07	; 7
    000000DF 00                     268 	.db #0x00	; 0
    000000E0 FE                     269 	.db #0xfe	; 254
    000000E1 00                     270 	.db #0x00	; 0
    000000E2 FC                     271 	.db #0xfc	; 252
    000000E3 00                     272 	.db #0x00	; 0
    000000E4 F8                     273 	.db #0xf8	; 248
    000000E5 00                     274 	.db #0x00	; 0
    000000E6 F8                     275 	.db #0xf8	; 248
    000000E7 00                     276 	.db #0x00	; 0
    000000E8 F8                     277 	.db #0xf8	; 248
    000000E9 00                     278 	.db #0x00	; 0
    000000EA F8                     279 	.db #0xf8	; 248
    000000EB 00                     280 	.db #0x00	; 0
    000000EC F8                     281 	.db #0xf8	; 248
    000000ED 00                     282 	.db #0x00	; 0
    000000EE F8                     283 	.db #0xf8	; 248
    000000EF 00                     284 	.db #0x00	; 0
    000000F0 0F                     285 	.db #0x0f	; 15
    000000F1 00                     286 	.db #0x00	; 0
    000000F2 07                     287 	.db #0x07	; 7
    000000F3 00                     288 	.db #0x00	; 0
    000000F4 07                     289 	.db #0x07	; 7
    000000F5 00                     290 	.db #0x00	; 0
    000000F6 01                     291 	.db #0x01	; 1
    000000F7 00                     292 	.db #0x00	; 0
    000000F8 01                     293 	.db #0x01	; 1
    000000F9 00                     294 	.db #0x00	; 0
    000000FA 01                     295 	.db #0x01	; 1
    000000FB 00                     296 	.db #0x00	; 0
    000000FC 00                     297 	.db #0x00	; 0
    000000FD 00                     298 	.db #0x00	; 0
    000000FE 00                     299 	.db #0x00	; 0
    000000FF 00                     300 	.db #0x00	; 0
    00000100 FF                     301 	.db #0xff	; 255
    00000101 00                     302 	.db #0x00	; 0
    00000102 FF                     303 	.db #0xff	; 255
    00000103 00                     304 	.db #0x00	; 0
    00000104 FF                     305 	.db #0xff	; 255
    00000105 00                     306 	.db #0x00	; 0
    00000106 FF                     307 	.db #0xff	; 255
    00000107 00                     308 	.db #0x00	; 0
    00000108 FF                     309 	.db #0xff	; 255
    00000109 00                     310 	.db #0x00	; 0
    0000010A FF                     311 	.db #0xff	; 255
    0000010B 00                     312 	.db #0x00	; 0
    0000010C FF                     313 	.db #0xff	; 255
    0000010D 00                     314 	.db #0x00	; 0
    0000010E 7F                     315 	.db #0x7f	; 127
    0000010F 00                     316 	.db #0x00	; 0
    00000110 C0                     317 	.db #0xc0	; 192
    00000111 00                     318 	.db #0x00	; 0
    00000112 80                     319 	.db #0x80	; 128
    00000113 00                     320 	.db #0x00	; 0
    00000114 80                     321 	.db #0x80	; 128
    00000115 00                     322 	.db #0x00	; 0
    00000116 C0                     323 	.db #0xc0	; 192
    00000117 00                     324 	.db #0x00	; 0
    00000118 E0                     325 	.db #0xe0	; 224
    00000119 00                     326 	.db #0x00	; 0
    0000011A E0                     327 	.db #0xe0	; 224
    0000011B 00                     328 	.db #0x00	; 0
    0000011C F0                     329 	.db #0xf0	; 240
    0000011D 00                     330 	.db #0x00	; 0
    0000011E F0                     331 	.db #0xf0	; 240
    0000011F 00                     332 	.db #0x00	; 0
    00000120 01                     333 	.db #0x01	; 1
    00000121 00                     334 	.db #0x00	; 0
    00000122 00                     335 	.db #0x00	; 0
    00000123 00                     336 	.db #0x00	; 0
    00000124 00                     337 	.db #0x00	; 0
    00000125 00                     338 	.db #0x00	; 0
    00000126 00                     339 	.db #0x00	; 0
    00000127 00                     340 	.db #0x00	; 0
    00000128 00                     341 	.db #0x00	; 0
    00000129 00                     342 	.db #0x00	; 0
    0000012A 00                     343 	.db #0x00	; 0
    0000012B 00                     344 	.db #0x00	; 0
    0000012C 00                     345 	.db #0x00	; 0
    0000012D 00                     346 	.db #0x00	; 0
    0000012E 00                     347 	.db #0x00	; 0
    0000012F 00                     348 	.db #0x00	; 0
    00000130 FF                     349 	.db #0xff	; 255
    00000131 00                     350 	.db #0x00	; 0
    00000132 7F                     351 	.db #0x7f	; 127
    00000133 00                     352 	.db #0x00	; 0
    00000134 7F                     353 	.db #0x7f	; 127
    00000135 00                     354 	.db #0x00	; 0
    00000136 3F                     355 	.db #0x3f	; 63
    00000137 00                     356 	.db #0x00	; 0
    00000138 3F                     357 	.db #0x3f	; 63
    00000139 00                     358 	.db #0x00	; 0
    0000013A 0F                     359 	.db #0x0f	; 15
    0000013B 00                     360 	.db #0x00	; 0
    0000013C 0F                     361 	.db #0x0f	; 15
    0000013D 00                     362 	.db #0x00	; 0
    0000013E 07                     363 	.db #0x07	; 7
    0000013F 00                     364 	.db #0x00	; 0
    00000140 FF                     365 	.db #0xff	; 255
    00000141 00                     366 	.db #0x00	; 0
    00000142 FD                     367 	.db #0xfd	; 253
    00000143 00                     368 	.db #0x00	; 0
    00000144 FD                     369 	.db #0xfd	; 253
    00000145 00                     370 	.db #0x00	; 0
    00000146 FD                     371 	.db #0xfd	; 253
    00000147 00                     372 	.db #0x00	; 0
    00000148 FE                     373 	.db #0xfe	; 254
    00000149 00                     374 	.db #0x00	; 0
    0000014A FE                     375 	.db #0xfe	; 254
    0000014B 00                     376 	.db #0x00	; 0
    0000014C FE                     377 	.db #0xfe	; 254
    0000014D 00                     378 	.db #0x00	; 0
    0000014E FE                     379 	.db #0xfe	; 254
    0000014F 00                     380 	.db #0x00	; 0
    00000150 FF                     381 	.db #0xff	; 255
    00000151 00                     382 	.db #0x00	; 0
    00000152 EF                     383 	.db #0xef	; 239
    00000153 00                     384 	.db #0x00	; 0
    00000154 FF                     385 	.db #0xff	; 255
    00000155 00                     386 	.db #0x00	; 0
    00000156 FF                     387 	.db #0xff	; 255
    00000157 00                     388 	.db #0x00	; 0
    00000158 7F                     389 	.db #0x7f	; 127
    00000159 00                     390 	.db #0x00	; 0
    0000015A 7F                     391 	.db #0x7f	; 127
    0000015B 00                     392 	.db #0x00	; 0
    0000015C 3C                     393 	.db #0x3c	; 60
    0000015D 00                     394 	.db #0x00	; 0
    0000015E 00                     395 	.db #0x00	; 0
    0000015F 00                     396 	.db #0x00	; 0
    00000160 FF                     397 	.db #0xff	; 255
    00000161 00                     398 	.db #0x00	; 0
    00000162 FF                     399 	.db #0xff	; 255
    00000163 00                     400 	.db #0x00	; 0
    00000164 FF                     401 	.db #0xff	; 255
    00000165 00                     402 	.db #0x00	; 0
    00000166 FF                     403 	.db #0xff	; 255
    00000167 00                     404 	.db #0x00	; 0
    00000168 FF                     405 	.db #0xff	; 255
    00000169 00                     406 	.db #0x00	; 0
    0000016A FF                     407 	.db #0xff	; 255
    0000016B 00                     408 	.db #0x00	; 0
    0000016C 07                     409 	.db #0x07	; 7
    0000016D 00                     410 	.db #0x00	; 0
    0000016E 05                     411 	.db #0x05	; 5
    0000016F 00                     412 	.db #0x00	; 0
    00000170 FF                     413 	.db #0xff	; 255
    00000171 00                     414 	.db #0x00	; 0
    00000172 FF                     415 	.db #0xff	; 255
    00000173 00                     416 	.db #0x00	; 0
    00000174 FF                     417 	.db #0xff	; 255
    00000175 00                     418 	.db #0x00	; 0
    00000176 FF                     419 	.db #0xff	; 255
    00000177 00                     420 	.db #0x00	; 0
    00000178 FF                     421 	.db #0xff	; 255
    00000179 00                     422 	.db #0x00	; 0
    0000017A CF                     423 	.db #0xcf	; 207
    0000017B 20                     424 	.db #0x20	; 32
    0000017C 9D                     425 	.db #0x9d	; 157
    0000017D 20                     426 	.db #0x20	; 32
    0000017E 5B                     427 	.db #0x5b	; 91
    0000017F 20                     428 	.db #0x20	; 32
    00000180 FF                     429 	.db #0xff	; 255
    00000181 00                     430 	.db #0x00	; 0
    00000182 FF                     431 	.db #0xff	; 255
    00000183 00                     432 	.db #0x00	; 0
    00000184 FF                     433 	.db #0xff	; 255
    00000185 00                     434 	.db #0x00	; 0
    00000186 FF                     435 	.db #0xff	; 255
    00000187 00                     436 	.db #0x00	; 0
    00000188 FF                     437 	.db #0xff	; 255
    00000189 00                     438 	.db #0x00	; 0
    0000018A FF                     439 	.db #0xff	; 255
    0000018B 00                     440 	.db #0x00	; 0
    0000018C FA                     441 	.db #0xfa	; 250
    0000018D 00                     442 	.db #0x00	; 0
    0000018E FA                     443 	.db #0xfa	; 250
    0000018F 00                     444 	.db #0x00	; 0
    00000190 F0                     445 	.db #0xf0	; 240
    00000191 00                     446 	.db #0x00	; 0
    00000192 80                     447 	.db #0x80	; 128
    00000193 00                     448 	.db #0x00	; 0
    00000194 00                     449 	.db #0x00	; 0
    00000195 00                     450 	.db #0x00	; 0
    00000196 00                     451 	.db #0x00	; 0
    00000197 00                     452 	.db #0x00	; 0
    00000198 00                     453 	.db #0x00	; 0
    00000199 00                     454 	.db #0x00	; 0
    0000019A 01                     455 	.db #0x01	; 1
    0000019B 01                     456 	.db #0x01	; 1
    0000019C 02                     457 	.db #0x02	; 2
    0000019D 03                     458 	.db #0x03	; 3
    0000019E 02                     459 	.db #0x02	; 2
    0000019F 03                     460 	.db #0x03	; 3
    000001A0 00                     461 	.db #0x00	; 0
    000001A1 00                     462 	.db #0x00	; 0
    000001A2 00                     463 	.db #0x00	; 0
    000001A3 00                     464 	.db #0x00	; 0
    000001A4 00                     465 	.db #0x00	; 0
    000001A5 00                     466 	.db #0x00	; 0
    000001A6 00                     467 	.db #0x00	; 0
    000001A7 00                     468 	.db #0x00	; 0
    000001A8 00                     469 	.db #0x00	; 0
    000001A9 00                     470 	.db #0x00	; 0
    000001AA 00                     471 	.db #0x00	; 0
    000001AB 00                     472 	.db #0x00	; 0
    000001AC 80                     473 	.db #0x80	; 128
    000001AD 80                     474 	.db #0x80	; 128
    000001AE 80                     475 	.db #0x80	; 128
    000001AF 80                     476 	.db #0x80	; 128
    000001B0 07                     477 	.db #0x07	; 7
    000001B1 00                     478 	.db #0x00	; 0
    000001B2 07                     479 	.db #0x07	; 7
    000001B3 00                     480 	.db #0x00	; 0
    000001B4 00                     481 	.db #0x00	; 0
    000001B5 00                     482 	.db #0x00	; 0
    000001B6 01                     483 	.db #0x01	; 1
    000001B7 00                     484 	.db #0x00	; 0
    000001B8 00                     485 	.db #0x00	; 0
    000001B9 00                     486 	.db #0x00	; 0
    000001BA 00                     487 	.db #0x00	; 0
    000001BB 00                     488 	.db #0x00	; 0
    000001BC 00                     489 	.db #0x00	; 0
    000001BD 00                     490 	.db #0x00	; 0
    000001BE 00                     491 	.db #0x00	; 0
    000001BF 00                     492 	.db #0x00	; 0
    000001C0 FF                     493 	.db #0xff	; 255
    000001C1 00                     494 	.db #0x00	; 0
    000001C2 FF                     495 	.db #0xff	; 255
    000001C3 00                     496 	.db #0x00	; 0
    000001C4 FF                     497 	.db #0xff	; 255
    000001C5 00                     498 	.db #0x00	; 0
    000001C6 F0                     499 	.db #0xf0	; 240
    000001C7 00                     500 	.db #0x00	; 0
    000001C8 80                     501 	.db #0x80	; 128
    000001C9 00                     502 	.db #0x00	; 0
    000001CA 40                     503 	.db #0x40	; 64
    000001CB 00                     504 	.db #0x00	; 0
    000001CC 00                     505 	.db #0x00	; 0
    000001CD 00                     506 	.db #0x00	; 0
    000001CE 00                     507 	.db #0x00	; 0
    000001CF 00                     508 	.db #0x00	; 0
    000001D0 FF                     509 	.db #0xff	; 255
    000001D1 00                     510 	.db #0x00	; 0
    000001D2 FF                     511 	.db #0xff	; 255
    000001D3 00                     512 	.db #0x00	; 0
    000001D4 FF                     513 	.db #0xff	; 255
    000001D5 00                     514 	.db #0x00	; 0
    000001D6 FF                     515 	.db #0xff	; 255
    000001D7 00                     516 	.db #0x00	; 0
    000001D8 3F                     517 	.db #0x3f	; 63
    000001D9 00                     518 	.db #0x00	; 0
    000001DA 1F                     519 	.db #0x1f	; 31
    000001DB 00                     520 	.db #0x00	; 0
    000001DC 0F                     521 	.db #0x0f	; 15
    000001DD 00                     522 	.db #0x00	; 0
    000001DE 0F                     523 	.db #0x0f	; 15
    000001DF 00                     524 	.db #0x00	; 0
    000001E0 F8                     525 	.db #0xf8	; 248
    000001E1 00                     526 	.db #0x00	; 0
    000001E2 F8                     527 	.db #0xf8	; 248
    000001E3 00                     528 	.db #0x00	; 0
    000001E4 F8                     529 	.db #0xf8	; 248
    000001E5 00                     530 	.db #0x00	; 0
    000001E6 FC                     531 	.db #0xfc	; 252
    000001E7 00                     532 	.db #0x00	; 0
    000001E8 FC                     533 	.db #0xfc	; 252
    000001E9 00                     534 	.db #0x00	; 0
    000001EA FE                     535 	.db #0xfe	; 254
    000001EB 00                     536 	.db #0x00	; 0
    000001EC FE                     537 	.db #0xfe	; 254
    000001ED 00                     538 	.db #0x00	; 0
    000001EE FF                     539 	.db #0xff	; 255
    000001EF 00                     540 	.db #0x00	; 0
    000001F0 0F                     541 	.db #0x0f	; 15
    000001F1 00                     542 	.db #0x00	; 0
    000001F2 0F                     543 	.db #0x0f	; 15
    000001F3 00                     544 	.db #0x00	; 0
    000001F4 0F                     545 	.db #0x0f	; 15
    000001F5 00                     546 	.db #0x00	; 0
    000001F6 1F                     547 	.db #0x1f	; 31
    000001F7 00                     548 	.db #0x00	; 0
    000001F8 0C                     549 	.db #0x0c	; 12
    000001F9 00                     550 	.db #0x00	; 0
    000001FA 00                     551 	.db #0x00	; 0
    000001FB 00                     552 	.db #0x00	; 0
    000001FC 00                     553 	.db #0x00	; 0
    000001FD 00                     554 	.db #0x00	; 0
    000001FE 00                     555 	.db #0x00	; 0
    000001FF 00                     556 	.db #0x00	; 0
    00000200 F0                     557 	.db #0xf0	; 240
    00000201 00                     558 	.db #0x00	; 0
    00000202 F0                     559 	.db #0xf0	; 240
    00000203 00                     560 	.db #0x00	; 0
    00000204 E0                     561 	.db #0xe0	; 224
    00000205 00                     562 	.db #0x00	; 0
    00000206 C0                     563 	.db #0xc0	; 192
    00000207 00                     564 	.db #0x00	; 0
    00000208 00                     565 	.db #0x00	; 0
    00000209 00                     566 	.db #0x00	; 0
    0000020A 00                     567 	.db #0x00	; 0
    0000020B 00                     568 	.db #0x00	; 0
    0000020C 00                     569 	.db #0x00	; 0
    0000020D 00                     570 	.db #0x00	; 0
    0000020E 00                     571 	.db #0x00	; 0
    0000020F 00                     572 	.db #0x00	; 0
    00000210 0F                     573 	.db #0x0f	; 15
    00000211 00                     574 	.db #0x00	; 0
    00000212 1F                     575 	.db #0x1f	; 31
    00000213 00                     576 	.db #0x00	; 0
    00000214 1F                     577 	.db #0x1f	; 31
    00000215 00                     578 	.db #0x00	; 0
    00000216 1F                     579 	.db #0x1f	; 31
    00000217 00                     580 	.db #0x00	; 0
    00000218 1F                     581 	.db #0x1f	; 31
    00000219 00                     582 	.db #0x00	; 0
    0000021A 0F                     583 	.db #0x0f	; 15
    0000021B 00                     584 	.db #0x00	; 0
    0000021C 0F                     585 	.db #0x0f	; 15
    0000021D 00                     586 	.db #0x00	; 0
    0000021E 07                     587 	.db #0x07	; 7
    0000021F 00                     588 	.db #0x00	; 0
    00000220 FF                     589 	.db #0xff	; 255
    00000221 00                     590 	.db #0x00	; 0
    00000222 FF                     591 	.db #0xff	; 255
    00000223 00                     592 	.db #0x00	; 0
    00000224 FF                     593 	.db #0xff	; 255
    00000225 00                     594 	.db #0x00	; 0
    00000226 FF                     595 	.db #0xff	; 255
    00000227 00                     596 	.db #0x00	; 0
    00000228 FF                     597 	.db #0xff	; 255
    00000229 00                     598 	.db #0x00	; 0
    0000022A FF                     599 	.db #0xff	; 255
    0000022B 00                     600 	.db #0x00	; 0
    0000022C FF                     601 	.db #0xff	; 255
    0000022D 00                     602 	.db #0x00	; 0
    0000022E 8F                     603 	.db #0x8f	; 143
    0000022F 00                     604 	.db #0x00	; 0
    00000230 FE                     605 	.db #0xfe	; 254
    00000231 00                     606 	.db #0x00	; 0
    00000232 FE                     607 	.db #0xfe	; 254
    00000233 00                     608 	.db #0x00	; 0
    00000234 FF                     609 	.db #0xff	; 255
    00000235 00                     610 	.db #0x00	; 0
    00000236 FC                     611 	.db #0xfc	; 252
    00000237 00                     612 	.db #0x00	; 0
    00000238 F0                     613 	.db #0xf0	; 240
    00000239 00                     614 	.db #0x00	; 0
    0000023A E0                     615 	.db #0xe0	; 224
    0000023B 00                     616 	.db #0x00	; 0
    0000023C E0                     617 	.db #0xe0	; 224
    0000023D 00                     618 	.db #0x00	; 0
    0000023E 80                     619 	.db #0x80	; 128
    0000023F 00                     620 	.db #0x00	; 0
    00000240 40                     621 	.db #0x40	; 64
    00000241 00                     622 	.db #0x00	; 0
    00000242 00                     623 	.db #0x00	; 0
    00000243 00                     624 	.db #0x00	; 0
    00000244 00                     625 	.db #0x00	; 0
    00000245 00                     626 	.db #0x00	; 0
    00000246 00                     627 	.db #0x00	; 0
    00000247 00                     628 	.db #0x00	; 0
    00000248 00                     629 	.db #0x00	; 0
    00000249 00                     630 	.db #0x00	; 0
    0000024A 00                     631 	.db #0x00	; 0
    0000024B 00                     632 	.db #0x00	; 0
    0000024C 00                     633 	.db #0x00	; 0
    0000024D 00                     634 	.db #0x00	; 0
    0000024E 00                     635 	.db #0x00	; 0
    0000024F 00                     636 	.db #0x00	; 0
    00000250 00                     637 	.db #0x00	; 0
    00000251 00                     638 	.db #0x00	; 0
    00000252 00                     639 	.db #0x00	; 0
    00000253 00                     640 	.db #0x00	; 0
    00000254 00                     641 	.db #0x00	; 0
    00000255 00                     642 	.db #0x00	; 0
    00000256 01                     643 	.db #0x01	; 1
    00000257 01                     644 	.db #0x01	; 1
    00000258 01                     645 	.db #0x01	; 1
    00000259 01                     646 	.db #0x01	; 1
    0000025A 02                     647 	.db #0x02	; 2
    0000025B 03                     648 	.db #0x03	; 3
    0000025C 02                     649 	.db #0x02	; 2
    0000025D 03                     650 	.db #0x03	; 3
    0000025E 02                     651 	.db #0x02	; 2
    0000025F 03                     652 	.db #0x03	; 3
    00000260 7F                     653 	.db #0x7f	; 127
    00000261 3F                     654 	.db #0x3f	; 63
    00000262 7C                     655 	.db #0x7c	; 124
    00000263 74                     656 	.db #0x74	; 116	't'
    00000264 92                     657 	.db #0x92	; 146
    00000265 FE                     658 	.db #0xfe	; 254
    00000266 73                     659 	.db #0x73	; 115	's'
    00000267 FC                     660 	.db #0xfc	; 252
    00000268 00                     661 	.db #0x00	; 0
    00000269 FE                     662 	.db #0xfe	; 254
    0000026A 0B                     663 	.db #0x0b	; 11
    0000026B F8                     664 	.db #0xf8	; 248
    0000026C 05                     665 	.db #0x05	; 5
    0000026D FC                     666 	.db #0xfc	; 252
    0000026E 07                     667 	.db #0x07	; 7
    0000026F FC                     668 	.db #0xfc	; 252
    00000270 FA                     669 	.db #0xfa	; 250
    00000271 F8                     670 	.db #0xf8	; 248
    00000272 76                     671 	.db #0x76	; 118	'v'
    00000273 84                     672 	.db #0x84	; 132
    00000274 5A                     673 	.db #0x5a	; 90	'Z'
    00000275 AA                     674 	.db #0xaa	; 170
    00000276 AF                     675 	.db #0xaf	; 175
    00000277 01                     676 	.db #0x01	; 1
    00000278 0D                     677 	.db #0x0d	; 13
    00000279 43                     678 	.db #0x43	; 67	'C'
    0000027A C6                     679 	.db #0xc6	; 198
    0000027B 00                     680 	.db #0x00	; 0
    0000027C 61                     681 	.db #0x61	; 97	'a'
    0000027D 80                     682 	.db #0x80	; 128
    0000027E C0                     683 	.db #0xc0	; 192
    0000027F 10                     684 	.db #0x10	; 16
    00000280 04                     685 	.db #0x04	; 4
    00000281 07                     686 	.db #0x07	; 7
    00000282 06                     687 	.db #0x06	; 6
    00000283 07                     688 	.db #0x07	; 7
    00000284 0F                     689 	.db #0x0f	; 15
    00000285 0E                     690 	.db #0x0e	; 14
    00000286 0F                     691 	.db #0x0f	; 15
    00000287 0F                     692 	.db #0x0f	; 15
    00000288 1D                     693 	.db #0x1d	; 29
    00000289 1F                     694 	.db #0x1f	; 31
    0000028A 99                     695 	.db #0x99	; 153
    0000028B 97                     696 	.db #0x97	; 151
    0000028C BE                     697 	.db #0xbe	; 190
    0000028D 97                     698 	.db #0x97	; 151
    0000028E 7C                     699 	.db #0x7c	; 124
    0000028F D7                     700 	.db #0xd7	; 215
    00000290 40                     701 	.db #0x40	; 64
    00000291 40                     702 	.db #0x40	; 64
    00000292 60                     703 	.db #0x60	; 96
    00000293 A0                     704 	.db #0xa0	; 160
    00000294 70                     705 	.db #0x70	; 112	'p'
    00000295 90                     706 	.db #0x90	; 144
    00000296 C8                     707 	.db #0xc8	; 200
    00000297 C8                     708 	.db #0xc8	; 200
    00000298 38                     709 	.db #0x38	; 56	'8'
    00000299 38                     710 	.db #0x38	; 56	'8'
    0000029A 08                     711 	.db #0x08	; 8
    0000029B 08                     712 	.db #0x08	; 8
    0000029C 68                     713 	.db #0x68	; 104	'h'
    0000029D 68                     714 	.db #0x68	; 104	'h'
    0000029E 28                     715 	.db #0x28	; 40
    0000029F 28                     716 	.db #0x28	; 40
    000002A0 00                     717 	.db #0x00	; 0
    000002A1 00                     718 	.db #0x00	; 0
    000002A2 00                     719 	.db #0x00	; 0
    000002A3 00                     720 	.db #0x00	; 0
    000002A4 00                     721 	.db #0x00	; 0
    000002A5 00                     722 	.db #0x00	; 0
    000002A6 00                     723 	.db #0x00	; 0
    000002A7 00                     724 	.db #0x00	; 0
    000002A8 00                     725 	.db #0x00	; 0
    000002A9 00                     726 	.db #0x00	; 0
    000002AA 00                     727 	.db #0x00	; 0
    000002AB 00                     728 	.db #0x00	; 0
    000002AC 08                     729 	.db #0x08	; 8
    000002AD 08                     730 	.db #0x08	; 8
    000002AE 14                     731 	.db #0x14	; 20
    000002AF 14                     732 	.db #0x14	; 20
    000002B0 07                     733 	.db #0x07	; 7
    000002B1 00                     734 	.db #0x00	; 0
    000002B2 07                     735 	.db #0x07	; 7
    000002B3 00                     736 	.db #0x00	; 0
    000002B4 03                     737 	.db #0x03	; 3
    000002B5 00                     738 	.db #0x00	; 0
    000002B6 01                     739 	.db #0x01	; 1
    000002B7 00                     740 	.db #0x00	; 0
    000002B8 03                     741 	.db #0x03	; 3
    000002B9 00                     742 	.db #0x00	; 0
    000002BA 03                     743 	.db #0x03	; 3
    000002BB 00                     744 	.db #0x00	; 0
    000002BC 03                     745 	.db #0x03	; 3
    000002BD 00                     746 	.db #0x00	; 0
    000002BE 03                     747 	.db #0x03	; 3
    000002BF 00                     748 	.db #0x00	; 0
    000002C0 FF                     749 	.db #0xff	; 255
    000002C1 00                     750 	.db #0x00	; 0
    000002C2 FF                     751 	.db #0xff	; 255
    000002C3 00                     752 	.db #0x00	; 0
    000002C4 FF                     753 	.db #0xff	; 255
    000002C5 00                     754 	.db #0x00	; 0
    000002C6 FF                     755 	.db #0xff	; 255
    000002C7 00                     756 	.db #0x00	; 0
    000002C8 FF                     757 	.db #0xff	; 255
    000002C9 00                     758 	.db #0x00	; 0
    000002CA FF                     759 	.db #0xff	; 255
    000002CB 00                     760 	.db #0x00	; 0
    000002CC FC                     761 	.db #0xfc	; 252
    000002CD 00                     762 	.db #0x00	; 0
    000002CE F0                     763 	.db #0xf0	; 240
    000002CF 00                     764 	.db #0x00	; 0
    000002D0 FF                     765 	.db #0xff	; 255
    000002D1 00                     766 	.db #0x00	; 0
    000002D2 FC                     767 	.db #0xfc	; 252
    000002D3 00                     768 	.db #0x00	; 0
    000002D4 F8                     769 	.db #0xf8	; 248
    000002D5 00                     770 	.db #0x00	; 0
    000002D6 F0                     771 	.db #0xf0	; 240
    000002D7 00                     772 	.db #0x00	; 0
    000002D8 E0                     773 	.db #0xe0	; 224
    000002D9 00                     774 	.db #0x00	; 0
    000002DA 80                     775 	.db #0x80	; 128
    000002DB 00                     776 	.db #0x00	; 0
    000002DC 00                     777 	.db #0x00	; 0
    000002DD 00                     778 	.db #0x00	; 0
    000002DE 00                     779 	.db #0x00	; 0
    000002DF 00                     780 	.db #0x00	; 0
    000002E0 01                     781 	.db #0x01	; 1
    000002E1 00                     782 	.db #0x00	; 0
    000002E2 01                     783 	.db #0x01	; 1
    000002E3 00                     784 	.db #0x00	; 0
    000002E4 03                     785 	.db #0x03	; 3
    000002E5 00                     786 	.db #0x00	; 0
    000002E6 03                     787 	.db #0x03	; 3
    000002E7 00                     788 	.db #0x00	; 0
    000002E8 03                     789 	.db #0x03	; 3
    000002E9 00                     790 	.db #0x00	; 0
    000002EA 03                     791 	.db #0x03	; 3
    000002EB 00                     792 	.db #0x00	; 0
    000002EC 01                     793 	.db #0x01	; 1
    000002ED 00                     794 	.db #0x00	; 0
    000002EE 0F                     795 	.db #0x0f	; 15
    000002EF 00                     796 	.db #0x00	; 0
    000002F0 80                     797 	.db #0x80	; 128
    000002F1 00                     798 	.db #0x00	; 0
    000002F2 C0                     799 	.db #0xc0	; 192
    000002F3 00                     800 	.db #0x00	; 0
    000002F4 E0                     801 	.db #0xe0	; 224
    000002F5 00                     802 	.db #0x00	; 0
    000002F6 C0                     803 	.db #0xc0	; 192
    000002F7 00                     804 	.db #0x00	; 0
    000002F8 E6                     805 	.db #0xe6	; 230
    000002F9 00                     806 	.db #0x00	; 0
    000002FA F2                     807 	.db #0xf2	; 242
    000002FB 00                     808 	.db #0x00	; 0
    000002FC FF                     809 	.db #0xff	; 255
    000002FD 00                     810 	.db #0x00	; 0
    000002FE FF                     811 	.db #0xff	; 255
    000002FF 00                     812 	.db #0x00	; 0
    00000300 0C                     813 	.db #0x0c	; 12
    00000301 00                     814 	.db #0x00	; 0
    00000302 04                     815 	.db #0x04	; 4
    00000303 00                     816 	.db #0x00	; 0
    00000304 00                     817 	.db #0x00	; 0
    00000305 00                     818 	.db #0x00	; 0
    00000306 00                     819 	.db #0x00	; 0
    00000307 00                     820 	.db #0x00	; 0
    00000308 00                     821 	.db #0x00	; 0
    00000309 00                     822 	.db #0x00	; 0
    0000030A C0                     823 	.db #0xc0	; 192
    0000030B 00                     824 	.db #0x00	; 0
    0000030C 00                     825 	.db #0x00	; 0
    0000030D 00                     826 	.db #0x00	; 0
    0000030E 00                     827 	.db #0x00	; 0
    0000030F 00                     828 	.db #0x00	; 0
    00000310 0F                     829 	.db #0x0f	; 15
    00000311 00                     830 	.db #0x00	; 0
    00000312 03                     831 	.db #0x03	; 3
    00000313 00                     832 	.db #0x00	; 0
    00000314 00                     833 	.db #0x00	; 0
    00000315 00                     834 	.db #0x00	; 0
    00000316 00                     835 	.db #0x00	; 0
    00000317 00                     836 	.db #0x00	; 0
    00000318 00                     837 	.db #0x00	; 0
    00000319 00                     838 	.db #0x00	; 0
    0000031A 00                     839 	.db #0x00	; 0
    0000031B 00                     840 	.db #0x00	; 0
    0000031C 00                     841 	.db #0x00	; 0
    0000031D 00                     842 	.db #0x00	; 0
    0000031E 00                     843 	.db #0x00	; 0
    0000031F 00                     844 	.db #0x00	; 0
    00000320 FE                     845 	.db #0xfe	; 254
    00000321 00                     846 	.db #0x00	; 0
    00000322 F8                     847 	.db #0xf8	; 248
    00000323 00                     848 	.db #0x00	; 0
    00000324 F0                     849 	.db #0xf0	; 240
    00000325 00                     850 	.db #0x00	; 0
    00000326 40                     851 	.db #0x40	; 64
    00000327 00                     852 	.db #0x00	; 0
    00000328 00                     853 	.db #0x00	; 0
    00000329 00                     854 	.db #0x00	; 0
    0000032A 00                     855 	.db #0x00	; 0
    0000032B 00                     856 	.db #0x00	; 0
    0000032C 00                     857 	.db #0x00	; 0
    0000032D 00                     858 	.db #0x00	; 0
    0000032E 00                     859 	.db #0x00	; 0
    0000032F 00                     860 	.db #0x00	; 0
    00000330 00                     861 	.db #0x00	; 0
    00000331 00                     862 	.db #0x00	; 0
    00000332 00                     863 	.db #0x00	; 0
    00000333 00                     864 	.db #0x00	; 0
    00000334 00                     865 	.db #0x00	; 0
    00000335 00                     866 	.db #0x00	; 0
    00000336 00                     867 	.db #0x00	; 0
    00000337 00                     868 	.db #0x00	; 0
    00000338 00                     869 	.db #0x00	; 0
    00000339 00                     870 	.db #0x00	; 0
    0000033A 00                     871 	.db #0x00	; 0
    0000033B 00                     872 	.db #0x00	; 0
    0000033C 32                     873 	.db #0x32	; 50	'2'
    0000033D 32                     874 	.db #0x32	; 50	'2'
    0000033E 6D                     875 	.db #0x6d	; 109	'm'
    0000033F 4F                     876 	.db #0x4f	; 79	'O'
    00000340 04                     877 	.db #0x04	; 4
    00000341 07                     878 	.db #0x07	; 7
    00000342 0C                     879 	.db #0x0c	; 12
    00000343 0B                     880 	.db #0x0b	; 11
    00000344 1B                     881 	.db #0x1b	; 27
    00000345 17                     882 	.db #0x17	; 23
    00000346 27                     883 	.db #0x27	; 39
    00000347 2A                     884 	.db #0x2a	; 42
    00000348 1D                     885 	.db #0x1d	; 29
    00000349 1C                     886 	.db #0x1c	; 28
    0000034A 07                     887 	.db #0x07	; 7
    0000034B 04                     888 	.db #0x04	; 4
    0000034C 07                     889 	.db #0x07	; 7
    0000034D 04                     890 	.db #0x04	; 4
    0000034E 07                     891 	.db #0x07	; 7
    0000034F 04                     892 	.db #0x04	; 4
    00000350 01                     893 	.db #0x01	; 1
    00000351 FE                     894 	.db #0xfe	; 254
    00000352 10                     895 	.db #0x10	; 16
    00000353 FF                     896 	.db #0xff	; 255
    00000354 FF                     897 	.db #0xff	; 255
    00000355 FF                     898 	.db #0xff	; 255
    00000356 FE                     899 	.db #0xfe	; 254
    00000357 02                     900 	.db #0x02	; 2
    00000358 FE                     901 	.db #0xfe	; 254
    00000359 00                     902 	.db #0x00	; 0
    0000035A FE                     903 	.db #0xfe	; 254
    0000035B 02                     904 	.db #0x02	; 2
    0000035C 7E                     905 	.db #0x7e	; 126
    0000035D 80                     906 	.db #0x80	; 128
    0000035E 7E                     907 	.db #0x7e	; 126
    0000035F 82                     908 	.db #0x82	; 130
    00000360 C8                     909 	.db #0xc8	; 200
    00000361 00                     910 	.db #0x00	; 0
    00000362 10                     911 	.db #0x10	; 16
    00000363 EA                     912 	.db #0xea	; 234
    00000364 F9                     913 	.db #0xf9	; 249
    00000365 FF                     914 	.db #0xff	; 255
    00000366 07                     915 	.db #0x07	; 7
    00000367 07                     916 	.db #0x07	; 7
    00000368 80                     917 	.db #0x80	; 128
    00000369 00                     918 	.db #0x00	; 0
    0000036A 80                     919 	.db #0x80	; 128
    0000036B 08                     920 	.db #0x08	; 8
    0000036C 04                     921 	.db #0x04	; 4
    0000036D 0B                     922 	.db #0x0b	; 11
    0000036E 7F                     923 	.db #0x7f	; 127
    0000036F 7F                     924 	.db #0x7f	; 127
    00000370 79                     925 	.db #0x79	; 121	'y'
    00000371 57                     926 	.db #0x57	; 87	'W'
    00000372 B8                     927 	.db #0xb8	; 184
    00000373 37                     928 	.db #0x37	; 55	'7'
    00000374 79                     929 	.db #0x79	; 121	'y'
    00000375 B7                     930 	.db #0xb7	; 183
    00000376 EF                     931 	.db #0xef	; 239
    00000377 FB                     932 	.db #0xfb	; 251
    00000378 6C                     933 	.db #0x6c	; 108	'l'
    00000379 53                     934 	.db #0x53	; 83	'S'
    0000037A 62                     935 	.db #0x62	; 98	'b'
    0000037B 5D                     936 	.db #0x5d	; 93
    0000037C 42                     937 	.db #0x42	; 66	'B'
    0000037D FD                     938 	.db #0xfd	; 253
    0000037E D5                     939 	.db #0xd5	; 213
    0000037F EB                     940 	.db #0xeb	; 235
    00000380 A8                     941 	.db #0xa8	; 168
    00000381 08                     942 	.db #0x08	; 8
    00000382 A8                     943 	.db #0xa8	; 168
    00000383 08                     944 	.db #0x08	; 8
    00000384 C8                     945 	.db #0xc8	; 200
    00000385 28                     946 	.db #0x28	; 40
    00000386 FF                     947 	.db #0xff	; 255
    00000387 FF                     948 	.db #0xff	; 255
    00000388 01                     949 	.db #0x01	; 1
    00000389 01                     950 	.db #0x01	; 1
    0000038A 09                     951 	.db #0x09	; 9
    0000038B 61                     952 	.db #0x61	; 97	'a'
    0000038C 61                     953 	.db #0x61	; 97	'a'
    0000038D 0D                     954 	.db #0x0d	; 13
    0000038E 03                     955 	.db #0x03	; 3
    0000038F 01                     956 	.db #0x01	; 1
    00000390 32                     957 	.db #0x32	; 50	'2'
    00000391 26                     958 	.db #0x26	; 38
    00000392 5F                     959 	.db #0x5f	; 95
    00000393 61                     960 	.db #0x61	; 97	'a'
    00000394 BF                     961 	.db #0xbf	; 191
    00000395 C0                     962 	.db #0xc0	; 192
    00000396 FD                     963 	.db #0xfd	; 253
    00000397 00                     964 	.db #0x00	; 0
    00000398 78                     965 	.db #0x78	; 120	'x'
    00000399 80                     966 	.db #0x80	; 128
    0000039A 78                     967 	.db #0x78	; 120	'x'
    0000039B 80                     968 	.db #0x80	; 128
    0000039C 3C                     969 	.db #0x3c	; 60
    0000039D C0                     970 	.db #0xc0	; 192
    0000039E 7C                     971 	.db #0x7c	; 124
    0000039F 80                     972 	.db #0x80	; 128
    000003A0 00                     973 	.db #0x00	; 0
    000003A1 00                     974 	.db #0x00	; 0
    000003A2 00                     975 	.db #0x00	; 0
    000003A3 00                     976 	.db #0x00	; 0
    000003A4 80                     977 	.db #0x80	; 128
    000003A5 80                     978 	.db #0x80	; 128
    000003A6 E0                     979 	.db #0xe0	; 224
    000003A7 40                     980 	.db #0x40	; 64
    000003A8 30                     981 	.db #0x30	; 48	'0'
    000003A9 20                     982 	.db #0x20	; 32
    000003AA 18                     983 	.db #0x18	; 24
    000003AB 10                     984 	.db #0x10	; 16
    000003AC 0C                     985 	.db #0x0c	; 12
    000003AD 08                     986 	.db #0x08	; 8
    000003AE 08                     987 	.db #0x08	; 8
    000003AF 08                     988 	.db #0x08	; 8
    000003B0 07                     989 	.db #0x07	; 7
    000003B1 00                     990 	.db #0x00	; 0
    000003B2 03                     991 	.db #0x03	; 3
    000003B3 00                     992 	.db #0x00	; 0
    000003B4 00                     993 	.db #0x00	; 0
    000003B5 00                     994 	.db #0x00	; 0
    000003B6 00                     995 	.db #0x00	; 0
    000003B7 00                     996 	.db #0x00	; 0
    000003B8 00                     997 	.db #0x00	; 0
    000003B9 00                     998 	.db #0x00	; 0
    000003BA 00                     999 	.db #0x00	; 0
    000003BB 00                    1000 	.db #0x00	; 0
    000003BC 00                    1001 	.db #0x00	; 0
    000003BD 00                    1002 	.db #0x00	; 0
    000003BE 00                    1003 	.db #0x00	; 0
    000003BF 00                    1004 	.db #0x00	; 0
    000003C0 C0                    1005 	.db #0xc0	; 192
    000003C1 00                    1006 	.db #0x00	; 0
    000003C2 80                    1007 	.db #0x80	; 128
    000003C3 00                    1008 	.db #0x00	; 0
    000003C4 00                    1009 	.db #0x00	; 0
    000003C5 00                    1010 	.db #0x00	; 0
    000003C6 00                    1011 	.db #0x00	; 0
    000003C7 00                    1012 	.db #0x00	; 0
    000003C8 00                    1013 	.db #0x00	; 0
    000003C9 00                    1014 	.db #0x00	; 0
    000003CA 00                    1015 	.db #0x00	; 0
    000003CB 00                    1016 	.db #0x00	; 0
    000003CC 00                    1017 	.db #0x00	; 0
    000003CD 00                    1018 	.db #0x00	; 0
    000003CE 00                    1019 	.db #0x00	; 0
    000003CF 00                    1020 	.db #0x00	; 0
    000003D0 00                    1021 	.db #0x00	; 0
    000003D1 00                    1022 	.db #0x00	; 0
    000003D2 16                    1023 	.db #0x16	; 22
    000003D3 00                    1024 	.db #0x00	; 0
    000003D4 03                    1025 	.db #0x03	; 3
    000003D5 00                    1026 	.db #0x00	; 0
    000003D6 03                    1027 	.db #0x03	; 3
    000003D7 00                    1028 	.db #0x00	; 0
    000003D8 01                    1029 	.db #0x01	; 1
    000003D9 00                    1030 	.db #0x00	; 0
    000003DA 00                    1031 	.db #0x00	; 0
    000003DB 00                    1032 	.db #0x00	; 0
    000003DC 00                    1033 	.db #0x00	; 0
    000003DD 00                    1034 	.db #0x00	; 0
    000003DE 00                    1035 	.db #0x00	; 0
    000003DF 00                    1036 	.db #0x00	; 0
    000003E0 00                    1037 	.db #0x00	; 0
    000003E1 00                    1038 	.db #0x00	; 0
    000003E2 00                    1039 	.db #0x00	; 0
    000003E3 00                    1040 	.db #0x00	; 0
    000003E4 03                    1041 	.db #0x03	; 3
    000003E5 00                    1042 	.db #0x00	; 0
    000003E6 FF                    1043 	.db #0xff	; 255
    000003E7 00                    1044 	.db #0x00	; 0
    000003E8 FF                    1045 	.db #0xff	; 255
    000003E9 00                    1046 	.db #0x00	; 0
    000003EA FF                    1047 	.db #0xff	; 255
    000003EB 00                    1048 	.db #0x00	; 0
    000003EC 7F                    1049 	.db #0x7f	; 127
    000003ED 00                    1050 	.db #0x00	; 0
    000003EE 19                    1051 	.db #0x19	; 25
    000003EF 00                    1052 	.db #0x00	; 0
    000003F0 1F                    1053 	.db #0x1f	; 31
    000003F1 00                    1054 	.db #0x00	; 0
    000003F2 7F                    1055 	.db #0x7f	; 127
    000003F3 00                    1056 	.db #0x00	; 0
    000003F4 FF                    1057 	.db #0xff	; 255
    000003F5 00                    1058 	.db #0x00	; 0
    000003F6 FE                    1059 	.db #0xfe	; 254
    000003F7 00                    1060 	.db #0x00	; 0
    000003F8 FE                    1061 	.db #0xfe	; 254
    000003F9 00                    1062 	.db #0x00	; 0
    000003FA FE                    1063 	.db #0xfe	; 254
    000003FB 00                    1064 	.db #0x00	; 0
    000003FC E0                    1065 	.db #0xe0	; 224
    000003FD 00                    1066 	.db #0x00	; 0
    000003FE C0                    1067 	.db #0xc0	; 192
    000003FF 00                    1068 	.db #0x00	; 0
    00000400 FF                    1069 	.db #0xff	; 255
    00000401 00                    1070 	.db #0x00	; 0
    00000402 FE                    1071 	.db #0xfe	; 254
    00000403 00                    1072 	.db #0x00	; 0
    00000404 C0                    1073 	.db #0xc0	; 192
    00000405 00                    1074 	.db #0x00	; 0
    00000406 00                    1075 	.db #0x00	; 0
    00000407 00                    1076 	.db #0x00	; 0
    00000408 00                    1077 	.db #0x00	; 0
    00000409 00                    1078 	.db #0x00	; 0
    0000040A 00                    1079 	.db #0x00	; 0
    0000040B 00                    1080 	.db #0x00	; 0
    0000040C 00                    1081 	.db #0x00	; 0
    0000040D 00                    1082 	.db #0x00	; 0
    0000040E 00                    1083 	.db #0x00	; 0
    0000040F 00                    1084 	.db #0x00	; 0
    00000410 00                    1085 	.db #0x00	; 0
    00000411 00                    1086 	.db #0x00	; 0
    00000412 00                    1087 	.db #0x00	; 0
    00000413 00                    1088 	.db #0x00	; 0
    00000414 00                    1089 	.db #0x00	; 0
    00000415 00                    1090 	.db #0x00	; 0
    00000416 00                    1091 	.db #0x00	; 0
    00000417 00                    1092 	.db #0x00	; 0
    00000418 00                    1093 	.db #0x00	; 0
    00000419 00                    1094 	.db #0x00	; 0
    0000041A 00                    1095 	.db #0x00	; 0
    0000041B 00                    1096 	.db #0x00	; 0
    0000041C 00                    1097 	.db #0x00	; 0
    0000041D 00                    1098 	.db #0x00	; 0
    0000041E 01                    1099 	.db #0x01	; 1
    0000041F 01                    1100 	.db #0x01	; 1
    00000420 00                    1101 	.db #0x00	; 0
    00000421 00                    1102 	.db #0x00	; 0
    00000422 00                    1103 	.db #0x00	; 0
    00000423 00                    1104 	.db #0x00	; 0
    00000424 00                    1105 	.db #0x00	; 0
    00000425 00                    1106 	.db #0x00	; 0
    00000426 00                    1107 	.db #0x00	; 0
    00000427 00                    1108 	.db #0x00	; 0
    00000428 00                    1109 	.db #0x00	; 0
    00000429 00                    1110 	.db #0x00	; 0
    0000042A 00                    1111 	.db #0x00	; 0
    0000042B 00                    1112 	.db #0x00	; 0
    0000042C 00                    1113 	.db #0x00	; 0
    0000042D 00                    1114 	.db #0x00	; 0
    0000042E F8                    1115 	.db #0xf8	; 248
    0000042F 98                    1116 	.db #0x98	; 152
    00000430 06                    1117 	.db #0x06	; 6
    00000431 06                    1118 	.db #0x06	; 6
    00000432 0F                    1119 	.db #0x0f	; 15
    00000433 09                    1120 	.db #0x09	; 9
    00000434 1D                    1121 	.db #0x1d	; 29
    00000435 1D                    1122 	.db #0x1d	; 29
    00000436 3F                    1123 	.db #0x3f	; 63
    00000437 3F                    1124 	.db #0x3f	; 63
    00000438 23                    1125 	.db #0x23	; 35
    00000439 3F                    1126 	.db #0x3f	; 63
    0000043A 5F                    1127 	.db #0x5f	; 95
    0000043B 7F                    1128 	.db #0x7f	; 127
    0000043C DE                    1129 	.db #0xde	; 222
    0000043D FF                    1130 	.db #0xff	; 255
    0000043E CD                    1131 	.db #0xcd	; 205
    0000043F FF                    1132 	.db #0xff	; 255
    00000440 4D                    1133 	.db #0x4d	; 77	'M'
    00000441 6F                    1134 	.db #0x6f	; 111	'o'
    00000442 61                    1135 	.db #0x61	; 97	'a'
    00000443 6E                    1136 	.db #0x6e	; 110	'n'
    00000444 C8                    1137 	.db #0xc8	; 200
    00000445 FE                    1138 	.db #0xfe	; 254
    00000446 88                    1139 	.db #0x88	; 136
    00000447 BE                    1140 	.db #0xbe	; 190
    00000448 18                    1141 	.db #0x18	; 24
    00000449 BE                    1142 	.db #0xbe	; 190
    0000044A 18                    1143 	.db #0x18	; 24
    0000044B BF                    1144 	.db #0xbf	; 191
    0000044C 58                    1145 	.db #0x58	; 88	'X'
    0000044D BE                    1146 	.db #0xbe	; 190
    0000044E 20                    1147 	.db #0x20	; 32
    0000044F FE                    1148 	.db #0xfe	; 254
    00000450 00                    1149 	.db #0x00	; 0
    00000451 00                    1150 	.db #0x00	; 0
    00000452 80                    1151 	.db #0x80	; 128
    00000453 80                    1152 	.db #0x80	; 128
    00000454 80                    1153 	.db #0x80	; 128
    00000455 80                    1154 	.db #0x80	; 128
    00000456 80                    1155 	.db #0x80	; 128
    00000457 80                    1156 	.db #0x80	; 128
    00000458 C0                    1157 	.db #0xc0	; 192
    00000459 40                    1158 	.db #0x40	; 64
    0000045A 40                    1159 	.db #0x40	; 64
    0000045B 48                    1160 	.db #0x48	; 72	'H'
    0000045C 5C                    1161 	.db #0x5c	; 92
    0000045D 5C                    1162 	.db #0x5c	; 92
    0000045E A3                    1163 	.db #0xa3	; 163
    0000045F 3F                    1164 	.db #0x3f	; 63
    00000460 0F                    1165 	.db #0x0f	; 15
    00000461 0F                    1166 	.db #0x0f	; 15
    00000462 11                    1167 	.db #0x11	; 17
    00000463 10                    1168 	.db #0x10	; 16
    00000464 10                    1169 	.db #0x10	; 16
    00000465 18                    1170 	.db #0x18	; 24
    00000466 28                    1171 	.db #0x28	; 40
    00000467 38                    1172 	.db #0x38	; 56	'8'
    00000468 64                    1173 	.db #0x64	; 100	'd'
    00000469 7C                    1174 	.db #0x7c	; 124
    0000046A A4                    1175 	.db #0xa4	; 164
    0000046B FE                    1176 	.db #0xfe	; 254
    0000046C CA                    1177 	.db #0xca	; 202
    0000046D FE                    1178 	.db #0xfe	; 254
    0000046E 0E                    1179 	.db #0x0e	; 14
    0000046F FF                    1180 	.db #0xff	; 255
    00000470 FE                    1181 	.db #0xfe	; 254
    00000471 00                    1182 	.db #0x00	; 0
    00000472 F6                    1183 	.db #0xf6	; 246
    00000473 FA                    1184 	.db #0xfa	; 250
    00000474 1F                    1185 	.db #0x1f	; 31
    00000475 2E                    1186 	.db #0x2e	; 46
    00000476 03                    1187 	.db #0x03	; 3
    00000477 01                    1188 	.db #0x01	; 1
    00000478 02                    1189 	.db #0x02	; 2
    00000479 85                    1190 	.db #0x85	; 133
    0000047A 00                    1191 	.db #0x00	; 0
    0000047B 8D                    1192 	.db #0x8d	; 141
    0000047C 40                    1193 	.db #0x40	; 64
    0000047D 85                    1194 	.db #0x85	; 133
    0000047E 00                    1195 	.db #0x00	; 0
    0000047F 45                    1196 	.db #0x45	; 69	'E'
    00000480 C0                    1197 	.db #0xc0	; 192
    00000481 7F                    1198 	.db #0x7f	; 127
    00000482 42                    1199 	.db #0x42	; 66	'B'
    00000483 FF                    1200 	.db #0xff	; 255
    00000484 47                    1201 	.db #0x47	; 71	'G'
    00000485 FF                    1202 	.db #0xff	; 255
    00000486 C4                    1203 	.db #0xc4	; 196
    00000487 FE                    1204 	.db #0xfe	; 254
    00000488 48                    1205 	.db #0x48	; 72	'H'
    00000489 FE                    1206 	.db #0xfe	; 254
    0000048A 78                    1207 	.db #0x78	; 120	'x'
    0000048B FE                    1208 	.db #0xfe	; 254
    0000048C 50                    1209 	.db #0x50	; 80	'P'
    0000048D DE                    1210 	.db #0xde	; 222
    0000048E 60                    1211 	.db #0x60	; 96
    0000048F FD                    1212 	.db #0xfd	; 253
    00000490 5F                    1213 	.db #0x5f	; 95
    00000491 E1                    1214 	.db #0xe1	; 225
    00000492 5F                    1215 	.db #0x5f	; 95
    00000493 E4                    1216 	.db #0xe4	; 228
    00000494 5F                    1217 	.db #0x5f	; 95
    00000495 E4                    1218 	.db #0xe4	; 228
    00000496 D5                    1219 	.db #0xd5	; 213
    00000497 EB                    1220 	.db #0xeb	; 235
    00000498 6F                    1221 	.db #0x6f	; 111	'o'
    00000499 51                    1222 	.db #0x51	; 81	'Q'
    0000049A E0                    1223 	.db #0xe0	; 224
    0000049B 5F                    1224 	.db #0x5f	; 95
    0000049C 60                    1225 	.db #0x60	; 96
    0000049D 3F                    1226 	.db #0x3f	; 63
    0000049E 65                    1227 	.db #0x65	; 101	'e'
    0000049F BB                    1228 	.db #0xbb	; 187
    000004A0 81                    1229 	.db #0x81	; 129
    000004A1 01                    1230 	.db #0x01	; 1
    000004A2 03                    1231 	.db #0x03	; 3
    000004A3 11                    1232 	.db #0x11	; 17
    000004A4 01                    1233 	.db #0x01	; 1
    000004A5 11                    1234 	.db #0x11	; 17
    000004A6 01                    1235 	.db #0x01	; 1
    000004A7 01                    1236 	.db #0x01	; 1
    000004A8 01                    1237 	.db #0x01	; 1
    000004A9 01                    1238 	.db #0x01	; 1
    000004AA 41                    1239 	.db #0x41	; 65	'A'
    000004AB 01                    1240 	.db #0x01	; 1
    000004AC 01                    1241 	.db #0x01	; 1
    000004AD 01                    1242 	.db #0x01	; 1
    000004AE 01                    1243 	.db #0x01	; 1
    000004AF 01                    1244 	.db #0x01	; 1
    000004B0 BE                    1245 	.db #0xbe	; 190
    000004B1 00                    1246 	.db #0x00	; 0
    000004B2 FE                    1247 	.db #0xfe	; 254
    000004B3 00                    1248 	.db #0x00	; 0
    000004B4 FF                    1249 	.db #0xff	; 255
    000004B5 00                    1250 	.db #0x00	; 0
    000004B6 FF                    1251 	.db #0xff	; 255
    000004B7 00                    1252 	.db #0x00	; 0
    000004B8 1F                    1253 	.db #0x1f	; 31
    000004B9 E0                    1254 	.db #0xe0	; 224
    000004BA 05                    1255 	.db #0x05	; 5
    000004BB F8                    1256 	.db #0xf8	; 248
    000004BC 02                    1257 	.db #0x02	; 2
    000004BD FC                    1258 	.db #0xfc	; 252
    000004BE 02                    1259 	.db #0x02	; 2
    000004BF FC                    1260 	.db #0xfc	; 252
    000004C0 04                    1261 	.db #0x04	; 4
    000004C1 04                    1262 	.db #0x04	; 4
    000004C2 82                    1263 	.db #0x82	; 130
    000004C3 02                    1264 	.db #0x02	; 2
    000004C4 02                    1265 	.db #0x02	; 2
    000004C5 02                    1266 	.db #0x02	; 2
    000004C6 E1                    1267 	.db #0xe1	; 225
    000004C7 01                    1268 	.db #0x01	; 1
    000004C8 E3                    1269 	.db #0xe3	; 227
    000004C9 00                    1270 	.db #0x00	; 0
    000004CA E1                    1271 	.db #0xe1	; 225
    000004CB 02                    1272 	.db #0x02	; 2
    000004CC 63                    1273 	.db #0x63	; 99	'c'
    000004CD 00                    1274 	.db #0x00	; 0
    000004CE 2F                    1275 	.db #0x2f	; 47
    000004CF 10                    1276 	.db #0x10	; 16
    000004D0 00                    1277 	.db #0x00	; 0
    000004D1 00                    1278 	.db #0x00	; 0
    000004D2 00                    1279 	.db #0x00	; 0
    000004D3 00                    1280 	.db #0x00	; 0
    000004D4 00                    1281 	.db #0x00	; 0
    000004D5 00                    1282 	.db #0x00	; 0
    000004D6 00                    1283 	.db #0x00	; 0
    000004D7 00                    1284 	.db #0x00	; 0
    000004D8 80                    1285 	.db #0x80	; 128
    000004D9 80                    1286 	.db #0x80	; 128
    000004DA C0                    1287 	.db #0xc0	; 192
    000004DB 80                    1288 	.db #0x80	; 128
    000004DC E0                    1289 	.db #0xe0	; 224
    000004DD 40                    1290 	.db #0x40	; 64
    000004DE F0                    1291 	.db #0xf0	; 240
    000004DF 20                    1292 	.db #0x20	; 32
    000004E0 02                    1293 	.db #0x02	; 2
    000004E1 03                    1294 	.db #0x03	; 3
    000004E2 02                    1295 	.db #0x02	; 2
    000004E3 03                    1296 	.db #0x03	; 3
    000004E4 02                    1297 	.db #0x02	; 2
    000004E5 03                    1298 	.db #0x03	; 3
    000004E6 02                    1299 	.db #0x02	; 2
    000004E7 03                    1300 	.db #0x03	; 3
    000004E8 02                    1301 	.db #0x02	; 2
    000004E9 03                    1302 	.db #0x03	; 3
    000004EA 02                    1303 	.db #0x02	; 2
    000004EB 03                    1304 	.db #0x03	; 3
    000004EC 02                    1305 	.db #0x02	; 2
    000004ED 03                    1306 	.db #0x03	; 3
    000004EE 02                    1307 	.db #0x02	; 2
    000004EF 03                    1308 	.db #0x03	; 3
    000004F0 67                    1309 	.db #0x67	; 103	'g'
    000004F1 E7                    1310 	.db #0xe7	; 231
    000004F2 09                    1311 	.db #0x09	; 9
    000004F3 E9                    1312 	.db #0xe9	; 233
    000004F4 0B                    1313 	.db #0x0b	; 11
    000004F5 EB                    1314 	.db #0xeb	; 235
    000004F6 07                    1315 	.db #0x07	; 7
    000004F7 E4                    1316 	.db #0xe4	; 228
    000004F8 07                    1317 	.db #0x07	; 7
    000004F9 E4                    1318 	.db #0xe4	; 228
    000004FA 04                    1319 	.db #0x04	; 4
    000004FB E7                    1320 	.db #0xe7	; 231
    000004FC C8                    1321 	.db #0xc8	; 200
    000004FD EF                    1322 	.db #0xef	; 239
    000004FE C8                    1323 	.db #0xc8	; 200
    000004FF EF                    1324 	.db #0xef	; 239
    00000500 75                    1325 	.db #0x75	; 117	'u'
    00000501 FF                    1326 	.db #0xff	; 255
    00000502 BF                    1327 	.db #0xbf	; 191
    00000503 FF                    1328 	.db #0xff	; 255
    00000504 E0                    1329 	.db #0xe0	; 224
    00000505 DF                    1330 	.db #0xdf	; 223
    00000506 D0                    1331 	.db #0xd0	; 208
    00000507 3F                    1332 	.db #0x3f	; 63
    00000508 F0                    1333 	.db #0xf0	; 240
    00000509 7F                    1334 	.db #0x7f	; 127
    0000050A 80                    1335 	.db #0x80	; 128
    0000050B 7F                    1336 	.db #0x7f	; 127
    0000050C 08                    1337 	.db #0x08	; 8
    0000050D FF                    1338 	.db #0xff	; 255
    0000050E A4                    1339 	.db #0xa4	; 164
    0000050F FF                    1340 	.db #0xff	; 255
    00000510 FF                    1341 	.db #0xff	; 255
    00000511 FF                    1342 	.db #0xff	; 255
    00000512 04                    1343 	.db #0x04	; 4
    00000513 FC                    1344 	.db #0xfc	; 252
    00000514 04                    1345 	.db #0x04	; 4
    00000515 FD                    1346 	.db #0xfd	; 253
    00000516 04                    1347 	.db #0x04	; 4
    00000517 FC                    1348 	.db #0xfc	; 252
    00000518 04                    1349 	.db #0x04	; 4
    00000519 FC                    1350 	.db #0xfc	; 252
    0000051A C5                    1351 	.db #0xc5	; 197
    0000051B FD                    1352 	.db #0xfd	; 253
    0000051C 04                    1353 	.db #0x04	; 4
    0000051D FC                    1354 	.db #0xfc	; 252
    0000051E 08                    1355 	.db #0x08	; 8
    0000051F F8                    1356 	.db #0xf8	; 248
    00000520 61                    1357 	.db #0x61	; 97	'a'
    00000521 FD                    1358 	.db #0xfd	; 253
    00000522 D2                    1359 	.db #0xd2	; 210
    00000523 DB                    1360 	.db #0xdb	; 219
    00000524 D5                    1361 	.db #0xd5	; 213
    00000525 1F                    1362 	.db #0x1f	; 31
    00000526 1A                    1363 	.db #0x1a	; 26
    00000527 1F                    1364 	.db #0x1f	; 31
    00000528 14                    1365 	.db #0x14	; 20
    00000529 1F                    1366 	.db #0x1f	; 31
    0000052A DC                    1367 	.db #0xdc	; 220
    0000052B DF                    1368 	.db #0xdf	; 223
    0000052C 13                    1369 	.db #0x13	; 19
    0000052D 1F                    1370 	.db #0x1f	; 31
    0000052E 1D                    1371 	.db #0x1d	; 29
    0000052F 13                    1372 	.db #0x13	; 19
    00000530 BF                    1373 	.db #0xbf	; 191
    00000531 FF                    1374 	.db #0xff	; 255
    00000532 FF                    1375 	.db #0xff	; 255
    00000533 FF                    1376 	.db #0xff	; 255
    00000534 FF                    1377 	.db #0xff	; 255
    00000535 FF                    1378 	.db #0xff	; 255
    00000536 B3                    1379 	.db #0xb3	; 179
    00000537 4D                    1380 	.db #0x4d	; 77	'M'
    00000538 DD                    1381 	.db #0xdd	; 221
    00000539 2F                    1382 	.db #0x2f	; 47
    0000053A DB                    1383 	.db #0xdb	; 219
    0000053B 2C                    1384 	.db #0x2c	; 44
    0000053C B8                    1385 	.db #0xb8	; 184
    0000053D C7                    1386 	.db #0xc7	; 199
    0000053E DA                    1387 	.db #0xda	; 218
    0000053F E7                    1388 	.db #0xe7	; 231
    00000540 02                    1389 	.db #0x02	; 2
    00000541 61                    1390 	.db #0x61	; 97	'a'
    00000542 8C                    1391 	.db #0x8c	; 140
    00000543 F1                    1392 	.db #0xf1	; 241
    00000544 F0                    1393 	.db #0xf0	; 240
    00000545 CF                    1394 	.db #0xcf	; 207
    00000546 7F                    1395 	.db #0x7f	; 127
    00000547 FF                    1396 	.db #0xff	; 255
    00000548 40                    1397 	.db #0x40	; 64
    00000549 C1                    1398 	.db #0xc1	; 193
    0000054A 41                    1399 	.db #0x41	; 65	'A'
    0000054B C0                    1400 	.db #0xc0	; 192
    0000054C 48                    1401 	.db #0x48	; 72	'H'
    0000054D C5                    1402 	.db #0xc5	; 197
    0000054E 45                    1403 	.db #0x45	; 69	'E'
    0000054F CA                    1404 	.db #0xca	; 202
    00000550 67                    1405 	.db #0x67	; 103	'g'
    00000551 FF                    1406 	.db #0xff	; 255
    00000552 74                    1407 	.db #0x74	; 116	't'
    00000553 F8                    1408 	.db #0xf8	; 248
    00000554 34                    1409 	.db #0x34	; 52	'4'
    00000555 F8                    1410 	.db #0xf8	; 248
    00000556 F1                    1411 	.db #0xf1	; 241
    00000557 FD                    1412 	.db #0xfd	; 253
    00000558 30                    1413 	.db #0x30	; 48	'0'
    00000559 FC                    1414 	.db #0xfc	; 252
    0000055A 90                    1415 	.db #0x90	; 144
    0000055B 7C                    1416 	.db #0x7c	; 124
    0000055C DC                    1417 	.db #0xdc	; 220
    0000055D B0                    1418 	.db #0xb0	; 176
    0000055E F8                    1419 	.db #0xf8	; 248
    0000055F B4                    1420 	.db #0xb4	; 180
    00000560 70                    1421 	.db #0x70	; 112	'p'
    00000561 9F                    1422 	.db #0x9f	; 159
    00000562 51                    1423 	.db #0x51	; 81	'Q'
    00000563 3F                    1424 	.db #0x3f	; 63
    00000564 10                    1425 	.db #0x10	; 16
    00000565 1F                    1426 	.db #0x1f	; 31
    00000566 11                    1427 	.db #0x11	; 17
    00000567 1F                    1428 	.db #0x1f	; 31
    00000568 11                    1429 	.db #0x11	; 17
    00000569 1F                    1430 	.db #0x1f	; 31
    0000056A 13                    1431 	.db #0x13	; 19
    0000056B 1F                    1432 	.db #0x1f	; 31
    0000056C 1C                    1433 	.db #0x1c	; 28
    0000056D 1F                    1434 	.db #0x1f	; 31
    0000056E 10                    1435 	.db #0x10	; 16
    0000056F 1F                    1436 	.db #0x1f	; 31
    00000570 01                    1437 	.db #0x01	; 1
    00000571 01                    1438 	.db #0x01	; 1
    00000572 61                    1439 	.db #0x61	; 97	'a'
    00000573 01                    1440 	.db #0x01	; 1
    00000574 E1                    1441 	.db #0xe1	; 225
    00000575 01                    1442 	.db #0x01	; 1
    00000576 C1                    1443 	.db #0xc1	; 193
    00000577 01                    1444 	.db #0x01	; 1
    00000578 E1                    1445 	.db #0xe1	; 225
    00000579 01                    1446 	.db #0x01	; 1
    0000057A FF                    1447 	.db #0xff	; 255
    0000057B FF                    1448 	.db #0xff	; 255
    0000057C 31                    1449 	.db #0x31	; 49	'1'
    0000057D 81                    1450 	.db #0x81	; 129
    0000057E CE                    1451 	.db #0xce	; 206
    0000057F 00                    1452 	.db #0x00	; 0
    00000580 00                    1453 	.db #0x00	; 0
    00000581 00                    1454 	.db #0x00	; 0
    00000582 00                    1455 	.db #0x00	; 0
    00000583 00                    1456 	.db #0x00	; 0
    00000584 00                    1457 	.db #0x00	; 0
    00000585 00                    1458 	.db #0x00	; 0
    00000586 00                    1459 	.db #0x00	; 0
    00000587 00                    1460 	.db #0x00	; 0
    00000588 00                    1461 	.db #0x00	; 0
    00000589 00                    1462 	.db #0x00	; 0
    0000058A 12                    1463 	.db #0x12	; 18
    0000058B 00                    1464 	.db #0x00	; 0
    0000058C FE                    1465 	.db #0xfe	; 254
    0000058D 80                    1466 	.db #0x80	; 128
    0000058E FE                    1467 	.db #0xfe	; 254
    0000058F 40                    1468 	.db #0x40	; 64
    00000590 03                    1469 	.db #0x03	; 3
    00000591 FC                    1470 	.db #0xfc	; 252
    00000592 06                    1471 	.db #0x06	; 6
    00000593 F8                    1472 	.db #0xf8	; 248
    00000594 06                    1473 	.db #0x06	; 6
    00000595 F8                    1474 	.db #0xf8	; 248
    00000596 04                    1475 	.db #0x04	; 4
    00000597 DA                    1476 	.db #0xda	; 218
    00000598 EE                    1477 	.db #0xee	; 238
    00000599 10                    1478 	.db #0x10	; 16
    0000059A 6E                    1479 	.db #0x6e	; 110	'n'
    0000059B 90                    1480 	.db #0x90	; 144
    0000059C 4E                    1481 	.db #0x4e	; 78	'N'
    0000059D B0                    1482 	.db #0xb0	; 176
    0000059E D2                    1483 	.db #0xd2	; 210
    0000059F 2C                    1484 	.db #0x2c	; 44
    000005A0 6F                    1485 	.db #0x6f	; 111	'o'
    000005A1 00                    1486 	.db #0x00	; 0
    000005A2 2F                    1487 	.db #0x2f	; 47
    000005A3 50                    1488 	.db #0x50	; 80	'P'
    000005A4 23                    1489 	.db #0x23	; 35
    000005A5 5C                    1490 	.db #0x5c	; 92
    000005A6 63                    1491 	.db #0x63	; 99	'c'
    000005A7 1C                    1492 	.db #0x1c	; 28
    000005A8 07                    1493 	.db #0x07	; 7
    000005A9 58                    1494 	.db #0x58	; 88	'X'
    000005AA 4E                    1495 	.db #0x4e	; 78	'N'
    000005AB 10                    1496 	.db #0x10	; 16
    000005AC 5E                    1497 	.db #0x5e	; 94
    000005AD 00                    1498 	.db #0x00	; 0
    000005AE 4E                    1499 	.db #0x4e	; 78	'N'
    000005AF 10                    1500 	.db #0x10	; 16
    000005B0 F0                    1501 	.db #0xf0	; 240
    000005B1 10                    1502 	.db #0x10	; 16
    000005B2 F0                    1503 	.db #0xf0	; 240
    000005B3 10                    1504 	.db #0x10	; 16
    000005B4 F8                    1505 	.db #0xf8	; 248
    000005B5 08                    1506 	.db #0x08	; 8
    000005B6 FC                    1507 	.db #0xfc	; 252
    000005B7 04                    1508 	.db #0x04	; 4
    000005B8 FE                    1509 	.db #0xfe	; 254
    000005B9 02                    1510 	.db #0x02	; 2
    000005BA 1F                    1511 	.db #0x1f	; 31
    000005BB 01                    1512 	.db #0x01	; 1
    000005BC 0F                    1513 	.db #0x0f	; 15
    000005BD 01                    1514 	.db #0x01	; 1
    000005BE 06                    1515 	.db #0x06	; 6
    000005BF 00                    1516 	.db #0x00	; 0
    000005C0 00                    1517 	.db #0x00	; 0
    000005C1 00                    1518 	.db #0x00	; 0
    000005C2 00                    1519 	.db #0x00	; 0
    000005C3 00                    1520 	.db #0x00	; 0
    000005C4 00                    1521 	.db #0x00	; 0
    000005C5 00                    1522 	.db #0x00	; 0
    000005C6 00                    1523 	.db #0x00	; 0
    000005C7 00                    1524 	.db #0x00	; 0
    000005C8 00                    1525 	.db #0x00	; 0
    000005C9 00                    1526 	.db #0x00	; 0
    000005CA 00                    1527 	.db #0x00	; 0
    000005CB 00                    1528 	.db #0x00	; 0
    000005CC 00                    1529 	.db #0x00	; 0
    000005CD 00                    1530 	.db #0x00	; 0
    000005CE 80                    1531 	.db #0x80	; 128
    000005CF 80                    1532 	.db #0x80	; 128
    000005D0 02                    1533 	.db #0x02	; 2
    000005D1 03                    1534 	.db #0x03	; 3
    000005D2 04                    1535 	.db #0x04	; 4
    000005D3 07                    1536 	.db #0x07	; 7
    000005D4 04                    1537 	.db #0x04	; 4
    000005D5 0F                    1538 	.db #0x0f	; 15
    000005D6 04                    1539 	.db #0x04	; 4
    000005D7 07                    1540 	.db #0x07	; 7
    000005D8 04                    1541 	.db #0x04	; 4
    000005D9 07                    1542 	.db #0x07	; 7
    000005DA 04                    1543 	.db #0x04	; 4
    000005DB 07                    1544 	.db #0x07	; 7
    000005DC 04                    1545 	.db #0x04	; 4
    000005DD 07                    1546 	.db #0x07	; 7
    000005DE 0E                    1547 	.db #0x0e	; 14
    000005DF 0F                    1548 	.db #0x0f	; 15
    000005E0 08                    1549 	.db #0x08	; 8
    000005E1 EF                    1550 	.db #0xef	; 239
    000005E2 08                    1551 	.db #0x08	; 8
    000005E3 EF                    1552 	.db #0xef	; 239
    000005E4 10                    1553 	.db #0x10	; 16
    000005E5 FF                    1554 	.db #0xff	; 255
    000005E6 00                    1555 	.db #0x00	; 0
    000005E7 FF                    1556 	.db #0xff	; 255
    000005E8 00                    1557 	.db #0x00	; 0
    000005E9 FF                    1558 	.db #0xff	; 255
    000005EA 00                    1559 	.db #0x00	; 0
    000005EB FF                    1560 	.db #0xff	; 255
    000005EC 00                    1561 	.db #0x00	; 0
    000005ED FF                    1562 	.db #0xff	; 255
    000005EE 00                    1563 	.db #0x00	; 0
    000005EF FF                    1564 	.db #0xff	; 255
    000005F0 A4                    1565 	.db #0xa4	; 164
    000005F1 FF                    1566 	.db #0xff	; 255
    000005F2 A0                    1567 	.db #0xa0	; 160
    000005F3 FF                    1568 	.db #0xff	; 255
    000005F4 01                    1569 	.db #0x01	; 1
    000005F5 FF                    1570 	.db #0xff	; 255
    000005F6 01                    1571 	.db #0x01	; 1
    000005F7 FF                    1572 	.db #0xff	; 255
    000005F8 01                    1573 	.db #0x01	; 1
    000005F9 FF                    1574 	.db #0xff	; 255
    000005FA 01                    1575 	.db #0x01	; 1
    000005FB FF                    1576 	.db #0xff	; 255
    000005FC 01                    1577 	.db #0x01	; 1
    000005FD FF                    1578 	.db #0xff	; 255
    000005FE 02                    1579 	.db #0x02	; 2
    000005FF FF                    1580 	.db #0xff	; 255
    00000600 08                    1581 	.db #0x08	; 8
    00000601 F8                    1582 	.db #0xf8	; 248
    00000602 29                    1583 	.db #0x29	; 41
    00000603 F9                    1584 	.db #0xf9	; 249
    00000604 29                    1585 	.db #0x29	; 41
    00000605 F9                    1586 	.db #0xf9	; 249
    00000606 08                    1587 	.db #0x08	; 8
    00000607 F8                    1588 	.db #0xf8	; 248
    00000608 08                    1589 	.db #0x08	; 8
    00000609 F8                    1590 	.db #0xf8	; 248
    0000060A 88                    1591 	.db #0x88	; 136
    0000060B F8                    1592 	.db #0xf8	; 248
    0000060C 88                    1593 	.db #0x88	; 136
    0000060D F8                    1594 	.db #0xf8	; 248
    0000060E 88                    1595 	.db #0x88	; 136
    0000060F F8                    1596 	.db #0xf8	; 248
    00000610 11                    1597 	.db #0x11	; 17
    00000611 1F                    1598 	.db #0x1f	; 31
    00000612 10                    1599 	.db #0x10	; 16
    00000613 17                    1600 	.db #0x17	; 23
    00000614 20                    1601 	.db #0x20	; 32
    00000615 3F                    1602 	.db #0x3f	; 63
    00000616 20                    1603 	.db #0x20	; 32
    00000617 3F                    1604 	.db #0x3f	; 63
    00000618 28                    1605 	.db #0x28	; 40
    00000619 3F                    1606 	.db #0x3f	; 63
    0000061A 3E                    1607 	.db #0x3e	; 62
    0000061B 3F                    1608 	.db #0x3f	; 63
    0000061C 3E                    1609 	.db #0x3e	; 62
    0000061D 3F                    1610 	.db #0x3f	; 63
    0000061E 3F                    1611 	.db #0x3f	; 63
    0000061F 3F                    1612 	.db #0x3f	; 63
    00000620 F6                    1613 	.db #0xf6	; 246
    00000621 EF                    1614 	.db #0xef	; 239
    00000622 5F                    1615 	.db #0x5f	; 95
    00000623 FF                    1616 	.db #0xff	; 255
    00000624 00                    1617 	.db #0x00	; 0
    00000625 FF                    1618 	.db #0xff	; 255
    00000626 0C                    1619 	.db #0x0c	; 12
    00000627 F1                    1620 	.db #0xf1	; 241
    00000628 0E                    1621 	.db #0x0e	; 14
    00000629 C1                    1622 	.db #0xc1	; 193
    0000062A 00                    1623 	.db #0x00	; 0
    0000062B C1                    1624 	.db #0xc1	; 193
    0000062C 00                    1625 	.db #0x00	; 0
    0000062D FF                    1626 	.db #0xff	; 255
    0000062E FF                    1627 	.db #0xff	; 255
    0000062F FF                    1628 	.db #0xff	; 255
    00000630 4C                    1629 	.db #0x4c	; 76	'L'
    00000631 C3                    1630 	.db #0xc3	; 195
    00000632 C1                    1631 	.db #0xc1	; 193
    00000633 C2                    1632 	.db #0xc2	; 194
    00000634 3D                    1633 	.db #0x3d	; 61
    00000635 FE                    1634 	.db #0xfe	; 254
    00000636 4F                    1635 	.db #0x4f	; 79	'O'
    00000637 3F                    1636 	.db #0x3f	; 63
    00000638 01                    1637 	.db #0x01	; 1
    00000639 C7                    1638 	.db #0xc7	; 199
    0000063A 12                    1639 	.db #0x12	; 18
    0000063B ED                    1640 	.db #0xed	; 237
    0000063C 0D                    1641 	.db #0x0d	; 13
    0000063D F2                    1642 	.db #0xf2	; 242
    0000063E CD                    1643 	.db #0xcd	; 205
    0000063F FF                    1644 	.db #0xff	; 255
    00000640 FC                    1645 	.db #0xfc	; 252
    00000641 30                    1646 	.db #0x30	; 48	'0'
    00000642 98                    1647 	.db #0x98	; 152
    00000643 74                    1648 	.db #0x74	; 116	't'
    00000644 FC                    1649 	.db #0xfc	; 252
    00000645 10                    1650 	.db #0x10	; 16
    00000646 DC                    1651 	.db #0xdc	; 220
    00000647 F0                    1652 	.db #0xf0	; 240
    00000648 F0                    1653 	.db #0xf0	; 240
    00000649 FC                    1654 	.db #0xfc	; 252
    0000064A F0                    1655 	.db #0xf0	; 240
    0000064B FC                    1656 	.db #0xfc	; 252
    0000064C 08                    1657 	.db #0x08	; 8
    0000064D FC                    1658 	.db #0xfc	; 252
    0000064E F8                    1659 	.db #0xf8	; 248
    0000064F FC                    1660 	.db #0xfc	; 252
    00000650 10                    1661 	.db #0x10	; 16
    00000651 1F                    1662 	.db #0x1f	; 31
    00000652 1C                    1663 	.db #0x1c	; 28
    00000653 1F                    1664 	.db #0x1f	; 31
    00000654 13                    1665 	.db #0x13	; 19
    00000655 13                    1666 	.db #0x13	; 19
    00000656 18                    1667 	.db #0x18	; 24
    00000657 10                    1668 	.db #0x10	; 16
    00000658 10                    1669 	.db #0x10	; 16
    00000659 10                    1670 	.db #0x10	; 16
    0000065A 10                    1671 	.db #0x10	; 16
    0000065B 10                    1672 	.db #0x10	; 16
    0000065C 10                    1673 	.db #0x10	; 16
    0000065D 10                    1674 	.db #0x10	; 16
    0000065E 54                    1675 	.db #0x54	; 84	'T'
    0000065F 14                    1676 	.db #0x14	; 20
    00000660 A7                    1677 	.db #0xa7	; 167
    00000661 00                    1678 	.db #0x00	; 0
    00000662 F2                    1679 	.db #0xf2	; 242
    00000663 0C                    1680 	.db #0x0c	; 12
    00000664 07                    1681 	.db #0x07	; 7
    00000665 18                    1682 	.db #0x18	; 24
    00000666 C9                    1683 	.db #0xc9	; 201
    00000667 98                    1684 	.db #0x98	; 152
    00000668 79                    1685 	.db #0x79	; 121	'y'
    00000669 E0                    1686 	.db #0xe0	; 224
    0000066A 18                    1687 	.db #0x18	; 24
    0000066B 1F                    1688 	.db #0x1f	; 31
    0000066C 07                    1689 	.db #0x07	; 7
    0000066D 07                    1690 	.db #0x07	; 7
    0000066E 00                    1691 	.db #0x00	; 0
    0000066F 00                    1692 	.db #0x00	; 0
    00000670 67                    1693 	.db #0x67	; 103	'g'
    00000671 38                    1694 	.db #0x38	; 56	'8'
    00000672 B1                    1695 	.db #0xb1	; 177
    00000673 1E                    1696 	.db #0x1e	; 30
    00000674 C8                    1697 	.db #0xc8	; 200
    00000675 0F                    1698 	.db #0x0f	; 15
    00000676 46                    1699 	.db #0x46	; 70	'F'
    00000677 8F                    1700 	.db #0x8f	; 143
    00000678 ED                    1701 	.db #0xed	; 237
    00000679 01                    1702 	.db #0x01	; 1
    0000067A 35                    1703 	.db #0x35	; 53	'5'
    0000067B C1                    1704 	.db #0xc1	; 193
    0000067C E3                    1705 	.db #0xe3	; 227
    0000067D FD                    1706 	.db #0xfd	; 253
    0000067E 1F                    1707 	.db #0x1f	; 31
    0000067F 1F                    1708 	.db #0x1f	; 31
    00000680 00                    1709 	.db #0x00	; 0
    00000681 FF                    1710 	.db #0xff	; 255
    00000682 01                    1711 	.db #0x01	; 1
    00000683 FE                    1712 	.db #0xfe	; 254
    00000684 03                    1713 	.db #0x03	; 3
    00000685 FC                    1714 	.db #0xfc	; 252
    00000686 07                    1715 	.db #0x07	; 7
    00000687 F8                    1716 	.db #0xf8	; 248
    00000688 03                    1717 	.db #0x03	; 3
    00000689 FC                    1718 	.db #0xfc	; 252
    0000068A 23                    1719 	.db #0x23	; 35
    0000068B 1C                    1720 	.db #0x1c	; 28
    0000068C 12                    1721 	.db #0x12	; 18
    0000068D 0D                    1722 	.db #0x0d	; 13
    0000068E 29                    1723 	.db #0x29	; 41
    0000068F 06                    1724 	.db #0x06	; 6
    00000690 4E                    1725 	.db #0x4e	; 78	'N'
    00000691 10                    1726 	.db #0x10	; 16
    00000692 DE                    1727 	.db #0xde	; 222
    00000693 00                    1728 	.db #0x00	; 0
    00000694 CE                    1729 	.db #0xce	; 206
    00000695 00                    1730 	.db #0x00	; 0
    00000696 C6                    1731 	.db #0xc6	; 198
    00000697 08                    1732 	.db #0x08	; 8
    00000698 C7                    1733 	.db #0xc7	; 199
    00000699 00                    1734 	.db #0x00	; 0
    0000069A C7                    1735 	.db #0xc7	; 199
    0000069B 00                    1736 	.db #0x00	; 0
    0000069C E7                    1737 	.db #0xe7	; 231
    0000069D 00                    1738 	.db #0x00	; 0
    0000069E D3                    1739 	.db #0xd3	; 211
    0000069F 20                    1740 	.db #0x20	; 32
    000006A0 02                    1741 	.db #0x02	; 2
    000006A1 00                    1742 	.db #0x00	; 0
    000006A2 00                    1743 	.db #0x00	; 0
    000006A3 00                    1744 	.db #0x00	; 0
    000006A4 80                    1745 	.db #0x80	; 128
    000006A5 00                    1746 	.db #0x00	; 0
    000006A6 80                    1747 	.db #0x80	; 128
    000006A7 00                    1748 	.db #0x00	; 0
    000006A8 81                    1749 	.db #0x81	; 129
    000006A9 00                    1750 	.db #0x00	; 0
    000006AA 81                    1751 	.db #0x81	; 129
    000006AB 00                    1752 	.db #0x00	; 0
    000006AC 80                    1753 	.db #0x80	; 128
    000006AD 40                    1754 	.db #0x40	; 64
    000006AE E0                    1755 	.db #0xe0	; 224
    000006AF 00                    1756 	.db #0x00	; 0
    000006B0 40                    1757 	.db #0x40	; 64
    000006B1 40                    1758 	.db #0x40	; 64
    000006B2 40                    1759 	.db #0x40	; 64
    000006B3 40                    1760 	.db #0x40	; 64
    000006B4 20                    1761 	.db #0x20	; 32
    000006B5 20                    1762 	.db #0x20	; 32
    000006B6 30                    1763 	.db #0x30	; 48	'0'
    000006B7 10                    1764 	.db #0x10	; 16
    000006B8 F0                    1765 	.db #0xf0	; 240
    000006B9 10                    1766 	.db #0x10	; 16
    000006BA F0                    1767 	.db #0xf0	; 240
    000006BB 10                    1768 	.db #0x10	; 16
    000006BC E8                    1769 	.db #0xe8	; 232
    000006BD 08                    1770 	.db #0x08	; 8
    000006BE 68                    1771 	.db #0x68	; 104	'h'
    000006BF 08                    1772 	.db #0x08	; 8
    000006C0 00                    1773 	.db #0x00	; 0
    000006C1 00                    1774 	.db #0x00	; 0
    000006C2 00                    1775 	.db #0x00	; 0
    000006C3 00                    1776 	.db #0x00	; 0
    000006C4 00                    1777 	.db #0x00	; 0
    000006C5 00                    1778 	.db #0x00	; 0
    000006C6 00                    1779 	.db #0x00	; 0
    000006C7 00                    1780 	.db #0x00	; 0
    000006C8 00                    1781 	.db #0x00	; 0
    000006C9 00                    1782 	.db #0x00	; 0
    000006CA 01                    1783 	.db #0x01	; 1
    000006CB 01                    1784 	.db #0x01	; 1
    000006CC 02                    1785 	.db #0x02	; 2
    000006CD 03                    1786 	.db #0x03	; 3
    000006CE 01                    1787 	.db #0x01	; 1
    000006CF 01                    1788 	.db #0x01	; 1
    000006D0 0D                    1789 	.db #0x0d	; 13
    000006D1 0F                    1790 	.db #0x0f	; 15
    000006D2 08                    1791 	.db #0x08	; 8
    000006D3 0F                    1792 	.db #0x0f	; 15
    000006D4 09                    1793 	.db #0x09	; 9
    000006D5 0F                    1794 	.db #0x0f	; 15
    000006D6 09                    1795 	.db #0x09	; 9
    000006D7 0F                    1796 	.db #0x0f	; 15
    000006D8 10                    1797 	.db #0x10	; 16
    000006D9 1F                    1798 	.db #0x1f	; 31
    000006DA D1                    1799 	.db #0xd1	; 209
    000006DB DF                    1800 	.db #0xdf	; 223
    000006DC 60                    1801 	.db #0x60	; 96
    000006DD BF                    1802 	.db #0xbf	; 191
    000006DE 23                    1803 	.db #0x23	; 35
    000006DF FF                    1804 	.db #0xff	; 255
    000006E0 80                    1805 	.db #0x80	; 128
    000006E1 FF                    1806 	.db #0xff	; 255
    000006E2 42                    1807 	.db #0x42	; 66	'B'
    000006E3 FF                    1808 	.db #0xff	; 255
    000006E4 C5                    1809 	.db #0xc5	; 197
    000006E5 FF                    1810 	.db #0xff	; 255
    000006E6 68                    1811 	.db #0x68	; 104	'h'
    000006E7 FF                    1812 	.db #0xff	; 255
    000006E8 7F                    1813 	.db #0x7f	; 127
    000006E9 FF                    1814 	.db #0xff	; 255
    000006EA EB                    1815 	.db #0xeb	; 235
    000006EB FF                    1816 	.db #0xff	; 255
    000006EC EB                    1817 	.db #0xeb	; 235
    000006ED FF                    1818 	.db #0xff	; 255
    000006EE 6B                    1819 	.db #0x6b	; 107	'k'
    000006EF FF                    1820 	.db #0xff	; 255
    000006F0 06                    1821 	.db #0x06	; 6
    000006F1 FF                    1822 	.db #0xff	; 255
    000006F2 06                    1823 	.db #0x06	; 6
    000006F3 FF                    1824 	.db #0xff	; 255
    000006F4 1F                    1825 	.db #0x1f	; 31
    000006F5 FF                    1826 	.db #0xff	; 255
    000006F6 EF                    1827 	.db #0xef	; 239
    000006F7 FF                    1828 	.db #0xff	; 255
    000006F8 BE                    1829 	.db #0xbe	; 190
    000006F9 FF                    1830 	.db #0xff	; 255
    000006FA FF                    1831 	.db #0xff	; 255
    000006FB FF                    1832 	.db #0xff	; 255
    000006FC FF                    1833 	.db #0xff	; 255
    000006FD FF                    1834 	.db #0xff	; 255
    000006FE FF                    1835 	.db #0xff	; 255
    000006FF FF                    1836 	.db #0xff	; 255
    00000700 48                    1837 	.db #0x48	; 72	'H'
    00000701 F8                    1838 	.db #0xf8	; 248
    00000702 48                    1839 	.db #0x48	; 72	'H'
    00000703 F8                    1840 	.db #0xf8	; 248
    00000704 2C                    1841 	.db #0x2c	; 44
    00000705 F8                    1842 	.db #0xf8	; 248
    00000706 76                    1843 	.db #0x76	; 118	'v'
    00000707 F8                    1844 	.db #0xf8	; 248
    00000708 7C                    1845 	.db #0x7c	; 124
    00000709 FA                    1846 	.db #0xfa	; 250
    0000070A 77                    1847 	.db #0x77	; 119	'w'
    0000070B FD                    1848 	.db #0xfd	; 253
    0000070C F7                    1849 	.db #0xf7	; 247
    0000070D FD                    1850 	.db #0xfd	; 253
    0000070E 32                    1851 	.db #0x32	; 50	'2'
    0000070F FB                    1852 	.db #0xfb	; 251
    00000710 40                    1853 	.db #0x40	; 64
    00000711 7F                    1854 	.db #0x7f	; 127
    00000712 40                    1855 	.db #0x40	; 64
    00000713 7F                    1856 	.db #0x7f	; 127
    00000714 40                    1857 	.db #0x40	; 64
    00000715 7F                    1858 	.db #0x7f	; 127
    00000716 80                    1859 	.db #0x80	; 128
    00000717 FF                    1860 	.db #0xff	; 255
    00000718 81                    1861 	.db #0x81	; 129
    00000719 FE                    1862 	.db #0xfe	; 254
    0000071A 01                    1863 	.db #0x01	; 1
    0000071B FE                    1864 	.db #0xfe	; 254
    0000071C 00                    1865 	.db #0x00	; 0
    0000071D FF                    1866 	.db #0xff	; 255
    0000071E 78                    1867 	.db #0x78	; 120	'x'
    0000071F FF                    1868 	.db #0xff	; 255
    00000720 3F                    1869 	.db #0x3f	; 63
    00000721 C0                    1870 	.db #0xc0	; 192
    00000722 3F                    1871 	.db #0x3f	; 63
    00000723 C0                    1872 	.db #0xc0	; 192
    00000724 FF                    1873 	.db #0xff	; 255
    00000725 00                    1874 	.db #0x00	; 0
    00000726 FE                    1875 	.db #0xfe	; 254
    00000727 41                    1876 	.db #0x41	; 65	'A'
    00000728 DF                    1877 	.db #0xdf	; 223
    00000729 61                    1878 	.db #0x61	; 97	'a'
    0000072A FF                    1879 	.db #0xff	; 255
    0000072B 00                    1880 	.db #0x00	; 0
    0000072C 7F                    1881 	.db #0x7f	; 127
    0000072D 88                    1882 	.db #0x88	; 136
    0000072E BE                    1883 	.db #0xbe	; 190
    0000072F 40                    1884 	.db #0x40	; 64
    00000730 FF                    1885 	.db #0xff	; 255
    00000731 3F                    1886 	.db #0x3f	; 63
    00000732 C0                    1887 	.db #0xc0	; 192
    00000733 00                    1888 	.db #0x00	; 0
    00000734 00                    1889 	.db #0x00	; 0
    00000735 00                    1890 	.db #0x00	; 0
    00000736 00                    1891 	.db #0x00	; 0
    00000737 80                    1892 	.db #0x80	; 128
    00000738 83                    1893 	.db #0x83	; 131
    00000739 83                    1894 	.db #0x83	; 131
    0000073A 01                    1895 	.db #0x01	; 1
    0000073B 01                    1896 	.db #0x01	; 1
    0000073C 00                    1897 	.db #0x00	; 0
    0000073D 00                    1898 	.db #0x00	; 0
    0000073E 00                    1899 	.db #0x00	; 0
    0000073F 00                    1900 	.db #0x00	; 0
    00000740 F1                    1901 	.db #0xf1	; 241
    00000741 FC                    1902 	.db #0xfc	; 252
    00000742 10                    1903 	.db #0x10	; 16
    00000743 0C                    1904 	.db #0x0c	; 12
    00000744 10                    1905 	.db #0x10	; 16
    00000745 0C                    1906 	.db #0x0c	; 12
    00000746 01                    1907 	.db #0x01	; 1
    00000747 1D                    1908 	.db #0x1d	; 29
    00000748 13                    1909 	.db #0x13	; 19
    00000749 0E                    1910 	.db #0x0e	; 14
    0000074A 17                    1911 	.db #0x17	; 23
    0000074B 0E                    1912 	.db #0x0e	; 14
    0000074C 03                    1913 	.db #0x03	; 3
    0000074D 1E                    1914 	.db #0x1e	; 30
    0000074E 0A                    1915 	.db #0x0a	; 10
    0000074F 1E                    1916 	.db #0x1e	; 30
    00000750 14                    1917 	.db #0x14	; 20
    00000751 14                    1918 	.db #0x14	; 20
    00000752 00                    1919 	.db #0x00	; 0
    00000753 00                    1920 	.db #0x00	; 0
    00000754 90                    1921 	.db #0x90	; 144
    00000755 90                    1922 	.db #0x90	; 144
    00000756 50                    1923 	.db #0x50	; 80	'P'
    00000757 50                    1924 	.db #0x50	; 80	'P'
    00000758 A0                    1925 	.db #0xa0	; 160
    00000759 20                    1926 	.db #0x20	; 32
    0000075A 20                    1927 	.db #0x20	; 32
    0000075B 20                    1928 	.db #0x20	; 32
    0000075C A0                    1929 	.db #0xa0	; 160
    0000075D 20                    1930 	.db #0x20	; 32
    0000075E A2                    1931 	.db #0xa2	; 162
    0000075F 20                    1932 	.db #0x20	; 32
    00000760 0E                    1933 	.db #0x0e	; 14
    00000761 0E                    1934 	.db #0x0e	; 14
    00000762 11                    1935 	.db #0x11	; 17
    00000763 1F                    1936 	.db #0x1f	; 31
    00000764 11                    1937 	.db #0x11	; 17
    00000765 1F                    1938 	.db #0x1f	; 31
    00000766 1D                    1939 	.db #0x1d	; 29
    00000767 1B                    1940 	.db #0x1b	; 27
    00000768 15                    1941 	.db #0x15	; 21
    00000769 1B                    1942 	.db #0x1b	; 27
    0000076A 1D                    1943 	.db #0x1d	; 29
    0000076B 13                    1944 	.db #0x13	; 19
    0000076C 11                    1945 	.db #0x11	; 17
    0000076D 1F                    1946 	.db #0x1f	; 31
    0000076E 39                    1947 	.db #0x39	; 57	'9'
    0000076F 1F                    1948 	.db #0x1f	; 31
    00000770 00                    1949 	.db #0x00	; 0
    00000771 00                    1950 	.db #0x00	; 0
    00000772 10                    1951 	.db #0x10	; 16
    00000773 10                    1952 	.db #0x10	; 16
    00000774 10                    1953 	.db #0x10	; 16
    00000775 10                    1954 	.db #0x10	; 16
    00000776 00                    1955 	.db #0x00	; 0
    00000777 00                    1956 	.db #0x00	; 0
    00000778 10                    1957 	.db #0x10	; 16
    00000779 00                    1958 	.db #0x00	; 0
    0000077A 00                    1959 	.db #0x00	; 0
    0000077B 00                    1960 	.db #0x00	; 0
    0000077C 00                    1961 	.db #0x00	; 0
    0000077D 00                    1962 	.db #0x00	; 0
    0000077E 00                    1963 	.db #0x00	; 0
    0000077F 00                    1964 	.db #0x00	; 0
    00000780 80                    1965 	.db #0x80	; 128
    00000781 07                    1966 	.db #0x07	; 7
    00000782 24                    1967 	.db #0x24	; 36
    00000783 83                    1968 	.db #0x83	; 131
    00000784 46                    1969 	.db #0x46	; 70	'F'
    00000785 81                    1970 	.db #0x81	; 129
    00000786 03                    1971 	.db #0x03	; 3
    00000787 C0                    1972 	.db #0xc0	; 192
    00000788 23                    1973 	.db #0x23	; 35
    00000789 C0                    1974 	.db #0xc0	; 192
    0000078A 20                    1975 	.db #0x20	; 32
    0000078B C0                    1976 	.db #0xc0	; 192
    0000078C 04                    1977 	.db #0x04	; 4
    0000078D E0                    1978 	.db #0xe0	; 224
    0000078E 04                    1979 	.db #0x04	; 4
    0000078F E0                    1980 	.db #0xe0	; 224
    00000790 E9                    1981 	.db #0xe9	; 233
    00000791 02                    1982 	.db #0x02	; 2
    00000792 F1                    1983 	.db #0xf1	; 241
    00000793 02                    1984 	.db #0x02	; 2
    00000794 72                    1985 	.db #0x72	; 114	'r'
    00000795 81                    1986 	.db #0x81	; 129
    00000796 1C                    1987 	.db #0x1c	; 28
    00000797 E1                    1988 	.db #0xe1	; 225
    00000798 0F                    1989 	.db #0x0f	; 15
    00000799 F0                    1990 	.db #0xf0	; 240
    0000079A 8D                    1991 	.db #0x8d	; 141
    0000079B 72                    1992 	.db #0x72	; 114	'r'
    0000079C 85                    1993 	.db #0x85	; 133
    0000079D 7A                    1994 	.db #0x7a	; 122	'z'
    0000079E 55                    1995 	.db #0x55	; 85	'U'
    0000079F 2A                    1996 	.db #0x2a	; 42
    000007A0 90                    1997 	.db #0x90	; 144
    000007A1 40                    1998 	.db #0x40	; 64
    000007A2 D0                    1999 	.db #0xd0	; 208
    000007A3 00                    2000 	.db #0x00	; 0
    000007A4 88                    2001 	.db #0x88	; 136
    000007A5 40                    2002 	.db #0x40	; 64
    000007A6 B0                    2003 	.db #0xb0	; 176
    000007A7 40                    2004 	.db #0x40	; 64
    000007A8 E0                    2005 	.db #0xe0	; 224
    000007A9 10                    2006 	.db #0x10	; 16
    000007AA F8                    2007 	.db #0xf8	; 248
    000007AB 00                    2008 	.db #0x00	; 0
    000007AC FC                    2009 	.db #0xfc	; 252
    000007AD 00                    2010 	.db #0x00	; 0
    000007AE FC                    2011 	.db #0xfc	; 252
    000007AF 00                    2012 	.db #0x00	; 0
    000007B0 78                    2013 	.db #0x78	; 120	'x'
    000007B1 08                    2014 	.db #0x08	; 8
    000007B2 3C                    2015 	.db #0x3c	; 60
    000007B3 04                    2016 	.db #0x04	; 4
    000007B4 3E                    2017 	.db #0x3e	; 62
    000007B5 02                    2018 	.db #0x02	; 2
    000007B6 3E                    2019 	.db #0x3e	; 62
    000007B7 02                    2020 	.db #0x02	; 2
    000007B8 3F                    2021 	.db #0x3f	; 63
    000007B9 01                    2022 	.db #0x01	; 1
    000007BA 1F                    2023 	.db #0x1f	; 31
    000007BB 00                    2024 	.db #0x00	; 0
    000007BC 1F                    2025 	.db #0x1f	; 31
    000007BD 00                    2026 	.db #0x00	; 0
    000007BE 16                    2027 	.db #0x16	; 22
    000007BF 00                    2028 	.db #0x00	; 0
    000007C0 00                    2029 	.db #0x00	; 0
    000007C1 00                    2030 	.db #0x00	; 0
    000007C2 00                    2031 	.db #0x00	; 0
    000007C3 00                    2032 	.db #0x00	; 0
    000007C4 00                    2033 	.db #0x00	; 0
    000007C5 00                    2034 	.db #0x00	; 0
    000007C6 00                    2035 	.db #0x00	; 0
    000007C7 00                    2036 	.db #0x00	; 0
    000007C8 00                    2037 	.db #0x00	; 0
    000007C9 00                    2038 	.db #0x00	; 0
    000007CA 80                    2039 	.db #0x80	; 128
    000007CB 80                    2040 	.db #0x80	; 128
    000007CC 60                    2041 	.db #0x60	; 96
    000007CD 60                    2042 	.db #0x60	; 96
    000007CE 18                    2043 	.db #0x18	; 24
    000007CF 18                    2044 	.db #0x18	; 24
    000007D0 02                    2045 	.db #0x02	; 2
    000007D1 03                    2046 	.db #0x03	; 3
    000007D2 04                    2047 	.db #0x04	; 4
    000007D3 07                    2048 	.db #0x07	; 7
    000007D4 04                    2049 	.db #0x04	; 4
    000007D5 07                    2050 	.db #0x07	; 7
    000007D6 08                    2051 	.db #0x08	; 8
    000007D7 1F                    2052 	.db #0x1f	; 31
    000007D8 10                    2053 	.db #0x10	; 16
    000007D9 1F                    2054 	.db #0x1f	; 31
    000007DA 20                    2055 	.db #0x20	; 32
    000007DB 3F                    2056 	.db #0x3f	; 63
    000007DC 20                    2057 	.db #0x20	; 32
    000007DD 7F                    2058 	.db #0x7f	; 127
    000007DE C0                    2059 	.db #0xc0	; 192
    000007DF 7F                    2060 	.db #0x7f	; 127
    000007E0 22                    2061 	.db #0x22	; 34
    000007E1 FF                    2062 	.db #0xff	; 255
    000007E2 20                    2063 	.db #0x20	; 32
    000007E3 FF                    2064 	.db #0xff	; 255
    000007E4 36                    2065 	.db #0x36	; 54	'6'
    000007E5 FF                    2066 	.db #0xff	; 255
    000007E6 36                    2067 	.db #0x36	; 54	'6'
    000007E7 FF                    2068 	.db #0xff	; 255
    000007E8 26                    2069 	.db #0x26	; 38
    000007E9 FF                    2070 	.db #0xff	; 255
    000007EA 24                    2071 	.db #0x24	; 36
    000007EB FF                    2072 	.db #0xff	; 255
    000007EC 20                    2073 	.db #0x20	; 32
    000007ED FF                    2074 	.db #0xff	; 255
    000007EE 33                    2075 	.db #0x33	; 51	'3'
    000007EF FF                    2076 	.db #0xff	; 255
    000007F0 4B                    2077 	.db #0x4b	; 75	'K'
    000007F1 FF                    2078 	.db #0xff	; 255
    000007F2 13                    2079 	.db #0x13	; 19
    000007F3 FF                    2080 	.db #0xff	; 255
    000007F4 4B                    2081 	.db #0x4b	; 75	'K'
    000007F5 FF                    2082 	.db #0xff	; 255
    000007F6 AB                    2083 	.db #0xab	; 171
    000007F7 FF                    2084 	.db #0xff	; 255
    000007F8 8B                    2085 	.db #0x8b	; 139
    000007F9 FF                    2086 	.db #0xff	; 255
    000007FA BB                    2087 	.db #0xbb	; 187
    000007FB FF                    2088 	.db #0xff	; 255
    000007FC 27                    2089 	.db #0x27	; 39
    000007FD FF                    2090 	.db #0xff	; 255
    000007FE 45                    2091 	.db #0x45	; 69	'E'
    000007FF FF                    2092 	.db #0xff	; 255
    00000800 F7                    2093 	.db #0xf7	; 247
    00000801 FF                    2094 	.db #0xff	; 255
    00000802 FB                    2095 	.db #0xfb	; 251
    00000803 FF                    2096 	.db #0xff	; 255
    00000804 F3                    2097 	.db #0xf3	; 243
    00000805 FF                    2098 	.db #0xff	; 255
    00000806 AE                    2099 	.db #0xae	; 174
    00000807 FF                    2100 	.db #0xff	; 255
    00000808 8E                    2101 	.db #0x8e	; 142
    00000809 FF                    2102 	.db #0xff	; 255
    0000080A 8E                    2103 	.db #0x8e	; 142
    0000080B FF                    2104 	.db #0xff	; 255
    0000080C AE                    2105 	.db #0xae	; 174
    0000080D FF                    2106 	.db #0xff	; 255
    0000080E AF                    2107 	.db #0xaf	; 175
    0000080F FF                    2108 	.db #0xff	; 255
    00000810 02                    2109 	.db #0x02	; 2
    00000811 FF                    2110 	.db #0xff	; 255
    00000812 3B                    2111 	.db #0x3b	; 59
    00000813 FF                    2112 	.db #0xff	; 255
    00000814 44                    2113 	.db #0x44	; 68	'D'
    00000815 FF                    2114 	.db #0xff	; 255
    00000816 A4                    2115 	.db #0xa4	; 164
    00000817 FF                    2116 	.db #0xff	; 255
    00000818 83                    2117 	.db #0x83	; 131
    00000819 FF                    2118 	.db #0xff	; 255
    0000081A 8B                    2119 	.db #0x8b	; 139
    0000081B FF                    2120 	.db #0xff	; 255
    0000081C 93                    2121 	.db #0x93	; 147
    0000081D FF                    2122 	.db #0xff	; 255
    0000081E 7C                    2123 	.db #0x7c	; 124
    0000081F FF                    2124 	.db #0xff	; 255
    00000820 B4                    2125 	.db #0xb4	; 180
    00000821 FF                    2126 	.db #0xff	; 255
    00000822 5B                    2127 	.db #0x5b	; 91
    00000823 FE                    2128 	.db #0xfe	; 254
    00000824 B2                    2129 	.db #0xb2	; 178
    00000825 FF                    2130 	.db #0xff	; 255
    00000826 AE                    2131 	.db #0xae	; 174
    00000827 FF                    2132 	.db #0xff	; 255
    00000828 DF                    2133 	.db #0xdf	; 223
    00000829 FF                    2134 	.db #0xff	; 255
    0000082A 99                    2135 	.db #0x99	; 153
    0000082B FF                    2136 	.db #0xff	; 255
    0000082C 88                    2137 	.db #0x88	; 136
    0000082D FF                    2138 	.db #0xff	; 255
    0000082E F0                    2139 	.db #0xf0	; 240
    0000082F FF                    2140 	.db #0xff	; 255
    00000830 7C                    2141 	.db #0x7c	; 124
    00000831 80                    2142 	.db #0x80	; 128
    00000832 7F                    2143 	.db #0x7f	; 127
    00000833 80                    2144 	.db #0x80	; 128
    00000834 79                    2145 	.db #0x79	; 121	'y'
    00000835 80                    2146 	.db #0x80	; 128
    00000836 BB                    2147 	.db #0xbb	; 187
    00000837 40                    2148 	.db #0x40	; 64
    00000838 9B                    2149 	.db #0x9b	; 155
    00000839 60                    2150 	.db #0x60	; 96
    0000083A DB                    2151 	.db #0xdb	; 219
    0000083B 20                    2152 	.db #0x20	; 32
    0000083C 9D                    2153 	.db #0x9d	; 157
    0000083D E0                    2154 	.db #0xe0	; 224
    0000083E 7F                    2155 	.db #0x7f	; 127
    0000083F E0                    2156 	.db #0xe0	; 224
    00000840 00                    2157 	.db #0x00	; 0
    00000841 00                    2158 	.db #0x00	; 0
    00000842 00                    2159 	.db #0x00	; 0
    00000843 00                    2160 	.db #0x00	; 0
    00000844 00                    2161 	.db #0x00	; 0
    00000845 00                    2162 	.db #0x00	; 0
    00000846 C0                    2163 	.db #0xc0	; 192
    00000847 01                    2164 	.db #0x01	; 1
    00000848 C0                    2165 	.db #0xc0	; 192
    00000849 01                    2166 	.db #0x01	; 1
    0000084A 81                    2167 	.db #0x81	; 129
    0000084B 00                    2168 	.db #0x00	; 0
    0000084C 89                    2169 	.db #0x89	; 137
    0000084D 00                    2170 	.db #0x00	; 0
    0000084E 83                    2171 	.db #0x83	; 131
    0000084F 03                    2172 	.db #0x03	; 3
    00000850 23                    2173 	.db #0x23	; 35
    00000851 1E                    2174 	.db #0x1e	; 30
    00000852 33                    2175 	.db #0x33	; 51	'3'
    00000853 0E                    2176 	.db #0x0e	; 14
    00000854 13                    2177 	.db #0x13	; 19
    00000855 2E                    2178 	.db #0x2e	; 46
    00000856 85                    2179 	.db #0x85	; 133
    00000857 3C                    2180 	.db #0x3c	; 60
    00000858 DA                    2181 	.db #0xda	; 218
    00000859 3C                    2182 	.db #0x3c	; 60
    0000085A 22                    2183 	.db #0x22	; 34
    0000085B 3C                    2184 	.db #0x3c	; 60
    0000085C 40                    2185 	.db #0x40	; 64
    0000085D 7E                    2186 	.db #0x7e	; 126
    0000085E FF                    2187 	.db #0xff	; 255
    0000085F 8F                    2188 	.db #0x8f	; 143
    00000860 26                    2189 	.db #0x26	; 38
    00000861 26                    2190 	.db #0x26	; 38
    00000862 29                    2191 	.db #0x29	; 41
    00000863 2F                    2192 	.db #0x2f	; 47
    00000864 9F                    2193 	.db #0x9f	; 159
    00000865 11                    2194 	.db #0x11	; 17
    00000866 B3                    2195 	.db #0xb3	; 179
    00000867 0C                    2196 	.db #0x0c	; 12
    00000868 83                    2197 	.db #0x83	; 131
    00000869 1C                    2198 	.db #0x1c	; 28
    0000086A 40                    2199 	.db #0x40	; 64
    0000086B 3F                    2200 	.db #0x3f	; 63
    0000086C F4                    2201 	.db #0xf4	; 244
    0000086D 0B                    2202 	.db #0x0b	; 11
    0000086E F1                    2203 	.db #0xf1	; 241
    0000086F FF                    2204 	.db #0xff	; 255
    00000870 7D                    2205 	.db #0x7d	; 125
    00000871 1F                    2206 	.db #0x1f	; 31
    00000872 3D                    2207 	.db #0x3d	; 61
    00000873 DF                    2208 	.db #0xdf	; 223
    00000874 7D                    2209 	.db #0x7d	; 125
    00000875 1F                    2210 	.db #0x1f	; 31
    00000876 F7                    2211 	.db #0xf7	; 247
    00000877 9D                    2212 	.db #0x9d	; 157
    00000878 DB                    2213 	.db #0xdb	; 219
    00000879 55                    2214 	.db #0x55	; 85	'U'
    0000087A 7F                    2215 	.db #0x7f	; 127
    0000087B F1                    2216 	.db #0xf1	; 241
    0000087C 6F                    2217 	.db #0x6f	; 111	'o'
    0000087D DA                    2218 	.db #0xda	; 218
    0000087E CA                    2219 	.db #0xca	; 202
    0000087F 8A                    2220 	.db #0x8a	; 138
    00000880 00                    2221 	.db #0x00	; 0
    00000881 00                    2222 	.db #0x00	; 0
    00000882 78                    2223 	.db #0x78	; 120	'x'
    00000883 38                    2224 	.db #0x38	; 56	'8'
    00000884 F6                    2225 	.db #0xf6	; 246
    00000885 4E                    2226 	.db #0x4e	; 78	'N'
    00000886 D3                    2227 	.db #0xd3	; 211
    00000887 69                    2228 	.db #0x69	; 105	'i'
    00000888 DD                    2229 	.db #0xdd	; 221
    00000889 A1                    2230 	.db #0xa1	; 161
    0000088A 93                    2231 	.db #0x93	; 147
    0000088B AC                    2232 	.db #0xac	; 172
    0000088C FA                    2233 	.db #0xfa	; 250
    0000088D FD                    2234 	.db #0xfd	; 253
    0000088E 07                    2235 	.db #0x07	; 7
    0000088F 07                    2236 	.db #0x07	; 7
    00000890 08                    2237 	.db #0x08	; 8
    00000891 E0                    2238 	.db #0xe0	; 224
    00000892 07                    2239 	.db #0x07	; 7
    00000893 F0                    2240 	.db #0xf0	; 240
    00000894 03                    2241 	.db #0x03	; 3
    00000895 F0                    2242 	.db #0xf0	; 240
    00000896 01                    2243 	.db #0x01	; 1
    00000897 F8                    2244 	.db #0xf8	; 248
    00000898 02                    2245 	.db #0x02	; 2
    00000899 F8                    2246 	.db #0xf8	; 248
    0000089A 02                    2247 	.db #0x02	; 2
    0000089B FC                    2248 	.db #0xfc	; 252
    0000089C 03                    2249 	.db #0x03	; 3
    0000089D FC                    2250 	.db #0xfc	; 252
    0000089E 01                    2251 	.db #0x01	; 1
    0000089F FE                    2252 	.db #0xfe	; 254
    000008A0 3D                    2253 	.db #0x3d	; 61
    000008A1 02                    2254 	.db #0x02	; 2
    000008A2 2F                    2255 	.db #0x2f	; 47
    000008A3 00                    2256 	.db #0x00	; 0
    000008A4 D3                    2257 	.db #0xd3	; 211
    000008A5 00                    2258 	.db #0x00	; 0
    000008A6 E9                    2259 	.db #0xe9	; 233
    000008A7 00                    2260 	.db #0x00	; 0
    000008A8 FC                    2261 	.db #0xfc	; 252
    000008A9 00                    2262 	.db #0x00	; 0
    000008AA 8F                    2263 	.db #0x8f	; 143
    000008AB 00                    2264 	.db #0x00	; 0
    000008AC 83                    2265 	.db #0x83	; 131
    000008AD 00                    2266 	.db #0x00	; 0
    000008AE E1                    2267 	.db #0xe1	; 225
    000008AF 00                    2268 	.db #0x00	; 0
    000008B0 F6                    2269 	.db #0xf6	; 246
    000008B1 08                    2270 	.db #0x08	; 8
    000008B2 F7                    2271 	.db #0xf7	; 247
    000008B3 08                    2272 	.db #0x08	; 8
    000008B4 FF                    2273 	.db #0xff	; 255
    000008B5 00                    2274 	.db #0x00	; 0
    000008B6 FF                    2275 	.db #0xff	; 255
    000008B7 00                    2276 	.db #0x00	; 0
    000008B8 FF                    2277 	.db #0xff	; 255
    000008B9 00                    2278 	.db #0x00	; 0
    000008BA 3F                    2279 	.db #0x3f	; 63
    000008BB 00                    2280 	.db #0x00	; 0
    000008BC 9F                    2281 	.db #0x9f	; 159
    000008BD 00                    2282 	.db #0x00	; 0
    000008BE CF                    2283 	.db #0xcf	; 207
    000008BF 00                    2284 	.db #0x00	; 0
    000008C0 3F                    2285 	.db #0x3f	; 63
    000008C1 00                    2286 	.db #0x00	; 0
    000008C2 AF                    2287 	.db #0xaf	; 175
    000008C3 00                    2288 	.db #0x00	; 0
    000008C4 AF                    2289 	.db #0xaf	; 175
    000008C5 00                    2290 	.db #0x00	; 0
    000008C6 E7                    2291 	.db #0xe7	; 231
    000008C7 00                    2292 	.db #0x00	; 0
    000008C8 B7                    2293 	.db #0xb7	; 183
    000008C9 00                    2294 	.db #0x00	; 0
    000008CA 9F                    2295 	.db #0x9f	; 159
    000008CB 00                    2296 	.db #0x00	; 0
    000008CC 0F                    2297 	.db #0x0f	; 15
    000008CD 00                    2298 	.db #0x00	; 0
    000008CE 8F                    2299 	.db #0x8f	; 143
    000008CF 00                    2300 	.db #0x00	; 0
    000008D0 0E                    2301 	.db #0x0e	; 14
    000008D1 06                    2302 	.db #0x06	; 6
    000008D2 87                    2303 	.db #0x87	; 135
    000008D3 01                    2304 	.db #0x01	; 1
    000008D4 C7                    2305 	.db #0xc7	; 199
    000008D5 00                    2306 	.db #0x00	; 0
    000008D6 4F                    2307 	.db #0x4f	; 79	'O'
    000008D7 00                    2308 	.db #0x00	; 0
    000008D8 1F                    2309 	.db #0x1f	; 31
    000008D9 00                    2310 	.db #0x00	; 0
    000008DA 8F                    2311 	.db #0x8f	; 143
    000008DB 00                    2312 	.db #0x00	; 0
    000008DC 9F                    2313 	.db #0x9f	; 159
    000008DD 00                    2314 	.db #0x00	; 0
    000008DE FF                    2315 	.db #0xff	; 255
    000008DF 00                    2316 	.db #0x00	; 0
    000008E0 00                    2317 	.db #0x00	; 0
    000008E1 00                    2318 	.db #0x00	; 0
    000008E2 3F                    2319 	.db #0x3f	; 63
    000008E3 3F                    2320 	.db #0x3f	; 63
    000008E4 C2                    2321 	.db #0xc2	; 194
    000008E5 C0                    2322 	.db #0xc0	; 192
    000008E6 B1                    2323 	.db #0xb1	; 177
    000008E7 30                    2324 	.db #0x30	; 48	'0'
    000008E8 CA                    2325 	.db #0xca	; 202
    000008E9 08                    2326 	.db #0x08	; 8
    000008EA D4                    2327 	.db #0xd4	; 212
    000008EB 04                    2328 	.db #0x04	; 4
    000008EC C4                    2329 	.db #0xc4	; 196
    000008ED 04                    2330 	.db #0x04	; 4
    000008EE D6                    2331 	.db #0xd6	; 214
    000008EF 02                    2332 	.db #0x02	; 2
    000008F0 0F                    2333 	.db #0x0f	; 15
    000008F1 0F                    2334 	.db #0x0f	; 15
    000008F2 F2                    2335 	.db #0xf2	; 242
    000008F3 F0                    2336 	.db #0xf0	; 240
    000008F4 A9                    2337 	.db #0xa9	; 169
    000008F5 00                    2338 	.db #0x00	; 0
    000008F6 12                    2339 	.db #0x12	; 18
    000008F7 00                    2340 	.db #0x00	; 0
    000008F8 A8                    2341 	.db #0xa8	; 168
    000008F9 00                    2342 	.db #0x00	; 0
    000008FA 02                    2343 	.db #0x02	; 2
    000008FB 00                    2344 	.db #0x00	; 0
    000008FC AB                    2345 	.db #0xab	; 171
    000008FD 00                    2346 	.db #0x00	; 0
    000008FE 45                    2347 	.db #0x45	; 69	'E'
    000008FF 03                    2348 	.db #0x03	; 3
    00000900 FF                    2349 	.db #0xff	; 255
    00000901 FF                    2350 	.db #0xff	; 255
    00000902 AA                    2351 	.db #0xaa	; 170
    00000903 01                    2352 	.db #0x01	; 1
    00000904 10                    2353 	.db #0x10	; 16
    00000905 01                    2354 	.db #0x01	; 1
    00000906 9F                    2355 	.db #0x9f	; 159
    00000907 1F                    2356 	.db #0x1f	; 31
    00000908 20                    2357 	.db #0x20	; 32
    00000909 3F                    2358 	.db #0x3f	; 63
    0000090A C0                    2359 	.db #0xc0	; 192
    0000090B 7F                    2360 	.db #0x7f	; 127
    0000090C 80                    2361 	.db #0x80	; 128
    0000090D FF                    2362 	.db #0xff	; 255
    0000090E 00                    2363 	.db #0x00	; 0
    0000090F FF                    2364 	.db #0xff	; 255
    00000910 C0                    2365 	.db #0xc0	; 192
    00000911 FF                    2366 	.db #0xff	; 255
    00000912 47                    2367 	.db #0x47	; 71	'G'
    00000913 7F                    2368 	.db #0x7f	; 127
    00000914 8B                    2369 	.db #0x8b	; 139
    00000915 FF                    2370 	.db #0xff	; 255
    00000916 17                    2371 	.db #0x17	; 23
    00000917 FF                    2372 	.db #0xff	; 255
    00000918 1F                    2373 	.db #0x1f	; 31
    00000919 FF                    2374 	.db #0xff	; 255
    0000091A 1F                    2375 	.db #0x1f	; 31
    0000091B FF                    2376 	.db #0xff	; 255
    0000091C 29                    2377 	.db #0x29	; 41
    0000091D FF                    2378 	.db #0xff	; 255
    0000091E 79                    2379 	.db #0x79	; 121	'y'
    0000091F FF                    2380 	.db #0xff	; 255
    00000920 39                    2381 	.db #0x39	; 57	'9'
    00000921 FF                    2382 	.db #0xff	; 255
    00000922 39                    2383 	.db #0x39	; 57	'9'
    00000923 FF                    2384 	.db #0xff	; 255
    00000924 BA                    2385 	.db #0xba	; 186
    00000925 FF                    2386 	.db #0xff	; 255
    00000926 F3                    2387 	.db #0xf3	; 243
    00000927 FF                    2388 	.db #0xff	; 255
    00000928 FE                    2389 	.db #0xfe	; 254
    00000929 FF                    2390 	.db #0xff	; 255
    0000092A EF                    2391 	.db #0xef	; 239
    0000092B FF                    2392 	.db #0xff	; 255
    0000092C BF                    2393 	.db #0xbf	; 191
    0000092D FF                    2394 	.db #0xff	; 255
    0000092E FF                    2395 	.db #0xff	; 255
    0000092F FF                    2396 	.db #0xff	; 255
    00000930 2B                    2397 	.db #0x2b	; 43
    00000931 FF                    2398 	.db #0xff	; 255
    00000932 4F                    2399 	.db #0x4f	; 79	'O'
    00000933 FF                    2400 	.db #0xff	; 255
    00000934 7F                    2401 	.db #0x7f	; 127
    00000935 FF                    2402 	.db #0xff	; 255
    00000936 7F                    2403 	.db #0x7f	; 127
    00000937 FF                    2404 	.db #0xff	; 255
    00000938 7F                    2405 	.db #0x7f	; 127
    00000939 FF                    2406 	.db #0xff	; 255
    0000093A FF                    2407 	.db #0xff	; 255
    0000093B FF                    2408 	.db #0xff	; 255
    0000093C FF                    2409 	.db #0xff	; 255
    0000093D FF                    2410 	.db #0xff	; 255
    0000093E FF                    2411 	.db #0xff	; 255
    0000093F FF                    2412 	.db #0xff	; 255
    00000940 AF                    2413 	.db #0xaf	; 175
    00000941 FF                    2414 	.db #0xff	; 255
    00000942 DF                    2415 	.db #0xdf	; 223
    00000943 FF                    2416 	.db #0xff	; 255
    00000944 FE                    2417 	.db #0xfe	; 254
    00000945 FF                    2418 	.db #0xff	; 255
    00000946 FE                    2419 	.db #0xfe	; 254
    00000947 FF                    2420 	.db #0xff	; 255
    00000948 FF                    2421 	.db #0xff	; 255
    00000949 FF                    2422 	.db #0xff	; 255
    0000094A FE                    2423 	.db #0xfe	; 254
    0000094B FF                    2424 	.db #0xff	; 255
    0000094C FC                    2425 	.db #0xfc	; 252
    0000094D FF                    2426 	.db #0xff	; 255
    0000094E FD                    2427 	.db #0xfd	; 253
    0000094F FF                    2428 	.db #0xff	; 255
    00000950 E3                    2429 	.db #0xe3	; 227
    00000951 FF                    2430 	.db #0xff	; 255
    00000952 87                    2431 	.db #0x87	; 135
    00000953 F8                    2432 	.db #0xf8	; 248
    00000954 03                    2433 	.db #0x03	; 3
    00000955 FC                    2434 	.db #0xfc	; 252
    00000956 01                    2435 	.db #0x01	; 1
    00000957 FE                    2436 	.db #0xfe	; 254
    00000958 C0                    2437 	.db #0xc0	; 192
    00000959 FF                    2438 	.db #0xff	; 255
    0000095A 08                    2439 	.db #0x08	; 8
    0000095B F7                    2440 	.db #0xf7	; 247
    0000095C 3F                    2441 	.db #0x3f	; 63
    0000095D E0                    2442 	.db #0xe0	; 224
    0000095E 87                    2443 	.db #0x87	; 135
    0000095F F8                    2444 	.db #0xf8	; 248
    00000960 C8                    2445 	.db #0xc8	; 200
    00000961 FF                    2446 	.db #0xff	; 255
    00000962 FC                    2447 	.db #0xfc	; 252
    00000963 FD                    2448 	.db #0xfd	; 253
    00000964 ED                    2449 	.db #0xed	; 237
    00000965 7D                    2450 	.db #0x7d	; 125
    00000966 FF                    2451 	.db #0xff	; 255
    00000967 1F                    2452 	.db #0x1f	; 31
    00000968 FD                    2453 	.db #0xfd	; 253
    00000969 0B                    2454 	.db #0x0b	; 11
    0000096A 7D                    2455 	.db #0x7d	; 125
    0000096B 8A                    2456 	.db #0x8a	; 138
    0000096C FF                    2457 	.db #0xff	; 255
    0000096D 04                    2458 	.db #0x04	; 4
    0000096E EF                    2459 	.db #0xef	; 239
    0000096F 02                    2460 	.db #0x02	; 2
    00000970 7F                    2461 	.db #0x7f	; 127
    00000971 D0                    2462 	.db #0xd0	; 208
    00000972 DF                    2463 	.db #0xdf	; 223
    00000973 E8                    2464 	.db #0xe8	; 232
    00000974 5F                    2465 	.db #0x5f	; 95
    00000975 E4                    2466 	.db #0xe4	; 228
    00000976 C7                    2467 	.db #0xc7	; 199
    00000977 FA                    2468 	.db #0xfa	; 250
    00000978 EF                    2469 	.db #0xef	; 239
    00000979 D1                    2470 	.db #0xd1	; 209
    0000097A D4                    2471 	.db #0xd4	; 212
    0000097B 6B                    2472 	.db #0x6b	; 107	'k'
    0000097C FF                    2473 	.db #0xff	; 255
    0000097D 7F                    2474 	.db #0x7f	; 127
    0000097E 80                    2475 	.db #0x80	; 128
    0000097F 80                    2476 	.db #0x80	; 128
    00000980 1D                    2477 	.db #0x1d	; 29
    00000981 1C                    2478 	.db #0x1c	; 28
    00000982 BE                    2479 	.db #0xbe	; 190
    00000983 63                    2480 	.db #0x63	; 99	'c'
    00000984 FF                    2481 	.db #0xff	; 255
    00000985 42                    2482 	.db #0x42	; 66	'B'
    00000986 DE                    2483 	.db #0xde	; 222
    00000987 E2                    2484 	.db #0xe2	; 226
    00000988 4F                    2485 	.db #0x4f	; 79	'O'
    00000989 F1                    2486 	.db #0xf1	; 241
    0000098A 07                    2487 	.db #0x07	; 7
    0000098B F9                    2488 	.db #0xf9	; 249
    0000098C FE                    2489 	.db #0xfe	; 254
    0000098D FE                    2490 	.db #0xfe	; 254
    0000098E 00                    2491 	.db #0x00	; 0
    0000098F 00                    2492 	.db #0x00	; 0
    00000990 B2                    2493 	.db #0xb2	; 178
    00000991 5C                    2494 	.db #0x5c	; 92
    00000992 70                    2495 	.db #0x70	; 112	'p'
    00000993 E0                    2496 	.db #0xe0	; 224
    00000994 80                    2497 	.db #0x80	; 128
    00000995 80                    2498 	.db #0x80	; 128
    00000996 00                    2499 	.db #0x00	; 0
    00000997 00                    2500 	.db #0x00	; 0
    00000998 00                    2501 	.db #0x00	; 0
    00000999 00                    2502 	.db #0x00	; 0
    0000099A 04                    2503 	.db #0x04	; 4
    0000099B 00                    2504 	.db #0x00	; 0
    0000099C 00                    2505 	.db #0x00	; 0
    0000099D 00                    2506 	.db #0x00	; 0
    0000099E 00                    2507 	.db #0x00	; 0
    0000099F 00                    2508 	.db #0x00	; 0
    000009A0 0E                    2509 	.db #0x0e	; 14
    000009A1 0E                    2510 	.db #0x0e	; 14
    000009A2 00                    2511 	.db #0x00	; 0
    000009A3 00                    2512 	.db #0x00	; 0
    000009A4 10                    2513 	.db #0x10	; 16
    000009A5 00                    2514 	.db #0x00	; 0
    000009A6 00                    2515 	.db #0x00	; 0
    000009A7 00                    2516 	.db #0x00	; 0
    000009A8 00                    2517 	.db #0x00	; 0
    000009A9 00                    2518 	.db #0x00	; 0
    000009AA 00                    2519 	.db #0x00	; 0
    000009AB 00                    2520 	.db #0x00	; 0
    000009AC 00                    2521 	.db #0x00	; 0
    000009AD 00                    2522 	.db #0x00	; 0
    000009AE 3F                    2523 	.db #0x3f	; 63
    000009AF 3F                    2524 	.db #0x3f	; 63
    000009B0 05                    2525 	.db #0x05	; 5
    000009B1 05                    2526 	.db #0x05	; 5
    000009B2 04                    2527 	.db #0x04	; 4
    000009B3 04                    2528 	.db #0x04	; 4
    000009B4 03                    2529 	.db #0x03	; 3
    000009B5 03                    2530 	.db #0x03	; 3
    000009B6 00                    2531 	.db #0x00	; 0
    000009B7 00                    2532 	.db #0x00	; 0
    000009B8 00                    2533 	.db #0x00	; 0
    000009B9 00                    2534 	.db #0x00	; 0
    000009BA 00                    2535 	.db #0x00	; 0
    000009BB 00                    2536 	.db #0x00	; 0
    000009BC 1F                    2537 	.db #0x1f	; 31
    000009BD 1F                    2538 	.db #0x1f	; 31
    000009BE E0                    2539 	.db #0xe0	; 224
    000009BF E0                    2540 	.db #0xe0	; 224
    000009C0 80                    2541 	.db #0x80	; 128
    000009C1 80                    2542 	.db #0x80	; 128
    000009C2 60                    2543 	.db #0x60	; 96
    000009C3 60                    2544 	.db #0x60	; 96
    000009C4 1C                    2545 	.db #0x1c	; 28
    000009C5 1C                    2546 	.db #0x1c	; 28
    000009C6 C2                    2547 	.db #0xc2	; 194
    000009C7 C2                    2548 	.db #0xc2	; 194
    000009C8 39                    2549 	.db #0x39	; 57	'9'
    000009C9 39                    2550 	.db #0x39	; 57	'9'
    000009CA 05                    2551 	.db #0x05	; 5
    000009CB 05                    2552 	.db #0x05	; 5
    000009CC F9                    2553 	.db #0xf9	; 249
    000009CD F9                    2554 	.db #0xf9	; 249
    000009CE 06                    2555 	.db #0x06	; 6
    000009CF 06                    2556 	.db #0x06	; 6
    000009D0 03                    2557 	.db #0x03	; 3
    000009D1 FC                    2558 	.db #0xfc	; 252
    000009D2 01                    2559 	.db #0x01	; 1
    000009D3 FE                    2560 	.db #0xfe	; 254
    000009D4 41                    2561 	.db #0x41	; 65	'A'
    000009D5 BE                    2562 	.db #0xbe	; 190
    000009D6 81                    2563 	.db #0x81	; 129
    000009D7 7E                    2564 	.db #0x7e	; 126
    000009D8 FE                    2565 	.db #0xfe	; 254
    000009D9 FF                    2566 	.db #0xff	; 255
    000009DA 07                    2567 	.db #0x07	; 7
    000009DB 01                    2568 	.db #0x01	; 1
    000009DC 00                    2569 	.db #0x00	; 0
    000009DD 00                    2570 	.db #0x00	; 0
    000009DE 00                    2571 	.db #0x00	; 0
    000009DF 00                    2572 	.db #0x00	; 0
    000009E0 F5                    2573 	.db #0xf5	; 245
    000009E1 00                    2574 	.db #0x00	; 0
    000009E2 FC                    2575 	.db #0xfc	; 252
    000009E3 00                    2576 	.db #0x00	; 0
    000009E4 FE                    2577 	.db #0xfe	; 254
    000009E5 00                    2578 	.db #0x00	; 0
    000009E6 FF                    2579 	.db #0xff	; 255
    000009E7 00                    2580 	.db #0x00	; 0
    000009E8 FF                    2581 	.db #0xff	; 255
    000009E9 00                    2582 	.db #0x00	; 0
    000009EA FF                    2583 	.db #0xff	; 255
    000009EB E0                    2584 	.db #0xe0	; 224
    000009EC 1F                    2585 	.db #0x1f	; 31
    000009ED 1F                    2586 	.db #0x1f	; 31
    000009EE 02                    2587 	.db #0x02	; 2
    000009EF 01                    2588 	.db #0x01	; 1
    000009F0 F7                    2589 	.db #0xf7	; 247
    000009F1 00                    2590 	.db #0x00	; 0
    000009F2 F7                    2591 	.db #0xf7	; 247
    000009F3 00                    2592 	.db #0x00	; 0
    000009F4 FF                    2593 	.db #0xff	; 255
    000009F5 00                    2594 	.db #0x00	; 0
    000009F6 FF                    2595 	.db #0xff	; 255
    000009F7 00                    2596 	.db #0x00	; 0
    000009F8 FF                    2597 	.db #0xff	; 255
    000009F9 00                    2598 	.db #0x00	; 0
    000009FA FF                    2599 	.db #0xff	; 255
    000009FB 00                    2600 	.db #0x00	; 0
    000009FC FB                    2601 	.db #0xfb	; 251
    000009FD C0                    2602 	.db #0xc0	; 192
    000009FE 7F                    2603 	.db #0x7f	; 127
    000009FF B8                    2604 	.db #0xb8	; 184
    00000A00 FF                    2605 	.db #0xff	; 255
    00000A01 00                    2606 	.db #0x00	; 0
    00000A02 FF                    2607 	.db #0xff	; 255
    00000A03 00                    2608 	.db #0x00	; 0
    00000A04 FF                    2609 	.db #0xff	; 255
    00000A05 00                    2610 	.db #0x00	; 0
    00000A06 FF                    2611 	.db #0xff	; 255
    00000A07 00                    2612 	.db #0x00	; 0
    00000A08 7F                    2613 	.db #0x7f	; 127
    00000A09 80                    2614 	.db #0x80	; 128
    00000A0A 39                    2615 	.db #0x39	; 57	'9'
    00000A0B C0                    2616 	.db #0xc0	; 192
    00000A0C 3D                    2617 	.db #0x3d	; 61
    00000A0D C0                    2618 	.db #0xc0	; 192
    00000A0E 3F                    2619 	.db #0x3f	; 63
    00000A0F C0                    2620 	.db #0xc0	; 192
    00000A10 F9                    2621 	.db #0xf9	; 249
    00000A11 00                    2622 	.db #0x00	; 0
    00000A12 FC                    2623 	.db #0xfc	; 252
    00000A13 00                    2624 	.db #0x00	; 0
    00000A14 FD                    2625 	.db #0xfd	; 253
    00000A15 00                    2626 	.db #0x00	; 0
    00000A16 FF                    2627 	.db #0xff	; 255
    00000A17 00                    2628 	.db #0x00	; 0
    00000A18 FF                    2629 	.db #0xff	; 255
    00000A19 00                    2630 	.db #0x00	; 0
    00000A1A FF                    2631 	.db #0xff	; 255
    00000A1B 00                    2632 	.db #0x00	; 0
    00000A1C FF                    2633 	.db #0xff	; 255
    00000A1D 00                    2634 	.db #0x00	; 0
    00000A1E BF                    2635 	.db #0xbf	; 191
    00000A1F 40                    2636 	.db #0x40	; 64
    00000A20 FF                    2637 	.db #0xff	; 255
    00000A21 01                    2638 	.db #0x01	; 1
    00000A22 FF                    2639 	.db #0xff	; 255
    00000A23 01                    2640 	.db #0x01	; 1
    00000A24 7E                    2641 	.db #0x7e	; 126
    00000A25 00                    2642 	.db #0x00	; 0
    00000A26 FF                    2643 	.db #0xff	; 255
    00000A27 01                    2644 	.db #0x01	; 1
    00000A28 FF                    2645 	.db #0xff	; 255
    00000A29 02                    2646 	.db #0x02	; 2
    00000A2A 3F                    2647 	.db #0x3f	; 63
    00000A2B 04                    2648 	.db #0x04	; 4
    00000A2C D9                    2649 	.db #0xd9	; 217
    00000A2D 1E                    2650 	.db #0x1e	; 30
    00000A2E E1                    2651 	.db #0xe1	; 225
    00000A2F FF                    2652 	.db #0xff	; 255
    00000A30 AE                    2653 	.db #0xae	; 174
    00000A31 07                    2654 	.db #0x07	; 7
    00000A32 38                    2655 	.db #0x38	; 56	'8'
    00000A33 3F                    2656 	.db #0x3f	; 63
    00000A34 F0                    2657 	.db #0xf0	; 240
    00000A35 DF                    2658 	.db #0xdf	; 223
    00000A36 E0                    2659 	.db #0xe0	; 224
    00000A37 3F                    2660 	.db #0x3f	; 63
    00000A38 C7                    2661 	.db #0xc7	; 199
    00000A39 7F                    2662 	.db #0x7f	; 127
    00000A3A CF                    2663 	.db #0xcf	; 207
    00000A3B BF                    2664 	.db #0xbf	; 191
    00000A3C FB                    2665 	.db #0xfb	; 251
    00000A3D FF                    2666 	.db #0xff	; 255
    00000A3E C7                    2667 	.db #0xc7	; 199
    00000A3F FF                    2668 	.db #0xff	; 255
    00000A40 0B                    2669 	.db #0x0b	; 11
    00000A41 FF                    2670 	.db #0xff	; 255
    00000A42 1E                    2671 	.db #0x1e	; 30
    00000A43 FF                    2672 	.db #0xff	; 255
    00000A44 1F                    2673 	.db #0x1f	; 31
    00000A45 FF                    2674 	.db #0xff	; 255
    00000A46 FF                    2675 	.db #0xff	; 255
    00000A47 FF                    2676 	.db #0xff	; 255
    00000A48 FF                    2677 	.db #0xff	; 255
    00000A49 FF                    2678 	.db #0xff	; 255
    00000A4A FD                    2679 	.db #0xfd	; 253
    00000A4B FF                    2680 	.db #0xff	; 255
    00000A4C FF                    2681 	.db #0xff	; 255
    00000A4D FF                    2682 	.db #0xff	; 255
    00000A4E FF                    2683 	.db #0xff	; 255
    00000A4F FF                    2684 	.db #0xff	; 255
    00000A50 F3                    2685 	.db #0xf3	; 243
    00000A51 FF                    2686 	.db #0xff	; 255
    00000A52 FF                    2687 	.db #0xff	; 255
    00000A53 FF                    2688 	.db #0xff	; 255
    00000A54 FF                    2689 	.db #0xff	; 255
    00000A55 FF                    2690 	.db #0xff	; 255
    00000A56 F9                    2691 	.db #0xf9	; 249
    00000A57 FF                    2692 	.db #0xff	; 255
    00000A58 60                    2693 	.db #0x60	; 96
    00000A59 FF                    2694 	.db #0xff	; 255
    00000A5A C1                    2695 	.db #0xc1	; 193
    00000A5B FF                    2696 	.db #0xff	; 255
    00000A5C 9F                    2697 	.db #0x9f	; 159
    00000A5D FF                    2698 	.db #0xff	; 255
    00000A5E FF                    2699 	.db #0xff	; 255
    00000A5F FF                    2700 	.db #0xff	; 255
    00000A60 FF                    2701 	.db #0xff	; 255
    00000A61 FF                    2702 	.db #0xff	; 255
    00000A62 FF                    2703 	.db #0xff	; 255
    00000A63 FF                    2704 	.db #0xff	; 255
    00000A64 FF                    2705 	.db #0xff	; 255
    00000A65 FF                    2706 	.db #0xff	; 255
    00000A66 FF                    2707 	.db #0xff	; 255
    00000A67 FF                    2708 	.db #0xff	; 255
    00000A68 4F                    2709 	.db #0x4f	; 79	'O'
    00000A69 FF                    2710 	.db #0xff	; 255
    00000A6A 0F                    2711 	.db #0x0f	; 15
    00000A6B FF                    2712 	.db #0xff	; 255
    00000A6C CB                    2713 	.db #0xcb	; 203
    00000A6D F7                    2714 	.db #0xf7	; 247
    00000A6E C1                    2715 	.db #0xc1	; 193
    00000A6F FF                    2716 	.db #0xff	; 255
    00000A70 FF                    2717 	.db #0xff	; 255
    00000A71 FF                    2718 	.db #0xff	; 255
    00000A72 FF                    2719 	.db #0xff	; 255
    00000A73 FF                    2720 	.db #0xff	; 255
    00000A74 FF                    2721 	.db #0xff	; 255
    00000A75 FF                    2722 	.db #0xff	; 255
    00000A76 EF                    2723 	.db #0xef	; 239
    00000A77 FF                    2724 	.db #0xff	; 255
    00000A78 FF                    2725 	.db #0xff	; 255
    00000A79 FF                    2726 	.db #0xff	; 255
    00000A7A F4                    2727 	.db #0xf4	; 244
    00000A7B FF                    2728 	.db #0xff	; 255
    00000A7C F0                    2729 	.db #0xf0	; 240
    00000A7D FF                    2730 	.db #0xff	; 255
    00000A7E F8                    2731 	.db #0xf8	; 248
    00000A7F FF                    2732 	.db #0xff	; 255
    00000A80 FC                    2733 	.db #0xfc	; 252
    00000A81 FF                    2734 	.db #0xff	; 255
    00000A82 F8                    2735 	.db #0xf8	; 248
    00000A83 FF                    2736 	.db #0xff	; 255
    00000A84 F8                    2737 	.db #0xf8	; 248
    00000A85 FF                    2738 	.db #0xff	; 255
    00000A86 F8                    2739 	.db #0xf8	; 248
    00000A87 FF                    2740 	.db #0xff	; 255
    00000A88 B8                    2741 	.db #0xb8	; 184
    00000A89 FF                    2742 	.db #0xff	; 255
    00000A8A 83                    2743 	.db #0x83	; 131
    00000A8B 7C                    2744 	.db #0x7c	; 124
    00000A8C 31                    2745 	.db #0x31	; 49	'1'
    00000A8D CE                    2746 	.db #0xce	; 206
    00000A8E 38                    2747 	.db #0x38	; 56	'8'
    00000A8F C7                    2748 	.db #0xc7	; 199
    00000A90 C7                    2749 	.db #0xc7	; 199
    00000A91 F8                    2750 	.db #0xf8	; 248
    00000A92 2B                    2751 	.db #0x2b	; 43
    00000A93 D4                    2752 	.db #0xd4	; 212
    00000A94 F8                    2753 	.db #0xf8	; 248
    00000A95 07                    2754 	.db #0x07	; 7
    00000A96 7C                    2755 	.db #0x7c	; 124
    00000A97 83                    2756 	.db #0x83	; 131
    00000A98 1E                    2757 	.db #0x1e	; 30
    00000A99 E1                    2758 	.db #0xe1	; 225
    00000A9A 0F                    2759 	.db #0x0f	; 15
    00000A9B F0                    2760 	.db #0xf0	; 240
    00000A9C 9F                    2761 	.db #0x9f	; 159
    00000A9D 60                    2762 	.db #0x60	; 96
    00000A9E DF                    2763 	.db #0xdf	; 223
    00000A9F 20                    2764 	.db #0x20	; 32
    00000AA0 EF                    2765 	.db #0xef	; 239
    00000AA1 01                    2766 	.db #0x01	; 1
    00000AA2 E0                    2767 	.db #0xe0	; 224
    00000AA3 00                    2768 	.db #0x00	; 0
    00000AA4 EE                    2769 	.db #0xee	; 238
    00000AA5 00                    2770 	.db #0x00	; 0
    00000AA6 C6                    2771 	.db #0xc6	; 198
    00000AA7 01                    2772 	.db #0x01	; 1
    00000AA8 22                    2773 	.db #0x22	; 34
    00000AA9 C1                    2774 	.db #0xc1	; 193
    00000AAA 3E                    2775 	.db #0x3e	; 62
    00000AAB C1                    2776 	.db #0xc1	; 193
    00000AAC 3F                    2777 	.db #0x3f	; 63
    00000AAD C0                    2778 	.db #0xc0	; 192
    00000AAE 01                    2779 	.db #0x01	; 1
    00000AAF FE                    2780 	.db #0xfe	; 254
    00000AB0 00                    2781 	.db #0x00	; 0
    00000AB1 00                    2782 	.db #0x00	; 0
    00000AB2 E8                    2783 	.db #0xe8	; 232
    00000AB3 E0                    2784 	.db #0xe0	; 224
    00000AB4 B0                    2785 	.db #0xb0	; 176
    00000AB5 10                    2786 	.db #0x10	; 16
    00000AB6 78                    2787 	.db #0x78	; 120	'x'
    00000AB7 88                    2788 	.db #0x88	; 136
    00000AB8 38                    2789 	.db #0x38	; 56	'8'
    00000AB9 C8                    2790 	.db #0xc8	; 200
    00000ABA 14                    2791 	.db #0x14	; 20
    00000ABB E4                    2792 	.db #0xe4	; 228
    00000ABC 06                    2793 	.db #0x06	; 6
    00000ABD FA                    2794 	.db #0xfa	; 250
    00000ABE CF                    2795 	.db #0xcf	; 207
    00000ABF 31                    2796 	.db #0x31	; 49	'1'
    00000AC0 00                    2797 	.db #0x00	; 0
    00000AC1 00                    2798 	.db #0x00	; 0
    00000AC2 00                    2799 	.db #0x00	; 0
    00000AC3 00                    2800 	.db #0x00	; 0
    00000AC4 80                    2801 	.db #0x80	; 128
    00000AC5 00                    2802 	.db #0x00	; 0
    00000AC6 05                    2803 	.db #0x05	; 5
    00000AC7 01                    2804 	.db #0x01	; 1
    00000AC8 02                    2805 	.db #0x02	; 2
    00000AC9 02                    2806 	.db #0x02	; 2
    00000ACA 07                    2807 	.db #0x07	; 7
    00000ACB 07                    2808 	.db #0x07	; 7
    00000ACC 1F                    2809 	.db #0x1f	; 31
    00000ACD 18                    2810 	.db #0x18	; 24
    00000ACE BF                    2811 	.db #0xbf	; 191
    00000ACF A0                    2812 	.db #0xa0	; 160
    00000AD0 00                    2813 	.db #0x00	; 0
    00000AD1 00                    2814 	.db #0x00	; 0
    00000AD2 3B                    2815 	.db #0x3b	; 59
    00000AD3 3B                    2816 	.db #0x3b	; 59
    00000AD4 74                    2817 	.db #0x74	; 116	't'
    00000AD5 44                    2818 	.db #0x44	; 68	'D'
    00000AD6 8D                    2819 	.db #0x8d	; 141
    00000AD7 F5                    2820 	.db #0xf5	; 245
    00000AD8 87                    2821 	.db #0x87	; 135
    00000AD9 FB                    2822 	.db #0xfb	; 251
    00000ADA 07                    2823 	.db #0x07	; 7
    00000ADB F9                    2824 	.db #0xf9	; 249
    00000ADC E1                    2825 	.db #0xe1	; 225
    00000ADD 9F                    2826 	.db #0x9f	; 159
    00000ADE CF                    2827 	.db #0xcf	; 207
    00000ADF 7E                    2828 	.db #0x7e	; 126
    00000AE0 C0                    2829 	.db #0xc0	; 192
    00000AE1 C0                    2830 	.db #0xc0	; 192
    00000AE2 CD                    2831 	.db #0xcd	; 205
    00000AE3 4D                    2832 	.db #0x4d	; 77	'M'
    00000AE4 FA                    2833 	.db #0xfa	; 250
    00000AE5 B2                    2834 	.db #0xb2	; 178
    00000AE6 0E                    2835 	.db #0x0e	; 14
    00000AE7 72                    2836 	.db #0x72	; 114	'r'
    00000AE8 87                    2837 	.db #0x87	; 135
    00000AE9 79                    2838 	.db #0x79	; 121	'y'
    00000AEA 02                    2839 	.db #0x02	; 2
    00000AEB FC                    2840 	.db #0xfc	; 252
    00000AEC 81                    2841 	.db #0x81	; 129
    00000AED FF                    2842 	.db #0xff	; 255
    00000AEE 7E                    2843 	.db #0x7e	; 126
    00000AEF FE                    2844 	.db #0xfe	; 254
    00000AF0 1F                    2845 	.db #0x1f	; 31
    00000AF1 1F                    2846 	.db #0x1f	; 31
    00000AF2 E0                    2847 	.db #0xe0	; 224
    00000AF3 E0                    2848 	.db #0xe0	; 224
    00000AF4 00                    2849 	.db #0x00	; 0
    00000AF5 00                    2850 	.db #0x00	; 0
    00000AF6 00                    2851 	.db #0x00	; 0
    00000AF7 00                    2852 	.db #0x00	; 0
    00000AF8 00                    2853 	.db #0x00	; 0
    00000AF9 00                    2854 	.db #0x00	; 0
    00000AFA E0                    2855 	.db #0xe0	; 224
    00000AFB E0                    2856 	.db #0xe0	; 224
    00000AFC C0                    2857 	.db #0xc0	; 192
    00000AFD C0                    2858 	.db #0xc0	; 192
    00000AFE 00                    2859 	.db #0x00	; 0
    00000AFF 00                    2860 	.db #0x00	; 0
    00000B00 F8                    2861 	.db #0xf8	; 248
    00000B01 F8                    2862 	.db #0xf8	; 248
    00000B02 00                    2863 	.db #0x00	; 0
    00000B03 00                    2864 	.db #0x00	; 0
    00000B04 00                    2865 	.db #0x00	; 0
    00000B05 00                    2866 	.db #0x00	; 0
    00000B06 00                    2867 	.db #0x00	; 0
    00000B07 00                    2868 	.db #0x00	; 0
    00000B08 00                    2869 	.db #0x00	; 0
    00000B09 00                    2870 	.db #0x00	; 0
    00000B0A 01                    2871 	.db #0x01	; 1
    00000B0B 01                    2872 	.db #0x01	; 1
    00000B0C 03                    2873 	.db #0x03	; 3
    00000B0D 02                    2874 	.db #0x02	; 2
    00000B0E 04                    2875 	.db #0x04	; 4
    00000B0F 07                    2876 	.db #0x07	; 7
    00000B10 F7                    2877 	.db #0xf7	; 247
    00000B11 0F                    2878 	.db #0x0f	; 15
    00000B12 00                    2879 	.db #0x00	; 0
    00000B13 03                    2880 	.db #0x03	; 3
    00000B14 00                    2881 	.db #0x00	; 0
    00000B15 00                    2882 	.db #0x00	; 0
    00000B16 00                    2883 	.db #0x00	; 0
    00000B17 00                    2884 	.db #0x00	; 0
    00000B18 00                    2885 	.db #0x00	; 0
    00000B19 00                    2886 	.db #0x00	; 0
    00000B1A 00                    2887 	.db #0x00	; 0
    00000B1B 00                    2888 	.db #0x00	; 0
    00000B1C 00                    2889 	.db #0x00	; 0
    00000B1D 00                    2890 	.db #0x00	; 0
    00000B1E 00                    2891 	.db #0x00	; 0
    00000B1F 00                    2892 	.db #0x00	; 0
    00000B20 97                    2893 	.db #0x97	; 151
    00000B21 E8                    2894 	.db #0xe8	; 232
    00000B22 7F                    2895 	.db #0x7f	; 127
    00000B23 F8                    2896 	.db #0xf8	; 248
    00000B24 37                    2897 	.db #0x37	; 55	'7'
    00000B25 0F                    2898 	.db #0x0f	; 15
    00000B26 00                    2899 	.db #0x00	; 0
    00000B27 07                    2900 	.db #0x07	; 7
    00000B28 01                    2901 	.db #0x01	; 1
    00000B29 00                    2902 	.db #0x00	; 0
    00000B2A 00                    2903 	.db #0x00	; 0
    00000B2B 00                    2904 	.db #0x00	; 0
    00000B2C 00                    2905 	.db #0x00	; 0
    00000B2D 00                    2906 	.db #0x00	; 0
    00000B2E 40                    2907 	.db #0x40	; 64
    00000B2F 00                    2908 	.db #0x00	; 0
    00000B30 DF                    2909 	.db #0xdf	; 223
    00000B31 27                    2910 	.db #0x27	; 39
    00000B32 18                    2911 	.db #0x18	; 24
    00000B33 E7                    2912 	.db #0xe7	; 231
    00000B34 00                    2913 	.db #0x00	; 0
    00000B35 FF                    2914 	.db #0xff	; 255
    00000B36 E0                    2915 	.db #0xe0	; 224
    00000B37 FF                    2916 	.db #0xff	; 255
    00000B38 18                    2917 	.db #0x18	; 24
    00000B39 FF                    2918 	.db #0xff	; 255
    00000B3A 07                    2919 	.db #0x07	; 7
    00000B3B 1F                    2920 	.db #0x1f	; 31
    00000B3C 00                    2921 	.db #0x00	; 0
    00000B3D 01                    2922 	.db #0x01	; 1
    00000B3E 00                    2923 	.db #0x00	; 0
    00000B3F 00                    2924 	.db #0x00	; 0
    00000B40 07                    2925 	.db #0x07	; 7
    00000B41 FF                    2926 	.db #0xff	; 255
    00000B42 0F                    2927 	.db #0x0f	; 15
    00000B43 FF                    2928 	.db #0xff	; 255
    00000B44 07                    2929 	.db #0x07	; 7
    00000B45 FF                    2930 	.db #0xff	; 255
    00000B46 00                    2931 	.db #0x00	; 0
    00000B47 FF                    2932 	.db #0xff	; 255
    00000B48 00                    2933 	.db #0x00	; 0
    00000B49 FF                    2934 	.db #0xff	; 255
    00000B4A 80                    2935 	.db #0x80	; 128
    00000B4B FF                    2936 	.db #0xff	; 255
    00000B4C 70                    2937 	.db #0x70	; 112	'p'
    00000B4D FF                    2938 	.db #0xff	; 255
    00000B4E 0E                    2939 	.db #0x0e	; 14
    00000B4F 0F                    2940 	.db #0x0f	; 15
    00000B50 9F                    2941 	.db #0x9f	; 159
    00000B51 FF                    2942 	.db #0xff	; 255
    00000B52 EF                    2943 	.db #0xef	; 239
    00000B53 FF                    2944 	.db #0xff	; 255
    00000B54 FD                    2945 	.db #0xfd	; 253
    00000B55 FF                    2946 	.db #0xff	; 255
    00000B56 7F                    2947 	.db #0x7f	; 127
    00000B57 FF                    2948 	.db #0xff	; 255
    00000B58 3C                    2949 	.db #0x3c	; 60
    00000B59 FF                    2950 	.db #0xff	; 255
    00000B5A 00                    2951 	.db #0x00	; 0
    00000B5B FF                    2952 	.db #0xff	; 255
    00000B5C 00                    2953 	.db #0x00	; 0
    00000B5D FF                    2954 	.db #0xff	; 255
    00000B5E 00                    2955 	.db #0x00	; 0
    00000B5F FF                    2956 	.db #0xff	; 255
    00000B60 7F                    2957 	.db #0x7f	; 127
    00000B61 FF                    2958 	.db #0xff	; 255
    00000B62 9F                    2959 	.db #0x9f	; 159
    00000B63 FF                    2960 	.db #0xff	; 255
    00000B64 27                    2961 	.db #0x27	; 39
    00000B65 FF                    2962 	.db #0xff	; 255
    00000B66 C5                    2963 	.db #0xc5	; 197
    00000B67 FF                    2964 	.db #0xff	; 255
    00000B68 03                    2965 	.db #0x03	; 3
    00000B69 FF                    2966 	.db #0xff	; 255
    00000B6A 01                    2967 	.db #0x01	; 1
    00000B6B FF                    2968 	.db #0xff	; 255
    00000B6C 00                    2969 	.db #0x00	; 0
    00000B6D FF                    2970 	.db #0xff	; 255
    00000B6E 00                    2971 	.db #0x00	; 0
    00000B6F FF                    2972 	.db #0xff	; 255
    00000B70 FF                    2973 	.db #0xff	; 255
    00000B71 FF                    2974 	.db #0xff	; 255
    00000B72 FF                    2975 	.db #0xff	; 255
    00000B73 FF                    2976 	.db #0xff	; 255
    00000B74 FF                    2977 	.db #0xff	; 255
    00000B75 FF                    2978 	.db #0xff	; 255
    00000B76 FF                    2979 	.db #0xff	; 255
    00000B77 FF                    2980 	.db #0xff	; 255
    00000B78 FF                    2981 	.db #0xff	; 255
    00000B79 FF                    2982 	.db #0xff	; 255
    00000B7A FF                    2983 	.db #0xff	; 255
    00000B7B FF                    2984 	.db #0xff	; 255
    00000B7C 7F                    2985 	.db #0x7f	; 127
    00000B7D FF                    2986 	.db #0xff	; 255
    00000B7E 00                    2987 	.db #0x00	; 0
    00000B7F FF                    2988 	.db #0xff	; 255
    00000B80 80                    2989 	.db #0x80	; 128
    00000B81 FF                    2990 	.db #0xff	; 255
    00000B82 80                    2991 	.db #0x80	; 128
    00000B83 FF                    2992 	.db #0xff	; 255
    00000B84 F0                    2993 	.db #0xf0	; 240
    00000B85 FF                    2994 	.db #0xff	; 255
    00000B86 F0                    2995 	.db #0xf0	; 240
    00000B87 FF                    2996 	.db #0xff	; 255
    00000B88 FC                    2997 	.db #0xfc	; 252
    00000B89 FF                    2998 	.db #0xff	; 255
    00000B8A FE                    2999 	.db #0xfe	; 254
    00000B8B FF                    3000 	.db #0xff	; 255
    00000B8C FE                    3001 	.db #0xfe	; 254
    00000B8D FF                    3002 	.db #0xff	; 255
    00000B8E FF                    3003 	.db #0xff	; 255
    00000B8F FF                    3004 	.db #0xff	; 255
    00000B90 38                    3005 	.db #0x38	; 56	'8'
    00000B91 FF                    3006 	.db #0xff	; 255
    00000B92 06                    3007 	.db #0x06	; 6
    00000B93 FF                    3008 	.db #0xff	; 255
    00000B94 00                    3009 	.db #0x00	; 0
    00000B95 FF                    3010 	.db #0xff	; 255
    00000B96 00                    3011 	.db #0x00	; 0
    00000B97 FF                    3012 	.db #0xff	; 255
    00000B98 00                    3013 	.db #0x00	; 0
    00000B99 FF                    3014 	.db #0xff	; 255
    00000B9A 01                    3015 	.db #0x01	; 1
    00000B9B FE                    3016 	.db #0xfe	; 254
    00000B9C 00                    3017 	.db #0x00	; 0
    00000B9D FF                    3018 	.db #0xff	; 255
    00000B9E 90                    3019 	.db #0x90	; 144
    00000B9F FF                    3020 	.db #0xff	; 255
    00000BA0 3C                    3021 	.db #0x3c	; 60
    00000BA1 C3                    3022 	.db #0xc3	; 195
    00000BA2 1D                    3023 	.db #0x1d	; 29
    00000BA3 E2                    3024 	.db #0xe2	; 226
    00000BA4 81                    3025 	.db #0x81	; 129
    00000BA5 FE                    3026 	.db #0xfe	; 254
    00000BA6 47                    3027 	.db #0x47	; 71	'G'
    00000BA7 B8                    3028 	.db #0xb8	; 184
    00000BA8 07                    3029 	.db #0x07	; 7
    00000BA9 F8                    3030 	.db #0xf8	; 248
    00000BAA 01                    3031 	.db #0x01	; 1
    00000BAB FE                    3032 	.db #0xfe	; 254
    00000BAC E0                    3033 	.db #0xe0	; 224
    00000BAD 1E                    3034 	.db #0x1e	; 30
    00000BAE 61                    3035 	.db #0x61	; 97	'a'
    00000BAF 9E                    3036 	.db #0x9e	; 158
    00000BB0 01                    3037 	.db #0x01	; 1
    00000BB1 FE                    3038 	.db #0xfe	; 254
    00000BB2 01                    3039 	.db #0x01	; 1
    00000BB3 FE                    3040 	.db #0xfe	; 254
    00000BB4 00                    3041 	.db #0x00	; 0
    00000BB5 FF                    3042 	.db #0xff	; 255
    00000BB6 67                    3043 	.db #0x67	; 103	'g'
    00000BB7 80                    3044 	.db #0x80	; 128
    00000BB8 50                    3045 	.db #0x50	; 80	'P'
    00000BB9 80                    3046 	.db #0x80	; 128
    00000BBA 9B                    3047 	.db #0x9b	; 155
    00000BBB 64                    3048 	.db #0x64	; 100	'd'
    00000BBC 0D                    3049 	.db #0x0d	; 13
    00000BBD F2                    3050 	.db #0xf2	; 242
    00000BBE 0E                    3051 	.db #0x0e	; 14
    00000BBF F1                    3052 	.db #0xf1	; 241
    00000BC0 E1                    3053 	.db #0xe1	; 225
    00000BC1 1E                    3054 	.db #0x1e	; 30
    00000BC2 FF                    3055 	.db #0xff	; 255
    00000BC3 00                    3056 	.db #0x00	; 0
    00000BC4 3F                    3057 	.db #0x3f	; 63
    00000BC5 C0                    3058 	.db #0xc0	; 192
    00000BC6 00                    3059 	.db #0x00	; 0
    00000BC7 00                    3060 	.db #0x00	; 0
    00000BC8 00                    3061 	.db #0x00	; 0
    00000BC9 00                    3062 	.db #0x00	; 0
    00000BCA FE                    3063 	.db #0xfe	; 254
    00000BCB 00                    3064 	.db #0x00	; 0
    00000BCC 00                    3065 	.db #0x00	; 0
    00000BCD 00                    3066 	.db #0x00	; 0
    00000BCE C0                    3067 	.db #0xc0	; 192
    00000BCF 03                    3068 	.db #0x03	; 3
    00000BD0 CD                    3069 	.db #0xcd	; 205
    00000BD1 10                    3070 	.db #0x10	; 16
    00000BD2 FF                    3071 	.db #0xff	; 255
    00000BD3 00                    3072 	.db #0x00	; 0
    00000BD4 AF                    3073 	.db #0xaf	; 175
    00000BD5 50                    3074 	.db #0x50	; 80	'P'
    00000BD6 C7                    3075 	.db #0xc7	; 199
    00000BD7 78                    3076 	.db #0x78	; 120	'x'
    00000BD8 E7                    3077 	.db #0xe7	; 231
    00000BD9 78                    3078 	.db #0x78	; 120	'x'
    00000BDA F6                    3079 	.db #0xf6	; 246
    00000BDB 09                    3080 	.db #0x09	; 9
    00000BDC 61                    3081 	.db #0x61	; 97	'a'
    00000BDD 9E                    3082 	.db #0x9e	; 158
    00000BDE 40                    3083 	.db #0x40	; 64
    00000BDF FF                    3084 	.db #0xff	; 255
    00000BE0 CF                    3085 	.db #0xcf	; 207
    00000BE1 70                    3086 	.db #0x70	; 112	'p'
    00000BE2 87                    3087 	.db #0x87	; 135
    00000BE3 78                    3088 	.db #0x78	; 120	'x'
    00000BE4 03                    3089 	.db #0x03	; 3
    00000BE5 FC                    3090 	.db #0xfc	; 252
    00000BE6 17                    3091 	.db #0x17	; 23
    00000BE7 F8                    3092 	.db #0xf8	; 248
    00000BE8 C6                    3093 	.db #0xc6	; 198
    00000BE9 39                    3094 	.db #0x39	; 57	'9'
    00000BEA 3E                    3095 	.db #0x3e	; 62
    00000BEB C1                    3096 	.db #0xc1	; 193
    00000BEC 01                    3097 	.db #0x01	; 1
    00000BED FF                    3098 	.db #0xff	; 255
    00000BEE FE                    3099 	.db #0xfe	; 254
    00000BEF F9                    3100 	.db #0xf9	; 249
    00000BF0 F0                    3101 	.db #0xf0	; 240
    00000BF1 30                    3102 	.db #0x30	; 48	'0'
    00000BF2 EE                    3103 	.db #0xee	; 238
    00000BF3 0E                    3104 	.db #0x0e	; 14
    00000BF4 FF                    3105 	.db #0xff	; 255
    00000BF5 01                    3106 	.db #0x01	; 1
    00000BF6 FF                    3107 	.db #0xff	; 255
    00000BF7 00                    3108 	.db #0x00	; 0
    00000BF8 7F                    3109 	.db #0x7f	; 127
    00000BF9 80                    3110 	.db #0x80	; 128
    00000BFA 3F                    3111 	.db #0x3f	; 63
    00000BFB C0                    3112 	.db #0xc0	; 192
    00000BFC 8F                    3113 	.db #0x8f	; 143
    00000BFD F0                    3114 	.db #0xf0	; 240
    00000BFE 0C                    3115 	.db #0x0c	; 12
    00000BFF F3                    3116 	.db #0xf3	; 243
    00000C00 00                    3117 	.db #0x00	; 0
    00000C01 00                    3118 	.db #0x00	; 0
    00000C02 00                    3119 	.db #0x00	; 0
    00000C03 00                    3120 	.db #0x00	; 0
    00000C04 80                    3121 	.db #0x80	; 128
    00000C05 00                    3122 	.db #0x00	; 0
    00000C06 80                    3123 	.db #0x80	; 128
    00000C07 80                    3124 	.db #0x80	; 128
    00000C08 C0                    3125 	.db #0xc0	; 192
    00000C09 40                    3126 	.db #0x40	; 64
    00000C0A E0                    3127 	.db #0xe0	; 224
    00000C0B 20                    3128 	.db #0x20	; 32
    00000C0C FF                    3129 	.db #0xff	; 255
    00000C0D 1F                    3130 	.db #0x1f	; 31
    00000C0E F8                    3131 	.db #0xf8	; 248
    00000C0F 08                    3132 	.db #0x08	; 8
    00000C10 00                    3133 	.db #0x00	; 0
    00000C11 00                    3134 	.db #0x00	; 0
    00000C12 00                    3135 	.db #0x00	; 0
    00000C13 00                    3136 	.db #0x00	; 0
    00000C14 00                    3137 	.db #0x00	; 0
    00000C15 00                    3138 	.db #0x00	; 0
    00000C16 00                    3139 	.db #0x00	; 0
    00000C17 00                    3140 	.db #0x00	; 0
    00000C18 00                    3141 	.db #0x00	; 0
    00000C19 00                    3142 	.db #0x00	; 0
    00000C1A 00                    3143 	.db #0x00	; 0
    00000C1B 00                    3144 	.db #0x00	; 0
    00000C1C F8                    3145 	.db #0xf8	; 248
    00000C1D F8                    3146 	.db #0xf8	; 248
    00000C1E 07                    3147 	.db #0x07	; 7
    00000C1F 07                    3148 	.db #0x07	; 7
    00000C20 04                    3149 	.db #0x04	; 4
    00000C21 07                    3150 	.db #0x07	; 7
    00000C22 08                    3151 	.db #0x08	; 8
    00000C23 0F                    3152 	.db #0x0f	; 15
    00000C24 1E                    3153 	.db #0x1e	; 30
    00000C25 11                    3154 	.db #0x11	; 17
    00000C26 28                    3155 	.db #0x28	; 40
    00000C27 2F                    3156 	.db #0x2f	; 47
    00000C28 17                    3157 	.db #0x17	; 23
    00000C29 1F                    3158 	.db #0x1f	; 31
    00000C2A 00                    3159 	.db #0x00	; 0
    00000C2B 00                    3160 	.db #0x00	; 0
    00000C2C 00                    3161 	.db #0x00	; 0
    00000C2D 00                    3162 	.db #0x00	; 0
    00000C2E C0                    3163 	.db #0xc0	; 192
    00000C2F C0                    3164 	.db #0xc0	; 192
    00000C30 00                    3165 	.db #0x00	; 0
    00000C31 00                    3166 	.db #0x00	; 0
    00000C32 10                    3167 	.db #0x10	; 16
    00000C33 10                    3168 	.db #0x10	; 16
    00000C34 28                    3169 	.db #0x28	; 40
    00000C35 28                    3170 	.db #0x28	; 40
    00000C36 28                    3171 	.db #0x28	; 40
    00000C37 28                    3172 	.db #0x28	; 40
    00000C38 44                    3173 	.db #0x44	; 68	'D'
    00000C39 44                    3174 	.db #0x44	; 68	'D'
    00000C3A 7C                    3175 	.db #0x7c	; 124
    00000C3B 7C                    3176 	.db #0x7c	; 124
    00000C3C 82                    3177 	.db #0x82	; 130
    00000C3D 82                    3178 	.db #0x82	; 130
    00000C3E 82                    3179 	.db #0x82	; 130
    00000C3F 82                    3180 	.db #0x82	; 130
    00000C40 00                    3181 	.db #0x00	; 0
    00000C41 00                    3182 	.db #0x00	; 0
    00000C42 F8                    3183 	.db #0xf8	; 248
    00000C43 F8                    3184 	.db #0xf8	; 248
    00000C44 84                    3185 	.db #0x84	; 132
    00000C45 84                    3186 	.db #0x84	; 132
    00000C46 84                    3187 	.db #0x84	; 132
    00000C47 84                    3188 	.db #0x84	; 132
    00000C48 FC                    3189 	.db #0xfc	; 252
    00000C49 FC                    3190 	.db #0xfc	; 252
    00000C4A 82                    3191 	.db #0x82	; 130
    00000C4B 82                    3192 	.db #0x82	; 130
    00000C4C 82                    3193 	.db #0x82	; 130
    00000C4D 82                    3194 	.db #0x82	; 130
    00000C4E FC                    3195 	.db #0xfc	; 252
    00000C4F FC                    3196 	.db #0xfc	; 252
    00000C50 00                    3197 	.db #0x00	; 0
    00000C51 00                    3198 	.db #0x00	; 0
    00000C52 3C                    3199 	.db #0x3c	; 60
    00000C53 3C                    3200 	.db #0x3c	; 60
    00000C54 42                    3201 	.db #0x42	; 66	'B'
    00000C55 42                    3202 	.db #0x42	; 66	'B'
    00000C56 80                    3203 	.db #0x80	; 128
    00000C57 80                    3204 	.db #0x80	; 128
    00000C58 80                    3205 	.db #0x80	; 128
    00000C59 80                    3206 	.db #0x80	; 128
    00000C5A 80                    3207 	.db #0x80	; 128
    00000C5B 80                    3208 	.db #0x80	; 128
    00000C5C 42                    3209 	.db #0x42	; 66	'B'
    00000C5D 42                    3210 	.db #0x42	; 66	'B'
    00000C5E 3C                    3211 	.db #0x3c	; 60
    00000C5F 3C                    3212 	.db #0x3c	; 60
    00000C60 00                    3213 	.db #0x00	; 0
    00000C61 00                    3214 	.db #0x00	; 0
    00000C62 F8                    3215 	.db #0xf8	; 248
    00000C63 F8                    3216 	.db #0xf8	; 248
    00000C64 84                    3217 	.db #0x84	; 132
    00000C65 84                    3218 	.db #0x84	; 132
    00000C66 82                    3219 	.db #0x82	; 130
    00000C67 82                    3220 	.db #0x82	; 130
    00000C68 82                    3221 	.db #0x82	; 130
    00000C69 82                    3222 	.db #0x82	; 130
    00000C6A 82                    3223 	.db #0x82	; 130
    00000C6B 82                    3224 	.db #0x82	; 130
    00000C6C 84                    3225 	.db #0x84	; 132
    00000C6D 84                    3226 	.db #0x84	; 132
    00000C6E F8                    3227 	.db #0xf8	; 248
    00000C6F F8                    3228 	.db #0xf8	; 248
    00000C70 00                    3229 	.db #0x00	; 0
    00000C71 00                    3230 	.db #0x00	; 0
    00000C72 FE                    3231 	.db #0xfe	; 254
    00000C73 FE                    3232 	.db #0xfe	; 254
    00000C74 80                    3233 	.db #0x80	; 128
    00000C75 80                    3234 	.db #0x80	; 128
    00000C76 80                    3235 	.db #0x80	; 128
    00000C77 80                    3236 	.db #0x80	; 128
    00000C78 FC                    3237 	.db #0xfc	; 252
    00000C79 FC                    3238 	.db #0xfc	; 252
    00000C7A 80                    3239 	.db #0x80	; 128
    00000C7B 80                    3240 	.db #0x80	; 128
    00000C7C 80                    3241 	.db #0x80	; 128
    00000C7D 80                    3242 	.db #0x80	; 128
    00000C7E FE                    3243 	.db #0xfe	; 254
    00000C7F FE                    3244 	.db #0xfe	; 254
    00000C80 00                    3245 	.db #0x00	; 0
    00000C81 00                    3246 	.db #0x00	; 0
    00000C82 FE                    3247 	.db #0xfe	; 254
    00000C83 FE                    3248 	.db #0xfe	; 254
    00000C84 80                    3249 	.db #0x80	; 128
    00000C85 80                    3250 	.db #0x80	; 128
    00000C86 80                    3251 	.db #0x80	; 128
    00000C87 80                    3252 	.db #0x80	; 128
    00000C88 FC                    3253 	.db #0xfc	; 252
    00000C89 FC                    3254 	.db #0xfc	; 252
    00000C8A 80                    3255 	.db #0x80	; 128
    00000C8B 80                    3256 	.db #0x80	; 128
    00000C8C 80                    3257 	.db #0x80	; 128
    00000C8D 80                    3258 	.db #0x80	; 128
    00000C8E 80                    3259 	.db #0x80	; 128
    00000C8F 80                    3260 	.db #0x80	; 128
    00000C90 00                    3261 	.db #0x00	; 0
    00000C91 00                    3262 	.db #0x00	; 0
    00000C92 3C                    3263 	.db #0x3c	; 60
    00000C93 3C                    3264 	.db #0x3c	; 60
    00000C94 42                    3265 	.db #0x42	; 66	'B'
    00000C95 42                    3266 	.db #0x42	; 66	'B'
    00000C96 80                    3267 	.db #0x80	; 128
    00000C97 80                    3268 	.db #0x80	; 128
    00000C98 9E                    3269 	.db #0x9e	; 158
    00000C99 9E                    3270 	.db #0x9e	; 158
    00000C9A 82                    3271 	.db #0x82	; 130
    00000C9B 82                    3272 	.db #0x82	; 130
    00000C9C 42                    3273 	.db #0x42	; 66	'B'
    00000C9D 42                    3274 	.db #0x42	; 66	'B'
    00000C9E 3C                    3275 	.db #0x3c	; 60
    00000C9F 3C                    3276 	.db #0x3c	; 60
    00000CA0 00                    3277 	.db #0x00	; 0
    00000CA1 00                    3278 	.db #0x00	; 0
    00000CA2 82                    3279 	.db #0x82	; 130
    00000CA3 82                    3280 	.db #0x82	; 130
    00000CA4 82                    3281 	.db #0x82	; 130
    00000CA5 82                    3282 	.db #0x82	; 130
    00000CA6 82                    3283 	.db #0x82	; 130
    00000CA7 82                    3284 	.db #0x82	; 130
    00000CA8 FE                    3285 	.db #0xfe	; 254
    00000CA9 FE                    3286 	.db #0xfe	; 254
    00000CAA 82                    3287 	.db #0x82	; 130
    00000CAB 82                    3288 	.db #0x82	; 130
    00000CAC 82                    3289 	.db #0x82	; 130
    00000CAD 82                    3290 	.db #0x82	; 130
    00000CAE 82                    3291 	.db #0x82	; 130
    00000CAF 82                    3292 	.db #0x82	; 130
    00000CB0 00                    3293 	.db #0x00	; 0
    00000CB1 00                    3294 	.db #0x00	; 0
    00000CB2 7C                    3295 	.db #0x7c	; 124
    00000CB3 7C                    3296 	.db #0x7c	; 124
    00000CB4 10                    3297 	.db #0x10	; 16
    00000CB5 10                    3298 	.db #0x10	; 16
    00000CB6 10                    3299 	.db #0x10	; 16
    00000CB7 10                    3300 	.db #0x10	; 16
    00000CB8 10                    3301 	.db #0x10	; 16
    00000CB9 10                    3302 	.db #0x10	; 16
    00000CBA 10                    3303 	.db #0x10	; 16
    00000CBB 10                    3304 	.db #0x10	; 16
    00000CBC 10                    3305 	.db #0x10	; 16
    00000CBD 10                    3306 	.db #0x10	; 16
    00000CBE 7C                    3307 	.db #0x7c	; 124
    00000CBF 7C                    3308 	.db #0x7c	; 124
    00000CC0 00                    3309 	.db #0x00	; 0
    00000CC1 00                    3310 	.db #0x00	; 0
    00000CC2 7E                    3311 	.db #0x7e	; 126
    00000CC3 7E                    3312 	.db #0x7e	; 126
    00000CC4 08                    3313 	.db #0x08	; 8
    00000CC5 08                    3314 	.db #0x08	; 8
    00000CC6 08                    3315 	.db #0x08	; 8
    00000CC7 08                    3316 	.db #0x08	; 8
    00000CC8 88                    3317 	.db #0x88	; 136
    00000CC9 88                    3318 	.db #0x88	; 136
    00000CCA 88                    3319 	.db #0x88	; 136
    00000CCB 88                    3320 	.db #0x88	; 136
    00000CCC 88                    3321 	.db #0x88	; 136
    00000CCD 88                    3322 	.db #0x88	; 136
    00000CCE 70                    3323 	.db #0x70	; 112	'p'
    00000CCF 70                    3324 	.db #0x70	; 112	'p'
    00000CD0 00                    3325 	.db #0x00	; 0
    00000CD1 00                    3326 	.db #0x00	; 0
    00000CD2 84                    3327 	.db #0x84	; 132
    00000CD3 84                    3328 	.db #0x84	; 132
    00000CD4 88                    3329 	.db #0x88	; 136
    00000CD5 88                    3330 	.db #0x88	; 136
    00000CD6 90                    3331 	.db #0x90	; 144
    00000CD7 90                    3332 	.db #0x90	; 144
    00000CD8 B0                    3333 	.db #0xb0	; 176
    00000CD9 B0                    3334 	.db #0xb0	; 176
    00000CDA C8                    3335 	.db #0xc8	; 200
    00000CDB C8                    3336 	.db #0xc8	; 200
    00000CDC 84                    3337 	.db #0x84	; 132
    00000CDD 84                    3338 	.db #0x84	; 132
    00000CDE 82                    3339 	.db #0x82	; 130
    00000CDF 82                    3340 	.db #0x82	; 130
    00000CE0 00                    3341 	.db #0x00	; 0
    00000CE1 00                    3342 	.db #0x00	; 0
    00000CE2 80                    3343 	.db #0x80	; 128
    00000CE3 80                    3344 	.db #0x80	; 128
    00000CE4 80                    3345 	.db #0x80	; 128
    00000CE5 80                    3346 	.db #0x80	; 128
    00000CE6 80                    3347 	.db #0x80	; 128
    00000CE7 80                    3348 	.db #0x80	; 128
    00000CE8 80                    3349 	.db #0x80	; 128
    00000CE9 80                    3350 	.db #0x80	; 128
    00000CEA 80                    3351 	.db #0x80	; 128
    00000CEB 80                    3352 	.db #0x80	; 128
    00000CEC 80                    3353 	.db #0x80	; 128
    00000CED 80                    3354 	.db #0x80	; 128
    00000CEE FE                    3355 	.db #0xfe	; 254
    00000CEF FE                    3356 	.db #0xfe	; 254
    00000CF0 00                    3357 	.db #0x00	; 0
    00000CF1 00                    3358 	.db #0x00	; 0
    00000CF2 82                    3359 	.db #0x82	; 130
    00000CF3 82                    3360 	.db #0x82	; 130
    00000CF4 C6                    3361 	.db #0xc6	; 198
    00000CF5 C6                    3362 	.db #0xc6	; 198
    00000CF6 AA                    3363 	.db #0xaa	; 170
    00000CF7 AA                    3364 	.db #0xaa	; 170
    00000CF8 92                    3365 	.db #0x92	; 146
    00000CF9 92                    3366 	.db #0x92	; 146
    00000CFA 82                    3367 	.db #0x82	; 130
    00000CFB 82                    3368 	.db #0x82	; 130
    00000CFC 82                    3369 	.db #0x82	; 130
    00000CFD 82                    3370 	.db #0x82	; 130
    00000CFE 82                    3371 	.db #0x82	; 130
    00000CFF 82                    3372 	.db #0x82	; 130
    00000D00 00                    3373 	.db #0x00	; 0
    00000D01 00                    3374 	.db #0x00	; 0
    00000D02 82                    3375 	.db #0x82	; 130
    00000D03 82                    3376 	.db #0x82	; 130
    00000D04 C2                    3377 	.db #0xc2	; 194
    00000D05 C2                    3378 	.db #0xc2	; 194
    00000D06 A2                    3379 	.db #0xa2	; 162
    00000D07 A2                    3380 	.db #0xa2	; 162
    00000D08 92                    3381 	.db #0x92	; 146
    00000D09 92                    3382 	.db #0x92	; 146
    00000D0A 8A                    3383 	.db #0x8a	; 138
    00000D0B 8A                    3384 	.db #0x8a	; 138
    00000D0C 86                    3385 	.db #0x86	; 134
    00000D0D 86                    3386 	.db #0x86	; 134
    00000D0E 82                    3387 	.db #0x82	; 130
    00000D0F 82                    3388 	.db #0x82	; 130
    00000D10 00                    3389 	.db #0x00	; 0
    00000D11 00                    3390 	.db #0x00	; 0
    00000D12 38                    3391 	.db #0x38	; 56	'8'
    00000D13 38                    3392 	.db #0x38	; 56	'8'
    00000D14 44                    3393 	.db #0x44	; 68	'D'
    00000D15 44                    3394 	.db #0x44	; 68	'D'
    00000D16 82                    3395 	.db #0x82	; 130
    00000D17 82                    3396 	.db #0x82	; 130
    00000D18 82                    3397 	.db #0x82	; 130
    00000D19 82                    3398 	.db #0x82	; 130
    00000D1A 82                    3399 	.db #0x82	; 130
    00000D1B 82                    3400 	.db #0x82	; 130
    00000D1C 44                    3401 	.db #0x44	; 68	'D'
    00000D1D 44                    3402 	.db #0x44	; 68	'D'
    00000D1E 38                    3403 	.db #0x38	; 56	'8'
    00000D1F 38                    3404 	.db #0x38	; 56	'8'
    00000D20 00                    3405 	.db #0x00	; 0
    00000D21 00                    3406 	.db #0x00	; 0
    00000D22 FC                    3407 	.db #0xfc	; 252
    00000D23 FC                    3408 	.db #0xfc	; 252
    00000D24 82                    3409 	.db #0x82	; 130
    00000D25 82                    3410 	.db #0x82	; 130
    00000D26 82                    3411 	.db #0x82	; 130
    00000D27 82                    3412 	.db #0x82	; 130
    00000D28 FC                    3413 	.db #0xfc	; 252
    00000D29 FC                    3414 	.db #0xfc	; 252
    00000D2A 80                    3415 	.db #0x80	; 128
    00000D2B 80                    3416 	.db #0x80	; 128
    00000D2C 80                    3417 	.db #0x80	; 128
    00000D2D 80                    3418 	.db #0x80	; 128
    00000D2E 80                    3419 	.db #0x80	; 128
    00000D2F 80                    3420 	.db #0x80	; 128
    00000D30 00                    3421 	.db #0x00	; 0
    00000D31 00                    3422 	.db #0x00	; 0
    00000D32 38                    3423 	.db #0x38	; 56	'8'
    00000D33 38                    3424 	.db #0x38	; 56	'8'
    00000D34 44                    3425 	.db #0x44	; 68	'D'
    00000D35 44                    3426 	.db #0x44	; 68	'D'
    00000D36 82                    3427 	.db #0x82	; 130
    00000D37 82                    3428 	.db #0x82	; 130
    00000D38 82                    3429 	.db #0x82	; 130
    00000D39 82                    3430 	.db #0x82	; 130
    00000D3A 8A                    3431 	.db #0x8a	; 138
    00000D3B 8A                    3432 	.db #0x8a	; 138
    00000D3C 44                    3433 	.db #0x44	; 68	'D'
    00000D3D 44                    3434 	.db #0x44	; 68	'D'
    00000D3E 3A                    3435 	.db #0x3a	; 58
    00000D3F 3A                    3436 	.db #0x3a	; 58
    00000D40 00                    3437 	.db #0x00	; 0
    00000D41 00                    3438 	.db #0x00	; 0
    00000D42 FC                    3439 	.db #0xfc	; 252
    00000D43 FC                    3440 	.db #0xfc	; 252
    00000D44 82                    3441 	.db #0x82	; 130
    00000D45 82                    3442 	.db #0x82	; 130
    00000D46 82                    3443 	.db #0x82	; 130
    00000D47 82                    3444 	.db #0x82	; 130
    00000D48 FC                    3445 	.db #0xfc	; 252
    00000D49 FC                    3446 	.db #0xfc	; 252
    00000D4A 88                    3447 	.db #0x88	; 136
    00000D4B 88                    3448 	.db #0x88	; 136
    00000D4C 84                    3449 	.db #0x84	; 132
    00000D4D 84                    3450 	.db #0x84	; 132
    00000D4E 82                    3451 	.db #0x82	; 130
    00000D4F 82                    3452 	.db #0x82	; 130
    00000D50 00                    3453 	.db #0x00	; 0
    00000D51 00                    3454 	.db #0x00	; 0
    00000D52 78                    3455 	.db #0x78	; 120	'x'
    00000D53 78                    3456 	.db #0x78	; 120	'x'
    00000D54 84                    3457 	.db #0x84	; 132
    00000D55 84                    3458 	.db #0x84	; 132
    00000D56 80                    3459 	.db #0x80	; 128
    00000D57 80                    3460 	.db #0x80	; 128
    00000D58 7C                    3461 	.db #0x7c	; 124
    00000D59 7C                    3462 	.db #0x7c	; 124
    00000D5A 02                    3463 	.db #0x02	; 2
    00000D5B 02                    3464 	.db #0x02	; 2
    00000D5C 82                    3465 	.db #0x82	; 130
    00000D5D 82                    3466 	.db #0x82	; 130
    00000D5E 7C                    3467 	.db #0x7c	; 124
    00000D5F 7C                    3468 	.db #0x7c	; 124
    00000D60 00                    3469 	.db #0x00	; 0
    00000D61 00                    3470 	.db #0x00	; 0
    00000D62 FE                    3471 	.db #0xfe	; 254
    00000D63 FE                    3472 	.db #0xfe	; 254
    00000D64 10                    3473 	.db #0x10	; 16
    00000D65 10                    3474 	.db #0x10	; 16
    00000D66 10                    3475 	.db #0x10	; 16
    00000D67 10                    3476 	.db #0x10	; 16
    00000D68 10                    3477 	.db #0x10	; 16
    00000D69 10                    3478 	.db #0x10	; 16
    00000D6A 10                    3479 	.db #0x10	; 16
    00000D6B 10                    3480 	.db #0x10	; 16
    00000D6C 10                    3481 	.db #0x10	; 16
    00000D6D 10                    3482 	.db #0x10	; 16
    00000D6E 10                    3483 	.db #0x10	; 16
    00000D6F 10                    3484 	.db #0x10	; 16
    00000D70 00                    3485 	.db #0x00	; 0
    00000D71 00                    3486 	.db #0x00	; 0
    00000D72 82                    3487 	.db #0x82	; 130
    00000D73 82                    3488 	.db #0x82	; 130
    00000D74 82                    3489 	.db #0x82	; 130
    00000D75 82                    3490 	.db #0x82	; 130
    00000D76 82                    3491 	.db #0x82	; 130
    00000D77 82                    3492 	.db #0x82	; 130
    00000D78 82                    3493 	.db #0x82	; 130
    00000D79 82                    3494 	.db #0x82	; 130
    00000D7A 82                    3495 	.db #0x82	; 130
    00000D7B 82                    3496 	.db #0x82	; 130
    00000D7C 42                    3497 	.db #0x42	; 66	'B'
    00000D7D 42                    3498 	.db #0x42	; 66	'B'
    00000D7E 3E                    3499 	.db #0x3e	; 62
    00000D7F 3E                    3500 	.db #0x3e	; 62
    00000D80 00                    3501 	.db #0x00	; 0
    00000D81 00                    3502 	.db #0x00	; 0
    00000D82 82                    3503 	.db #0x82	; 130
    00000D83 82                    3504 	.db #0x82	; 130
    00000D84 82                    3505 	.db #0x82	; 130
    00000D85 82                    3506 	.db #0x82	; 130
    00000D86 44                    3507 	.db #0x44	; 68	'D'
    00000D87 44                    3508 	.db #0x44	; 68	'D'
    00000D88 44                    3509 	.db #0x44	; 68	'D'
    00000D89 44                    3510 	.db #0x44	; 68	'D'
    00000D8A 28                    3511 	.db #0x28	; 40
    00000D8B 28                    3512 	.db #0x28	; 40
    00000D8C 28                    3513 	.db #0x28	; 40
    00000D8D 28                    3514 	.db #0x28	; 40
    00000D8E 10                    3515 	.db #0x10	; 16
    00000D8F 10                    3516 	.db #0x10	; 16
    00000D90 00                    3517 	.db #0x00	; 0
    00000D91 00                    3518 	.db #0x00	; 0
    00000D92 82                    3519 	.db #0x82	; 130
    00000D93 82                    3520 	.db #0x82	; 130
    00000D94 82                    3521 	.db #0x82	; 130
    00000D95 82                    3522 	.db #0x82	; 130
    00000D96 92                    3523 	.db #0x92	; 146
    00000D97 92                    3524 	.db #0x92	; 146
    00000D98 AA                    3525 	.db #0xaa	; 170
    00000D99 AA                    3526 	.db #0xaa	; 170
    00000D9A C6                    3527 	.db #0xc6	; 198
    00000D9B C6                    3528 	.db #0xc6	; 198
    00000D9C C6                    3529 	.db #0xc6	; 198
    00000D9D C6                    3530 	.db #0xc6	; 198
    00000D9E 82                    3531 	.db #0x82	; 130
    00000D9F 82                    3532 	.db #0x82	; 130
    00000DA0 00                    3533 	.db #0x00	; 0
    00000DA1 00                    3534 	.db #0x00	; 0
    00000DA2 C6                    3535 	.db #0xc6	; 198
    00000DA3 C6                    3536 	.db #0xc6	; 198
    00000DA4 44                    3537 	.db #0x44	; 68	'D'
    00000DA5 44                    3538 	.db #0x44	; 68	'D'
    00000DA6 28                    3539 	.db #0x28	; 40
    00000DA7 28                    3540 	.db #0x28	; 40
    00000DA8 10                    3541 	.db #0x10	; 16
    00000DA9 10                    3542 	.db #0x10	; 16
    00000DAA 28                    3543 	.db #0x28	; 40
    00000DAB 28                    3544 	.db #0x28	; 40
    00000DAC 44                    3545 	.db #0x44	; 68	'D'
    00000DAD 44                    3546 	.db #0x44	; 68	'D'
    00000DAE C6                    3547 	.db #0xc6	; 198
    00000DAF C6                    3548 	.db #0xc6	; 198
    00000DB0 00                    3549 	.db #0x00	; 0
    00000DB1 00                    3550 	.db #0x00	; 0
    00000DB2 82                    3551 	.db #0x82	; 130
    00000DB3 82                    3552 	.db #0x82	; 130
    00000DB4 44                    3553 	.db #0x44	; 68	'D'
    00000DB5 44                    3554 	.db #0x44	; 68	'D'
    00000DB6 28                    3555 	.db #0x28	; 40
    00000DB7 28                    3556 	.db #0x28	; 40
    00000DB8 10                    3557 	.db #0x10	; 16
    00000DB9 10                    3558 	.db #0x10	; 16
    00000DBA 10                    3559 	.db #0x10	; 16
    00000DBB 10                    3560 	.db #0x10	; 16
    00000DBC 10                    3561 	.db #0x10	; 16
    00000DBD 10                    3562 	.db #0x10	; 16
    00000DBE 10                    3563 	.db #0x10	; 16
    00000DBF 10                    3564 	.db #0x10	; 16
    00000DC0 00                    3565 	.db #0x00	; 0
    00000DC1 00                    3566 	.db #0x00	; 0
    00000DC2 FE                    3567 	.db #0xfe	; 254
    00000DC3 FE                    3568 	.db #0xfe	; 254
    00000DC4 04                    3569 	.db #0x04	; 4
    00000DC5 04                    3570 	.db #0x04	; 4
    00000DC6 08                    3571 	.db #0x08	; 8
    00000DC7 08                    3572 	.db #0x08	; 8
    00000DC8 10                    3573 	.db #0x10	; 16
    00000DC9 10                    3574 	.db #0x10	; 16
    00000DCA 20                    3575 	.db #0x20	; 32
    00000DCB 20                    3576 	.db #0x20	; 32
    00000DCC 40                    3577 	.db #0x40	; 64
    00000DCD 40                    3578 	.db #0x40	; 64
    00000DCE FE                    3579 	.db #0xfe	; 254
    00000DCF FE                    3580 	.db #0xfe	; 254
    00000DD0 00                    3581 	.db #0x00	; 0
    00000DD1 00                    3582 	.db #0x00	; 0
    00000DD2 00                    3583 	.db #0x00	; 0
    00000DD3 00                    3584 	.db #0x00	; 0
    00000DD4 00                    3585 	.db #0x00	; 0
    00000DD5 00                    3586 	.db #0x00	; 0
    00000DD6 00                    3587 	.db #0x00	; 0
    00000DD7 00                    3588 	.db #0x00	; 0
    00000DD8 30                    3589 	.db #0x30	; 48	'0'
    00000DD9 30                    3590 	.db #0x30	; 48	'0'
    00000DDA 30                    3591 	.db #0x30	; 48	'0'
    00000DDB 30                    3592 	.db #0x30	; 48	'0'
    00000DDC 10                    3593 	.db #0x10	; 16
    00000DDD 10                    3594 	.db #0x10	; 16
    00000DDE 20                    3595 	.db #0x20	; 32
    00000DDF 20                    3596 	.db #0x20	; 32
    00000DE0 00                    3597 	.db #0x00	; 0
    00000DE1 00                    3598 	.db #0x00	; 0
    00000DE2 7E                    3599 	.db #0x7e	; 126
    00000DE3 7E                    3600 	.db #0x7e	; 126
    00000DE4 E7                    3601 	.db #0xe7	; 231
    00000DE5 E7                    3602 	.db #0xe7	; 231
    00000DE6 CE                    3603 	.db #0xce	; 206
    00000DE7 CE                    3604 	.db #0xce	; 206
    00000DE8 18                    3605 	.db #0x18	; 24
    00000DE9 18                    3606 	.db #0x18	; 24
    00000DEA 00                    3607 	.db #0x00	; 0
    00000DEB 00                    3608 	.db #0x00	; 0
    00000DEC 18                    3609 	.db #0x18	; 24
    00000DED 18                    3610 	.db #0x18	; 24
    00000DEE 18                    3611 	.db #0x18	; 24
    00000DEF 18                    3612 	.db #0x18	; 24
    00000DF0 00                    3613 	.db #0x00	; 0
    00000DF1 00                    3614 	.db #0x00	; 0
    00000DF2 00                    3615 	.db #0x00	; 0
    00000DF3 00                    3616 	.db #0x00	; 0
    00000DF4 00                    3617 	.db #0x00	; 0
    00000DF5 00                    3618 	.db #0x00	; 0
    00000DF6 00                    3619 	.db #0x00	; 0
    00000DF7 00                    3620 	.db #0x00	; 0
    00000DF8 00                    3621 	.db #0x00	; 0
    00000DF9 00                    3622 	.db #0x00	; 0
    00000DFA 00                    3623 	.db #0x00	; 0
    00000DFB 00                    3624 	.db #0x00	; 0
    00000DFC 30                    3625 	.db #0x30	; 48	'0'
    00000DFD 30                    3626 	.db #0x30	; 48	'0'
    00000DFE 30                    3627 	.db #0x30	; 48	'0'
    00000DFF 30                    3628 	.db #0x30	; 48	'0'
    00000E00 00                    3629 	.db #0x00	; 0
    00000E01 00                    3630 	.db #0x00	; 0
    00000E02 00                    3631 	.db #0x00	; 0
    00000E03 00                    3632 	.db #0x00	; 0
    00000E04 00                    3633 	.db #0x00	; 0
    00000E05 00                    3634 	.db #0x00	; 0
    00000E06 00                    3635 	.db #0x00	; 0
    00000E07 00                    3636 	.db #0x00	; 0
    00000E08 00                    3637 	.db #0x00	; 0
    00000E09 00                    3638 	.db #0x00	; 0
    00000E0A 7E                    3639 	.db #0x7e	; 126
    00000E0B 7E                    3640 	.db #0x7e	; 126
    00000E0C 00                    3641 	.db #0x00	; 0
    00000E0D 00                    3642 	.db #0x00	; 0
    00000E0E 00                    3643 	.db #0x00	; 0
    00000E0F 00                    3644 	.db #0x00	; 0
    00000E10 00                    3645 	.db #0x00	; 0
    00000E11 00                    3646 	.db #0x00	; 0
    00000E12 00                    3647 	.db #0x00	; 0
    00000E13 00                    3648 	.db #0x00	; 0
    00000E14 18                    3649 	.db #0x18	; 24
    00000E15 18                    3650 	.db #0x18	; 24
    00000E16 18                    3651 	.db #0x18	; 24
    00000E17 18                    3652 	.db #0x18	; 24
    00000E18 00                    3653 	.db #0x00	; 0
    00000E19 00                    3654 	.db #0x00	; 0
    00000E1A 00                    3655 	.db #0x00	; 0
    00000E1B 00                    3656 	.db #0x00	; 0
    00000E1C 18                    3657 	.db #0x18	; 24
    00000E1D 18                    3658 	.db #0x18	; 24
    00000E1E 18                    3659 	.db #0x18	; 24
    00000E1F 18                    3660 	.db #0x18	; 24
    00000E20 30                    3661 	.db #0x30	; 48	'0'
    00000E21 30                    3662 	.db #0x30	; 48	'0'
    00000E22 30                    3663 	.db #0x30	; 48	'0'
    00000E23 30                    3664 	.db #0x30	; 48	'0'
    00000E24 10                    3665 	.db #0x10	; 16
    00000E25 10                    3666 	.db #0x10	; 16
    00000E26 20                    3667 	.db #0x20	; 32
    00000E27 20                    3668 	.db #0x20	; 32
    00000E28 00                    3669 	.db #0x00	; 0
    00000E29 00                    3670 	.db #0x00	; 0
    00000E2A 00                    3671 	.db #0x00	; 0
    00000E2B 00                    3672 	.db #0x00	; 0
    00000E2C 00                    3673 	.db #0x00	; 0
    00000E2D 00                    3674 	.db #0x00	; 0
    00000E2E 00                    3675 	.db #0x00	; 0
    00000E2F 00                    3676 	.db #0x00	; 0
    00000E30 E0                    3677 	.db #0xe0	; 224
    00000E31 E0                    3678 	.db #0xe0	; 224
    00000E32 FB                    3679 	.db #0xfb	; 251
    00000E33 BB                    3680 	.db #0xbb	; 187
    00000E34 E4                    3681 	.db #0xe4	; 228
    00000E35 FF                    3682 	.db #0xff	; 255
    00000E36 4B                    3683 	.db #0x4b	; 75	'K'
    00000E37 74                    3684 	.db #0x74	; 116	't'
    00000E38 5C                    3685 	.db #0x5c	; 92
    00000E39 60                    3686 	.db #0x60	; 96
    00000E3A 28                    3687 	.db #0x28	; 40
    00000E3B 30                    3688 	.db #0x30	; 48	'0'
    00000E3C 50                    3689 	.db #0x50	; 80	'P'
    00000E3D 60                    3690 	.db #0x60	; 96
    00000E3E 50                    3691 	.db #0x50	; 80	'P'
    00000E3F 60                    3692 	.db #0x60	; 96
    00000E40 00                    3693 	.db #0x00	; 0
    00000E41 00                    3694 	.db #0x00	; 0
    00000E42 FF                    3695 	.db #0xff	; 255
    00000E43 FF                    3696 	.db #0xff	; 255
    00000E44 00                    3697 	.db #0x00	; 0
    00000E45 FF                    3698 	.db #0xff	; 255
    00000E46 FF                    3699 	.db #0xff	; 255
    00000E47 00                    3700 	.db #0x00	; 0
    00000E48 00                    3701 	.db #0x00	; 0
    00000E49 00                    3702 	.db #0x00	; 0
    00000E4A 00                    3703 	.db #0x00	; 0
    00000E4B 00                    3704 	.db #0x00	; 0
    00000E4C 00                    3705 	.db #0x00	; 0
    00000E4D 00                    3706 	.db #0x00	; 0
    00000E4E 00                    3707 	.db #0x00	; 0
    00000E4F 00                    3708 	.db #0x00	; 0
    00000E50 07                    3709 	.db #0x07	; 7
    00000E51 07                    3710 	.db #0x07	; 7
    00000E52 DF                    3711 	.db #0xdf	; 223
    00000E53 DD                    3712 	.db #0xdd	; 221
    00000E54 27                    3713 	.db #0x27	; 39
    00000E55 FF                    3714 	.db #0xff	; 255
    00000E56 D2                    3715 	.db #0xd2	; 210
    00000E57 2E                    3716 	.db #0x2e	; 46
    00000E58 3A                    3717 	.db #0x3a	; 58
    00000E59 06                    3718 	.db #0x06	; 6
    00000E5A 14                    3719 	.db #0x14	; 20
    00000E5B 0C                    3720 	.db #0x0c	; 12
    00000E5C 0A                    3721 	.db #0x0a	; 10
    00000E5D 06                    3722 	.db #0x06	; 6
    00000E5E 0A                    3723 	.db #0x0a	; 10
    00000E5F 06                    3724 	.db #0x06	; 6
    00000E60 0A                    3725 	.db #0x0a	; 10
    00000E61 06                    3726 	.db #0x06	; 6
    00000E62 0A                    3727 	.db #0x0a	; 10
    00000E63 06                    3728 	.db #0x06	; 6
    00000E64 0A                    3729 	.db #0x0a	; 10
    00000E65 06                    3730 	.db #0x06	; 6
    00000E66 0A                    3731 	.db #0x0a	; 10
    00000E67 06                    3732 	.db #0x06	; 6
    00000E68 0A                    3733 	.db #0x0a	; 10
    00000E69 06                    3734 	.db #0x06	; 6
    00000E6A 0A                    3735 	.db #0x0a	; 10
    00000E6B 06                    3736 	.db #0x06	; 6
    00000E6C 0A                    3737 	.db #0x0a	; 10
    00000E6D 06                    3738 	.db #0x06	; 6
    00000E6E 0A                    3739 	.db #0x0a	; 10
    00000E6F 06                    3740 	.db #0x06	; 6
    00000E70 0A                    3741 	.db #0x0a	; 10
    00000E71 06                    3742 	.db #0x06	; 6
    00000E72 0A                    3743 	.db #0x0a	; 10
    00000E73 06                    3744 	.db #0x06	; 6
    00000E74 14                    3745 	.db #0x14	; 20
    00000E75 0C                    3746 	.db #0x0c	; 12
    00000E76 3A                    3747 	.db #0x3a	; 58
    00000E77 06                    3748 	.db #0x06	; 6
    00000E78 D2                    3749 	.db #0xd2	; 210
    00000E79 2E                    3750 	.db #0x2e	; 46
    00000E7A 27                    3751 	.db #0x27	; 39
    00000E7B FF                    3752 	.db #0xff	; 255
    00000E7C DF                    3753 	.db #0xdf	; 223
    00000E7D DD                    3754 	.db #0xdd	; 221
    00000E7E 07                    3755 	.db #0x07	; 7
    00000E7F 07                    3756 	.db #0x07	; 7
    00000E80 00                    3757 	.db #0x00	; 0
    00000E81 00                    3758 	.db #0x00	; 0
    00000E82 00                    3759 	.db #0x00	; 0
    00000E83 00                    3760 	.db #0x00	; 0
    00000E84 00                    3761 	.db #0x00	; 0
    00000E85 00                    3762 	.db #0x00	; 0
    00000E86 00                    3763 	.db #0x00	; 0
    00000E87 00                    3764 	.db #0x00	; 0
    00000E88 FF                    3765 	.db #0xff	; 255
    00000E89 00                    3766 	.db #0x00	; 0
    00000E8A 00                    3767 	.db #0x00	; 0
    00000E8B FF                    3768 	.db #0xff	; 255
    00000E8C FF                    3769 	.db #0xff	; 255
    00000E8D FF                    3770 	.db #0xff	; 255
    00000E8E 00                    3771 	.db #0x00	; 0
    00000E8F 00                    3772 	.db #0x00	; 0
    00000E90 50                    3773 	.db #0x50	; 80	'P'
    00000E91 60                    3774 	.db #0x60	; 96
    00000E92 50                    3775 	.db #0x50	; 80	'P'
    00000E93 60                    3776 	.db #0x60	; 96
    00000E94 28                    3777 	.db #0x28	; 40
    00000E95 30                    3778 	.db #0x30	; 48	'0'
    00000E96 5C                    3779 	.db #0x5c	; 92
    00000E97 60                    3780 	.db #0x60	; 96
    00000E98 4B                    3781 	.db #0x4b	; 75	'K'
    00000E99 74                    3782 	.db #0x74	; 116	't'
    00000E9A E4                    3783 	.db #0xe4	; 228
    00000E9B FF                    3784 	.db #0xff	; 255
    00000E9C FB                    3785 	.db #0xfb	; 251
    00000E9D BB                    3786 	.db #0xbb	; 187
    00000E9E E0                    3787 	.db #0xe0	; 224
    00000E9F E0                    3788 	.db #0xe0	; 224
    00000EA0 50                    3789 	.db #0x50	; 80	'P'
    00000EA1 60                    3790 	.db #0x60	; 96
    00000EA2 50                    3791 	.db #0x50	; 80	'P'
    00000EA3 60                    3792 	.db #0x60	; 96
    00000EA4 50                    3793 	.db #0x50	; 80	'P'
    00000EA5 60                    3794 	.db #0x60	; 96
    00000EA6 50                    3795 	.db #0x50	; 80	'P'
    00000EA7 60                    3796 	.db #0x60	; 96
    00000EA8 50                    3797 	.db #0x50	; 80	'P'
    00000EA9 60                    3798 	.db #0x60	; 96
    00000EAA 50                    3799 	.db #0x50	; 80	'P'
    00000EAB 60                    3800 	.db #0x60	; 96
    00000EAC 50                    3801 	.db #0x50	; 80	'P'
    00000EAD 60                    3802 	.db #0x60	; 96
    00000EAE 50                    3803 	.db #0x50	; 80	'P'
    00000EAF 60                    3804 	.db #0x60	; 96
                                   3805 	.area _INITIALIZER
                                   3806 	.area _CABS (ABS)
