                                      1 ;--------------------------------------------------------
                                      2 ; File Created by SDCC : free open source ISO C Compiler
                                      3 ; Version 4.5.1 #15267 (MINGW64)
                                      4 ;--------------------------------------------------------
                                      5 	.module IntroSlide3Tiles
                                      6 	
                                      7 ;--------------------------------------------------------
                                      8 ; Public variables in this module
                                      9 ;--------------------------------------------------------
                                     10 	.globl _Slide3
                                     11 ;--------------------------------------------------------
                                     12 ; special function registers
                                     13 ;--------------------------------------------------------
                                     14 	.area _HRAM
                                     15 ;--------------------------------------------------------
                                     16 ; ram data
                                     17 ;--------------------------------------------------------
                                     18 	.area _DATA
                                     19 ;--------------------------------------------------------
                                     20 ; ram data
                                     21 ;--------------------------------------------------------
                                     22 	.area _INITIALIZED
                                     23 ;--------------------------------------------------------
                                     24 ; absolute external ram data
                                     25 ;--------------------------------------------------------
                                     26 	.area _DABS (ABS)
                                     27 ;--------------------------------------------------------
                                     28 ; global & static initialisations
                                     29 ;--------------------------------------------------------
                                     30 	.area _HOME
                                     31 	.area _GSINIT
                                     32 	.area _GSFINAL
                                     33 	.area _GSINIT
                                     34 ;--------------------------------------------------------
                                     35 ; Home
                                     36 ;--------------------------------------------------------
                                     37 	.area _HOME
                                     38 	.area _HOME
                                     39 ;--------------------------------------------------------
                                     40 ; code
                                     41 ;--------------------------------------------------------
                                     42 	.area _CODE_6
                                     43 	.area _CODE_6
    00000000                         44 _Slide3:
    00000000 40                      45 	.db #0x40	; 64
    00000001 BF                      46 	.db #0xbf	; 191
    00000002 78                      47 	.db #0x78	; 120	'x'
    00000003 87                      48 	.db #0x87	; 135
    00000004 3C                      49 	.db #0x3c	; 60
    00000005 C3                      50 	.db #0xc3	; 195
    00000006 07                      51 	.db #0x07	; 7
    00000007 F8                      52 	.db #0xf8	; 248
    00000008 03                      53 	.db #0x03	; 3
    00000009 FC                      54 	.db #0xfc	; 252
    0000000A 01                      55 	.db #0x01	; 1
    0000000B FE                      56 	.db #0xfe	; 254
    0000000C 00                      57 	.db #0x00	; 0
    0000000D FF                      58 	.db #0xff	; 255
    0000000E 00                      59 	.db #0x00	; 0
    0000000F FF                      60 	.db #0xff	; 255
    00000010 7B                      61 	.db #0x7b	; 123
    00000011 87                      62 	.db #0x87	; 135
    00000012 7F                      63 	.db #0x7f	; 127
    00000013 83                      64 	.db #0x83	; 131
    00000014 FF                      65 	.db #0xff	; 255
    00000015 03                      66 	.db #0x03	; 3
    00000016 7F                      67 	.db #0x7f	; 127
    00000017 83                      68 	.db #0x83	; 131
    00000018 FF                      69 	.db #0xff	; 255
    00000019 03                      70 	.db #0x03	; 3
    0000001A FE                      71 	.db #0xfe	; 254
    0000001B 01                      72 	.db #0x01	; 1
    0000001C 7F                      73 	.db #0x7f	; 127
    0000001D 80                      74 	.db #0x80	; 128
    0000001E 07                      75 	.db #0x07	; 7
    0000001F F8                      76 	.db #0xf8	; 248
    00000020 FF                      77 	.db #0xff	; 255
    00000021 FF                      78 	.db #0xff	; 255
    00000022 FF                      79 	.db #0xff	; 255
    00000023 FF                      80 	.db #0xff	; 255
    00000024 FF                      81 	.db #0xff	; 255
    00000025 FF                      82 	.db #0xff	; 255
    00000026 FF                      83 	.db #0xff	; 255
    00000027 FF                      84 	.db #0xff	; 255
    00000028 FF                      85 	.db #0xff	; 255
    00000029 FF                      86 	.db #0xff	; 255
    0000002A FF                      87 	.db #0xff	; 255
    0000002B FF                      88 	.db #0xff	; 255
    0000002C 7F                      89 	.db #0x7f	; 127
    0000002D FF                      90 	.db #0xff	; 255
    0000002E DF                      91 	.db #0xdf	; 223
    0000002F 3F                      92 	.db #0x3f	; 63
    00000030 FF                      93 	.db #0xff	; 255
    00000031 FF                      94 	.db #0xff	; 255
    00000032 FE                      95 	.db #0xfe	; 254
    00000033 FF                      96 	.db #0xff	; 255
    00000034 FF                      97 	.db #0xff	; 255
    00000035 FF                      98 	.db #0xff	; 255
    00000036 FF                      99 	.db #0xff	; 255
    00000037 FF                     100 	.db #0xff	; 255
    00000038 FF                     101 	.db #0xff	; 255
    00000039 FF                     102 	.db #0xff	; 255
    0000003A FF                     103 	.db #0xff	; 255
    0000003B FF                     104 	.db #0xff	; 255
    0000003C FF                     105 	.db #0xff	; 255
    0000003D FF                     106 	.db #0xff	; 255
    0000003E FF                     107 	.db #0xff	; 255
    0000003F FF                     108 	.db #0xff	; 255
    00000040 FF                     109 	.db #0xff	; 255
    00000041 FF                     110 	.db #0xff	; 255
    00000042 FF                     111 	.db #0xff	; 255
    00000043 FF                     112 	.db #0xff	; 255
    00000044 FF                     113 	.db #0xff	; 255
    00000045 FF                     114 	.db #0xff	; 255
    00000046 FF                     115 	.db #0xff	; 255
    00000047 FF                     116 	.db #0xff	; 255
    00000048 FF                     117 	.db #0xff	; 255
    00000049 FF                     118 	.db #0xff	; 255
    0000004A FF                     119 	.db #0xff	; 255
    0000004B FF                     120 	.db #0xff	; 255
    0000004C FF                     121 	.db #0xff	; 255
    0000004D FF                     122 	.db #0xff	; 255
    0000004E FD                     123 	.db #0xfd	; 253
    0000004F FE                     124 	.db #0xfe	; 254
    00000050 FF                     125 	.db #0xff	; 255
    00000051 FF                     126 	.db #0xff	; 255
    00000052 FF                     127 	.db #0xff	; 255
    00000053 FF                     128 	.db #0xff	; 255
    00000054 FF                     129 	.db #0xff	; 255
    00000055 FF                     130 	.db #0xff	; 255
    00000056 FF                     131 	.db #0xff	; 255
    00000057 FF                     132 	.db #0xff	; 255
    00000058 FF                     133 	.db #0xff	; 255
    00000059 FF                     134 	.db #0xff	; 255
    0000005A F3                     135 	.db #0xf3	; 243
    0000005B FC                     136 	.db #0xfc	; 252
    0000005C EF                     137 	.db #0xef	; 239
    0000005D F0                     138 	.db #0xf0	; 240
    0000005E 9F                     139 	.db #0x9f	; 159
    0000005F 60                     140 	.db #0x60	; 96
    00000060 FF                     141 	.db #0xff	; 255
    00000061 FF                     142 	.db #0xff	; 255
    00000062 FF                     143 	.db #0xff	; 255
    00000063 FF                     144 	.db #0xff	; 255
    00000064 FF                     145 	.db #0xff	; 255
    00000065 FF                     146 	.db #0xff	; 255
    00000066 FF                     147 	.db #0xff	; 255
    00000067 FF                     148 	.db #0xff	; 255
    00000068 FF                     149 	.db #0xff	; 255
    00000069 FF                     150 	.db #0xff	; 255
    0000006A F7                     151 	.db #0xf7	; 247
    0000006B 0F                     152 	.db #0x0f	; 15
    0000006C FD                     153 	.db #0xfd	; 253
    0000006D 03                     154 	.db #0x03	; 3
    0000006E FF                     155 	.db #0xff	; 255
    0000006F 00                     156 	.db #0x00	; 0
    00000070 F0                     157 	.db #0xf0	; 240
    00000071 FF                     158 	.db #0xff	; 255
    00000072 E0                     159 	.db #0xe0	; 224
    00000073 FF                     160 	.db #0xff	; 255
    00000074 E0                     161 	.db #0xe0	; 224
    00000075 FF                     162 	.db #0xff	; 255
    00000076 E0                     163 	.db #0xe0	; 224
    00000077 FF                     164 	.db #0xff	; 255
    00000078 C0                     165 	.db #0xc0	; 192
    00000079 FF                     166 	.db #0xff	; 255
    0000007A C1                     167 	.db #0xc1	; 193
    0000007B FE                     168 	.db #0xfe	; 254
    0000007C C1                     169 	.db #0xc1	; 193
    0000007D FE                     170 	.db #0xfe	; 254
    0000007E C0                     171 	.db #0xc0	; 192
    0000007F FF                     172 	.db #0xff	; 255
    00000080 1C                     173 	.db #0x1c	; 28
    00000081 E0                     174 	.db #0xe0	; 224
    00000082 1C                     175 	.db #0x1c	; 28
    00000083 E0                     176 	.db #0xe0	; 224
    00000084 1C                     177 	.db #0x1c	; 28
    00000085 E0                     178 	.db #0xe0	; 224
    00000086 1C                     179 	.db #0x1c	; 28
    00000087 E0                     180 	.db #0xe0	; 224
    00000088 1C                     181 	.db #0x1c	; 28
    00000089 E0                     182 	.db #0xe0	; 224
    0000008A 1C                     183 	.db #0x1c	; 28
    0000008B E0                     184 	.db #0xe0	; 224
    0000008C 1C                     185 	.db #0x1c	; 28
    0000008D E0                     186 	.db #0xe0	; 224
    0000008E 1C                     187 	.db #0x1c	; 28
    0000008F E0                     188 	.db #0xe0	; 224
    00000090 00                     189 	.db #0x00	; 0
    00000091 00                     190 	.db #0x00	; 0
    00000092 00                     191 	.db #0x00	; 0
    00000093 00                     192 	.db #0x00	; 0
    00000094 00                     193 	.db #0x00	; 0
    00000095 00                     194 	.db #0x00	; 0
    00000096 00                     195 	.db #0x00	; 0
    00000097 00                     196 	.db #0x00	; 0
    00000098 00                     197 	.db #0x00	; 0
    00000099 00                     198 	.db #0x00	; 0
    0000009A 00                     199 	.db #0x00	; 0
    0000009B 00                     200 	.db #0x00	; 0
    0000009C 00                     201 	.db #0x00	; 0
    0000009D 00                     202 	.db #0x00	; 0
    0000009E 00                     203 	.db #0x00	; 0
    0000009F 00                     204 	.db #0x00	; 0
    000000A0 03                     205 	.db #0x03	; 3
    000000A1 00                     206 	.db #0x00	; 0
    000000A2 03                     207 	.db #0x03	; 3
    000000A3 00                     208 	.db #0x00	; 0
    000000A4 03                     209 	.db #0x03	; 3
    000000A5 00                     210 	.db #0x00	; 0
    000000A6 03                     211 	.db #0x03	; 3
    000000A7 00                     212 	.db #0x00	; 0
    000000A8 03                     213 	.db #0x03	; 3
    000000A9 00                     214 	.db #0x00	; 0
    000000AA 03                     215 	.db #0x03	; 3
    000000AB 00                     216 	.db #0x00	; 0
    000000AC 03                     217 	.db #0x03	; 3
    000000AD 00                     218 	.db #0x00	; 0
    000000AE 03                     219 	.db #0x03	; 3
    000000AF 00                     220 	.db #0x00	; 0
    000000B0 80                     221 	.db #0x80	; 128
    000000B1 7F                     222 	.db #0x7f	; 127
    000000B2 80                     223 	.db #0x80	; 128
    000000B3 7F                     224 	.db #0x7f	; 127
    000000B4 80                     225 	.db #0x80	; 128
    000000B5 7F                     226 	.db #0x7f	; 127
    000000B6 80                     227 	.db #0x80	; 128
    000000B7 7F                     228 	.db #0x7f	; 127
    000000B8 80                     229 	.db #0x80	; 128
    000000B9 7F                     230 	.db #0x7f	; 127
    000000BA 80                     231 	.db #0x80	; 128
    000000BB 7F                     232 	.db #0x7f	; 127
    000000BC 80                     233 	.db #0x80	; 128
    000000BD 7F                     234 	.db #0x7f	; 127
    000000BE 80                     235 	.db #0x80	; 128
    000000BF 7F                     236 	.db #0x7f	; 127
    000000C0 7F                     237 	.db #0x7f	; 127
    000000C1 FF                     238 	.db #0xff	; 255
    000000C2 3F                     239 	.db #0x3f	; 63
    000000C3 FF                     240 	.db #0xff	; 255
    000000C4 7F                     241 	.db #0x7f	; 127
    000000C5 FF                     242 	.db #0xff	; 255
    000000C6 7F                     243 	.db #0x7f	; 127
    000000C7 FF                     244 	.db #0xff	; 255
    000000C8 7B                     245 	.db #0x7b	; 123
    000000C9 FF                     246 	.db #0xff	; 255
    000000CA 3F                     247 	.db #0x3f	; 63
    000000CB FF                     248 	.db #0xff	; 255
    000000CC 3F                     249 	.db #0x3f	; 63
    000000CD FF                     250 	.db #0xff	; 255
    000000CE 3F                     251 	.db #0x3f	; 63
    000000CF FF                     252 	.db #0xff	; 255
    000000D0 FF                     253 	.db #0xff	; 255
    000000D1 FF                     254 	.db #0xff	; 255
    000000D2 FF                     255 	.db #0xff	; 255
    000000D3 FF                     256 	.db #0xff	; 255
    000000D4 FF                     257 	.db #0xff	; 255
    000000D5 FF                     258 	.db #0xff	; 255
    000000D6 FF                     259 	.db #0xff	; 255
    000000D7 FE                     260 	.db #0xfe	; 254
    000000D8 FF                     261 	.db #0xff	; 255
    000000D9 FC                     262 	.db #0xfc	; 252
    000000DA FF                     263 	.db #0xff	; 255
    000000DB F8                     264 	.db #0xf8	; 248
    000000DC F7                     265 	.db #0xf7	; 247
    000000DD F8                     266 	.db #0xf8	; 248
    000000DE FF                     267 	.db #0xff	; 255
    000000DF F0                     268 	.db #0xf0	; 240
    000000E0 80                     269 	.db #0x80	; 128
    000000E1 FF                     270 	.db #0xff	; 255
    000000E2 E0                     271 	.db #0xe0	; 224
    000000E3 FF                     272 	.db #0xff	; 255
    000000E4 FE                     273 	.db #0xfe	; 254
    000000E5 FF                     274 	.db #0xff	; 255
    000000E6 FF                     275 	.db #0xff	; 255
    000000E7 FF                     276 	.db #0xff	; 255
    000000E8 FF                     277 	.db #0xff	; 255
    000000E9 FF                     278 	.db #0xff	; 255
    000000EA FF                     279 	.db #0xff	; 255
    000000EB FF                     280 	.db #0xff	; 255
    000000EC FF                     281 	.db #0xff	; 255
    000000ED FF                     282 	.db #0xff	; 255
    000000EE FF                     283 	.db #0xff	; 255
    000000EF FF                     284 	.db #0xff	; 255
    000000F0 03                     285 	.db #0x03	; 3
    000000F1 FC                     286 	.db #0xfc	; 252
    000000F2 00                     287 	.db #0x00	; 0
    000000F3 FF                     288 	.db #0xff	; 255
    000000F4 00                     289 	.db #0x00	; 0
    000000F5 FF                     290 	.db #0xff	; 255
    000000F6 FF                     291 	.db #0xff	; 255
    000000F7 FF                     292 	.db #0xff	; 255
    000000F8 FF                     293 	.db #0xff	; 255
    000000F9 FF                     294 	.db #0xff	; 255
    000000FA FF                     295 	.db #0xff	; 255
    000000FB FF                     296 	.db #0xff	; 255
    000000FC FF                     297 	.db #0xff	; 255
    000000FD FF                     298 	.db #0xff	; 255
    000000FE FF                     299 	.db #0xff	; 255
    000000FF FF                     300 	.db #0xff	; 255
    00000100 FF                     301 	.db #0xff	; 255
    00000101 0F                     302 	.db #0x0f	; 15
    00000102 6F                     303 	.db #0x6f	; 111	'o'
    00000103 9F                     304 	.db #0x9f	; 159
    00000104 0F                     305 	.db #0x0f	; 15
    00000105 F7                     306 	.db #0xf7	; 247
    00000106 09                     307 	.db #0x09	; 9
    00000107 F7                     308 	.db #0xf7	; 247
    00000108 C0                     309 	.db #0xc0	; 192
    00000109 FF                     310 	.db #0xff	; 255
    0000010A F8                     311 	.db #0xf8	; 248
    0000010B FF                     312 	.db #0xff	; 255
    0000010C FF                     313 	.db #0xff	; 255
    0000010D FF                     314 	.db #0xff	; 255
    0000010E FF                     315 	.db #0xff	; 255
    0000010F FF                     316 	.db #0xff	; 255
    00000110 FF                     317 	.db #0xff	; 255
    00000111 FF                     318 	.db #0xff	; 255
    00000112 FF                     319 	.db #0xff	; 255
    00000113 FF                     320 	.db #0xff	; 255
    00000114 FF                     321 	.db #0xff	; 255
    00000115 FF                     322 	.db #0xff	; 255
    00000116 FF                     323 	.db #0xff	; 255
    00000117 FF                     324 	.db #0xff	; 255
    00000118 7F                     325 	.db #0x7f	; 127
    00000119 FF                     326 	.db #0xff	; 255
    0000011A 3F                     327 	.db #0x3f	; 63
    0000011B FF                     328 	.db #0xff	; 255
    0000011C 0F                     329 	.db #0x0f	; 15
    0000011D FF                     330 	.db #0xff	; 255
    0000011E C7                     331 	.db #0xc7	; 199
    0000011F FF                     332 	.db #0xff	; 255
    00000120 FF                     333 	.db #0xff	; 255
    00000121 FF                     334 	.db #0xff	; 255
    00000122 FF                     335 	.db #0xff	; 255
    00000123 FF                     336 	.db #0xff	; 255
    00000124 FC                     337 	.db #0xfc	; 252
    00000125 FF                     338 	.db #0xff	; 255
    00000126 F0                     339 	.db #0xf0	; 240
    00000127 FF                     340 	.db #0xff	; 255
    00000128 F0                     341 	.db #0xf0	; 240
    00000129 FF                     342 	.db #0xff	; 255
    0000012A F8                     343 	.db #0xf8	; 248
    0000012B FF                     344 	.db #0xff	; 255
    0000012C FC                     345 	.db #0xfc	; 252
    0000012D FF                     346 	.db #0xff	; 255
    0000012E FE                     347 	.db #0xfe	; 254
    0000012F FF                     348 	.db #0xff	; 255
    00000130 FB                     349 	.db #0xfb	; 251
    00000131 FC                     350 	.db #0xfc	; 252
    00000132 FF                     351 	.db #0xff	; 255
    00000133 F0                     352 	.db #0xf0	; 240
    00000134 3F                     353 	.db #0x3f	; 63
    00000135 C0                     354 	.db #0xc0	; 192
    00000136 0F                     355 	.db #0x0f	; 15
    00000137 F0                     356 	.db #0xf0	; 240
    00000138 04                     357 	.db #0x04	; 4
    00000139 FB                     358 	.db #0xfb	; 251
    0000013A 00                     359 	.db #0x00	; 0
    0000013B FF                     360 	.db #0xff	; 255
    0000013C 00                     361 	.db #0x00	; 0
    0000013D FF                     362 	.db #0xff	; 255
    0000013E 00                     363 	.db #0x00	; 0
    0000013F FF                     364 	.db #0xff	; 255
    00000140 FF                     365 	.db #0xff	; 255
    00000141 00                     366 	.db #0x00	; 0
    00000142 FF                     367 	.db #0xff	; 255
    00000143 00                     368 	.db #0x00	; 0
    00000144 FF                     369 	.db #0xff	; 255
    00000145 00                     370 	.db #0x00	; 0
    00000146 7F                     371 	.db #0x7f	; 127
    00000147 80                     372 	.db #0x80	; 128
    00000148 1F                     373 	.db #0x1f	; 31
    00000149 E0                     374 	.db #0xe0	; 224
    0000014A 0F                     375 	.db #0x0f	; 15
    0000014B F0                     376 	.db #0xf0	; 240
    0000014C 00                     377 	.db #0x00	; 0
    0000014D FF                     378 	.db #0xff	; 255
    0000014E 00                     379 	.db #0x00	; 0
    0000014F FF                     380 	.db #0xff	; 255
    00000150 FF                     381 	.db #0xff	; 255
    00000151 00                     382 	.db #0x00	; 0
    00000152 FF                     383 	.db #0xff	; 255
    00000153 00                     384 	.db #0x00	; 0
    00000154 FF                     385 	.db #0xff	; 255
    00000155 00                     386 	.db #0x00	; 0
    00000156 FF                     387 	.db #0xff	; 255
    00000157 00                     388 	.db #0x00	; 0
    00000158 FF                     389 	.db #0xff	; 255
    00000159 00                     390 	.db #0x00	; 0
    0000015A 87                     391 	.db #0x87	; 135
    0000015B 78                     392 	.db #0x78	; 120	'x'
    0000015C C1                     393 	.db #0xc1	; 193
    0000015D 3E                     394 	.db #0x3e	; 62
    0000015E 00                     395 	.db #0x00	; 0
    0000015F FF                     396 	.db #0xff	; 255
    00000160 FF                     397 	.db #0xff	; 255
    00000161 7F                     398 	.db #0x7f	; 127
    00000162 BF                     399 	.db #0xbf	; 191
    00000163 7F                     400 	.db #0x7f	; 127
    00000164 FF                     401 	.db #0xff	; 255
    00000165 3F                     402 	.db #0x3f	; 63
    00000166 FE                     403 	.db #0xfe	; 254
    00000167 3F                     404 	.db #0x3f	; 63
    00000168 F0                     405 	.db #0xf0	; 240
    00000169 0F                     406 	.db #0x0f	; 15
    0000016A F8                     407 	.db #0xf8	; 248
    0000016B 07                     408 	.db #0x07	; 7
    0000016C F8                     409 	.db #0xf8	; 248
    0000016D 07                     410 	.db #0x07	; 7
    0000016E FC                     411 	.db #0xfc	; 252
    0000016F 03                     412 	.db #0x03	; 3
    00000170 80                     413 	.db #0x80	; 128
    00000171 FF                     414 	.db #0xff	; 255
    00000172 80                     415 	.db #0x80	; 128
    00000173 FF                     416 	.db #0xff	; 255
    00000174 00                     417 	.db #0x00	; 0
    00000175 FF                     418 	.db #0xff	; 255
    00000176 00                     419 	.db #0x00	; 0
    00000177 FF                     420 	.db #0xff	; 255
    00000178 00                     421 	.db #0x00	; 0
    00000179 FF                     422 	.db #0xff	; 255
    0000017A 00                     423 	.db #0x00	; 0
    0000017B FF                     424 	.db #0xff	; 255
    0000017C 02                     425 	.db #0x02	; 2
    0000017D FD                     426 	.db #0xfd	; 253
    0000017E 00                     427 	.db #0x00	; 0
    0000017F FF                     428 	.db #0xff	; 255
    00000180 1C                     429 	.db #0x1c	; 28
    00000181 E0                     430 	.db #0xe0	; 224
    00000182 1C                     431 	.db #0x1c	; 28
    00000183 E0                     432 	.db #0xe0	; 224
    00000184 1C                     433 	.db #0x1c	; 28
    00000185 E0                     434 	.db #0xe0	; 224
    00000186 1C                     435 	.db #0x1c	; 28
    00000187 E0                     436 	.db #0xe0	; 224
    00000188 3C                     437 	.db #0x3c	; 60
    00000189 C0                     438 	.db #0xc0	; 192
    0000018A 3C                     439 	.db #0x3c	; 60
    0000018B C0                     440 	.db #0xc0	; 192
    0000018C 3C                     441 	.db #0x3c	; 60
    0000018D C0                     442 	.db #0xc0	; 192
    0000018E 38                     443 	.db #0x38	; 56	'8'
    0000018F C0                     444 	.db #0xc0	; 192
    00000190 03                     445 	.db #0x03	; 3
    00000191 00                     446 	.db #0x00	; 0
    00000192 03                     447 	.db #0x03	; 3
    00000193 00                     448 	.db #0x00	; 0
    00000194 03                     449 	.db #0x03	; 3
    00000195 00                     450 	.db #0x00	; 0
    00000196 03                     451 	.db #0x03	; 3
    00000197 00                     452 	.db #0x00	; 0
    00000198 03                     453 	.db #0x03	; 3
    00000199 00                     454 	.db #0x00	; 0
    0000019A 03                     455 	.db #0x03	; 3
    0000019B 00                     456 	.db #0x00	; 0
    0000019C 03                     457 	.db #0x03	; 3
    0000019D 00                     458 	.db #0x00	; 0
    0000019E 03                     459 	.db #0x03	; 3
    0000019F 00                     460 	.db #0x00	; 0
    000001A0 80                     461 	.db #0x80	; 128
    000001A1 7F                     462 	.db #0x7f	; 127
    000001A2 80                     463 	.db #0x80	; 128
    000001A3 7F                     464 	.db #0x7f	; 127
    000001A4 80                     465 	.db #0x80	; 128
    000001A5 7F                     466 	.db #0x7f	; 127
    000001A6 80                     467 	.db #0x80	; 128
    000001A7 7F                     468 	.db #0x7f	; 127
    000001A8 80                     469 	.db #0x80	; 128
    000001A9 7F                     470 	.db #0x7f	; 127
    000001AA 80                     471 	.db #0x80	; 128
    000001AB 7F                     472 	.db #0x7f	; 127
    000001AC C0                     473 	.db #0xc0	; 192
    000001AD 3E                     474 	.db #0x3e	; 62
    000001AE C0                     475 	.db #0xc0	; 192
    000001AF 3F                     476 	.db #0x3f	; 63
    000001B0 1F                     477 	.db #0x1f	; 31
    000001B1 FF                     478 	.db #0xff	; 255
    000001B2 1F                     479 	.db #0x1f	; 31
    000001B3 FF                     480 	.db #0xff	; 255
    000001B4 0F                     481 	.db #0x0f	; 15
    000001B5 FF                     482 	.db #0xff	; 255
    000001B6 0F                     483 	.db #0x0f	; 15
    000001B7 FF                     484 	.db #0xff	; 255
    000001B8 07                     485 	.db #0x07	; 7
    000001B9 FF                     486 	.db #0xff	; 255
    000001BA 01                     487 	.db #0x01	; 1
    000001BB FF                     488 	.db #0xff	; 255
    000001BC 00                     489 	.db #0x00	; 0
    000001BD FF                     490 	.db #0xff	; 255
    000001BE 00                     491 	.db #0x00	; 0
    000001BF FF                     492 	.db #0xff	; 255
    000001C0 FF                     493 	.db #0xff	; 255
    000001C1 FF                     494 	.db #0xff	; 255
    000001C2 FF                     495 	.db #0xff	; 255
    000001C3 FF                     496 	.db #0xff	; 255
    000001C4 FF                     497 	.db #0xff	; 255
    000001C5 FF                     498 	.db #0xff	; 255
    000001C6 FF                     499 	.db #0xff	; 255
    000001C7 FF                     500 	.db #0xff	; 255
    000001C8 FF                     501 	.db #0xff	; 255
    000001C9 FF                     502 	.db #0xff	; 255
    000001CA FF                     503 	.db #0xff	; 255
    000001CB FF                     504 	.db #0xff	; 255
    000001CC 08                     505 	.db #0x08	; 8
    000001CD FF                     506 	.db #0xff	; 255
    000001CE 00                     507 	.db #0x00	; 0
    000001CF FF                     508 	.db #0xff	; 255
    000001D0 FF                     509 	.db #0xff	; 255
    000001D1 FF                     510 	.db #0xff	; 255
    000001D2 FF                     511 	.db #0xff	; 255
    000001D3 FF                     512 	.db #0xff	; 255
    000001D4 FF                     513 	.db #0xff	; 255
    000001D5 FF                     514 	.db #0xff	; 255
    000001D6 FF                     515 	.db #0xff	; 255
    000001D7 FF                     516 	.db #0xff	; 255
    000001D8 FF                     517 	.db #0xff	; 255
    000001D9 FF                     518 	.db #0xff	; 255
    000001DA FF                     519 	.db #0xff	; 255
    000001DB FF                     520 	.db #0xff	; 255
    000001DC 00                     521 	.db #0x00	; 0
    000001DD FF                     522 	.db #0xff	; 255
    000001DE 00                     523 	.db #0x00	; 0
    000001DF FF                     524 	.db #0xff	; 255
    000001E0 FF                     525 	.db #0xff	; 255
    000001E1 FF                     526 	.db #0xff	; 255
    000001E2 FF                     527 	.db #0xff	; 255
    000001E3 FF                     528 	.db #0xff	; 255
    000001E4 FF                     529 	.db #0xff	; 255
    000001E5 FF                     530 	.db #0xff	; 255
    000001E6 FF                     531 	.db #0xff	; 255
    000001E7 FF                     532 	.db #0xff	; 255
    000001E8 FF                     533 	.db #0xff	; 255
    000001E9 FF                     534 	.db #0xff	; 255
    000001EA FF                     535 	.db #0xff	; 255
    000001EB FF                     536 	.db #0xff	; 255
    000001EC 00                     537 	.db #0x00	; 0
    000001ED FF                     538 	.db #0xff	; 255
    000001EE 00                     539 	.db #0x00	; 0
    000001EF FF                     540 	.db #0xff	; 255
    000001F0 FF                     541 	.db #0xff	; 255
    000001F1 FF                     542 	.db #0xff	; 255
    000001F2 FF                     543 	.db #0xff	; 255
    000001F3 FF                     544 	.db #0xff	; 255
    000001F4 FF                     545 	.db #0xff	; 255
    000001F5 FF                     546 	.db #0xff	; 255
    000001F6 FE                     547 	.db #0xfe	; 254
    000001F7 FF                     548 	.db #0xff	; 255
    000001F8 FE                     549 	.db #0xfe	; 254
    000001F9 FF                     550 	.db #0xff	; 255
    000001FA 85                     551 	.db #0x85	; 133
    000001FB FE                     552 	.db #0xfe	; 254
    000001FC 07                     553 	.db #0x07	; 7
    000001FD F8                     554 	.db #0xf8	; 248
    000001FE 0F                     555 	.db #0x0f	; 15
    000001FF F0                     556 	.db #0xf0	; 240
    00000200 FF                     557 	.db #0xff	; 255
    00000201 F0                     558 	.db #0xf0	; 240
    00000202 FF                     559 	.db #0xff	; 255
    00000203 F0                     560 	.db #0xf0	; 240
    00000204 DF                     561 	.db #0xdf	; 223
    00000205 E0                     562 	.db #0xe0	; 224
    00000206 7F                     563 	.db #0x7f	; 127
    00000207 80                     564 	.db #0x80	; 128
    00000208 FF                     565 	.db #0xff	; 255
    00000209 00                     566 	.db #0x00	; 0
    0000020A FE                     567 	.db #0xfe	; 254
    0000020B 01                     568 	.db #0x01	; 1
    0000020C FF                     569 	.db #0xff	; 255
    0000020D 00                     570 	.db #0x00	; 0
    0000020E FD                     571 	.db #0xfd	; 253
    0000020F 02                     572 	.db #0x02	; 2
    00000210 FF                     573 	.db #0xff	; 255
    00000211 FF                     574 	.db #0xff	; 255
    00000212 FF                     575 	.db #0xff	; 255
    00000213 FF                     576 	.db #0xff	; 255
    00000214 FF                     577 	.db #0xff	; 255
    00000215 FF                     578 	.db #0xff	; 255
    00000216 FF                     579 	.db #0xff	; 255
    00000217 FF                     580 	.db #0xff	; 255
    00000218 FF                     581 	.db #0xff	; 255
    00000219 FF                     582 	.db #0xff	; 255
    0000021A FF                     583 	.db #0xff	; 255
    0000021B FF                     584 	.db #0xff	; 255
    0000021C FF                     585 	.db #0xff	; 255
    0000021D FF                     586 	.db #0xff	; 255
    0000021E FF                     587 	.db #0xff	; 255
    0000021F FF                     588 	.db #0xff	; 255
    00000220 FF                     589 	.db #0xff	; 255
    00000221 FF                     590 	.db #0xff	; 255
    00000222 FF                     591 	.db #0xff	; 255
    00000223 FF                     592 	.db #0xff	; 255
    00000224 FF                     593 	.db #0xff	; 255
    00000225 FF                     594 	.db #0xff	; 255
    00000226 FF                     595 	.db #0xff	; 255
    00000227 FF                     596 	.db #0xff	; 255
    00000228 FF                     597 	.db #0xff	; 255
    00000229 FF                     598 	.db #0xff	; 255
    0000022A FF                     599 	.db #0xff	; 255
    0000022B FF                     600 	.db #0xff	; 255
    0000022C FE                     601 	.db #0xfe	; 254
    0000022D FF                     602 	.db #0xff	; 255
    0000022E C0                     603 	.db #0xc0	; 192
    0000022F FF                     604 	.db #0xff	; 255
    00000230 FF                     605 	.db #0xff	; 255
    00000231 FF                     606 	.db #0xff	; 255
    00000232 FF                     607 	.db #0xff	; 255
    00000233 FF                     608 	.db #0xff	; 255
    00000234 FF                     609 	.db #0xff	; 255
    00000235 FF                     610 	.db #0xff	; 255
    00000236 FF                     611 	.db #0xff	; 255
    00000237 FF                     612 	.db #0xff	; 255
    00000238 FF                     613 	.db #0xff	; 255
    00000239 FF                     614 	.db #0xff	; 255
    0000023A E0                     615 	.db #0xe0	; 224
    0000023B FF                     616 	.db #0xff	; 255
    0000023C 00                     617 	.db #0x00	; 0
    0000023D FF                     618 	.db #0xff	; 255
    0000023E 00                     619 	.db #0x00	; 0
    0000023F FF                     620 	.db #0xff	; 255
    00000240 FF                     621 	.db #0xff	; 255
    00000241 FF                     622 	.db #0xff	; 255
    00000242 FF                     623 	.db #0xff	; 255
    00000243 FF                     624 	.db #0xff	; 255
    00000244 FF                     625 	.db #0xff	; 255
    00000245 FF                     626 	.db #0xff	; 255
    00000246 FE                     627 	.db #0xfe	; 254
    00000247 FF                     628 	.db #0xff	; 255
    00000248 C0                     629 	.db #0xc0	; 192
    00000249 FF                     630 	.db #0xff	; 255
    0000024A 00                     631 	.db #0x00	; 0
    0000024B FF                     632 	.db #0xff	; 255
    0000024C 00                     633 	.db #0x00	; 0
    0000024D FF                     634 	.db #0xff	; 255
    0000024E 00                     635 	.db #0x00	; 0
    0000024F FF                     636 	.db #0xff	; 255
    00000250 FF                     637 	.db #0xff	; 255
    00000251 FF                     638 	.db #0xff	; 255
    00000252 FF                     639 	.db #0xff	; 255
    00000253 FF                     640 	.db #0xff	; 255
    00000254 FE                     641 	.db #0xfe	; 254
    00000255 FF                     642 	.db #0xff	; 255
    00000256 00                     643 	.db #0x00	; 0
    00000257 FF                     644 	.db #0xff	; 255
    00000258 00                     645 	.db #0x00	; 0
    00000259 FF                     646 	.db #0xff	; 255
    0000025A 00                     647 	.db #0x00	; 0
    0000025B FF                     648 	.db #0xff	; 255
    0000025C 00                     649 	.db #0x00	; 0
    0000025D FF                     650 	.db #0xff	; 255
    0000025E 00                     651 	.db #0x00	; 0
    0000025F FF                     652 	.db #0xff	; 255
    00000260 C0                     653 	.db #0xc0	; 192
    00000261 FF                     654 	.db #0xff	; 255
    00000262 E0                     655 	.db #0xe0	; 224
    00000263 FF                     656 	.db #0xff	; 255
    00000264 00                     657 	.db #0x00	; 0
    00000265 FF                     658 	.db #0xff	; 255
    00000266 00                     659 	.db #0x00	; 0
    00000267 FF                     660 	.db #0xff	; 255
    00000268 00                     661 	.db #0x00	; 0
    00000269 FF                     662 	.db #0xff	; 255
    0000026A 00                     663 	.db #0x00	; 0
    0000026B FF                     664 	.db #0xff	; 255
    0000026C 00                     665 	.db #0x00	; 0
    0000026D FF                     666 	.db #0xff	; 255
    0000026E 00                     667 	.db #0x00	; 0
    0000026F FF                     668 	.db #0xff	; 255
    00000270 00                     669 	.db #0x00	; 0
    00000271 FF                     670 	.db #0xff	; 255
    00000272 00                     671 	.db #0x00	; 0
    00000273 FF                     672 	.db #0xff	; 255
    00000274 00                     673 	.db #0x00	; 0
    00000275 FF                     674 	.db #0xff	; 255
    00000276 00                     675 	.db #0x00	; 0
    00000277 FF                     676 	.db #0xff	; 255
    00000278 00                     677 	.db #0x00	; 0
    00000279 FF                     678 	.db #0xff	; 255
    0000027A 00                     679 	.db #0x00	; 0
    0000027B FF                     680 	.db #0xff	; 255
    0000027C 00                     681 	.db #0x00	; 0
    0000027D FF                     682 	.db #0xff	; 255
    0000027E 00                     683 	.db #0x00	; 0
    0000027F FF                     684 	.db #0xff	; 255
    00000280 FC                     685 	.db #0xfc	; 252
    00000281 03                     686 	.db #0x03	; 3
    00000282 7F                     687 	.db #0x7f	; 127
    00000283 80                     688 	.db #0x80	; 128
    00000284 7F                     689 	.db #0x7f	; 127
    00000285 80                     690 	.db #0x80	; 128
    00000286 73                     691 	.db #0x73	; 115	's'
    00000287 8C                     692 	.db #0x8c	; 140
    00000288 20                     693 	.db #0x20	; 32
    00000289 DF                     694 	.db #0xdf	; 223
    0000028A 00                     695 	.db #0x00	; 0
    0000028B FF                     696 	.db #0xff	; 255
    0000028C 00                     697 	.db #0x00	; 0
    0000028D FF                     698 	.db #0xff	; 255
    0000028E 00                     699 	.db #0x00	; 0
    0000028F FF                     700 	.db #0xff	; 255
    00000290 80                     701 	.db #0x80	; 128
    00000291 7F                     702 	.db #0x7f	; 127
    00000292 E1                     703 	.db #0xe1	; 225
    00000293 1E                     704 	.db #0x1e	; 30
    00000294 F0                     705 	.db #0xf0	; 240
    00000295 0F                     706 	.db #0x0f	; 15
    00000296 F0                     707 	.db #0xf0	; 240
    00000297 0F                     708 	.db #0x0f	; 15
    00000298 E8                     709 	.db #0xe8	; 232
    00000299 07                     710 	.db #0x07	; 7
    0000029A 78                     711 	.db #0x78	; 120	'x'
    0000029B 87                     712 	.db #0x87	; 135
    0000029C 7F                     713 	.db #0x7f	; 127
    0000029D 80                     714 	.db #0x80	; 128
    0000029E 7D                     715 	.db #0x7d	; 125
    0000029F 80                     716 	.db #0x80	; 128
    000002A0 3C                     717 	.db #0x3c	; 60
    000002A1 C0                     718 	.db #0xc0	; 192
    000002A2 38                     719 	.db #0x38	; 56	'8'
    000002A3 C0                     720 	.db #0xc0	; 192
    000002A4 38                     721 	.db #0x38	; 56	'8'
    000002A5 C0                     722 	.db #0xc0	; 192
    000002A6 38                     723 	.db #0x38	; 56	'8'
    000002A7 C0                     724 	.db #0xc0	; 192
    000002A8 78                     725 	.db #0x78	; 120	'x'
    000002A9 80                     726 	.db #0x80	; 128
    000002AA 70                     727 	.db #0x70	; 112	'p'
    000002AB 80                     728 	.db #0x80	; 128
    000002AC F8                     729 	.db #0xf8	; 248
    000002AD 00                     730 	.db #0x00	; 0
    000002AE E8                     731 	.db #0xe8	; 232
    000002AF 00                     732 	.db #0x00	; 0
    000002B0 03                     733 	.db #0x03	; 3
    000002B1 00                     734 	.db #0x00	; 0
    000002B2 03                     735 	.db #0x03	; 3
    000002B3 00                     736 	.db #0x00	; 0
    000002B4 03                     737 	.db #0x03	; 3
    000002B5 00                     738 	.db #0x00	; 0
    000002B6 03                     739 	.db #0x03	; 3
    000002B7 00                     740 	.db #0x00	; 0
    000002B8 03                     741 	.db #0x03	; 3
    000002B9 00                     742 	.db #0x00	; 0
    000002BA 01                     743 	.db #0x01	; 1
    000002BB 00                     744 	.db #0x00	; 0
    000002BC 01                     745 	.db #0x01	; 1
    000002BD 00                     746 	.db #0x00	; 0
    000002BE 01                     747 	.db #0x01	; 1
    000002BF 00                     748 	.db #0x00	; 0
    000002C0 C0                     749 	.db #0xc0	; 192
    000002C1 3F                     750 	.db #0x3f	; 63
    000002C2 C0                     751 	.db #0xc0	; 192
    000002C3 3F                     752 	.db #0x3f	; 63
    000002C4 C0                     753 	.db #0xc0	; 192
    000002C5 3F                     754 	.db #0x3f	; 63
    000002C6 C0                     755 	.db #0xc0	; 192
    000002C7 3F                     756 	.db #0x3f	; 63
    000002C8 E0                     757 	.db #0xe0	; 224
    000002C9 1F                     758 	.db #0x1f	; 31
    000002CA E0                     759 	.db #0xe0	; 224
    000002CB 1F                     760 	.db #0x1f	; 31
    000002CC C0                     761 	.db #0xc0	; 192
    000002CD 3F                     762 	.db #0x3f	; 63
    000002CE C0                     763 	.db #0xc0	; 192
    000002CF 3F                     764 	.db #0x3f	; 63
    000002D0 00                     765 	.db #0x00	; 0
    000002D1 FF                     766 	.db #0xff	; 255
    000002D2 00                     767 	.db #0x00	; 0
    000002D3 FF                     768 	.db #0xff	; 255
    000002D4 00                     769 	.db #0x00	; 0
    000002D5 FF                     770 	.db #0xff	; 255
    000002D6 00                     771 	.db #0x00	; 0
    000002D7 FF                     772 	.db #0xff	; 255
    000002D8 00                     773 	.db #0x00	; 0
    000002D9 DF                     774 	.db #0xdf	; 223
    000002DA 00                     775 	.db #0x00	; 0
    000002DB FF                     776 	.db #0xff	; 255
    000002DC 00                     777 	.db #0x00	; 0
    000002DD FF                     778 	.db #0xff	; 255
    000002DE 00                     779 	.db #0x00	; 0
    000002DF FF                     780 	.db #0xff	; 255
    000002E0 00                     781 	.db #0x00	; 0
    000002E1 FF                     782 	.db #0xff	; 255
    000002E2 00                     783 	.db #0x00	; 0
    000002E3 FF                     784 	.db #0xff	; 255
    000002E4 00                     785 	.db #0x00	; 0
    000002E5 FF                     786 	.db #0xff	; 255
    000002E6 00                     787 	.db #0x00	; 0
    000002E7 FF                     788 	.db #0xff	; 255
    000002E8 00                     789 	.db #0x00	; 0
    000002E9 FF                     790 	.db #0xff	; 255
    000002EA 00                     791 	.db #0x00	; 0
    000002EB FF                     792 	.db #0xff	; 255
    000002EC 01                     793 	.db #0x01	; 1
    000002ED FE                     794 	.db #0xfe	; 254
    000002EE 3F                     795 	.db #0x3f	; 63
    000002EF C0                     796 	.db #0xc0	; 192
    000002F0 00                     797 	.db #0x00	; 0
    000002F1 FF                     798 	.db #0xff	; 255
    000002F2 00                     799 	.db #0x00	; 0
    000002F3 FF                     800 	.db #0xff	; 255
    000002F4 00                     801 	.db #0x00	; 0
    000002F5 FF                     802 	.db #0xff	; 255
    000002F6 00                     803 	.db #0x00	; 0
    000002F7 FF                     804 	.db #0xff	; 255
    000002F8 3F                     805 	.db #0x3f	; 63
    000002F9 C0                     806 	.db #0xc0	; 192
    000002FA FF                     807 	.db #0xff	; 255
    000002FB 00                     808 	.db #0x00	; 0
    000002FC FF                     809 	.db #0xff	; 255
    000002FD 00                     810 	.db #0x00	; 0
    000002FE FE                     811 	.db #0xfe	; 254
    000002FF 01                     812 	.db #0x01	; 1
    00000300 00                     813 	.db #0x00	; 0
    00000301 FF                     814 	.db #0xff	; 255
    00000302 00                     815 	.db #0x00	; 0
    00000303 FF                     816 	.db #0xff	; 255
    00000304 00                     817 	.db #0x00	; 0
    00000305 FF                     818 	.db #0xff	; 255
    00000306 07                     819 	.db #0x07	; 7
    00000307 F8                     820 	.db #0xf8	; 248
    00000308 1F                     821 	.db #0x1f	; 31
    00000309 E0                     822 	.db #0xe0	; 224
    0000030A FF                     823 	.db #0xff	; 255
    0000030B 00                     824 	.db #0x00	; 0
    0000030C EF                     825 	.db #0xef	; 239
    0000030D 10                     826 	.db #0x10	; 16
    0000030E 78                     827 	.db #0x78	; 120	'x'
    0000030F 87                     828 	.db #0x87	; 135
    00000310 1F                     829 	.db #0x1f	; 31
    00000311 E0                     830 	.db #0xe0	; 224
    00000312 7F                     831 	.db #0x7f	; 127
    00000313 80                     832 	.db #0x80	; 128
    00000314 FF                     833 	.db #0xff	; 255
    00000315 00                     834 	.db #0x00	; 0
    00000316 F7                     835 	.db #0xf7	; 247
    00000317 08                     836 	.db #0x08	; 8
    00000318 BE                     837 	.db #0xbe	; 190
    00000319 41                     838 	.db #0x41	; 65	'A'
    0000031A F0                     839 	.db #0xf0	; 240
    0000031B 0F                     840 	.db #0x0f	; 15
    0000031C 80                     841 	.db #0x80	; 128
    0000031D 7F                     842 	.db #0x7f	; 127
    0000031E 00                     843 	.db #0x00	; 0
    0000031F FF                     844 	.db #0xff	; 255
    00000320 FF                     845 	.db #0xff	; 255
    00000321 00                     846 	.db #0x00	; 0
    00000322 FF                     847 	.db #0xff	; 255
    00000323 00                     848 	.db #0x00	; 0
    00000324 F8                     849 	.db #0xf8	; 248
    00000325 07                     850 	.db #0x07	; 7
    00000326 80                     851 	.db #0x80	; 128
    00000327 7F                     852 	.db #0x7f	; 127
    00000328 00                     853 	.db #0x00	; 0
    00000329 FF                     854 	.db #0xff	; 255
    0000032A 00                     855 	.db #0x00	; 0
    0000032B FF                     856 	.db #0xff	; 255
    0000032C 00                     857 	.db #0x00	; 0
    0000032D FF                     858 	.db #0xff	; 255
    0000032E 00                     859 	.db #0x00	; 0
    0000032F FF                     860 	.db #0xff	; 255
    00000330 F0                     861 	.db #0xf0	; 240
    00000331 FF                     862 	.db #0xff	; 255
    00000332 00                     863 	.db #0x00	; 0
    00000333 FF                     864 	.db #0xff	; 255
    00000334 00                     865 	.db #0x00	; 0
    00000335 FF                     866 	.db #0xff	; 255
    00000336 00                     867 	.db #0x00	; 0
    00000337 FF                     868 	.db #0xff	; 255
    00000338 00                     869 	.db #0x00	; 0
    00000339 FF                     870 	.db #0xff	; 255
    0000033A 00                     871 	.db #0x00	; 0
    0000033B FF                     872 	.db #0xff	; 255
    0000033C 00                     873 	.db #0x00	; 0
    0000033D FF                     874 	.db #0xff	; 255
    0000033E 00                     875 	.db #0x00	; 0
    0000033F FF                     876 	.db #0xff	; 255
    00000340 3F                     877 	.db #0x3f	; 63
    00000341 C0                     878 	.db #0xc0	; 192
    00000342 05                     879 	.db #0x05	; 5
    00000343 F2                     880 	.db #0xf2	; 242
    00000344 01                     881 	.db #0x01	; 1
    00000345 F2                     882 	.db #0xf2	; 242
    00000346 01                     883 	.db #0x01	; 1
    00000347 F2                     884 	.db #0xf2	; 242
    00000348 0B                     885 	.db #0x0b	; 11
    00000349 F0                     886 	.db #0xf0	; 240
    0000034A 0F                     887 	.db #0x0f	; 15
    0000034B F0                     888 	.db #0xf0	; 240
    0000034C 07                     889 	.db #0x07	; 7
    0000034D F8                     890 	.db #0xf8	; 248
    0000034E 07                     891 	.db #0x07	; 7
    0000034F F8                     892 	.db #0xf8	; 248
    00000350 E0                     893 	.db #0xe0	; 224
    00000351 00                     894 	.db #0x00	; 0
    00000352 E0                     895 	.db #0xe0	; 224
    00000353 00                     896 	.db #0x00	; 0
    00000354 F8                     897 	.db #0xf8	; 248
    00000355 00                     898 	.db #0x00	; 0
    00000356 F0                     899 	.db #0xf0	; 240
    00000357 00                     900 	.db #0x00	; 0
    00000358 E0                     901 	.db #0xe0	; 224
    00000359 00                     902 	.db #0x00	; 0
    0000035A F0                     903 	.db #0xf0	; 240
    0000035B 00                     904 	.db #0x00	; 0
    0000035C F0                     905 	.db #0xf0	; 240
    0000035D 00                     906 	.db #0x00	; 0
    0000035E 70                     907 	.db #0x70	; 112	'p'
    0000035F 00                     908 	.db #0x00	; 0
    00000360 01                     909 	.db #0x01	; 1
    00000361 00                     910 	.db #0x00	; 0
    00000362 01                     911 	.db #0x01	; 1
    00000363 00                     912 	.db #0x00	; 0
    00000364 01                     913 	.db #0x01	; 1
    00000365 00                     914 	.db #0x00	; 0
    00000366 01                     915 	.db #0x01	; 1
    00000367 00                     916 	.db #0x00	; 0
    00000368 01                     917 	.db #0x01	; 1
    00000369 00                     918 	.db #0x00	; 0
    0000036A 01                     919 	.db #0x01	; 1
    0000036B 00                     920 	.db #0x00	; 0
    0000036C 01                     921 	.db #0x01	; 1
    0000036D 00                     922 	.db #0x00	; 0
    0000036E 01                     923 	.db #0x01	; 1
    0000036F 00                     924 	.db #0x00	; 0
    00000370 E0                     925 	.db #0xe0	; 224
    00000371 1F                     926 	.db #0x1f	; 31
    00000372 E8                     927 	.db #0xe8	; 232
    00000373 17                     928 	.db #0x17	; 23
    00000374 E0                     929 	.db #0xe0	; 224
    00000375 1F                     930 	.db #0x1f	; 31
    00000376 F4                     931 	.db #0xf4	; 244
    00000377 0B                     932 	.db #0x0b	; 11
    00000378 D4                     933 	.db #0xd4	; 212
    00000379 0B                     934 	.db #0x0b	; 11
    0000037A F0                     935 	.db #0xf0	; 240
    0000037B 0B                     936 	.db #0x0b	; 11
    0000037C F0                     937 	.db #0xf0	; 240
    0000037D 0B                     938 	.db #0x0b	; 11
    0000037E 7C                     939 	.db #0x7c	; 124
    0000037F 03                     940 	.db #0x03	; 3
    00000380 00                     941 	.db #0x00	; 0
    00000381 FF                     942 	.db #0xff	; 255
    00000382 03                     943 	.db #0x03	; 3
    00000383 FC                     944 	.db #0xfc	; 252
    00000384 0F                     945 	.db #0x0f	; 15
    00000385 F0                     946 	.db #0xf0	; 240
    00000386 7F                     947 	.db #0x7f	; 127
    00000387 80                     948 	.db #0x80	; 128
    00000388 00                     949 	.db #0x00	; 0
    00000389 FF                     950 	.db #0xff	; 255
    0000038A 00                     951 	.db #0x00	; 0
    0000038B FF                     952 	.db #0xff	; 255
    0000038C 00                     953 	.db #0x00	; 0
    0000038D FF                     954 	.db #0xff	; 255
    0000038E 00                     955 	.db #0x00	; 0
    0000038F FF                     956 	.db #0xff	; 255
    00000390 7E                     957 	.db #0x7e	; 126
    00000391 81                     958 	.db #0x81	; 129
    00000392 FF                     959 	.db #0xff	; 255
    00000393 00                     960 	.db #0x00	; 0
    00000394 BD                     961 	.db #0xbd	; 189
    00000395 42                     962 	.db #0x42	; 66	'B'
    00000396 E0                     963 	.db #0xe0	; 224
    00000397 1F                     964 	.db #0x1f	; 31
    00000398 00                     965 	.db #0x00	; 0
    00000399 FF                     966 	.db #0xff	; 255
    0000039A 00                     967 	.db #0x00	; 0
    0000039B FF                     968 	.db #0xff	; 255
    0000039C 00                     969 	.db #0x00	; 0
    0000039D FF                     970 	.db #0xff	; 255
    0000039E 00                     971 	.db #0x00	; 0
    0000039F FF                     972 	.db #0xff	; 255
    000003A0 01                     973 	.db #0x01	; 1
    000003A1 FE                     974 	.db #0xfe	; 254
    000003A2 F8                     975 	.db #0xf8	; 248
    000003A3 07                     976 	.db #0x07	; 7
    000003A4 80                     977 	.db #0x80	; 128
    000003A5 7F                     978 	.db #0x7f	; 127
    000003A6 00                     979 	.db #0x00	; 0
    000003A7 FF                     980 	.db #0xff	; 255
    000003A8 00                     981 	.db #0x00	; 0
    000003A9 FF                     982 	.db #0xff	; 255
    000003AA 00                     983 	.db #0x00	; 0
    000003AB FF                     984 	.db #0xff	; 255
    000003AC 00                     985 	.db #0x00	; 0
    000003AD FF                     986 	.db #0xff	; 255
    000003AE 00                     987 	.db #0x00	; 0
    000003AF FF                     988 	.db #0xff	; 255
    000003B0 C0                     989 	.db #0xc0	; 192
    000003B1 3F                     990 	.db #0x3f	; 63
    000003B2 00                     991 	.db #0x00	; 0
    000003B3 FF                     992 	.db #0xff	; 255
    000003B4 00                     993 	.db #0x00	; 0
    000003B5 FF                     994 	.db #0xff	; 255
    000003B6 00                     995 	.db #0x00	; 0
    000003B7 FF                     996 	.db #0xff	; 255
    000003B8 00                     997 	.db #0x00	; 0
    000003B9 FF                     998 	.db #0xff	; 255
    000003BA 00                     999 	.db #0x00	; 0
    000003BB FF                    1000 	.db #0xff	; 255
    000003BC 00                    1001 	.db #0x00	; 0
    000003BD FF                    1002 	.db #0xff	; 255
    000003BE 00                    1003 	.db #0x00	; 0
    000003BF FF                    1004 	.db #0xff	; 255
    000003C0 00                    1005 	.db #0x00	; 0
    000003C1 FF                    1006 	.db #0xff	; 255
    000003C2 00                    1007 	.db #0x00	; 0
    000003C3 FF                    1008 	.db #0xff	; 255
    000003C4 00                    1009 	.db #0x00	; 0
    000003C5 FF                    1010 	.db #0xff	; 255
    000003C6 00                    1011 	.db #0x00	; 0
    000003C7 FF                    1012 	.db #0xff	; 255
    000003C8 00                    1013 	.db #0x00	; 0
    000003C9 FF                    1014 	.db #0xff	; 255
    000003CA 00                    1015 	.db #0x00	; 0
    000003CB FD                    1016 	.db #0xfd	; 253
    000003CC 00                    1017 	.db #0x00	; 0
    000003CD FF                    1018 	.db #0xff	; 255
    000003CE 00                    1019 	.db #0x00	; 0
    000003CF FF                    1020 	.db #0xff	; 255
    000003D0 07                    1021 	.db #0x07	; 7
    000003D1 F8                    1022 	.db #0xf8	; 248
    000003D2 07                    1023 	.db #0x07	; 7
    000003D3 F8                    1024 	.db #0xf8	; 248
    000003D4 02                    1025 	.db #0x02	; 2
    000003D5 7C                    1026 	.db #0x7c	; 124
    000003D6 83                    1027 	.db #0x83	; 131
    000003D7 7C                    1028 	.db #0x7c	; 124
    000003D8 07                    1029 	.db #0x07	; 7
    000003D9 F8                    1030 	.db #0xf8	; 248
    000003DA 07                    1031 	.db #0x07	; 7
    000003DB F8                    1032 	.db #0xf8	; 248
    000003DC 0F                    1033 	.db #0x0f	; 15
    000003DD F0                    1034 	.db #0xf0	; 240
    000003DE 5F                    1035 	.db #0x5f	; 95
    000003DF A0                    1036 	.db #0xa0	; 160
    000003E0 F0                    1037 	.db #0xf0	; 240
    000003E1 00                    1038 	.db #0x00	; 0
    000003E2 F0                    1039 	.db #0xf0	; 240
    000003E3 00                    1040 	.db #0x00	; 0
    000003E4 F0                    1041 	.db #0xf0	; 240
    000003E5 00                    1042 	.db #0x00	; 0
    000003E6 F0                    1043 	.db #0xf0	; 240
    000003E7 00                    1044 	.db #0x00	; 0
    000003E8 B0                    1045 	.db #0xb0	; 176
    000003E9 00                    1046 	.db #0x00	; 0
    000003EA E0                    1047 	.db #0xe0	; 224
    000003EB 00                    1048 	.db #0x00	; 0
    000003EC E0                    1049 	.db #0xe0	; 224
    000003ED 00                    1050 	.db #0x00	; 0
    000003EE E0                    1051 	.db #0xe0	; 224
    000003EF 00                    1052 	.db #0x00	; 0
    000003F0 7C                    1053 	.db #0x7c	; 124
    000003F1 03                    1054 	.db #0x03	; 3
    000003F2 7E                    1055 	.db #0x7e	; 126
    000003F3 01                    1056 	.db #0x01	; 1
    000003F4 7F                    1057 	.db #0x7f	; 127
    000003F5 00                    1058 	.db #0x00	; 0
    000003F6 7F                    1059 	.db #0x7f	; 127
    000003F7 00                    1060 	.db #0x00	; 0
    000003F8 7E                    1061 	.db #0x7e	; 126
    000003F9 01                    1062 	.db #0x01	; 1
    000003FA 7E                    1063 	.db #0x7e	; 126
    000003FB 01                    1064 	.db #0x01	; 1
    000003FC 6F                    1065 	.db #0x6f	; 111	'o'
    000003FD 00                    1066 	.db #0x00	; 0
    000003FE 7F                    1067 	.db #0x7f	; 127
    000003FF 00                    1068 	.db #0x00	; 0
    00000400 00                    1069 	.db #0x00	; 0
    00000401 FF                    1070 	.db #0xff	; 255
    00000402 00                    1071 	.db #0x00	; 0
    00000403 FF                    1072 	.db #0xff	; 255
    00000404 00                    1073 	.db #0x00	; 0
    00000405 FF                    1074 	.db #0xff	; 255
    00000406 20                    1075 	.db #0x20	; 32
    00000407 DF                    1076 	.db #0xdf	; 223
    00000408 20                    1077 	.db #0x20	; 32
    00000409 DF                    1078 	.db #0xdf	; 223
    0000040A 20                    1079 	.db #0x20	; 32
    0000040B DF                    1080 	.db #0xdf	; 223
    0000040C E0                    1081 	.db #0xe0	; 224
    0000040D 1F                    1082 	.db #0x1f	; 31
    0000040E E0                    1083 	.db #0xe0	; 224
    0000040F 1B                    1084 	.db #0x1b	; 27
    00000410 00                    1085 	.db #0x00	; 0
    00000411 FF                    1086 	.db #0xff	; 255
    00000412 00                    1087 	.db #0x00	; 0
    00000413 FF                    1088 	.db #0xff	; 255
    00000414 00                    1089 	.db #0x00	; 0
    00000415 FF                    1090 	.db #0xff	; 255
    00000416 00                    1091 	.db #0x00	; 0
    00000417 FF                    1092 	.db #0xff	; 255
    00000418 07                    1093 	.db #0x07	; 7
    00000419 F8                    1094 	.db #0xf8	; 248
    0000041A 1F                    1095 	.db #0x1f	; 31
    0000041B E0                    1096 	.db #0xe0	; 224
    0000041C 1F                    1097 	.db #0x1f	; 31
    0000041D E0                    1098 	.db #0xe0	; 224
    0000041E 3F                    1099 	.db #0x3f	; 63
    0000041F C0                    1100 	.db #0xc0	; 192
    00000420 01                    1101 	.db #0x01	; 1
    00000421 FE                    1102 	.db #0xfe	; 254
    00000422 00                    1103 	.db #0x00	; 0
    00000423 FF                    1104 	.db #0xff	; 255
    00000424 00                    1105 	.db #0x00	; 0
    00000425 FF                    1106 	.db #0xff	; 255
    00000426 00                    1107 	.db #0x00	; 0
    00000427 FF                    1108 	.db #0xff	; 255
    00000428 F0                    1109 	.db #0xf0	; 240
    00000429 0F                    1110 	.db #0x0f	; 15
    0000042A FF                    1111 	.db #0xff	; 255
    0000042B 00                    1112 	.db #0x00	; 0
    0000042C FF                    1113 	.db #0xff	; 255
    0000042D 00                    1114 	.db #0x00	; 0
    0000042E FF                    1115 	.db #0xff	; 255
    0000042F 00                    1116 	.db #0x00	; 0
    00000430 00                    1117 	.db #0x00	; 0
    00000431 FF                    1118 	.db #0xff	; 255
    00000432 00                    1119 	.db #0x00	; 0
    00000433 FF                    1120 	.db #0xff	; 255
    00000434 00                    1121 	.db #0x00	; 0
    00000435 FF                    1122 	.db #0xff	; 255
    00000436 03                    1123 	.db #0x03	; 3
    00000437 FC                    1124 	.db #0xfc	; 252
    00000438 0F                    1125 	.db #0x0f	; 15
    00000439 F0                    1126 	.db #0xf0	; 240
    0000043A EF                    1127 	.db #0xef	; 239
    0000043B 10                    1128 	.db #0x10	; 16
    0000043C FF                    1129 	.db #0xff	; 255
    0000043D 00                    1130 	.db #0x00	; 0
    0000043E FF                    1131 	.db #0xff	; 255
    0000043F 00                    1132 	.db #0x00	; 0
    00000440 FF                    1133 	.db #0xff	; 255
    00000441 00                    1134 	.db #0x00	; 0
    00000442 FF                    1135 	.db #0xff	; 255
    00000443 00                    1136 	.db #0x00	; 0
    00000444 FF                    1137 	.db #0xff	; 255
    00000445 00                    1138 	.db #0x00	; 0
    00000446 F7                    1139 	.db #0xf7	; 247
    00000447 00                    1140 	.db #0x00	; 0
    00000448 FD                    1141 	.db #0xfd	; 253
    00000449 00                    1142 	.db #0x00	; 0
    0000044A FF                    1143 	.db #0xff	; 255
    0000044B 00                    1144 	.db #0x00	; 0
    0000044C FF                    1145 	.db #0xff	; 255
    0000044D 00                    1146 	.db #0x00	; 0
    0000044E FF                    1147 	.db #0xff	; 255
    0000044F 00                    1148 	.db #0x00	; 0
    00000450 E0                    1149 	.db #0xe0	; 224
    00000451 00                    1150 	.db #0x00	; 0
    00000452 E0                    1151 	.db #0xe0	; 224
    00000453 00                    1152 	.db #0x00	; 0
    00000454 E0                    1153 	.db #0xe0	; 224
    00000455 00                    1154 	.db #0x00	; 0
    00000456 E0                    1155 	.db #0xe0	; 224
    00000457 00                    1156 	.db #0x00	; 0
    00000458 E0                    1157 	.db #0xe0	; 224
    00000459 00                    1158 	.db #0x00	; 0
    0000045A E0                    1159 	.db #0xe0	; 224
    0000045B 00                    1160 	.db #0x00	; 0
    0000045C 80                    1161 	.db #0x80	; 128
    0000045D 00                    1162 	.db #0x00	; 0
    0000045E C0                    1163 	.db #0xc0	; 192
    0000045F 00                    1164 	.db #0x00	; 0
    00000460 7F                    1165 	.db #0x7f	; 127
    00000461 00                    1166 	.db #0x00	; 0
    00000462 77                    1167 	.db #0x77	; 119	'w'
    00000463 00                    1168 	.db #0x00	; 0
    00000464 3F                    1169 	.db #0x3f	; 63
    00000465 00                    1170 	.db #0x00	; 0
    00000466 7F                    1171 	.db #0x7f	; 127
    00000467 00                    1172 	.db #0x00	; 0
    00000468 3F                    1173 	.db #0x3f	; 63
    00000469 00                    1174 	.db #0x00	; 0
    0000046A 37                    1175 	.db #0x37	; 55	'7'
    0000046B 00                    1176 	.db #0x00	; 0
    0000046C 3F                    1177 	.db #0x3f	; 63
    0000046D 00                    1178 	.db #0x00	; 0
    0000046E 3F                    1179 	.db #0x3f	; 63
    0000046F 00                    1180 	.db #0x00	; 0
    00000470 E0                    1181 	.db #0xe0	; 224
    00000471 1F                    1182 	.db #0x1f	; 31
    00000472 FC                    1183 	.db #0xfc	; 252
    00000473 03                    1184 	.db #0x03	; 3
    00000474 BF                    1185 	.db #0xbf	; 191
    00000475 00                    1186 	.db #0x00	; 0
    00000476 FF                    1187 	.db #0xff	; 255
    00000477 00                    1188 	.db #0x00	; 0
    00000478 FF                    1189 	.db #0xff	; 255
    00000479 00                    1190 	.db #0x00	; 0
    0000047A FF                    1191 	.db #0xff	; 255
    0000047B 00                    1192 	.db #0x00	; 0
    0000047C FF                    1193 	.db #0xff	; 255
    0000047D 00                    1194 	.db #0x00	; 0
    0000047E FF                    1195 	.db #0xff	; 255
    0000047F 00                    1196 	.db #0x00	; 0
    00000480 00                    1197 	.db #0x00	; 0
    00000481 FF                    1198 	.db #0xff	; 255
    00000482 00                    1199 	.db #0x00	; 0
    00000483 FF                    1200 	.db #0xff	; 255
    00000484 00                    1201 	.db #0x00	; 0
    00000485 FF                    1202 	.db #0xff	; 255
    00000486 FF                    1203 	.db #0xff	; 255
    00000487 00                    1204 	.db #0x00	; 0
    00000488 FF                    1205 	.db #0xff	; 255
    00000489 00                    1206 	.db #0x00	; 0
    0000048A FF                    1207 	.db #0xff	; 255
    0000048B 00                    1208 	.db #0x00	; 0
    0000048C FF                    1209 	.db #0xff	; 255
    0000048D 00                    1210 	.db #0x00	; 0
    0000048E FF                    1211 	.db #0xff	; 255
    0000048F 00                    1212 	.db #0x00	; 0
    00000490 00                    1213 	.db #0x00	; 0
    00000491 FF                    1214 	.db #0xff	; 255
    00000492 00                    1215 	.db #0x00	; 0
    00000493 FF                    1216 	.db #0xff	; 255
    00000494 03                    1217 	.db #0x03	; 3
    00000495 FC                    1218 	.db #0xfc	; 252
    00000496 FF                    1219 	.db #0xff	; 255
    00000497 00                    1220 	.db #0x00	; 0
    00000498 FF                    1221 	.db #0xff	; 255
    00000499 00                    1222 	.db #0x00	; 0
    0000049A FF                    1223 	.db #0xff	; 255
    0000049B 00                    1224 	.db #0x00	; 0
    0000049C FF                    1225 	.db #0xff	; 255
    0000049D 00                    1226 	.db #0x00	; 0
    0000049E FF                    1227 	.db #0xff	; 255
    0000049F 00                    1228 	.db #0x00	; 0
    000004A0 00                    1229 	.db #0x00	; 0
    000004A1 FF                    1230 	.db #0xff	; 255
    000004A2 00                    1231 	.db #0x00	; 0
    000004A3 FF                    1232 	.db #0xff	; 255
    000004A4 FF                    1233 	.db #0xff	; 255
    000004A5 00                    1234 	.db #0x00	; 0
    000004A6 FF                    1235 	.db #0xff	; 255
    000004A7 00                    1236 	.db #0x00	; 0
    000004A8 FF                    1237 	.db #0xff	; 255
    000004A9 00                    1238 	.db #0x00	; 0
    000004AA FF                    1239 	.db #0xff	; 255
    000004AB 00                    1240 	.db #0x00	; 0
    000004AC FF                    1241 	.db #0xff	; 255
    000004AD 00                    1242 	.db #0x00	; 0
    000004AE FF                    1243 	.db #0xff	; 255
    000004AF 00                    1244 	.db #0x00	; 0
    000004B0 00                    1245 	.db #0x00	; 0
    000004B1 FF                    1246 	.db #0xff	; 255
    000004B2 0F                    1247 	.db #0x0f	; 15
    000004B3 F0                    1248 	.db #0xf0	; 240
    000004B4 FF                    1249 	.db #0xff	; 255
    000004B5 00                    1250 	.db #0x00	; 0
    000004B6 FF                    1251 	.db #0xff	; 255
    000004B7 00                    1252 	.db #0x00	; 0
    000004B8 FF                    1253 	.db #0xff	; 255
    000004B9 00                    1254 	.db #0x00	; 0
    000004BA FF                    1255 	.db #0xff	; 255
    000004BB 00                    1256 	.db #0x00	; 0
    000004BC FF                    1257 	.db #0xff	; 255
    000004BD 00                    1258 	.db #0x00	; 0
    000004BE FF                    1259 	.db #0xff	; 255
    000004BF 00                    1260 	.db #0x00	; 0
    000004C0 00                    1261 	.db #0x00	; 0
    000004C1 FF                    1262 	.db #0xff	; 255
    000004C2 FE                    1263 	.db #0xfe	; 254
    000004C3 01                    1264 	.db #0x01	; 1
    000004C4 FF                    1265 	.db #0xff	; 255
    000004C5 00                    1266 	.db #0x00	; 0
    000004C6 FF                    1267 	.db #0xff	; 255
    000004C7 00                    1268 	.db #0x00	; 0
    000004C8 FF                    1269 	.db #0xff	; 255
    000004C9 00                    1270 	.db #0x00	; 0
    000004CA FF                    1271 	.db #0xff	; 255
    000004CB 00                    1272 	.db #0x00	; 0
    000004CC FF                    1273 	.db #0xff	; 255
    000004CD 00                    1274 	.db #0x00	; 0
    000004CE FF                    1275 	.db #0xff	; 255
    000004CF 00                    1276 	.db #0x00	; 0
    000004D0 C0                    1277 	.db #0xc0	; 192
    000004D1 3F                    1278 	.db #0x3f	; 63
    000004D2 F0                    1279 	.db #0xf0	; 240
    000004D3 0F                    1280 	.db #0x0f	; 15
    000004D4 FC                    1281 	.db #0xfc	; 252
    000004D5 03                    1282 	.db #0x03	; 3
    000004D6 FE                    1283 	.db #0xfe	; 254
    000004D7 01                    1284 	.db #0x01	; 1
    000004D8 FF                    1285 	.db #0xff	; 255
    000004D9 00                    1286 	.db #0x00	; 0
    000004DA FF                    1287 	.db #0xff	; 255
    000004DB 00                    1288 	.db #0x00	; 0
    000004DC FF                    1289 	.db #0xff	; 255
    000004DD 00                    1290 	.db #0x00	; 0
    000004DE FF                    1291 	.db #0xff	; 255
    000004DF 00                    1292 	.db #0x00	; 0
    000004E0 00                    1293 	.db #0x00	; 0
    000004E1 FF                    1294 	.db #0xff	; 255
    000004E2 00                    1295 	.db #0x00	; 0
    000004E3 FF                    1296 	.db #0xff	; 255
    000004E4 00                    1297 	.db #0x00	; 0
    000004E5 FF                    1298 	.db #0xff	; 255
    000004E6 00                    1299 	.db #0x00	; 0
    000004E7 FF                    1300 	.db #0xff	; 255
    000004E8 00                    1301 	.db #0x00	; 0
    000004E9 FF                    1302 	.db #0xff	; 255
    000004EA 80                    1303 	.db #0x80	; 128
    000004EB 7F                    1304 	.db #0x7f	; 127
    000004EC 80                    1305 	.db #0x80	; 128
    000004ED 7F                    1306 	.db #0x7f	; 127
    000004EE C7                    1307 	.db #0xc7	; 199
    000004EF 38                    1308 	.db #0x38	; 56	'8'
    000004F0 00                    1309 	.db #0x00	; 0
    000004F1 FF                    1310 	.db #0xff	; 255
    000004F2 00                    1311 	.db #0x00	; 0
    000004F3 FF                    1312 	.db #0xff	; 255
    000004F4 00                    1313 	.db #0x00	; 0
    000004F5 FF                    1314 	.db #0xff	; 255
    000004F6 00                    1315 	.db #0x00	; 0
    000004F7 FF                    1316 	.db #0xff	; 255
    000004F8 00                    1317 	.db #0x00	; 0
    000004F9 FF                    1318 	.db #0xff	; 255
    000004FA 00                    1319 	.db #0x00	; 0
    000004FB FF                    1320 	.db #0xff	; 255
    000004FC 1F                    1321 	.db #0x1f	; 31
    000004FD E0                    1322 	.db #0xe0	; 224
    000004FE FF                    1323 	.db #0xff	; 255
    000004FF 00                    1324 	.db #0x00	; 0
    00000500 00                    1325 	.db #0x00	; 0
    00000501 FF                    1326 	.db #0xff	; 255
    00000502 00                    1327 	.db #0x00	; 0
    00000503 FF                    1328 	.db #0xff	; 255
    00000504 00                    1329 	.db #0x00	; 0
    00000505 FF                    1330 	.db #0xff	; 255
    00000506 00                    1331 	.db #0x00	; 0
    00000507 FF                    1332 	.db #0xff	; 255
    00000508 03                    1333 	.db #0x03	; 3
    00000509 FC                    1334 	.db #0xfc	; 252
    0000050A 0F                    1335 	.db #0x0f	; 15
    0000050B F0                    1336 	.db #0xf0	; 240
    0000050C FF                    1337 	.db #0xff	; 255
    0000050D 00                    1338 	.db #0x00	; 0
    0000050E FF                    1339 	.db #0xff	; 255
    0000050F 00                    1340 	.db #0x00	; 0
    00000510 04                    1341 	.db #0x04	; 4
    00000511 FB                    1342 	.db #0xfb	; 251
    00000512 01                    1343 	.db #0x01	; 1
    00000513 FE                    1344 	.db #0xfe	; 254
    00000514 00                    1345 	.db #0x00	; 0
    00000515 FF                    1346 	.db #0xff	; 255
    00000516 00                    1347 	.db #0x00	; 0
    00000517 FF                    1348 	.db #0xff	; 255
    00000518 FF                    1349 	.db #0xff	; 255
    00000519 00                    1350 	.db #0x00	; 0
    0000051A FF                    1351 	.db #0xff	; 255
    0000051B 00                    1352 	.db #0x00	; 0
    0000051C FF                    1353 	.db #0xff	; 255
    0000051D 00                    1354 	.db #0x00	; 0
    0000051E FF                    1355 	.db #0xff	; 255
    0000051F 00                    1356 	.db #0x00	; 0
    00000520 3F                    1357 	.db #0x3f	; 63
    00000521 C0                    1358 	.db #0xc0	; 192
    00000522 7F                    1359 	.db #0x7f	; 127
    00000523 80                    1360 	.db #0x80	; 128
    00000524 1F                    1361 	.db #0x1f	; 31
    00000525 E0                    1362 	.db #0xe0	; 224
    00000526 B1                    1363 	.db #0xb1	; 177
    00000527 4E                    1364 	.db #0x4e	; 78	'N'
    00000528 FF                    1365 	.db #0xff	; 255
    00000529 00                    1366 	.db #0x00	; 0
    0000052A FF                    1367 	.db #0xff	; 255
    0000052B 00                    1368 	.db #0x00	; 0
    0000052C FF                    1369 	.db #0xff	; 255
    0000052D 00                    1370 	.db #0x00	; 0
    0000052E FF                    1371 	.db #0xff	; 255
    0000052F 00                    1372 	.db #0x00	; 0
    00000530 FF                    1373 	.db #0xff	; 255
    00000531 00                    1374 	.db #0x00	; 0
    00000532 FF                    1375 	.db #0xff	; 255
    00000533 00                    1376 	.db #0x00	; 0
    00000534 FF                    1377 	.db #0xff	; 255
    00000535 00                    1378 	.db #0x00	; 0
    00000536 FF                    1379 	.db #0xff	; 255
    00000537 00                    1380 	.db #0x00	; 0
    00000538 8F                    1381 	.db #0x8f	; 143
    00000539 70                    1382 	.db #0x70	; 112	'p'
    0000053A FC                    1383 	.db #0xfc	; 252
    0000053B 03                    1384 	.db #0x03	; 3
    0000053C FF                    1385 	.db #0xff	; 255
    0000053D 00                    1386 	.db #0x00	; 0
    0000053E FF                    1387 	.db #0xff	; 255
    0000053F 00                    1388 	.db #0x00	; 0
    00000540 FF                    1389 	.db #0xff	; 255
    00000541 00                    1390 	.db #0x00	; 0
    00000542 FF                    1391 	.db #0xff	; 255
    00000543 00                    1392 	.db #0x00	; 0
    00000544 FF                    1393 	.db #0xff	; 255
    00000545 00                    1394 	.db #0x00	; 0
    00000546 FF                    1395 	.db #0xff	; 255
    00000547 00                    1396 	.db #0x00	; 0
    00000548 FF                    1397 	.db #0xff	; 255
    00000549 00                    1398 	.db #0x00	; 0
    0000054A 3F                    1399 	.db #0x3f	; 63
    0000054B C0                    1400 	.db #0xc0	; 192
    0000054C E7                    1401 	.db #0xe7	; 231
    0000054D 18                    1402 	.db #0x18	; 24
    0000054E FF                    1403 	.db #0xff	; 255
    0000054F 00                    1404 	.db #0x00	; 0
    00000550 FD                    1405 	.db #0xfd	; 253
    00000551 02                    1406 	.db #0x02	; 2
    00000552 FD                    1407 	.db #0xfd	; 253
    00000553 02                    1408 	.db #0x02	; 2
    00000554 FD                    1409 	.db #0xfd	; 253
    00000555 02                    1410 	.db #0x02	; 2
    00000556 FF                    1411 	.db #0xff	; 255
    00000557 00                    1412 	.db #0x00	; 0
    00000558 FF                    1413 	.db #0xff	; 255
    00000559 00                    1414 	.db #0x00	; 0
    0000055A FF                    1415 	.db #0xff	; 255
    0000055B 00                    1416 	.db #0x00	; 0
    0000055C FF                    1417 	.db #0xff	; 255
    0000055D 00                    1418 	.db #0x00	; 0
    0000055E 0F                    1419 	.db #0x0f	; 15
    0000055F F0                    1420 	.db #0xf0	; 240
    00000560 FF                    1421 	.db #0xff	; 255
    00000561 00                    1422 	.db #0x00	; 0
    00000562 FD                    1423 	.db #0xfd	; 253
    00000563 00                    1424 	.db #0x00	; 0
    00000564 FF                    1425 	.db #0xff	; 255
    00000565 00                    1426 	.db #0x00	; 0
    00000566 FF                    1427 	.db #0xff	; 255
    00000567 00                    1428 	.db #0x00	; 0
    00000568 A7                    1429 	.db #0xa7	; 167
    00000569 40                    1430 	.db #0x40	; 64
    0000056A FF                    1431 	.db #0xff	; 255
    0000056B 00                    1432 	.db #0x00	; 0
    0000056C FF                    1433 	.db #0xff	; 255
    0000056D 00                    1434 	.db #0x00	; 0
    0000056E F9                    1435 	.db #0xf9	; 249
    0000056F 00                    1436 	.db #0x00	; 0
    00000570 C0                    1437 	.db #0xc0	; 192
    00000571 00                    1438 	.db #0x00	; 0
    00000572 C0                    1439 	.db #0xc0	; 192
    00000573 00                    1440 	.db #0x00	; 0
    00000574 C0                    1441 	.db #0xc0	; 192
    00000575 00                    1442 	.db #0x00	; 0
    00000576 80                    1443 	.db #0x80	; 128
    00000577 00                    1444 	.db #0x00	; 0
    00000578 80                    1445 	.db #0x80	; 128
    00000579 00                    1446 	.db #0x00	; 0
    0000057A C0                    1447 	.db #0xc0	; 192
    0000057B 00                    1448 	.db #0x00	; 0
    0000057C 80                    1449 	.db #0x80	; 128
    0000057D 00                    1450 	.db #0x00	; 0
    0000057E C0                    1451 	.db #0xc0	; 192
    0000057F 00                    1452 	.db #0x00	; 0
    00000580 3F                    1453 	.db #0x3f	; 63
    00000581 00                    1454 	.db #0x00	; 0
    00000582 3F                    1455 	.db #0x3f	; 63
    00000583 00                    1456 	.db #0x00	; 0
    00000584 0D                    1457 	.db #0x0d	; 13
    00000585 00                    1458 	.db #0x00	; 0
    00000586 0F                    1459 	.db #0x0f	; 15
    00000587 00                    1460 	.db #0x00	; 0
    00000588 1F                    1461 	.db #0x1f	; 31
    00000589 00                    1462 	.db #0x00	; 0
    0000058A 1F                    1463 	.db #0x1f	; 31
    0000058B 00                    1464 	.db #0x00	; 0
    0000058C 0E                    1465 	.db #0x0e	; 14
    0000058D 00                    1466 	.db #0x00	; 0
    0000058E 02                    1467 	.db #0x02	; 2
    0000058F 00                    1468 	.db #0x00	; 0
    00000590 FF                    1469 	.db #0xff	; 255
    00000591 00                    1470 	.db #0x00	; 0
    00000592 FF                    1471 	.db #0xff	; 255
    00000593 00                    1472 	.db #0x00	; 0
    00000594 FF                    1473 	.db #0xff	; 255
    00000595 00                    1474 	.db #0x00	; 0
    00000596 FF                    1475 	.db #0xff	; 255
    00000597 00                    1476 	.db #0x00	; 0
    00000598 FF                    1477 	.db #0xff	; 255
    00000599 00                    1478 	.db #0x00	; 0
    0000059A 7F                    1479 	.db #0x7f	; 127
    0000059B 00                    1480 	.db #0x00	; 0
    0000059C 7F                    1481 	.db #0x7f	; 127
    0000059D 00                    1482 	.db #0x00	; 0
    0000059E 4F                    1483 	.db #0x4f	; 79	'O'
    0000059F 00                    1484 	.db #0x00	; 0
    000005A0 FF                    1485 	.db #0xff	; 255
    000005A1 00                    1486 	.db #0x00	; 0
    000005A2 FF                    1487 	.db #0xff	; 255
    000005A3 00                    1488 	.db #0x00	; 0
    000005A4 FF                    1489 	.db #0xff	; 255
    000005A5 00                    1490 	.db #0x00	; 0
    000005A6 FF                    1491 	.db #0xff	; 255
    000005A7 00                    1492 	.db #0x00	; 0
    000005A8 FF                    1493 	.db #0xff	; 255
    000005A9 00                    1494 	.db #0x00	; 0
    000005AA FD                    1495 	.db #0xfd	; 253
    000005AB 02                    1496 	.db #0x02	; 2
    000005AC FB                    1497 	.db #0xfb	; 251
    000005AD 04                    1498 	.db #0x04	; 4
    000005AE FE                    1499 	.db #0xfe	; 254
    000005AF 01                    1500 	.db #0x01	; 1
    000005B0 DF                    1501 	.db #0xdf	; 223
    000005B1 20                    1502 	.db #0x20	; 32
    000005B2 8F                    1503 	.db #0x8f	; 143
    000005B3 70                    1504 	.db #0x70	; 112	'p'
    000005B4 4F                    1505 	.db #0x4f	; 79	'O'
    000005B5 B0                    1506 	.db #0xb0	; 176
    000005B6 C7                    1507 	.db #0xc7	; 199
    000005B7 38                    1508 	.db #0x38	; 56	'8'
    000005B8 87                    1509 	.db #0x87	; 135
    000005B9 78                    1510 	.db #0x78	; 120	'x'
    000005BA 83                    1511 	.db #0x83	; 131
    000005BB 7C                    1512 	.db #0x7c	; 124
    000005BC 80                    1513 	.db #0x80	; 128
    000005BD 7F                    1514 	.db #0x7f	; 127
    000005BE 80                    1515 	.db #0x80	; 128
    000005BF 7F                    1516 	.db #0x7f	; 127
    000005C0 FF                    1517 	.db #0xff	; 255
    000005C1 00                    1518 	.db #0x00	; 0
    000005C2 0F                    1519 	.db #0x0f	; 15
    000005C3 F0                    1520 	.db #0xf0	; 240
    000005C4 07                    1521 	.db #0x07	; 7
    000005C5 F8                    1522 	.db #0xf8	; 248
    000005C6 1F                    1523 	.db #0x1f	; 31
    000005C7 E0                    1524 	.db #0xe0	; 224
    000005C8 1F                    1525 	.db #0x1f	; 31
    000005C9 E0                    1526 	.db #0xe0	; 224
    000005CA 01                    1527 	.db #0x01	; 1
    000005CB FF                    1528 	.db #0xff	; 255
    000005CC 06                    1529 	.db #0x06	; 6
    000005CD FF                    1530 	.db #0xff	; 255
    000005CE 08                    1531 	.db #0x08	; 8
    000005CF FF                    1532 	.db #0xff	; 255
    000005D0 DF                    1533 	.db #0xdf	; 223
    000005D1 20                    1534 	.db #0x20	; 32
    000005D2 DF                    1535 	.db #0xdf	; 223
    000005D3 20                    1536 	.db #0x20	; 32
    000005D4 E3                    1537 	.db #0xe3	; 227
    000005D5 1C                    1538 	.db #0x1c	; 28
    000005D6 FF                    1539 	.db #0xff	; 255
    000005D7 20                    1540 	.db #0x20	; 32
    000005D8 DC                    1541 	.db #0xdc	; 220
    000005D9 F3                    1542 	.db #0xf3	; 243
    000005DA 1F                    1543 	.db #0x1f	; 31
    000005DB E8                    1544 	.db #0xe8	; 232
    000005DC 1F                    1545 	.db #0x1f	; 31
    000005DD E4                    1546 	.db #0xe4	; 228
    000005DE 15                    1547 	.db #0x15	; 21
    000005DF EE                    1548 	.db #0xee	; 238
    000005E0 FF                    1549 	.db #0xff	; 255
    000005E1 00                    1550 	.db #0x00	; 0
    000005E2 FF                    1551 	.db #0xff	; 255
    000005E3 00                    1552 	.db #0x00	; 0
    000005E4 FF                    1553 	.db #0xff	; 255
    000005E5 00                    1554 	.db #0x00	; 0
    000005E6 FF                    1555 	.db #0xff	; 255
    000005E7 00                    1556 	.db #0x00	; 0
    000005E8 61                    1557 	.db #0x61	; 97	'a'
    000005E9 9E                    1558 	.db #0x9e	; 158
    000005EA FF                    1559 	.db #0xff	; 255
    000005EB 00                    1560 	.db #0x00	; 0
    000005EC FF                    1561 	.db #0xff	; 255
    000005ED 00                    1562 	.db #0x00	; 0
    000005EE FF                    1563 	.db #0xff	; 255
    000005EF 00                    1564 	.db #0x00	; 0
    000005F0 FF                    1565 	.db #0xff	; 255
    000005F1 00                    1566 	.db #0x00	; 0
    000005F2 FF                    1567 	.db #0xff	; 255
    000005F3 00                    1568 	.db #0x00	; 0
    000005F4 FF                    1569 	.db #0xff	; 255
    000005F5 00                    1570 	.db #0x00	; 0
    000005F6 FF                    1571 	.db #0xff	; 255
    000005F7 00                    1572 	.db #0x00	; 0
    000005F8 FF                    1573 	.db #0xff	; 255
    000005F9 00                    1574 	.db #0x00	; 0
    000005FA 7F                    1575 	.db #0x7f	; 127
    000005FB 80                    1576 	.db #0x80	; 128
    000005FC FF                    1577 	.db #0xff	; 255
    000005FD 00                    1578 	.db #0x00	; 0
    000005FE DF                    1579 	.db #0xdf	; 223
    000005FF 20                    1580 	.db #0x20	; 32
    00000600 FF                    1581 	.db #0xff	; 255
    00000601 00                    1582 	.db #0x00	; 0
    00000602 DF                    1583 	.db #0xdf	; 223
    00000603 00                    1584 	.db #0x00	; 0
    00000604 FC                    1585 	.db #0xfc	; 252
    00000605 00                    1586 	.db #0x00	; 0
    00000606 F8                    1587 	.db #0xf8	; 248
    00000607 00                    1588 	.db #0x00	; 0
    00000608 F0                    1589 	.db #0xf0	; 240
    00000609 00                    1590 	.db #0x00	; 0
    0000060A E0                    1591 	.db #0xe0	; 224
    0000060B 00                    1592 	.db #0x00	; 0
    0000060C E0                    1593 	.db #0xe0	; 224
    0000060D 00                    1594 	.db #0x00	; 0
    0000060E F0                    1595 	.db #0xf0	; 240
    0000060F 00                    1596 	.db #0x00	; 0
    00000610 0E                    1597 	.db #0x0e	; 14
    00000611 00                    1598 	.db #0x00	; 0
    00000612 06                    1599 	.db #0x06	; 6
    00000613 00                    1600 	.db #0x00	; 0
    00000614 03                    1601 	.db #0x03	; 3
    00000615 00                    1602 	.db #0x00	; 0
    00000616 00                    1603 	.db #0x00	; 0
    00000617 00                    1604 	.db #0x00	; 0
    00000618 00                    1605 	.db #0x00	; 0
    00000619 00                    1606 	.db #0x00	; 0
    0000061A 00                    1607 	.db #0x00	; 0
    0000061B 00                    1608 	.db #0x00	; 0
    0000061C 00                    1609 	.db #0x00	; 0
    0000061D 00                    1610 	.db #0x00	; 0
    0000061E 00                    1611 	.db #0x00	; 0
    0000061F 00                    1612 	.db #0x00	; 0
    00000620 CF                    1613 	.db #0xcf	; 207
    00000621 00                    1614 	.db #0x00	; 0
    00000622 FB                    1615 	.db #0xfb	; 251
    00000623 00                    1616 	.db #0x00	; 0
    00000624 B3                    1617 	.db #0xb3	; 179
    00000625 00                    1618 	.db #0x00	; 0
    00000626 F7                    1619 	.db #0xf7	; 247
    00000627 00                    1620 	.db #0x00	; 0
    00000628 F7                    1621 	.db #0xf7	; 247
    00000629 00                    1622 	.db #0x00	; 0
    0000062A 75                    1623 	.db #0x75	; 117	'u'
    0000062B 00                    1624 	.db #0x00	; 0
    0000062C 3F                    1625 	.db #0x3f	; 63
    0000062D 00                    1626 	.db #0x00	; 0
    0000062E 0F                    1627 	.db #0x0f	; 15
    0000062F 00                    1628 	.db #0x00	; 0
    00000630 FF                    1629 	.db #0xff	; 255
    00000631 00                    1630 	.db #0x00	; 0
    00000632 FF                    1631 	.db #0xff	; 255
    00000633 00                    1632 	.db #0x00	; 0
    00000634 FF                    1633 	.db #0xff	; 255
    00000635 00                    1634 	.db #0x00	; 0
    00000636 FF                    1635 	.db #0xff	; 255
    00000637 00                    1636 	.db #0x00	; 0
    00000638 FF                    1637 	.db #0xff	; 255
    00000639 00                    1638 	.db #0x00	; 0
    0000063A FF                    1639 	.db #0xff	; 255
    0000063B 00                    1640 	.db #0x00	; 0
    0000063C FF                    1641 	.db #0xff	; 255
    0000063D 00                    1642 	.db #0x00	; 0
    0000063E FE                    1643 	.db #0xfe	; 254
    0000063F 01                    1644 	.db #0x01	; 1
    00000640 FF                    1645 	.db #0xff	; 255
    00000641 00                    1646 	.db #0x00	; 0
    00000642 E3                    1647 	.db #0xe3	; 227
    00000643 1C                    1648 	.db #0x1c	; 28
    00000644 D1                    1649 	.db #0xd1	; 209
    00000645 2E                    1650 	.db #0x2e	; 46
    00000646 E0                    1651 	.db #0xe0	; 224
    00000647 1F                    1652 	.db #0x1f	; 31
    00000648 A0                    1653 	.db #0xa0	; 160
    00000649 5F                    1654 	.db #0x5f	; 95
    0000064A 40                    1655 	.db #0x40	; 64
    0000064B BF                    1656 	.db #0xbf	; 191
    0000064C C0                    1657 	.db #0xc0	; 192
    0000064D 3F                    1658 	.db #0x3f	; 63
    0000064E 81                    1659 	.db #0x81	; 129
    0000064F 7E                    1660 	.db #0x7e	; 126
    00000650 FF                    1661 	.db #0xff	; 255
    00000651 00                    1662 	.db #0x00	; 0
    00000652 DD                    1663 	.db #0xdd	; 221
    00000653 22                    1664 	.db #0x22	; 34
    00000654 F5                    1665 	.db #0xf5	; 245
    00000655 0A                    1666 	.db #0x0a	; 10
    00000656 E0                    1667 	.db #0xe0	; 224
    00000657 1F                    1668 	.db #0x1f	; 31
    00000658 E1                    1669 	.db #0xe1	; 225
    00000659 1E                    1670 	.db #0x1e	; 30
    0000065A C3                    1671 	.db #0xc3	; 195
    0000065B 3C                    1672 	.db #0x3c	; 60
    0000065C C2                    1673 	.db #0xc2	; 194
    0000065D 3D                    1674 	.db #0x3d	; 61
    0000065E 80                    1675 	.db #0x80	; 128
    0000065F 7F                    1676 	.db #0x7f	; 127
    00000660 00                    1677 	.db #0x00	; 0
    00000661 FF                    1678 	.db #0xff	; 255
    00000662 00                    1679 	.db #0x00	; 0
    00000663 FF                    1680 	.db #0xff	; 255
    00000664 00                    1681 	.db #0x00	; 0
    00000665 FF                    1682 	.db #0xff	; 255
    00000666 00                    1683 	.db #0x00	; 0
    00000667 FF                    1684 	.db #0xff	; 255
    00000668 00                    1685 	.db #0x00	; 0
    00000669 FF                    1686 	.db #0xff	; 255
    0000066A 00                    1687 	.db #0x00	; 0
    0000066B FF                    1688 	.db #0xff	; 255
    0000066C 00                    1689 	.db #0x00	; 0
    0000066D FF                    1690 	.db #0xff	; 255
    0000066E 00                    1691 	.db #0x00	; 0
    0000066F FF                    1692 	.db #0xff	; 255
    00000670 7E                    1693 	.db #0x7e	; 126
    00000671 81                    1694 	.db #0x81	; 129
    00000672 7F                    1695 	.db #0x7f	; 127
    00000673 80                    1696 	.db #0x80	; 128
    00000674 3F                    1697 	.db #0x3f	; 63
    00000675 C2                    1698 	.db #0xc2	; 194
    00000676 3D                    1699 	.db #0x3d	; 61
    00000677 C7                    1700 	.db #0xc7	; 199
    00000678 18                    1701 	.db #0x18	; 24
    00000679 EF                    1702 	.db #0xef	; 239
    0000067A 0C                    1703 	.db #0x0c	; 12
    0000067B EB                    1704 	.db #0xeb	; 235
    0000067C 0C                    1705 	.db #0x0c	; 12
    0000067D FB                    1706 	.db #0xfb	; 251
    0000067E 0C                    1707 	.db #0x0c	; 12
    0000067F FB                    1708 	.db #0xfb	; 251
    00000680 08                    1709 	.db #0x08	; 8
    00000681 FF                    1710 	.db #0xff	; 255
    00000682 30                    1711 	.db #0x30	; 48	'0'
    00000683 DF                    1712 	.db #0xdf	; 223
    00000684 20                    1713 	.db #0x20	; 32
    00000685 FF                    1714 	.db #0xff	; 255
    00000686 24                    1715 	.db #0x24	; 36
    00000687 FF                    1716 	.db #0xff	; 255
    00000688 40                    1717 	.db #0x40	; 64
    00000689 FF                    1718 	.db #0xff	; 255
    0000068A 83                    1719 	.db #0x83	; 131
    0000068B FF                    1720 	.db #0xff	; 255
    0000068C 04                    1721 	.db #0x04	; 4
    0000068D FF                    1722 	.db #0xff	; 255
    0000068E 00                    1723 	.db #0x00	; 0
    0000068F FF                    1724 	.db #0xff	; 255
    00000690 4F                    1725 	.db #0x4f	; 79	'O'
    00000691 F2                    1726 	.db #0xf2	; 242
    00000692 4B                    1727 	.db #0x4b	; 75	'K'
    00000693 F5                    1728 	.db #0xf5	; 245
    00000694 07                    1729 	.db #0x07	; 7
    00000695 F9                    1730 	.db #0xf9	; 249
    00000696 87                    1731 	.db #0x87	; 135
    00000697 F8                    1732 	.db #0xf8	; 248
    00000698 94                    1733 	.db #0x94	; 148
    00000699 FB                    1734 	.db #0xfb	; 251
    0000069A 80                    1735 	.db #0x80	; 128
    0000069B FF                    1736 	.db #0xff	; 255
    0000069C A0                    1737 	.db #0xa0	; 160
    0000069D FF                    1738 	.db #0xff	; 255
    0000069E 82                    1739 	.db #0x82	; 130
    0000069F FD                    1740 	.db #0xfd	; 253
    000006A0 FF                    1741 	.db #0xff	; 255
    000006A1 00                    1742 	.db #0x00	; 0
    000006A2 FF                    1743 	.db #0xff	; 255
    000006A3 00                    1744 	.db #0x00	; 0
    000006A4 FF                    1745 	.db #0xff	; 255
    000006A5 00                    1746 	.db #0x00	; 0
    000006A6 FF                    1747 	.db #0xff	; 255
    000006A7 80                    1748 	.db #0x80	; 128
    000006A8 FF                    1749 	.db #0xff	; 255
    000006A9 80                    1750 	.db #0x80	; 128
    000006AA 7F                    1751 	.db #0x7f	; 127
    000006AB C0                    1752 	.db #0xc0	; 192
    000006AC 7F                    1753 	.db #0x7f	; 127
    000006AD C0                    1754 	.db #0xc0	; 192
    000006AE 7F                    1755 	.db #0x7f	; 127
    000006AF A0                    1756 	.db #0xa0	; 160
    000006B0 DF                    1757 	.db #0xdf	; 223
    000006B1 20                    1758 	.db #0x20	; 32
    000006B2 DF                    1759 	.db #0xdf	; 223
    000006B3 20                    1760 	.db #0x20	; 32
    000006B4 F7                    1761 	.db #0xf7	; 247
    000006B5 08                    1762 	.db #0x08	; 8
    000006B6 FB                    1763 	.db #0xfb	; 251
    000006B7 04                    1764 	.db #0x04	; 4
    000006B8 FF                    1765 	.db #0xff	; 255
    000006B9 00                    1766 	.db #0x00	; 0
    000006BA FF                    1767 	.db #0xff	; 255
    000006BB 00                    1768 	.db #0x00	; 0
    000006BC FF                    1769 	.db #0xff	; 255
    000006BD 00                    1770 	.db #0x00	; 0
    000006BE FF                    1771 	.db #0xff	; 255
    000006BF 00                    1772 	.db #0x00	; 0
    000006C0 FF                    1773 	.db #0xff	; 255
    000006C1 00                    1774 	.db #0x00	; 0
    000006C2 FF                    1775 	.db #0xff	; 255
    000006C3 00                    1776 	.db #0x00	; 0
    000006C4 FF                    1777 	.db #0xff	; 255
    000006C5 00                    1778 	.db #0x00	; 0
    000006C6 07                    1779 	.db #0x07	; 7
    000006C7 F8                    1780 	.db #0xf8	; 248
    000006C8 FD                    1781 	.db #0xfd	; 253
    000006C9 02                    1782 	.db #0x02	; 2
    000006CA FF                    1783 	.db #0xff	; 255
    000006CB 00                    1784 	.db #0x00	; 0
    000006CC FF                    1785 	.db #0xff	; 255
    000006CD 00                    1786 	.db #0x00	; 0
    000006CE FF                    1787 	.db #0xff	; 255
    000006CF 00                    1788 	.db #0x00	; 0
    000006D0 FF                    1789 	.db #0xff	; 255
    000006D1 00                    1790 	.db #0x00	; 0
    000006D2 FF                    1791 	.db #0xff	; 255
    000006D3 00                    1792 	.db #0x00	; 0
    000006D4 FF                    1793 	.db #0xff	; 255
    000006D5 00                    1794 	.db #0x00	; 0
    000006D6 FF                    1795 	.db #0xff	; 255
    000006D7 00                    1796 	.db #0x00	; 0
    000006D8 FF                    1797 	.db #0xff	; 255
    000006D9 00                    1798 	.db #0x00	; 0
    000006DA 7F                    1799 	.db #0x7f	; 127
    000006DB 80                    1800 	.db #0x80	; 128
    000006DC D7                    1801 	.db #0xd7	; 215
    000006DD 20                    1802 	.db #0x20	; 32
    000006DE FF                    1803 	.db #0xff	; 255
    000006DF 00                    1804 	.db #0x00	; 0
    000006E0 FF                    1805 	.db #0xff	; 255
    000006E1 00                    1806 	.db #0x00	; 0
    000006E2 FF                    1807 	.db #0xff	; 255
    000006E3 00                    1808 	.db #0x00	; 0
    000006E4 FF                    1809 	.db #0xff	; 255
    000006E5 00                    1810 	.db #0x00	; 0
    000006E6 FF                    1811 	.db #0xff	; 255
    000006E7 00                    1812 	.db #0x00	; 0
    000006E8 FF                    1813 	.db #0xff	; 255
    000006E9 00                    1814 	.db #0x00	; 0
    000006EA FF                    1815 	.db #0xff	; 255
    000006EB 00                    1816 	.db #0x00	; 0
    000006EC FF                    1817 	.db #0xff	; 255
    000006ED 00                    1818 	.db #0x00	; 0
    000006EE F3                    1819 	.db #0xf3	; 243
    000006EF 00                    1820 	.db #0x00	; 0
    000006F0 FF                    1821 	.db #0xff	; 255
    000006F1 00                    1822 	.db #0x00	; 0
    000006F2 FF                    1823 	.db #0xff	; 255
    000006F3 00                    1824 	.db #0x00	; 0
    000006F4 FC                    1825 	.db #0xfc	; 252
    000006F5 00                    1826 	.db #0x00	; 0
    000006F6 FF                    1827 	.db #0xff	; 255
    000006F7 00                    1828 	.db #0x00	; 0
    000006F8 FE                    1829 	.db #0xfe	; 254
    000006F9 00                    1830 	.db #0x00	; 0
    000006FA FC                    1831 	.db #0xfc	; 252
    000006FB 00                    1832 	.db #0x00	; 0
    000006FC C0                    1833 	.db #0xc0	; 192
    000006FD 00                    1834 	.db #0x00	; 0
    000006FE 00                    1835 	.db #0x00	; 0
    000006FF 00                    1836 	.db #0x00	; 0
    00000700 E0                    1837 	.db #0xe0	; 224
    00000701 00                    1838 	.db #0x00	; 0
    00000702 80                    1839 	.db #0x80	; 128
    00000703 00                    1840 	.db #0x00	; 0
    00000704 80                    1841 	.db #0x80	; 128
    00000705 00                    1842 	.db #0x00	; 0
    00000706 00                    1843 	.db #0x00	; 0
    00000707 00                    1844 	.db #0x00	; 0
    00000708 00                    1845 	.db #0x00	; 0
    00000709 00                    1846 	.db #0x00	; 0
    0000070A 00                    1847 	.db #0x00	; 0
    0000070B 00                    1848 	.db #0x00	; 0
    0000070C 00                    1849 	.db #0x00	; 0
    0000070D 00                    1850 	.db #0x00	; 0
    0000070E 00                    1851 	.db #0x00	; 0
    0000070F 00                    1852 	.db #0x00	; 0
    00000710 00                    1853 	.db #0x00	; 0
    00000711 00                    1854 	.db #0x00	; 0
    00000712 00                    1855 	.db #0x00	; 0
    00000713 00                    1856 	.db #0x00	; 0
    00000714 00                    1857 	.db #0x00	; 0
    00000715 00                    1858 	.db #0x00	; 0
    00000716 00                    1859 	.db #0x00	; 0
    00000717 00                    1860 	.db #0x00	; 0
    00000718 00                    1861 	.db #0x00	; 0
    00000719 00                    1862 	.db #0x00	; 0
    0000071A 03                    1863 	.db #0x03	; 3
    0000071B 03                    1864 	.db #0x03	; 3
    0000071C 06                    1865 	.db #0x06	; 6
    0000071D 05                    1866 	.db #0x05	; 5
    0000071E 18                    1867 	.db #0x18	; 24
    0000071F 1F                    1868 	.db #0x1f	; 31
    00000720 00                    1869 	.db #0x00	; 0
    00000721 00                    1870 	.db #0x00	; 0
    00000722 00                    1871 	.db #0x00	; 0
    00000723 00                    1872 	.db #0x00	; 0
    00000724 00                    1873 	.db #0x00	; 0
    00000725 00                    1874 	.db #0x00	; 0
    00000726 00                    1875 	.db #0x00	; 0
    00000727 00                    1876 	.db #0x00	; 0
    00000728 00                    1877 	.db #0x00	; 0
    00000729 00                    1878 	.db #0x00	; 0
    0000072A 80                    1879 	.db #0x80	; 128
    0000072B 00                    1880 	.db #0x00	; 0
    0000072C 80                    1881 	.db #0x80	; 128
    0000072D 80                    1882 	.db #0x80	; 128
    0000072E C0                    1883 	.db #0xc0	; 192
    0000072F 40                    1884 	.db #0x40	; 64
    00000730 00                    1885 	.db #0x00	; 0
    00000731 00                    1886 	.db #0x00	; 0
    00000732 00                    1887 	.db #0x00	; 0
    00000733 00                    1888 	.db #0x00	; 0
    00000734 00                    1889 	.db #0x00	; 0
    00000735 00                    1890 	.db #0x00	; 0
    00000736 00                    1891 	.db #0x00	; 0
    00000737 00                    1892 	.db #0x00	; 0
    00000738 00                    1893 	.db #0x00	; 0
    00000739 00                    1894 	.db #0x00	; 0
    0000073A 00                    1895 	.db #0x00	; 0
    0000073B 00                    1896 	.db #0x00	; 0
    0000073C 01                    1897 	.db #0x01	; 1
    0000073D 00                    1898 	.db #0x00	; 0
    0000073E 03                    1899 	.db #0x03	; 3
    0000073F 00                    1900 	.db #0x00	; 0
    00000740 03                    1901 	.db #0x03	; 3
    00000741 00                    1902 	.db #0x00	; 0
    00000742 00                    1903 	.db #0x00	; 0
    00000743 00                    1904 	.db #0x00	; 0
    00000744 00                    1905 	.db #0x00	; 0
    00000745 10                    1906 	.db #0x10	; 16
    00000746 00                    1907 	.db #0x00	; 0
    00000747 38                    1908 	.db #0x38	; 56	'8'
    00000748 2A                    1909 	.db #0x2a	; 42
    00000749 54                    1910 	.db #0x54	; 84	'T'
    0000074A 86                    1911 	.db #0x86	; 134
    0000074B 79                    1912 	.db #0x79	; 121	'y'
    0000074C 80                    1913 	.db #0x80	; 128
    0000074D 7F                    1914 	.db #0x7f	; 127
    0000074E 00                    1915 	.db #0x00	; 0
    0000074F FF                    1916 	.db #0xff	; 255
    00000750 FD                    1917 	.db #0xfd	; 253
    00000751 02                    1918 	.db #0x02	; 2
    00000752 FE                    1919 	.db #0xfe	; 254
    00000753 01                    1920 	.db #0x01	; 1
    00000754 5A                    1921 	.db #0x5a	; 90	'Z'
    00000755 05                    1922 	.db #0x05	; 5
    00000756 04                    1923 	.db #0x04	; 4
    00000757 0B                    1924 	.db #0x0b	; 11
    00000758 18                    1925 	.db #0x18	; 24
    00000759 07                    1926 	.db #0x07	; 7
    0000075A 28                    1927 	.db #0x28	; 40
    0000075B 17                    1928 	.db #0x17	; 23
    0000075C 10                    1929 	.db #0x10	; 16
    0000075D AF                    1930 	.db #0xaf	; 175
    0000075E 20                    1931 	.db #0x20	; 32
    0000075F DF                    1932 	.db #0xdf	; 223
    00000760 03                    1933 	.db #0x03	; 3
    00000761 FC                    1934 	.db #0xfc	; 252
    00000762 07                    1935 	.db #0x07	; 7
    00000763 F8                    1936 	.db #0xf8	; 248
    00000764 0C                    1937 	.db #0x0c	; 12
    00000765 F3                    1938 	.db #0xf3	; 243
    00000766 18                    1939 	.db #0x18	; 24
    00000767 E7                    1940 	.db #0xe7	; 231
    00000768 20                    1941 	.db #0x20	; 32
    00000769 DF                    1942 	.db #0xdf	; 223
    0000076A 60                    1943 	.db #0x60	; 96
    0000076B 9F                    1944 	.db #0x9f	; 159
    0000076C C0                    1945 	.db #0xc0	; 192
    0000076D 3F                    1946 	.db #0x3f	; 63
    0000076E 80                    1947 	.db #0x80	; 128
    0000076F 7F                    1948 	.db #0x7f	; 127
    00000770 84                    1949 	.db #0x84	; 132
    00000771 7B                    1950 	.db #0x7b	; 123
    00000772 08                    1951 	.db #0x08	; 8
    00000773 F7                    1952 	.db #0xf7	; 247
    00000774 00                    1953 	.db #0x00	; 0
    00000775 FF                    1954 	.db #0xff	; 255
    00000776 00                    1955 	.db #0x00	; 0
    00000777 FF                    1956 	.db #0xff	; 255
    00000778 00                    1957 	.db #0x00	; 0
    00000779 FF                    1958 	.db #0xff	; 255
    0000077A 00                    1959 	.db #0x00	; 0
    0000077B FF                    1960 	.db #0xff	; 255
    0000077C 00                    1961 	.db #0x00	; 0
    0000077D FF                    1962 	.db #0xff	; 255
    0000077E 00                    1963 	.db #0x00	; 0
    0000077F FF                    1964 	.db #0xff	; 255
    00000780 00                    1965 	.db #0x00	; 0
    00000781 FF                    1966 	.db #0xff	; 255
    00000782 00                    1967 	.db #0x00	; 0
    00000783 FF                    1968 	.db #0xff	; 255
    00000784 00                    1969 	.db #0x00	; 0
    00000785 FF                    1970 	.db #0xff	; 255
    00000786 01                    1971 	.db #0x01	; 1
    00000787 FF                    1972 	.db #0xff	; 255
    00000788 01                    1973 	.db #0x01	; 1
    00000789 FF                    1974 	.db #0xff	; 255
    0000078A 03                    1975 	.db #0x03	; 3
    0000078B FE                    1976 	.db #0xfe	; 254
    0000078C 03                    1977 	.db #0x03	; 3
    0000078D FE                    1978 	.db #0xfe	; 254
    0000078E 02                    1979 	.db #0x02	; 2
    0000078F FF                    1980 	.db #0xff	; 255
    00000790 19                    1981 	.db #0x19	; 25
    00000791 F7                    1982 	.db #0xf7	; 247
    00000792 31                    1983 	.db #0x31	; 49	'1'
    00000793 FF                    1984 	.db #0xff	; 255
    00000794 F0                    1985 	.db #0xf0	; 240
    00000795 CF                    1986 	.db #0xcf	; 207
    00000796 90                    1987 	.db #0x90	; 144
    00000797 6F                    1988 	.db #0x6f	; 111	'o'
    00000798 14                    1989 	.db #0x14	; 20
    00000799 EF                    1990 	.db #0xef	; 239
    0000079A 24                    1991 	.db #0x24	; 36
    0000079B DB                    1992 	.db #0xdb	; 219
    0000079C 24                    1993 	.db #0x24	; 36
    0000079D DB                    1994 	.db #0xdb	; 219
    0000079E 00                    1995 	.db #0x00	; 0
    0000079F FF                    1996 	.db #0xff	; 255
    000007A0 3E                    1997 	.db #0x3e	; 62
    000007A1 FF                    1998 	.db #0xff	; 255
    000007A2 7E                    1999 	.db #0x7e	; 126
    000007A3 FF                    2000 	.db #0xff	; 255
    000007A4 7E                    2001 	.db #0x7e	; 126
    000007A5 FF                    2002 	.db #0xff	; 255
    000007A6 BE                    2003 	.db #0xbe	; 190
    000007A7 FF                    2004 	.db #0xff	; 255
    000007A8 FE                    2005 	.db #0xfe	; 254
    000007A9 FF                    2006 	.db #0xff	; 255
    000007AA FE                    2007 	.db #0xfe	; 254
    000007AB FF                    2008 	.db #0xff	; 255
    000007AC 32                    2009 	.db #0x32	; 50	'2'
    000007AD FF                    2010 	.db #0xff	; 255
    000007AE E2                    2011 	.db #0xe2	; 226
    000007AF FF                    2012 	.db #0xff	; 255
    000007B0 00                    2013 	.db #0x00	; 0
    000007B1 FF                    2014 	.db #0xff	; 255
    000007B2 00                    2015 	.db #0x00	; 0
    000007B3 FF                    2016 	.db #0xff	; 255
    000007B4 10                    2017 	.db #0x10	; 16
    000007B5 FF                    2018 	.db #0xff	; 255
    000007B6 00                    2019 	.db #0x00	; 0
    000007B7 FF                    2020 	.db #0xff	; 255
    000007B8 00                    2021 	.db #0x00	; 0
    000007B9 FF                    2022 	.db #0xff	; 255
    000007BA 00                    2023 	.db #0x00	; 0
    000007BB FF                    2024 	.db #0xff	; 255
    000007BC 08                    2025 	.db #0x08	; 8
    000007BD FF                    2026 	.db #0xff	; 255
    000007BE 08                    2027 	.db #0x08	; 8
    000007BF FF                    2028 	.db #0xff	; 255
    000007C0 03                    2029 	.db #0x03	; 3
    000007C1 FF                    2030 	.db #0xff	; 255
    000007C2 11                    2031 	.db #0x11	; 17
    000007C3 EF                    2032 	.db #0xef	; 239
    000007C4 08                    2033 	.db #0x08	; 8
    000007C5 F7                    2034 	.db #0xf7	; 247
    000007C6 40                    2035 	.db #0x40	; 64
    000007C7 BF                    2036 	.db #0xbf	; 191
    000007C8 20                    2037 	.db #0x20	; 32
    000007C9 DF                    2038 	.db #0xdf	; 223
    000007CA 02                    2039 	.db #0x02	; 2
    000007CB FD                    2040 	.db #0xfd	; 253
    000007CC 04                    2041 	.db #0x04	; 4
    000007CD FB                    2042 	.db #0xfb	; 251
    000007CE 00                    2043 	.db #0x00	; 0
    000007CF FF                    2044 	.db #0xff	; 255
    000007D0 00                    2045 	.db #0x00	; 0
    000007D1 FF                    2046 	.db #0xff	; 255
    000007D2 08                    2047 	.db #0x08	; 8
    000007D3 FF                    2048 	.db #0xff	; 255
    000007D4 9C                    2049 	.db #0x9c	; 156
    000007D5 F7                    2050 	.db #0xf7	; 247
    000007D6 A4                    2051 	.db #0xa4	; 164
    000007D7 FF                    2052 	.db #0xff	; 255
    000007D8 C6                    2053 	.db #0xc6	; 198
    000007D9 7B                    2054 	.db #0x7b	; 123
    000007DA 47                    2055 	.db #0x47	; 71	'G'
    000007DB F9                    2056 	.db #0xf9	; 249
    000007DC 07                    2057 	.db #0x07	; 7
    000007DD F9                    2058 	.db #0xf9	; 249
    000007DE 05                    2059 	.db #0x05	; 5
    000007DF FA                    2060 	.db #0xfa	; 250
    000007E0 00                    2061 	.db #0x00	; 0
    000007E1 C0                    2062 	.db #0xc0	; 192
    000007E2 50                    2063 	.db #0x50	; 80	'P'
    000007E3 A0                    2064 	.db #0xa0	; 160
    000007E4 08                    2065 	.db #0x08	; 8
    000007E5 F4                    2066 	.db #0xf4	; 244
    000007E6 01                    2067 	.db #0x01	; 1
    000007E7 FE                    2068 	.db #0xfe	; 254
    000007E8 01                    2069 	.db #0x01	; 1
    000007E9 FE                    2070 	.db #0xfe	; 254
    000007EA 00                    2071 	.db #0x00	; 0
    000007EB FF                    2072 	.db #0xff	; 255
    000007EC 00                    2073 	.db #0x00	; 0
    000007ED FF                    2074 	.db #0xff	; 255
    000007EE 80                    2075 	.db #0x80	; 128
    000007EF FF                    2076 	.db #0xff	; 255
    000007F0 00                    2077 	.db #0x00	; 0
    000007F1 00                    2078 	.db #0x00	; 0
    000007F2 00                    2079 	.db #0x00	; 0
    000007F3 00                    2080 	.db #0x00	; 0
    000007F4 00                    2081 	.db #0x00	; 0
    000007F5 00                    2082 	.db #0x00	; 0
    000007F6 00                    2083 	.db #0x00	; 0
    000007F7 00                    2084 	.db #0x00	; 0
    000007F8 00                    2085 	.db #0x00	; 0
    000007F9 80                    2086 	.db #0x80	; 128
    000007FA 20                    2087 	.db #0x20	; 32
    000007FB C7                    2088 	.db #0xc7	; 199
    000007FC 00                    2089 	.db #0x00	; 0
    000007FD FF                    2090 	.db #0xff	; 255
    000007FE 00                    2091 	.db #0x00	; 0
    000007FF FF                    2092 	.db #0xff	; 255
    00000800 00                    2093 	.db #0x00	; 0
    00000801 00                    2094 	.db #0x00	; 0
    00000802 02                    2095 	.db #0x02	; 2
    00000803 00                    2096 	.db #0x00	; 0
    00000804 01                    2097 	.db #0x01	; 1
    00000805 0E                    2098 	.db #0x0e	; 14
    00000806 20                    2099 	.db #0x20	; 32
    00000807 1F                    2100 	.db #0x1f	; 31
    00000808 00                    2101 	.db #0x00	; 0
    00000809 FF                    2102 	.db #0xff	; 255
    0000080A 02                    2103 	.db #0x02	; 2
    0000080B FF                    2104 	.db #0xff	; 255
    0000080C 00                    2105 	.db #0x00	; 0
    0000080D FF                    2106 	.db #0xff	; 255
    0000080E 00                    2107 	.db #0x00	; 0
    0000080F FF                    2108 	.db #0xff	; 255
    00000810 00                    2109 	.db #0x00	; 0
    00000811 00                    2110 	.db #0x00	; 0
    00000812 00                    2111 	.db #0x00	; 0
    00000813 00                    2112 	.db #0x00	; 0
    00000814 00                    2113 	.db #0x00	; 0
    00000815 E0                    2114 	.db #0xe0	; 224
    00000816 00                    2115 	.db #0x00	; 0
    00000817 F0                    2116 	.db #0xf0	; 240
    00000818 00                    2117 	.db #0x00	; 0
    00000819 FF                    2118 	.db #0xff	; 255
    0000081A 00                    2119 	.db #0x00	; 0
    0000081B FF                    2120 	.db #0xff	; 255
    0000081C 00                    2121 	.db #0x00	; 0
    0000081D FF                    2122 	.db #0xff	; 255
    0000081E 00                    2123 	.db #0x00	; 0
    0000081F FF                    2124 	.db #0xff	; 255
    00000820 03                    2125 	.db #0x03	; 3
    00000821 01                    2126 	.db #0x01	; 1
    00000822 02                    2127 	.db #0x02	; 2
    00000823 03                    2128 	.db #0x03	; 3
    00000824 04                    2129 	.db #0x04	; 4
    00000825 07                    2130 	.db #0x07	; 7
    00000826 08                    2131 	.db #0x08	; 8
    00000827 1F                    2132 	.db #0x1f	; 31
    00000828 08                    2133 	.db #0x08	; 8
    00000829 FF                    2134 	.db #0xff	; 255
    0000082A 10                    2135 	.db #0x10	; 16
    0000082B FF                    2136 	.db #0xff	; 255
    0000082C 14                    2137 	.db #0x14	; 20
    0000082D FF                    2138 	.db #0xff	; 255
    0000082E 24                    2139 	.db #0x24	; 36
    0000082F FF                    2140 	.db #0xff	; 255
    00000830 E0                    2141 	.db #0xe0	; 224
    00000831 1F                    2142 	.db #0x1f	; 31
    00000832 00                    2143 	.db #0x00	; 0
    00000833 FF                    2144 	.db #0xff	; 255
    00000834 00                    2145 	.db #0x00	; 0
    00000835 FF                    2146 	.db #0xff	; 255
    00000836 00                    2147 	.db #0x00	; 0
    00000837 FF                    2148 	.db #0xff	; 255
    00000838 40                    2149 	.db #0x40	; 64
    00000839 FF                    2150 	.db #0xff	; 255
    0000083A 00                    2151 	.db #0x00	; 0
    0000083B FF                    2152 	.db #0xff	; 255
    0000083C 00                    2153 	.db #0x00	; 0
    0000083D FF                    2154 	.db #0xff	; 255
    0000083E 00                    2155 	.db #0x00	; 0
    0000083F FF                    2156 	.db #0xff	; 255
    00000840 80                    2157 	.db #0x80	; 128
    00000841 FF                    2158 	.db #0xff	; 255
    00000842 00                    2159 	.db #0x00	; 0
    00000843 FF                    2160 	.db #0xff	; 255
    00000844 10                    2161 	.db #0x10	; 16
    00000845 FF                    2162 	.db #0xff	; 255
    00000846 11                    2163 	.db #0x11	; 17
    00000847 FF                    2164 	.db #0xff	; 255
    00000848 01                    2165 	.db #0x01	; 1
    00000849 FF                    2166 	.db #0xff	; 255
    0000084A 80                    2167 	.db #0x80	; 128
    0000084B FF                    2168 	.db #0xff	; 255
    0000084C 00                    2169 	.db #0x00	; 0
    0000084D FF                    2170 	.db #0xff	; 255
    0000084E 00                    2171 	.db #0x00	; 0
    0000084F FF                    2172 	.db #0xff	; 255
    00000850 17                    2173 	.db #0x17	; 23
    00000851 E9                    2174 	.db #0xe9	; 233
    00000852 09                    2175 	.db #0x09	; 9
    00000853 F6                    2176 	.db #0xf6	; 246
    00000854 08                    2177 	.db #0x08	; 8
    00000855 F7                    2178 	.db #0xf7	; 247
    00000856 08                    2179 	.db #0x08	; 8
    00000857 F7                    2180 	.db #0xf7	; 247
    00000858 04                    2181 	.db #0x04	; 4
    00000859 FF                    2182 	.db #0xff	; 255
    0000085A 00                    2183 	.db #0x00	; 0
    0000085B FF                    2184 	.db #0xff	; 255
    0000085C 80                    2185 	.db #0x80	; 128
    0000085D FF                    2186 	.db #0xff	; 255
    0000085E 00                    2187 	.db #0x00	; 0
    0000085F FF                    2188 	.db #0xff	; 255
    00000860 03                    2189 	.db #0x03	; 3
    00000861 00                    2190 	.db #0x00	; 0
    00000862 83                    2191 	.db #0x83	; 131
    00000863 80                    2192 	.db #0x80	; 128
    00000864 C3                    2193 	.db #0xc3	; 195
    00000865 40                    2194 	.db #0x40	; 64
    00000866 C3                    2195 	.db #0xc3	; 195
    00000867 40                    2196 	.db #0x40	; 64
    00000868 63                    2197 	.db #0x63	; 99	'c'
    00000869 A0                    2198 	.db #0xa0	; 160
    0000086A 63                    2199 	.db #0x63	; 99	'c'
    0000086B A0                    2200 	.db #0xa0	; 160
    0000086C 23                    2201 	.db #0x23	; 35
    0000086D E0                    2202 	.db #0xe0	; 224
    0000086E 33                    2203 	.db #0x33	; 51	'3'
    0000086F D0                    2204 	.db #0xd0	; 208
    00000870 E3                    2205 	.db #0xe3	; 227
    00000871 1C                    2206 	.db #0x1c	; 28
    00000872 EF                    2207 	.db #0xef	; 239
    00000873 10                    2208 	.db #0x10	; 16
    00000874 67                    2209 	.db #0x67	; 103	'g'
    00000875 18                    2210 	.db #0x18	; 24
    00000876 FF                    2211 	.db #0xff	; 255
    00000877 00                    2212 	.db #0x00	; 0
    00000878 FF                    2213 	.db #0xff	; 255
    00000879 00                    2214 	.db #0x00	; 0
    0000087A 7F                    2215 	.db #0x7f	; 127
    0000087B 00                    2216 	.db #0x00	; 0
    0000087C 7F                    2217 	.db #0x7f	; 127
    0000087D 00                    2218 	.db #0x00	; 0
    0000087E 7E                    2219 	.db #0x7e	; 126
    0000087F 00                    2220 	.db #0x00	; 0
    00000880 FE                    2221 	.db #0xfe	; 254
    00000881 01                    2222 	.db #0x01	; 1
    00000882 FC                    2223 	.db #0xfc	; 252
    00000883 03                    2224 	.db #0x03	; 3
    00000884 FE                    2225 	.db #0xfe	; 254
    00000885 01                    2226 	.db #0x01	; 1
    00000886 FC                    2227 	.db #0xfc	; 252
    00000887 03                    2228 	.db #0x03	; 3
    00000888 FD                    2229 	.db #0xfd	; 253
    00000889 02                    2230 	.db #0x02	; 2
    0000088A F8                    2231 	.db #0xf8	; 248
    0000088B 07                    2232 	.db #0x07	; 7
    0000088C 30                    2233 	.db #0x30	; 48	'0'
    0000088D 0F                    2234 	.db #0x0f	; 15
    0000088E 3C                    2235 	.db #0x3c	; 60
    0000088F 03                    2236 	.db #0x03	; 3
    00000890 24                    2237 	.db #0x24	; 36
    00000891 DB                    2238 	.db #0xdb	; 219
    00000892 00                    2239 	.db #0x00	; 0
    00000893 FF                    2240 	.db #0xff	; 255
    00000894 00                    2241 	.db #0x00	; 0
    00000895 FF                    2242 	.db #0xff	; 255
    00000896 00                    2243 	.db #0x00	; 0
    00000897 FF                    2244 	.db #0xff	; 255
    00000898 00                    2245 	.db #0x00	; 0
    00000899 FF                    2246 	.db #0xff	; 255
    0000089A 40                    2247 	.db #0x40	; 64
    0000089B BF                    2248 	.db #0xbf	; 191
    0000089C 80                    2249 	.db #0x80	; 128
    0000089D 7F                    2250 	.db #0x7f	; 127
    0000089E 00                    2251 	.db #0x00	; 0
    0000089F FF                    2252 	.db #0xff	; 255
    000008A0 00                    2253 	.db #0x00	; 0
    000008A1 FF                    2254 	.db #0xff	; 255
    000008A2 00                    2255 	.db #0x00	; 0
    000008A3 FF                    2256 	.db #0xff	; 255
    000008A4 00                    2257 	.db #0x00	; 0
    000008A5 FF                    2258 	.db #0xff	; 255
    000008A6 00                    2259 	.db #0x00	; 0
    000008A7 FF                    2260 	.db #0xff	; 255
    000008A8 00                    2261 	.db #0x00	; 0
    000008A9 FF                    2262 	.db #0xff	; 255
    000008AA 00                    2263 	.db #0x00	; 0
    000008AB FF                    2264 	.db #0xff	; 255
    000008AC 00                    2265 	.db #0x00	; 0
    000008AD FF                    2266 	.db #0xff	; 255
    000008AE 01                    2267 	.db #0x01	; 1
    000008AF FF                    2268 	.db #0xff	; 255
    000008B0 18                    2269 	.db #0x18	; 24
    000008B1 F7                    2270 	.db #0xf7	; 247
    000008B2 30                    2271 	.db #0x30	; 48	'0'
    000008B3 EF                    2272 	.db #0xef	; 239
    000008B4 30                    2273 	.db #0x30	; 48	'0'
    000008B5 EF                    2274 	.db #0xef	; 239
    000008B6 30                    2275 	.db #0x30	; 48	'0'
    000008B7 EF                    2276 	.db #0xef	; 239
    000008B8 61                    2277 	.db #0x61	; 97	'a'
    000008B9 DE                    2278 	.db #0xde	; 222
    000008BA 62                    2279 	.db #0x62	; 98	'b'
    000008BB DF                    2280 	.db #0xdf	; 223
    000008BC E0                    2281 	.db #0xe0	; 224
    000008BD 9F                    2282 	.db #0x9f	; 159
    000008BE A1                    2283 	.db #0xa1	; 161
    000008BF 5E                    2284 	.db #0x5e	; 94
    000008C0 01                    2285 	.db #0x01	; 1
    000008C1 FF                    2286 	.db #0xff	; 255
    000008C2 8D                    2287 	.db #0x8d	; 141
    000008C3 F2                    2288 	.db #0xf2	; 242
    000008C4 31                    2289 	.db #0x31	; 49	'1'
    000008C5 CE                    2290 	.db #0xce	; 206
    000008C6 02                    2291 	.db #0x02	; 2
    000008C7 FD                    2292 	.db #0xfd	; 253
    000008C8 40                    2293 	.db #0x40	; 64
    000008C9 BF                    2294 	.db #0xbf	; 191
    000008CA 60                    2295 	.db #0x60	; 96
    000008CB 9F                    2296 	.db #0x9f	; 159
    000008CC E0                    2297 	.db #0xe0	; 224
    000008CD 1F                    2298 	.db #0x1f	; 31
    000008CE C0                    2299 	.db #0xc0	; 192
    000008CF 3F                    2300 	.db #0x3f	; 63
    000008D0 00                    2301 	.db #0x00	; 0
    000008D1 FF                    2302 	.db #0xff	; 255
    000008D2 04                    2303 	.db #0x04	; 4
    000008D3 FF                    2304 	.db #0xff	; 255
    000008D4 00                    2305 	.db #0x00	; 0
    000008D5 FF                    2306 	.db #0xff	; 255
    000008D6 00                    2307 	.db #0x00	; 0
    000008D7 FF                    2308 	.db #0xff	; 255
    000008D8 00                    2309 	.db #0x00	; 0
    000008D9 FF                    2310 	.db #0xff	; 255
    000008DA 08                    2311 	.db #0x08	; 8
    000008DB FF                    2312 	.db #0xff	; 255
    000008DC 00                    2313 	.db #0x00	; 0
    000008DD FF                    2314 	.db #0xff	; 255
    000008DE 00                    2315 	.db #0x00	; 0
    000008DF FF                    2316 	.db #0xff	; 255
    000008E0 82                    2317 	.db #0x82	; 130
    000008E1 FF                    2318 	.db #0xff	; 255
    000008E2 02                    2319 	.db #0x02	; 2
    000008E3 FF                    2320 	.db #0xff	; 255
    000008E4 00                    2321 	.db #0x00	; 0
    000008E5 FF                    2322 	.db #0xff	; 255
    000008E6 00                    2323 	.db #0x00	; 0
    000008E7 FF                    2324 	.db #0xff	; 255
    000008E8 82                    2325 	.db #0x82	; 130
    000008E9 FF                    2326 	.db #0xff	; 255
    000008EA 14                    2327 	.db #0x14	; 20
    000008EB FF                    2328 	.db #0xff	; 255
    000008EC 04                    2329 	.db #0x04	; 4
    000008ED FF                    2330 	.db #0xff	; 255
    000008EE 48                    2331 	.db #0x48	; 72	'H'
    000008EF FF                    2332 	.db #0xff	; 255
    000008F0 00                    2333 	.db #0x00	; 0
    000008F1 FF                    2334 	.db #0xff	; 255
    000008F2 04                    2335 	.db #0x04	; 4
    000008F3 FF                    2336 	.db #0xff	; 255
    000008F4 01                    2337 	.db #0x01	; 1
    000008F5 FF                    2338 	.db #0xff	; 255
    000008F6 80                    2339 	.db #0x80	; 128
    000008F7 FF                    2340 	.db #0xff	; 255
    000008F8 80                    2341 	.db #0x80	; 128
    000008F9 FF                    2342 	.db #0xff	; 255
    000008FA 40                    2343 	.db #0x40	; 64
    000008FB FF                    2344 	.db #0xff	; 255
    000008FC 04                    2345 	.db #0x04	; 4
    000008FD FF                    2346 	.db #0xff	; 255
    000008FE 00                    2347 	.db #0x00	; 0
    000008FF FF                    2348 	.db #0xff	; 255
    00000900 00                    2349 	.db #0x00	; 0
    00000901 FF                    2350 	.db #0xff	; 255
    00000902 00                    2351 	.db #0x00	; 0
    00000903 FF                    2352 	.db #0xff	; 255
    00000904 00                    2353 	.db #0x00	; 0
    00000905 FF                    2354 	.db #0xff	; 255
    00000906 04                    2355 	.db #0x04	; 4
    00000907 FF                    2356 	.db #0xff	; 255
    00000908 21                    2357 	.db #0x21	; 33
    00000909 FF                    2358 	.db #0xff	; 255
    0000090A 00                    2359 	.db #0x00	; 0
    0000090B FF                    2360 	.db #0xff	; 255
    0000090C 00                    2361 	.db #0x00	; 0
    0000090D FF                    2362 	.db #0xff	; 255
    0000090E 02                    2363 	.db #0x02	; 2
    0000090F FF                    2364 	.db #0xff	; 255
    00000910 01                    2365 	.db #0x01	; 1
    00000911 FE                    2366 	.db #0xfe	; 254
    00000912 22                    2367 	.db #0x22	; 34
    00000913 FD                    2368 	.db #0xfd	; 253
    00000914 00                    2369 	.db #0x00	; 0
    00000915 FF                    2370 	.db #0xff	; 255
    00000916 00                    2371 	.db #0x00	; 0
    00000917 FF                    2372 	.db #0xff	; 255
    00000918 08                    2373 	.db #0x08	; 8
    00000919 FF                    2374 	.db #0xff	; 255
    0000091A 00                    2375 	.db #0x00	; 0
    0000091B FF                    2376 	.db #0xff	; 255
    0000091C 01                    2377 	.db #0x01	; 1
    0000091D FE                    2378 	.db #0xfe	; 254
    0000091E 00                    2379 	.db #0x00	; 0
    0000091F FF                    2380 	.db #0xff	; 255
    00000920 C0                    2381 	.db #0xc0	; 192
    00000921 7F                    2382 	.db #0x7f	; 127
    00000922 20                    2383 	.db #0x20	; 32
    00000923 FF                    2384 	.db #0xff	; 255
    00000924 70                    2385 	.db #0x70	; 112	'p'
    00000925 9F                    2386 	.db #0x9f	; 159
    00000926 38                    2387 	.db #0x38	; 56	'8'
    00000927 CF                    2388 	.db #0xcf	; 207
    00000928 14                    2389 	.db #0x14	; 20
    00000929 EF                    2390 	.db #0xef	; 239
    0000092A 0B                    2391 	.db #0x0b	; 11
    0000092B F7                    2392 	.db #0xf7	; 247
    0000092C 26                    2393 	.db #0x26	; 38
    0000092D D9                    2394 	.db #0xd9	; 217
    0000092E A3                    2395 	.db #0xa3	; 163
    0000092F 5C                    2396 	.db #0x5c	; 92
    00000930 00                    2397 	.db #0x00	; 0
    00000931 FF                    2398 	.db #0xff	; 255
    00000932 00                    2399 	.db #0x00	; 0
    00000933 FF                    2400 	.db #0xff	; 255
    00000934 0F                    2401 	.db #0x0f	; 15
    00000935 FF                    2402 	.db #0xff	; 255
    00000936 38                    2403 	.db #0x38	; 56	'8'
    00000937 FF                    2404 	.db #0xff	; 255
    00000938 00                    2405 	.db #0x00	; 0
    00000939 FF                    2406 	.db #0xff	; 255
    0000093A 02                    2407 	.db #0x02	; 2
    0000093B FF                    2408 	.db #0xff	; 255
    0000093C 8C                    2409 	.db #0x8c	; 140
    0000093D FF                    2410 	.db #0xff	; 255
    0000093E 8B                    2411 	.db #0x8b	; 139
    0000093F FF                    2412 	.db #0xff	; 255
    00000940 00                    2413 	.db #0x00	; 0
    00000941 FF                    2414 	.db #0xff	; 255
    00000942 80                    2415 	.db #0x80	; 128
    00000943 FF                    2416 	.db #0xff	; 255
    00000944 30                    2417 	.db #0x30	; 48	'0'
    00000945 FF                    2418 	.db #0xff	; 255
    00000946 30                    2419 	.db #0x30	; 48	'0'
    00000947 FF                    2420 	.db #0xff	; 255
    00000948 38                    2421 	.db #0x38	; 56	'8'
    00000949 FF                    2422 	.db #0xff	; 255
    0000094A 70                    2423 	.db #0x70	; 112	'p'
    0000094B FF                    2424 	.db #0xff	; 255
    0000094C E0                    2425 	.db #0xe0	; 224
    0000094D FF                    2426 	.db #0xff	; 255
    0000094E E0                    2427 	.db #0xe0	; 224
    0000094F FF                    2428 	.db #0xff	; 255
    00000950 00                    2429 	.db #0x00	; 0
    00000951 FF                    2430 	.db #0xff	; 255
    00000952 00                    2431 	.db #0x00	; 0
    00000953 FF                    2432 	.db #0xff	; 255
    00000954 00                    2433 	.db #0x00	; 0
    00000955 FF                    2434 	.db #0xff	; 255
    00000956 00                    2435 	.db #0x00	; 0
    00000957 FF                    2436 	.db #0xff	; 255
    00000958 01                    2437 	.db #0x01	; 1
    00000959 FF                    2438 	.db #0xff	; 255
    0000095A 06                    2439 	.db #0x06	; 6
    0000095B FF                    2440 	.db #0xff	; 255
    0000095C 1D                    2441 	.db #0x1d	; 29
    0000095D FB                    2442 	.db #0xfb	; 251
    0000095E 60                    2443 	.db #0x60	; 96
    0000095F FF                    2444 	.db #0xff	; 255
    00000960 30                    2445 	.db #0x30	; 48	'0'
    00000961 EF                    2446 	.db #0xef	; 239
    00000962 40                    2447 	.db #0x40	; 64
    00000963 FF                    2448 	.db #0xff	; 255
    00000964 40                    2449 	.db #0x40	; 64
    00000965 FF                    2450 	.db #0xff	; 255
    00000966 80                    2451 	.db #0x80	; 128
    00000967 FF                    2452 	.db #0xff	; 255
    00000968 00                    2453 	.db #0x00	; 0
    00000969 FF                    2454 	.db #0xff	; 255
    0000096A 00                    2455 	.db #0x00	; 0
    0000096B FF                    2456 	.db #0xff	; 255
    0000096C 00                    2457 	.db #0x00	; 0
    0000096D FF                    2458 	.db #0xff	; 255
    0000096E 02                    2459 	.db #0x02	; 2
    0000096F FF                    2460 	.db #0xff	; 255
    00000970 00                    2461 	.db #0x00	; 0
    00000971 FF                    2462 	.db #0xff	; 255
    00000972 00                    2463 	.db #0x00	; 0
    00000973 FF                    2464 	.db #0xff	; 255
    00000974 00                    2465 	.db #0x00	; 0
    00000975 FF                    2466 	.db #0xff	; 255
    00000976 00                    2467 	.db #0x00	; 0
    00000977 FF                    2468 	.db #0xff	; 255
    00000978 C0                    2469 	.db #0xc0	; 192
    00000979 FF                    2470 	.db #0xff	; 255
    0000097A 85                    2471 	.db #0x85	; 133
    0000097B FF                    2472 	.db #0xff	; 255
    0000097C 03                    2473 	.db #0x03	; 3
    0000097D FF                    2474 	.db #0xff	; 255
    0000097E 8B                    2475 	.db #0x8b	; 139
    0000097F FF                    2476 	.db #0xff	; 255
    00000980 38                    2477 	.db #0x38	; 56	'8'
    00000981 FF                    2478 	.db #0xff	; 255
    00000982 38                    2479 	.db #0x38	; 56	'8'
    00000983 FF                    2480 	.db #0xff	; 255
    00000984 7C                    2481 	.db #0x7c	; 124
    00000985 FF                    2482 	.db #0xff	; 255
    00000986 DC                    2483 	.db #0xdc	; 220
    00000987 FF                    2484 	.db #0xff	; 255
    00000988 DC                    2485 	.db #0xdc	; 220
    00000989 FF                    2486 	.db #0xff	; 255
    0000098A FC                    2487 	.db #0xfc	; 252
    0000098B FF                    2488 	.db #0xff	; 255
    0000098C F4                    2489 	.db #0xf4	; 244
    0000098D FF                    2490 	.db #0xff	; 255
    0000098E E4                    2491 	.db #0xe4	; 228
    0000098F FF                    2492 	.db #0xff	; 255
    00000990 00                    2493 	.db #0x00	; 0
    00000991 FF                    2494 	.db #0xff	; 255
    00000992 00                    2495 	.db #0x00	; 0
    00000993 FF                    2496 	.db #0xff	; 255
    00000994 10                    2497 	.db #0x10	; 16
    00000995 FF                    2498 	.db #0xff	; 255
    00000996 81                    2499 	.db #0x81	; 129
    00000997 FF                    2500 	.db #0xff	; 255
    00000998 80                    2501 	.db #0x80	; 128
    00000999 FF                    2502 	.db #0xff	; 255
    0000099A 08                    2503 	.db #0x08	; 8
    0000099B FF                    2504 	.db #0xff	; 255
    0000099C 00                    2505 	.db #0x00	; 0
    0000099D FF                    2506 	.db #0xff	; 255
    0000099E 00                    2507 	.db #0x00	; 0
    0000099F FF                    2508 	.db #0xff	; 255
    000009A0 33                    2509 	.db #0x33	; 51	'3'
    000009A1 D0                    2510 	.db #0xd0	; 208
    000009A2 09                    2511 	.db #0x09	; 9
    000009A3 F8                    2512 	.db #0xf8	; 248
    000009A4 18                    2513 	.db #0x18	; 24
    000009A5 E8                    2514 	.db #0xe8	; 232
    000009A6 0C                    2515 	.db #0x0c	; 12
    000009A7 F4                    2516 	.db #0xf4	; 244
    000009A8 06                    2517 	.db #0x06	; 6
    000009A9 FA                    2518 	.db #0xfa	; 250
    000009AA 83                    2519 	.db #0x83	; 131
    000009AB FD                    2520 	.db #0xfd	; 253
    000009AC 83                    2521 	.db #0x83	; 131
    000009AD FD                    2522 	.db #0xfd	; 253
    000009AE 01                    2523 	.db #0x01	; 1
    000009AF FF                    2524 	.db #0xff	; 255
    000009B0 78                    2525 	.db #0x78	; 120	'x'
    000009B1 00                    2526 	.db #0x00	; 0
    000009B2 78                    2527 	.db #0x78	; 120	'x'
    000009B3 00                    2528 	.db #0x00	; 0
    000009B4 78                    2529 	.db #0x78	; 120	'x'
    000009B5 00                    2530 	.db #0x00	; 0
    000009B6 70                    2531 	.db #0x70	; 112	'p'
    000009B7 00                    2532 	.db #0x00	; 0
    000009B8 31                    2533 	.db #0x31	; 49	'1'
    000009B9 00                    2534 	.db #0x00	; 0
    000009BA 03                    2535 	.db #0x03	; 3
    000009BB 00                    2536 	.db #0x00	; 0
    000009BC 06                    2537 	.db #0x06	; 6
    000009BD 07                    2538 	.db #0x07	; 7
    000009BE 1F                    2539 	.db #0x1f	; 31
    000009BF 09                    2540 	.db #0x09	; 9
    000009C0 70                    2541 	.db #0x70	; 112	'p'
    000009C1 0F                    2542 	.db #0x0f	; 15
    000009C2 70                    2543 	.db #0x70	; 112	'p'
    000009C3 0F                    2544 	.db #0x0f	; 15
    000009C4 60                    2545 	.db #0x60	; 96
    000009C5 1F                    2546 	.db #0x1f	; 31
    000009C6 E0                    2547 	.db #0xe0	; 224
    000009C7 1F                    2548 	.db #0x1f	; 31
    000009C8 E0                    2549 	.db #0xe0	; 224
    000009C9 1F                    2550 	.db #0x1f	; 31
    000009CA C0                    2551 	.db #0xc0	; 192
    000009CB 3F                    2552 	.db #0x3f	; 63
    000009CC C3                    2553 	.db #0xc3	; 195
    000009CD 3F                    2554 	.db #0x3f	; 63
    000009CE 84                    2555 	.db #0x84	; 132
    000009CF 7D                    2556 	.db #0x7d	; 125
    000009D0 00                    2557 	.db #0x00	; 0
    000009D1 FF                    2558 	.db #0xff	; 255
    000009D2 00                    2559 	.db #0x00	; 0
    000009D3 FF                    2560 	.db #0xff	; 255
    000009D4 00                    2561 	.db #0x00	; 0
    000009D5 FF                    2562 	.db #0xff	; 255
    000009D6 00                    2563 	.db #0x00	; 0
    000009D7 FF                    2564 	.db #0xff	; 255
    000009D8 00                    2565 	.db #0x00	; 0
    000009D9 FF                    2566 	.db #0xff	; 255
    000009DA C0                    2567 	.db #0xc0	; 192
    000009DB FF                    2568 	.db #0xff	; 255
    000009DC A0                    2569 	.db #0xa0	; 160
    000009DD 7F                    2570 	.db #0x7f	; 127
    000009DE F8                    2571 	.db #0xf8	; 248
    000009DF 1F                    2572 	.db #0x1f	; 31
    000009E0 03                    2573 	.db #0x03	; 3
    000009E1 FE                    2574 	.db #0xfe	; 254
    000009E2 04                    2575 	.db #0x04	; 4
    000009E3 FF                    2576 	.db #0xff	; 255
    000009E4 0C                    2577 	.db #0x0c	; 12
    000009E5 FB                    2578 	.db #0xfb	; 251
    000009E6 1C                    2579 	.db #0x1c	; 28
    000009E7 F3                    2580 	.db #0xf3	; 243
    000009E8 30                    2581 	.db #0x30	; 48	'0'
    000009E9 FF                    2582 	.db #0xff	; 255
    000009EA 70                    2583 	.db #0x70	; 112	'p'
    000009EB CF                    2584 	.db #0xcf	; 207
    000009EC E4                    2585 	.db #0xe4	; 228
    000009ED 9B                    2586 	.db #0x9b	; 155
    000009EE CD                    2587 	.db #0xcd	; 205
    000009EF B2                    2588 	.db #0xb2	; 178
    000009F0 80                    2589 	.db #0x80	; 128
    000009F1 7F                    2590 	.db #0x7f	; 127
    000009F2 41                    2591 	.db #0x41	; 65	'A'
    000009F3 BE                    2592 	.db #0xbe	; 190
    000009F4 00                    2593 	.db #0x00	; 0
    000009F5 FF                    2594 	.db #0xff	; 255
    000009F6 04                    2595 	.db #0x04	; 4
    000009F7 FF                    2596 	.db #0xff	; 255
    000009F8 24                    2597 	.db #0x24	; 36
    000009F9 DF                    2598 	.db #0xdf	; 223
    000009FA 54                    2599 	.db #0x54	; 84	'T'
    000009FB BF                    2600 	.db #0xbf	; 191
    000009FC 94                    2601 	.db #0x94	; 148
    000009FD 7F                    2602 	.db #0x7f	; 127
    000009FE 00                    2603 	.db #0x00	; 0
    000009FF FF                    2604 	.db #0xff	; 255
    00000A00 10                    2605 	.db #0x10	; 16
    00000A01 FF                    2606 	.db #0xff	; 255
    00000A02 00                    2607 	.db #0x00	; 0
    00000A03 FF                    2608 	.db #0xff	; 255
    00000A04 C0                    2609 	.db #0xc0	; 192
    00000A05 7F                    2610 	.db #0x7f	; 127
    00000A06 00                    2611 	.db #0x00	; 0
    00000A07 FF                    2612 	.db #0xff	; 255
    00000A08 04                    2613 	.db #0x04	; 4
    00000A09 FF                    2614 	.db #0xff	; 255
    00000A0A 00                    2615 	.db #0x00	; 0
    00000A0B FF                    2616 	.db #0xff	; 255
    00000A0C 00                    2617 	.db #0x00	; 0
    00000A0D FF                    2618 	.db #0xff	; 255
    00000A0E 40                    2619 	.db #0x40	; 64
    00000A0F FF                    2620 	.db #0xff	; 255
    00000A10 00                    2621 	.db #0x00	; 0
    00000A11 FF                    2622 	.db #0xff	; 255
    00000A12 10                    2623 	.db #0x10	; 16
    00000A13 FF                    2624 	.db #0xff	; 255
    00000A14 90                    2625 	.db #0x90	; 144
    00000A15 FF                    2626 	.db #0xff	; 255
    00000A16 10                    2627 	.db #0x10	; 16
    00000A17 FF                    2628 	.db #0xff	; 255
    00000A18 11                    2629 	.db #0x11	; 17
    00000A19 FF                    2630 	.db #0xff	; 255
    00000A1A 10                    2631 	.db #0x10	; 16
    00000A1B FF                    2632 	.db #0xff	; 255
    00000A1C 02                    2633 	.db #0x02	; 2
    00000A1D FF                    2634 	.db #0xff	; 255
    00000A1E 00                    2635 	.db #0x00	; 0
    00000A1F FF                    2636 	.db #0xff	; 255
    00000A20 10                    2637 	.db #0x10	; 16
    00000A21 FF                    2638 	.db #0xff	; 255
    00000A22 20                    2639 	.db #0x20	; 32
    00000A23 FF                    2640 	.db #0xff	; 255
    00000A24 50                    2641 	.db #0x50	; 80	'P'
    00000A25 FF                    2642 	.db #0xff	; 255
    00000A26 D0                    2643 	.db #0xd0	; 208
    00000A27 FF                    2644 	.db #0xff	; 255
    00000A28 80                    2645 	.db #0x80	; 128
    00000A29 FF                    2646 	.db #0xff	; 255
    00000A2A 00                    2647 	.db #0x00	; 0
    00000A2B FF                    2648 	.db #0xff	; 255
    00000A2C 10                    2649 	.db #0x10	; 16
    00000A2D FF                    2650 	.db #0xff	; 255
    00000A2E 18                    2651 	.db #0x18	; 24
    00000A2F FF                    2652 	.db #0xff	; 255
    00000A30 10                    2653 	.db #0x10	; 16
    00000A31 FF                    2654 	.db #0xff	; 255
    00000A32 00                    2655 	.db #0x00	; 0
    00000A33 FF                    2656 	.db #0xff	; 255
    00000A34 00                    2657 	.db #0x00	; 0
    00000A35 FF                    2658 	.db #0xff	; 255
    00000A36 08                    2659 	.db #0x08	; 8
    00000A37 FF                    2660 	.db #0xff	; 255
    00000A38 00                    2661 	.db #0x00	; 0
    00000A39 FF                    2662 	.db #0xff	; 255
    00000A3A 0C                    2663 	.db #0x0c	; 12
    00000A3B FF                    2664 	.db #0xff	; 255
    00000A3C 00                    2665 	.db #0x00	; 0
    00000A3D FF                    2666 	.db #0xff	; 255
    00000A3E 02                    2667 	.db #0x02	; 2
    00000A3F FF                    2668 	.db #0xff	; 255
    00000A40 00                    2669 	.db #0x00	; 0
    00000A41 FF                    2670 	.db #0xff	; 255
    00000A42 00                    2671 	.db #0x00	; 0
    00000A43 FF                    2672 	.db #0xff	; 255
    00000A44 00                    2673 	.db #0x00	; 0
    00000A45 FF                    2674 	.db #0xff	; 255
    00000A46 00                    2675 	.db #0x00	; 0
    00000A47 FF                    2676 	.db #0xff	; 255
    00000A48 00                    2677 	.db #0x00	; 0
    00000A49 FF                    2678 	.db #0xff	; 255
    00000A4A 00                    2679 	.db #0x00	; 0
    00000A4B FF                    2680 	.db #0xff	; 255
    00000A4C 00                    2681 	.db #0x00	; 0
    00000A4D FF                    2682 	.db #0xff	; 255
    00000A4E 80                    2683 	.db #0x80	; 128
    00000A4F FF                    2684 	.db #0xff	; 255
    00000A50 10                    2685 	.db #0x10	; 16
    00000A51 FF                    2686 	.db #0xff	; 255
    00000A52 00                    2687 	.db #0x00	; 0
    00000A53 FF                    2688 	.db #0xff	; 255
    00000A54 04                    2689 	.db #0x04	; 4
    00000A55 FF                    2690 	.db #0xff	; 255
    00000A56 40                    2691 	.db #0x40	; 64
    00000A57 FF                    2692 	.db #0xff	; 255
    00000A58 02                    2693 	.db #0x02	; 2
    00000A59 FF                    2694 	.db #0xff	; 255
    00000A5A 22                    2695 	.db #0x22	; 34
    00000A5B FF                    2696 	.db #0xff	; 255
    00000A5C 00                    2697 	.db #0x00	; 0
    00000A5D FF                    2698 	.db #0xff	; 255
    00000A5E 00                    2699 	.db #0x00	; 0
    00000A5F FF                    2700 	.db #0xff	; 255
    00000A60 B1                    2701 	.db #0xb1	; 177
    00000A61 4E                    2702 	.db #0x4e	; 78	'N'
    00000A62 50                    2703 	.db #0x50	; 80	'P'
    00000A63 AF                    2704 	.db #0xaf	; 175
    00000A64 30                    2705 	.db #0x30	; 48	'0'
    00000A65 CF                    2706 	.db #0xcf	; 207
    00000A66 08                    2707 	.db #0x08	; 8
    00000A67 F7                    2708 	.db #0xf7	; 247
    00000A68 00                    2709 	.db #0x00	; 0
    00000A69 FF                    2710 	.db #0xff	; 255
    00000A6A 00                    2711 	.db #0x00	; 0
    00000A6B FF                    2712 	.db #0xff	; 255
    00000A6C 40                    2713 	.db #0x40	; 64
    00000A6D FF                    2714 	.db #0xff	; 255
    00000A6E 40                    2715 	.db #0x40	; 64
    00000A6F FF                    2716 	.db #0xff	; 255
    00000A70 D3                    2717 	.db #0xd3	; 211
    00000A71 7E                    2718 	.db #0x7e	; 126
    00000A72 F9                    2719 	.db #0xf9	; 249
    00000A73 3E                    2720 	.db #0x3e	; 62
    00000A74 78                    2721 	.db #0x78	; 120	'x'
    00000A75 9F                    2722 	.db #0x9f	; 159
    00000A76 20                    2723 	.db #0x20	; 32
    00000A77 DF                    2724 	.db #0xdf	; 223
    00000A78 08                    2725 	.db #0x08	; 8
    00000A79 FF                    2726 	.db #0xff	; 255
    00000A7A 08                    2727 	.db #0x08	; 8
    00000A7B FF                    2728 	.db #0xff	; 255
    00000A7C 1C                    2729 	.db #0x1c	; 28
    00000A7D FF                    2730 	.db #0xff	; 255
    00000A7E 10                    2731 	.db #0x10	; 16
    00000A7F FF                    2732 	.db #0xff	; 255
    00000A80 C0                    2733 	.db #0xc0	; 192
    00000A81 FF                    2734 	.db #0xff	; 255
    00000A82 C0                    2735 	.db #0xc0	; 192
    00000A83 7F                    2736 	.db #0x7f	; 127
    00000A84 D3                    2737 	.db #0xd3	; 211
    00000A85 7F                    2738 	.db #0x7f	; 127
    00000A86 69                    2739 	.db #0x69	; 105	'i'
    00000A87 BF                    2740 	.db #0xbf	; 191
    00000A88 62                    2741 	.db #0x62	; 98	'b'
    00000A89 BF                    2742 	.db #0xbf	; 191
    00000A8A 3A                    2743 	.db #0x3a	; 58
    00000A8B DF                    2744 	.db #0xdf	; 223
    00000A8C 3C                    2745 	.db #0x3c	; 60
    00000A8D C7                    2746 	.db #0xc7	; 199
    00000A8E 1C                    2747 	.db #0x1c	; 28
    00000A8F E7                    2748 	.db #0xe7	; 231
    00000A90 82                    2749 	.db #0x82	; 130
    00000A91 FF                    2750 	.db #0xff	; 255
    00000A92 80                    2751 	.db #0x80	; 128
    00000A93 FF                    2752 	.db #0xff	; 255
    00000A94 00                    2753 	.db #0x00	; 0
    00000A95 FF                    2754 	.db #0xff	; 255
    00000A96 0D                    2755 	.db #0x0d	; 13
    00000A97 FF                    2756 	.db #0xff	; 255
    00000A98 04                    2757 	.db #0x04	; 4
    00000A99 FF                    2758 	.db #0xff	; 255
    00000A9A 00                    2759 	.db #0x00	; 0
    00000A9B FF                    2760 	.db #0xff	; 255
    00000A9C 0A                    2761 	.db #0x0a	; 10
    00000A9D FF                    2762 	.db #0xff	; 255
    00000A9E 08                    2763 	.db #0x08	; 8
    00000A9F FF                    2764 	.db #0xff	; 255
    00000AA0 00                    2765 	.db #0x00	; 0
    00000AA1 FF                    2766 	.db #0xff	; 255
    00000AA2 00                    2767 	.db #0x00	; 0
    00000AA3 FF                    2768 	.db #0xff	; 255
    00000AA4 00                    2769 	.db #0x00	; 0
    00000AA5 FF                    2770 	.db #0xff	; 255
    00000AA6 00                    2771 	.db #0x00	; 0
    00000AA7 FF                    2772 	.db #0xff	; 255
    00000AA8 00                    2773 	.db #0x00	; 0
    00000AA9 FF                    2774 	.db #0xff	; 255
    00000AAA 0A                    2775 	.db #0x0a	; 10
    00000AAB FF                    2776 	.db #0xff	; 255
    00000AAC 08                    2777 	.db #0x08	; 8
    00000AAD FF                    2778 	.db #0xff	; 255
    00000AAE 44                    2779 	.db #0x44	; 68	'D'
    00000AAF FF                    2780 	.db #0xff	; 255
    00000AB0 07                    2781 	.db #0x07	; 7
    00000AB1 FF                    2782 	.db #0xff	; 255
    00000AB2 07                    2783 	.db #0x07	; 7
    00000AB3 FF                    2784 	.db #0xff	; 255
    00000AB4 0F                    2785 	.db #0x0f	; 15
    00000AB5 FF                    2786 	.db #0xff	; 255
    00000AB6 0F                    2787 	.db #0x0f	; 15
    00000AB7 FF                    2788 	.db #0xff	; 255
    00000AB8 0F                    2789 	.db #0x0f	; 15
    00000AB9 FF                    2790 	.db #0xff	; 255
    00000ABA 1F                    2791 	.db #0x1f	; 31
    00000ABB FF                    2792 	.db #0xff	; 255
    00000ABC 1F                    2793 	.db #0x1f	; 31
    00000ABD FF                    2794 	.db #0xff	; 255
    00000ABE 7F                    2795 	.db #0x7f	; 127
    00000ABF FF                    2796 	.db #0xff	; 255
    00000AC0 E2                    2797 	.db #0xe2	; 226
    00000AC1 FF                    2798 	.db #0xff	; 255
    00000AC2 E0                    2799 	.db #0xe0	; 224
    00000AC3 FF                    2800 	.db #0xff	; 255
    00000AC4 E1                    2801 	.db #0xe1	; 225
    00000AC5 FF                    2802 	.db #0xff	; 255
    00000AC6 E0                    2803 	.db #0xe0	; 224
    00000AC7 FF                    2804 	.db #0xff	; 255
    00000AC8 F0                    2805 	.db #0xf0	; 240
    00000AC9 FF                    2806 	.db #0xff	; 255
    00000ACA FC                    2807 	.db #0xfc	; 252
    00000ACB FF                    2808 	.db #0xff	; 255
    00000ACC EE                    2809 	.db #0xee	; 238
    00000ACD FF                    2810 	.db #0xff	; 255
    00000ACE FE                    2811 	.db #0xfe	; 254
    00000ACF FF                    2812 	.db #0xff	; 255
    00000AD0 00                    2813 	.db #0x00	; 0
    00000AD1 FF                    2814 	.db #0xff	; 255
    00000AD2 00                    2815 	.db #0x00	; 0
    00000AD3 FF                    2816 	.db #0xff	; 255
    00000AD4 C0                    2817 	.db #0xc0	; 192
    00000AD5 FF                    2818 	.db #0xff	; 255
    00000AD6 C0                    2819 	.db #0xc0	; 192
    00000AD7 FF                    2820 	.db #0xff	; 255
    00000AD8 E0                    2821 	.db #0xe0	; 224
    00000AD9 FF                    2822 	.db #0xff	; 255
    00000ADA 78                    2823 	.db #0x78	; 120	'x'
    00000ADB FF                    2824 	.db #0xff	; 255
    00000ADC 70                    2825 	.db #0x70	; 112	'p'
    00000ADD FF                    2826 	.db #0xff	; 255
    00000ADE 30                    2827 	.db #0x30	; 48	'0'
    00000ADF FF                    2828 	.db #0xff	; 255
    00000AE0 01                    2829 	.db #0x01	; 1
    00000AE1 FE                    2830 	.db #0xfe	; 254
    00000AE2 00                    2831 	.db #0x00	; 0
    00000AE3 FF                    2832 	.db #0xff	; 255
    00000AE4 00                    2833 	.db #0x00	; 0
    00000AE5 FF                    2834 	.db #0xff	; 255
    00000AE6 40                    2835 	.db #0x40	; 64
    00000AE7 FF                    2836 	.db #0xff	; 255
    00000AE8 00                    2837 	.db #0x00	; 0
    00000AE9 FF                    2838 	.db #0xff	; 255
    00000AEA 20                    2839 	.db #0x20	; 32
    00000AEB FF                    2840 	.db #0xff	; 255
    00000AEC 20                    2841 	.db #0x20	; 32
    00000AED FF                    2842 	.db #0xff	; 255
    00000AEE 00                    2843 	.db #0x00	; 0
    00000AEF FF                    2844 	.db #0xff	; 255
    00000AF0 9C                    2845 	.db #0x9c	; 156
    00000AF1 93                    2846 	.db #0x93	; 147
    00000AF2 F8                    2847 	.db #0xf8	; 248
    00000AF3 E7                    2848 	.db #0xe7	; 231
    00000AF4 F3                    2849 	.db #0xf3	; 243
    00000AF5 8F                    2850 	.db #0x8f	; 143
    00000AF6 44                    2851 	.db #0x44	; 68	'D'
    00000AF7 FF                    2852 	.db #0xff	; 255
    00000AF8 04                    2853 	.db #0x04	; 4
    00000AF9 FF                    2854 	.db #0xff	; 255
    00000AFA 24                    2855 	.db #0x24	; 36
    00000AFB FF                    2856 	.db #0xff	; 255
    00000AFC 02                    2857 	.db #0x02	; 2
    00000AFD FF                    2858 	.db #0xff	; 255
    00000AFE 12                    2859 	.db #0x12	; 18
    00000AFF FF                    2860 	.db #0xff	; 255
    00000B00 86                    2861 	.db #0x86	; 134
    00000B01 FC                    2862 	.db #0xfc	; 252
    00000B02 44                    2863 	.db #0x44	; 68	'D'
    00000B03 FC                    2864 	.db #0xfc	; 252
    00000B04 48                    2865 	.db #0x48	; 72	'H'
    00000B05 FF                    2866 	.db #0xff	; 255
    00000B06 2D                    2867 	.db #0x2d	; 45
    00000B07 F2                    2868 	.db #0xf2	; 242
    00000B08 11                    2869 	.db #0x11	; 17
    00000B09 FE                    2870 	.db #0xfe	; 254
    00000B0A 10                    2871 	.db #0x10	; 16
    00000B0B FD                    2872 	.db #0xfd	; 253
    00000B0C 11                    2873 	.db #0x11	; 17
    00000B0D FC                    2874 	.db #0xfc	; 252
    00000B0E 11                    2875 	.db #0x11	; 17
    00000B0F FC                    2876 	.db #0xfc	; 252
    00000B10 CE                    2877 	.db #0xce	; 206
    00000B11 37                    2878 	.db #0x37	; 55	'7'
    00000B12 D5                    2879 	.db #0xd5	; 213
    00000B13 03                    2880 	.db #0x03	; 3
    00000B14 98                    2881 	.db #0x98	; 152
    00000B15 63                    2882 	.db #0x63	; 99	'c'
    00000B16 18                    2883 	.db #0x18	; 24
    00000B17 E5                    2884 	.db #0xe5	; 229
    00000B18 19                    2885 	.db #0x19	; 25
    00000B19 E4                    2886 	.db #0xe4	; 228
    00000B1A 31                    2887 	.db #0x31	; 49	'1'
    00000B1B CE                    2888 	.db #0xce	; 206
    00000B1C 21                    2889 	.db #0x21	; 33
    00000B1D DE                    2890 	.db #0xde	; 222
    00000B1E 41                    2891 	.db #0x41	; 65	'A'
    00000B1F FE                    2892 	.db #0xfe	; 254
    00000B20 8C                    2893 	.db #0x8c	; 140
    00000B21 F3                    2894 	.db #0xf3	; 243
    00000B22 0A                    2895 	.db #0x0a	; 10
    00000B23 F5                    2896 	.db #0xf5	; 245
    00000B24 0C                    2897 	.db #0x0c	; 12
    00000B25 F3                    2898 	.db #0xf3	; 243
    00000B26 08                    2899 	.db #0x08	; 8
    00000B27 F7                    2900 	.db #0xf7	; 247
    00000B28 01                    2901 	.db #0x01	; 1
    00000B29 FF                    2902 	.db #0xff	; 255
    00000B2A 04                    2903 	.db #0x04	; 4
    00000B2B FB                    2904 	.db #0xfb	; 251
    00000B2C 51                    2905 	.db #0x51	; 81	'Q'
    00000B2D FF                    2906 	.db #0xff	; 255
    00000B2E 20                    2907 	.db #0x20	; 32
    00000B2F FF                    2908 	.db #0xff	; 255
    00000B30 00                    2909 	.db #0x00	; 0
    00000B31 FF                    2910 	.db #0xff	; 255
    00000B32 08                    2911 	.db #0x08	; 8
    00000B33 FF                    2912 	.db #0xff	; 255
    00000B34 20                    2913 	.db #0x20	; 32
    00000B35 FF                    2914 	.db #0xff	; 255
    00000B36 00                    2915 	.db #0x00	; 0
    00000B37 FF                    2916 	.db #0xff	; 255
    00000B38 80                    2917 	.db #0x80	; 128
    00000B39 FF                    2918 	.db #0xff	; 255
    00000B3A C4                    2919 	.db #0xc4	; 196
    00000B3B FF                    2920 	.db #0xff	; 255
    00000B3C 80                    2921 	.db #0x80	; 128
    00000B3D FF                    2922 	.db #0xff	; 255
    00000B3E 80                    2923 	.db #0x80	; 128
    00000B3F FF                    2924 	.db #0xff	; 255
    00000B40 00                    2925 	.db #0x00	; 0
    00000B41 FF                    2926 	.db #0xff	; 255
    00000B42 00                    2927 	.db #0x00	; 0
    00000B43 FF                    2928 	.db #0xff	; 255
    00000B44 00                    2929 	.db #0x00	; 0
    00000B45 FF                    2930 	.db #0xff	; 255
    00000B46 00                    2931 	.db #0x00	; 0
    00000B47 FF                    2932 	.db #0xff	; 255
    00000B48 00                    2933 	.db #0x00	; 0
    00000B49 FF                    2934 	.db #0xff	; 255
    00000B4A 00                    2935 	.db #0x00	; 0
    00000B4B FF                    2936 	.db #0xff	; 255
    00000B4C 02                    2937 	.db #0x02	; 2
    00000B4D FF                    2938 	.db #0xff	; 255
    00000B4E 1C                    2939 	.db #0x1c	; 28
    00000B4F FB                    2940 	.db #0xfb	; 251
    00000B50 00                    2941 	.db #0x00	; 0
    00000B51 FF                    2942 	.db #0xff	; 255
    00000B52 08                    2943 	.db #0x08	; 8
    00000B53 FF                    2944 	.db #0xff	; 255
    00000B54 00                    2945 	.db #0x00	; 0
    00000B55 FF                    2946 	.db #0xff	; 255
    00000B56 00                    2947 	.db #0x00	; 0
    00000B57 FF                    2948 	.db #0xff	; 255
    00000B58 00                    2949 	.db #0x00	; 0
    00000B59 FF                    2950 	.db #0xff	; 255
    00000B5A 00                    2951 	.db #0x00	; 0
    00000B5B FF                    2952 	.db #0xff	; 255
    00000B5C 80                    2953 	.db #0x80	; 128
    00000B5D FF                    2954 	.db #0xff	; 255
    00000B5E 80                    2955 	.db #0x80	; 128
    00000B5F FF                    2956 	.db #0xff	; 255
    00000B60 E0                    2957 	.db #0xe0	; 224
    00000B61 E0                    2958 	.db #0xe0	; 224
    00000B62 BB                    2959 	.db #0xbb	; 187
    00000B63 BB                    2960 	.db #0xbb	; 187
    00000B64 E4                    2961 	.db #0xe4	; 228
    00000B65 FF                    2962 	.db #0xff	; 255
    00000B66 40                    2963 	.db #0x40	; 64
    00000B67 74                    2964 	.db #0x74	; 116	't'
    00000B68 40                    2965 	.db #0x40	; 64
    00000B69 60                    2966 	.db #0x60	; 96
    00000B6A 20                    2967 	.db #0x20	; 32
    00000B6B 30                    2968 	.db #0x30	; 48	'0'
    00000B6C 40                    2969 	.db #0x40	; 64
    00000B6D 60                    2970 	.db #0x60	; 96
    00000B6E 40                    2971 	.db #0x40	; 64
    00000B6F 60                    2972 	.db #0x60	; 96
    00000B70 00                    2973 	.db #0x00	; 0
    00000B71 00                    2974 	.db #0x00	; 0
    00000B72 FF                    2975 	.db #0xff	; 255
    00000B73 FF                    2976 	.db #0xff	; 255
    00000B74 00                    2977 	.db #0x00	; 0
    00000B75 FF                    2978 	.db #0xff	; 255
    00000B76 00                    2979 	.db #0x00	; 0
    00000B77 00                    2980 	.db #0x00	; 0
    00000B78 00                    2981 	.db #0x00	; 0
    00000B79 00                    2982 	.db #0x00	; 0
    00000B7A 00                    2983 	.db #0x00	; 0
    00000B7B 00                    2984 	.db #0x00	; 0
    00000B7C 00                    2985 	.db #0x00	; 0
    00000B7D 00                    2986 	.db #0x00	; 0
    00000B7E 00                    2987 	.db #0x00	; 0
    00000B7F 00                    2988 	.db #0x00	; 0
    00000B80 07                    2989 	.db #0x07	; 7
    00000B81 07                    2990 	.db #0x07	; 7
    00000B82 DD                    2991 	.db #0xdd	; 221
    00000B83 DD                    2992 	.db #0xdd	; 221
    00000B84 27                    2993 	.db #0x27	; 39
    00000B85 FF                    2994 	.db #0xff	; 255
    00000B86 02                    2995 	.db #0x02	; 2
    00000B87 2E                    2996 	.db #0x2e	; 46
    00000B88 02                    2997 	.db #0x02	; 2
    00000B89 06                    2998 	.db #0x06	; 6
    00000B8A 04                    2999 	.db #0x04	; 4
    00000B8B 0C                    3000 	.db #0x0c	; 12
    00000B8C 02                    3001 	.db #0x02	; 2
    00000B8D 06                    3002 	.db #0x06	; 6
    00000B8E 02                    3003 	.db #0x02	; 2
    00000B8F 06                    3004 	.db #0x06	; 6
    00000B90 02                    3005 	.db #0x02	; 2
    00000B91 06                    3006 	.db #0x06	; 6
    00000B92 02                    3007 	.db #0x02	; 2
    00000B93 06                    3008 	.db #0x06	; 6
    00000B94 02                    3009 	.db #0x02	; 2
    00000B95 06                    3010 	.db #0x06	; 6
    00000B96 02                    3011 	.db #0x02	; 2
    00000B97 06                    3012 	.db #0x06	; 6
    00000B98 02                    3013 	.db #0x02	; 2
    00000B99 06                    3014 	.db #0x06	; 6
    00000B9A 02                    3015 	.db #0x02	; 2
    00000B9B 06                    3016 	.db #0x06	; 6
    00000B9C 02                    3017 	.db #0x02	; 2
    00000B9D 06                    3018 	.db #0x06	; 6
    00000B9E 02                    3019 	.db #0x02	; 2
    00000B9F 06                    3020 	.db #0x06	; 6
    00000BA0 02                    3021 	.db #0x02	; 2
    00000BA1 06                    3022 	.db #0x06	; 6
    00000BA2 02                    3023 	.db #0x02	; 2
    00000BA3 06                    3024 	.db #0x06	; 6
    00000BA4 04                    3025 	.db #0x04	; 4
    00000BA5 0C                    3026 	.db #0x0c	; 12
    00000BA6 02                    3027 	.db #0x02	; 2
    00000BA7 06                    3028 	.db #0x06	; 6
    00000BA8 02                    3029 	.db #0x02	; 2
    00000BA9 2E                    3030 	.db #0x2e	; 46
    00000BAA 27                    3031 	.db #0x27	; 39
    00000BAB FF                    3032 	.db #0xff	; 255
    00000BAC DD                    3033 	.db #0xdd	; 221
    00000BAD DD                    3034 	.db #0xdd	; 221
    00000BAE 07                    3035 	.db #0x07	; 7
    00000BAF 07                    3036 	.db #0x07	; 7
    00000BB0 00                    3037 	.db #0x00	; 0
    00000BB1 00                    3038 	.db #0x00	; 0
    00000BB2 00                    3039 	.db #0x00	; 0
    00000BB3 00                    3040 	.db #0x00	; 0
    00000BB4 00                    3041 	.db #0x00	; 0
    00000BB5 00                    3042 	.db #0x00	; 0
    00000BB6 00                    3043 	.db #0x00	; 0
    00000BB7 00                    3044 	.db #0x00	; 0
    00000BB8 00                    3045 	.db #0x00	; 0
    00000BB9 00                    3046 	.db #0x00	; 0
    00000BBA 00                    3047 	.db #0x00	; 0
    00000BBB FF                    3048 	.db #0xff	; 255
    00000BBC FF                    3049 	.db #0xff	; 255
    00000BBD FF                    3050 	.db #0xff	; 255
    00000BBE 00                    3051 	.db #0x00	; 0
    00000BBF 00                    3052 	.db #0x00	; 0
    00000BC0 40                    3053 	.db #0x40	; 64
    00000BC1 60                    3054 	.db #0x60	; 96
    00000BC2 40                    3055 	.db #0x40	; 64
    00000BC3 60                    3056 	.db #0x60	; 96
    00000BC4 20                    3057 	.db #0x20	; 32
    00000BC5 30                    3058 	.db #0x30	; 48	'0'
    00000BC6 40                    3059 	.db #0x40	; 64
    00000BC7 60                    3060 	.db #0x60	; 96
    00000BC8 40                    3061 	.db #0x40	; 64
    00000BC9 74                    3062 	.db #0x74	; 116	't'
    00000BCA E4                    3063 	.db #0xe4	; 228
    00000BCB FF                    3064 	.db #0xff	; 255
    00000BCC BB                    3065 	.db #0xbb	; 187
    00000BCD BB                    3066 	.db #0xbb	; 187
    00000BCE E0                    3067 	.db #0xe0	; 224
    00000BCF E0                    3068 	.db #0xe0	; 224
    00000BD0 40                    3069 	.db #0x40	; 64
    00000BD1 60                    3070 	.db #0x60	; 96
    00000BD2 40                    3071 	.db #0x40	; 64
    00000BD3 60                    3072 	.db #0x60	; 96
    00000BD4 40                    3073 	.db #0x40	; 64
    00000BD5 60                    3074 	.db #0x60	; 96
    00000BD6 40                    3075 	.db #0x40	; 64
    00000BD7 60                    3076 	.db #0x60	; 96
    00000BD8 40                    3077 	.db #0x40	; 64
    00000BD9 60                    3078 	.db #0x60	; 96
    00000BDA 40                    3079 	.db #0x40	; 64
    00000BDB 60                    3080 	.db #0x60	; 96
    00000BDC 40                    3081 	.db #0x40	; 64
    00000BDD 60                    3082 	.db #0x60	; 96
    00000BDE 40                    3083 	.db #0x40	; 64
    00000BDF 60                    3084 	.db #0x60	; 96
    00000BE0 00                    3085 	.db #0x00	; 0
    00000BE1 00                    3086 	.db #0x00	; 0
    00000BE2 10                    3087 	.db #0x10	; 16
    00000BE3 10                    3088 	.db #0x10	; 16
    00000BE4 28                    3089 	.db #0x28	; 40
    00000BE5 28                    3090 	.db #0x28	; 40
    00000BE6 28                    3091 	.db #0x28	; 40
    00000BE7 28                    3092 	.db #0x28	; 40
    00000BE8 44                    3093 	.db #0x44	; 68	'D'
    00000BE9 44                    3094 	.db #0x44	; 68	'D'
    00000BEA 7C                    3095 	.db #0x7c	; 124
    00000BEB 7C                    3096 	.db #0x7c	; 124
    00000BEC 82                    3097 	.db #0x82	; 130
    00000BED 82                    3098 	.db #0x82	; 130
    00000BEE 82                    3099 	.db #0x82	; 130
    00000BEF 82                    3100 	.db #0x82	; 130
    00000BF0 00                    3101 	.db #0x00	; 0
    00000BF1 00                    3102 	.db #0x00	; 0
    00000BF2 F8                    3103 	.db #0xf8	; 248
    00000BF3 F8                    3104 	.db #0xf8	; 248
    00000BF4 84                    3105 	.db #0x84	; 132
    00000BF5 84                    3106 	.db #0x84	; 132
    00000BF6 84                    3107 	.db #0x84	; 132
    00000BF7 84                    3108 	.db #0x84	; 132
    00000BF8 FC                    3109 	.db #0xfc	; 252
    00000BF9 FC                    3110 	.db #0xfc	; 252
    00000BFA 82                    3111 	.db #0x82	; 130
    00000BFB 82                    3112 	.db #0x82	; 130
    00000BFC 82                    3113 	.db #0x82	; 130
    00000BFD 82                    3114 	.db #0x82	; 130
    00000BFE FC                    3115 	.db #0xfc	; 252
    00000BFF FC                    3116 	.db #0xfc	; 252
    00000C00 00                    3117 	.db #0x00	; 0
    00000C01 00                    3118 	.db #0x00	; 0
    00000C02 3C                    3119 	.db #0x3c	; 60
    00000C03 3C                    3120 	.db #0x3c	; 60
    00000C04 42                    3121 	.db #0x42	; 66	'B'
    00000C05 42                    3122 	.db #0x42	; 66	'B'
    00000C06 80                    3123 	.db #0x80	; 128
    00000C07 80                    3124 	.db #0x80	; 128
    00000C08 80                    3125 	.db #0x80	; 128
    00000C09 80                    3126 	.db #0x80	; 128
    00000C0A 80                    3127 	.db #0x80	; 128
    00000C0B 80                    3128 	.db #0x80	; 128
    00000C0C 42                    3129 	.db #0x42	; 66	'B'
    00000C0D 42                    3130 	.db #0x42	; 66	'B'
    00000C0E 3C                    3131 	.db #0x3c	; 60
    00000C0F 3C                    3132 	.db #0x3c	; 60
    00000C10 00                    3133 	.db #0x00	; 0
    00000C11 00                    3134 	.db #0x00	; 0
    00000C12 F8                    3135 	.db #0xf8	; 248
    00000C13 F8                    3136 	.db #0xf8	; 248
    00000C14 84                    3137 	.db #0x84	; 132
    00000C15 84                    3138 	.db #0x84	; 132
    00000C16 82                    3139 	.db #0x82	; 130
    00000C17 82                    3140 	.db #0x82	; 130
    00000C18 82                    3141 	.db #0x82	; 130
    00000C19 82                    3142 	.db #0x82	; 130
    00000C1A 82                    3143 	.db #0x82	; 130
    00000C1B 82                    3144 	.db #0x82	; 130
    00000C1C 84                    3145 	.db #0x84	; 132
    00000C1D 84                    3146 	.db #0x84	; 132
    00000C1E F8                    3147 	.db #0xf8	; 248
    00000C1F F8                    3148 	.db #0xf8	; 248
    00000C20 00                    3149 	.db #0x00	; 0
    00000C21 00                    3150 	.db #0x00	; 0
    00000C22 FE                    3151 	.db #0xfe	; 254
    00000C23 FE                    3152 	.db #0xfe	; 254
    00000C24 80                    3153 	.db #0x80	; 128
    00000C25 80                    3154 	.db #0x80	; 128
    00000C26 80                    3155 	.db #0x80	; 128
    00000C27 80                    3156 	.db #0x80	; 128
    00000C28 FC                    3157 	.db #0xfc	; 252
    00000C29 FC                    3158 	.db #0xfc	; 252
    00000C2A 80                    3159 	.db #0x80	; 128
    00000C2B 80                    3160 	.db #0x80	; 128
    00000C2C 80                    3161 	.db #0x80	; 128
    00000C2D 80                    3162 	.db #0x80	; 128
    00000C2E FE                    3163 	.db #0xfe	; 254
    00000C2F FE                    3164 	.db #0xfe	; 254
    00000C30 00                    3165 	.db #0x00	; 0
    00000C31 00                    3166 	.db #0x00	; 0
    00000C32 FE                    3167 	.db #0xfe	; 254
    00000C33 FE                    3168 	.db #0xfe	; 254
    00000C34 80                    3169 	.db #0x80	; 128
    00000C35 80                    3170 	.db #0x80	; 128
    00000C36 80                    3171 	.db #0x80	; 128
    00000C37 80                    3172 	.db #0x80	; 128
    00000C38 FC                    3173 	.db #0xfc	; 252
    00000C39 FC                    3174 	.db #0xfc	; 252
    00000C3A 80                    3175 	.db #0x80	; 128
    00000C3B 80                    3176 	.db #0x80	; 128
    00000C3C 80                    3177 	.db #0x80	; 128
    00000C3D 80                    3178 	.db #0x80	; 128
    00000C3E 80                    3179 	.db #0x80	; 128
    00000C3F 80                    3180 	.db #0x80	; 128
    00000C40 00                    3181 	.db #0x00	; 0
    00000C41 00                    3182 	.db #0x00	; 0
    00000C42 3C                    3183 	.db #0x3c	; 60
    00000C43 3C                    3184 	.db #0x3c	; 60
    00000C44 42                    3185 	.db #0x42	; 66	'B'
    00000C45 42                    3186 	.db #0x42	; 66	'B'
    00000C46 80                    3187 	.db #0x80	; 128
    00000C47 80                    3188 	.db #0x80	; 128
    00000C48 9E                    3189 	.db #0x9e	; 158
    00000C49 9E                    3190 	.db #0x9e	; 158
    00000C4A 82                    3191 	.db #0x82	; 130
    00000C4B 82                    3192 	.db #0x82	; 130
    00000C4C 42                    3193 	.db #0x42	; 66	'B'
    00000C4D 42                    3194 	.db #0x42	; 66	'B'
    00000C4E 3C                    3195 	.db #0x3c	; 60
    00000C4F 3C                    3196 	.db #0x3c	; 60
    00000C50 00                    3197 	.db #0x00	; 0
    00000C51 00                    3198 	.db #0x00	; 0
    00000C52 82                    3199 	.db #0x82	; 130
    00000C53 82                    3200 	.db #0x82	; 130
    00000C54 82                    3201 	.db #0x82	; 130
    00000C55 82                    3202 	.db #0x82	; 130
    00000C56 82                    3203 	.db #0x82	; 130
    00000C57 82                    3204 	.db #0x82	; 130
    00000C58 FE                    3205 	.db #0xfe	; 254
    00000C59 FE                    3206 	.db #0xfe	; 254
    00000C5A 82                    3207 	.db #0x82	; 130
    00000C5B 82                    3208 	.db #0x82	; 130
    00000C5C 82                    3209 	.db #0x82	; 130
    00000C5D 82                    3210 	.db #0x82	; 130
    00000C5E 82                    3211 	.db #0x82	; 130
    00000C5F 82                    3212 	.db #0x82	; 130
    00000C60 00                    3213 	.db #0x00	; 0
    00000C61 00                    3214 	.db #0x00	; 0
    00000C62 7C                    3215 	.db #0x7c	; 124
    00000C63 7C                    3216 	.db #0x7c	; 124
    00000C64 10                    3217 	.db #0x10	; 16
    00000C65 10                    3218 	.db #0x10	; 16
    00000C66 10                    3219 	.db #0x10	; 16
    00000C67 10                    3220 	.db #0x10	; 16
    00000C68 10                    3221 	.db #0x10	; 16
    00000C69 10                    3222 	.db #0x10	; 16
    00000C6A 10                    3223 	.db #0x10	; 16
    00000C6B 10                    3224 	.db #0x10	; 16
    00000C6C 10                    3225 	.db #0x10	; 16
    00000C6D 10                    3226 	.db #0x10	; 16
    00000C6E 7C                    3227 	.db #0x7c	; 124
    00000C6F 7C                    3228 	.db #0x7c	; 124
    00000C70 00                    3229 	.db #0x00	; 0
    00000C71 00                    3230 	.db #0x00	; 0
    00000C72 7E                    3231 	.db #0x7e	; 126
    00000C73 7E                    3232 	.db #0x7e	; 126
    00000C74 08                    3233 	.db #0x08	; 8
    00000C75 08                    3234 	.db #0x08	; 8
    00000C76 08                    3235 	.db #0x08	; 8
    00000C77 08                    3236 	.db #0x08	; 8
    00000C78 88                    3237 	.db #0x88	; 136
    00000C79 88                    3238 	.db #0x88	; 136
    00000C7A 88                    3239 	.db #0x88	; 136
    00000C7B 88                    3240 	.db #0x88	; 136
    00000C7C 88                    3241 	.db #0x88	; 136
    00000C7D 88                    3242 	.db #0x88	; 136
    00000C7E 70                    3243 	.db #0x70	; 112	'p'
    00000C7F 70                    3244 	.db #0x70	; 112	'p'
    00000C80 00                    3245 	.db #0x00	; 0
    00000C81 00                    3246 	.db #0x00	; 0
    00000C82 84                    3247 	.db #0x84	; 132
    00000C83 84                    3248 	.db #0x84	; 132
    00000C84 88                    3249 	.db #0x88	; 136
    00000C85 88                    3250 	.db #0x88	; 136
    00000C86 90                    3251 	.db #0x90	; 144
    00000C87 90                    3252 	.db #0x90	; 144
    00000C88 B0                    3253 	.db #0xb0	; 176
    00000C89 B0                    3254 	.db #0xb0	; 176
    00000C8A C8                    3255 	.db #0xc8	; 200
    00000C8B C8                    3256 	.db #0xc8	; 200
    00000C8C 84                    3257 	.db #0x84	; 132
    00000C8D 84                    3258 	.db #0x84	; 132
    00000C8E 82                    3259 	.db #0x82	; 130
    00000C8F 82                    3260 	.db #0x82	; 130
    00000C90 00                    3261 	.db #0x00	; 0
    00000C91 00                    3262 	.db #0x00	; 0
    00000C92 80                    3263 	.db #0x80	; 128
    00000C93 80                    3264 	.db #0x80	; 128
    00000C94 80                    3265 	.db #0x80	; 128
    00000C95 80                    3266 	.db #0x80	; 128
    00000C96 80                    3267 	.db #0x80	; 128
    00000C97 80                    3268 	.db #0x80	; 128
    00000C98 80                    3269 	.db #0x80	; 128
    00000C99 80                    3270 	.db #0x80	; 128
    00000C9A 80                    3271 	.db #0x80	; 128
    00000C9B 80                    3272 	.db #0x80	; 128
    00000C9C 80                    3273 	.db #0x80	; 128
    00000C9D 80                    3274 	.db #0x80	; 128
    00000C9E FE                    3275 	.db #0xfe	; 254
    00000C9F FE                    3276 	.db #0xfe	; 254
    00000CA0 00                    3277 	.db #0x00	; 0
    00000CA1 00                    3278 	.db #0x00	; 0
    00000CA2 82                    3279 	.db #0x82	; 130
    00000CA3 82                    3280 	.db #0x82	; 130
    00000CA4 C6                    3281 	.db #0xc6	; 198
    00000CA5 C6                    3282 	.db #0xc6	; 198
    00000CA6 AA                    3283 	.db #0xaa	; 170
    00000CA7 AA                    3284 	.db #0xaa	; 170
    00000CA8 92                    3285 	.db #0x92	; 146
    00000CA9 92                    3286 	.db #0x92	; 146
    00000CAA 82                    3287 	.db #0x82	; 130
    00000CAB 82                    3288 	.db #0x82	; 130
    00000CAC 82                    3289 	.db #0x82	; 130
    00000CAD 82                    3290 	.db #0x82	; 130
    00000CAE 82                    3291 	.db #0x82	; 130
    00000CAF 82                    3292 	.db #0x82	; 130
    00000CB0 00                    3293 	.db #0x00	; 0
    00000CB1 00                    3294 	.db #0x00	; 0
    00000CB2 82                    3295 	.db #0x82	; 130
    00000CB3 82                    3296 	.db #0x82	; 130
    00000CB4 C2                    3297 	.db #0xc2	; 194
    00000CB5 C2                    3298 	.db #0xc2	; 194
    00000CB6 A2                    3299 	.db #0xa2	; 162
    00000CB7 A2                    3300 	.db #0xa2	; 162
    00000CB8 92                    3301 	.db #0x92	; 146
    00000CB9 92                    3302 	.db #0x92	; 146
    00000CBA 8A                    3303 	.db #0x8a	; 138
    00000CBB 8A                    3304 	.db #0x8a	; 138
    00000CBC 86                    3305 	.db #0x86	; 134
    00000CBD 86                    3306 	.db #0x86	; 134
    00000CBE 82                    3307 	.db #0x82	; 130
    00000CBF 82                    3308 	.db #0x82	; 130
    00000CC0 00                    3309 	.db #0x00	; 0
    00000CC1 00                    3310 	.db #0x00	; 0
    00000CC2 38                    3311 	.db #0x38	; 56	'8'
    00000CC3 38                    3312 	.db #0x38	; 56	'8'
    00000CC4 44                    3313 	.db #0x44	; 68	'D'
    00000CC5 44                    3314 	.db #0x44	; 68	'D'
    00000CC6 82                    3315 	.db #0x82	; 130
    00000CC7 82                    3316 	.db #0x82	; 130
    00000CC8 82                    3317 	.db #0x82	; 130
    00000CC9 82                    3318 	.db #0x82	; 130
    00000CCA 82                    3319 	.db #0x82	; 130
    00000CCB 82                    3320 	.db #0x82	; 130
    00000CCC 44                    3321 	.db #0x44	; 68	'D'
    00000CCD 44                    3322 	.db #0x44	; 68	'D'
    00000CCE 38                    3323 	.db #0x38	; 56	'8'
    00000CCF 38                    3324 	.db #0x38	; 56	'8'
    00000CD0 00                    3325 	.db #0x00	; 0
    00000CD1 00                    3326 	.db #0x00	; 0
    00000CD2 FC                    3327 	.db #0xfc	; 252
    00000CD3 FC                    3328 	.db #0xfc	; 252
    00000CD4 82                    3329 	.db #0x82	; 130
    00000CD5 82                    3330 	.db #0x82	; 130
    00000CD6 82                    3331 	.db #0x82	; 130
    00000CD7 82                    3332 	.db #0x82	; 130
    00000CD8 FC                    3333 	.db #0xfc	; 252
    00000CD9 FC                    3334 	.db #0xfc	; 252
    00000CDA 80                    3335 	.db #0x80	; 128
    00000CDB 80                    3336 	.db #0x80	; 128
    00000CDC 80                    3337 	.db #0x80	; 128
    00000CDD 80                    3338 	.db #0x80	; 128
    00000CDE 80                    3339 	.db #0x80	; 128
    00000CDF 80                    3340 	.db #0x80	; 128
    00000CE0 00                    3341 	.db #0x00	; 0
    00000CE1 00                    3342 	.db #0x00	; 0
    00000CE2 38                    3343 	.db #0x38	; 56	'8'
    00000CE3 38                    3344 	.db #0x38	; 56	'8'
    00000CE4 44                    3345 	.db #0x44	; 68	'D'
    00000CE5 44                    3346 	.db #0x44	; 68	'D'
    00000CE6 82                    3347 	.db #0x82	; 130
    00000CE7 82                    3348 	.db #0x82	; 130
    00000CE8 82                    3349 	.db #0x82	; 130
    00000CE9 82                    3350 	.db #0x82	; 130
    00000CEA 8A                    3351 	.db #0x8a	; 138
    00000CEB 8A                    3352 	.db #0x8a	; 138
    00000CEC 44                    3353 	.db #0x44	; 68	'D'
    00000CED 44                    3354 	.db #0x44	; 68	'D'
    00000CEE 3A                    3355 	.db #0x3a	; 58
    00000CEF 3A                    3356 	.db #0x3a	; 58
    00000CF0 00                    3357 	.db #0x00	; 0
    00000CF1 00                    3358 	.db #0x00	; 0
    00000CF2 FC                    3359 	.db #0xfc	; 252
    00000CF3 FC                    3360 	.db #0xfc	; 252
    00000CF4 82                    3361 	.db #0x82	; 130
    00000CF5 82                    3362 	.db #0x82	; 130
    00000CF6 82                    3363 	.db #0x82	; 130
    00000CF7 82                    3364 	.db #0x82	; 130
    00000CF8 FC                    3365 	.db #0xfc	; 252
    00000CF9 FC                    3366 	.db #0xfc	; 252
    00000CFA 88                    3367 	.db #0x88	; 136
    00000CFB 88                    3368 	.db #0x88	; 136
    00000CFC 84                    3369 	.db #0x84	; 132
    00000CFD 84                    3370 	.db #0x84	; 132
    00000CFE 82                    3371 	.db #0x82	; 130
    00000CFF 82                    3372 	.db #0x82	; 130
    00000D00 00                    3373 	.db #0x00	; 0
    00000D01 00                    3374 	.db #0x00	; 0
    00000D02 78                    3375 	.db #0x78	; 120	'x'
    00000D03 78                    3376 	.db #0x78	; 120	'x'
    00000D04 84                    3377 	.db #0x84	; 132
    00000D05 84                    3378 	.db #0x84	; 132
    00000D06 80                    3379 	.db #0x80	; 128
    00000D07 80                    3380 	.db #0x80	; 128
    00000D08 7C                    3381 	.db #0x7c	; 124
    00000D09 7C                    3382 	.db #0x7c	; 124
    00000D0A 02                    3383 	.db #0x02	; 2
    00000D0B 02                    3384 	.db #0x02	; 2
    00000D0C 82                    3385 	.db #0x82	; 130
    00000D0D 82                    3386 	.db #0x82	; 130
    00000D0E 7C                    3387 	.db #0x7c	; 124
    00000D0F 7C                    3388 	.db #0x7c	; 124
    00000D10 00                    3389 	.db #0x00	; 0
    00000D11 00                    3390 	.db #0x00	; 0
    00000D12 FE                    3391 	.db #0xfe	; 254
    00000D13 FE                    3392 	.db #0xfe	; 254
    00000D14 10                    3393 	.db #0x10	; 16
    00000D15 10                    3394 	.db #0x10	; 16
    00000D16 10                    3395 	.db #0x10	; 16
    00000D17 10                    3396 	.db #0x10	; 16
    00000D18 10                    3397 	.db #0x10	; 16
    00000D19 10                    3398 	.db #0x10	; 16
    00000D1A 10                    3399 	.db #0x10	; 16
    00000D1B 10                    3400 	.db #0x10	; 16
    00000D1C 10                    3401 	.db #0x10	; 16
    00000D1D 10                    3402 	.db #0x10	; 16
    00000D1E 10                    3403 	.db #0x10	; 16
    00000D1F 10                    3404 	.db #0x10	; 16
    00000D20 00                    3405 	.db #0x00	; 0
    00000D21 00                    3406 	.db #0x00	; 0
    00000D22 82                    3407 	.db #0x82	; 130
    00000D23 82                    3408 	.db #0x82	; 130
    00000D24 82                    3409 	.db #0x82	; 130
    00000D25 82                    3410 	.db #0x82	; 130
    00000D26 82                    3411 	.db #0x82	; 130
    00000D27 82                    3412 	.db #0x82	; 130
    00000D28 82                    3413 	.db #0x82	; 130
    00000D29 82                    3414 	.db #0x82	; 130
    00000D2A 82                    3415 	.db #0x82	; 130
    00000D2B 82                    3416 	.db #0x82	; 130
    00000D2C 42                    3417 	.db #0x42	; 66	'B'
    00000D2D 42                    3418 	.db #0x42	; 66	'B'
    00000D2E 3E                    3419 	.db #0x3e	; 62
    00000D2F 3E                    3420 	.db #0x3e	; 62
    00000D30 00                    3421 	.db #0x00	; 0
    00000D31 00                    3422 	.db #0x00	; 0
    00000D32 82                    3423 	.db #0x82	; 130
    00000D33 82                    3424 	.db #0x82	; 130
    00000D34 82                    3425 	.db #0x82	; 130
    00000D35 82                    3426 	.db #0x82	; 130
    00000D36 44                    3427 	.db #0x44	; 68	'D'
    00000D37 44                    3428 	.db #0x44	; 68	'D'
    00000D38 44                    3429 	.db #0x44	; 68	'D'
    00000D39 44                    3430 	.db #0x44	; 68	'D'
    00000D3A 28                    3431 	.db #0x28	; 40
    00000D3B 28                    3432 	.db #0x28	; 40
    00000D3C 28                    3433 	.db #0x28	; 40
    00000D3D 28                    3434 	.db #0x28	; 40
    00000D3E 10                    3435 	.db #0x10	; 16
    00000D3F 10                    3436 	.db #0x10	; 16
    00000D40 00                    3437 	.db #0x00	; 0
    00000D41 00                    3438 	.db #0x00	; 0
    00000D42 82                    3439 	.db #0x82	; 130
    00000D43 82                    3440 	.db #0x82	; 130
    00000D44 82                    3441 	.db #0x82	; 130
    00000D45 82                    3442 	.db #0x82	; 130
    00000D46 92                    3443 	.db #0x92	; 146
    00000D47 92                    3444 	.db #0x92	; 146
    00000D48 AA                    3445 	.db #0xaa	; 170
    00000D49 AA                    3446 	.db #0xaa	; 170
    00000D4A C6                    3447 	.db #0xc6	; 198
    00000D4B C6                    3448 	.db #0xc6	; 198
    00000D4C C6                    3449 	.db #0xc6	; 198
    00000D4D C6                    3450 	.db #0xc6	; 198
    00000D4E 82                    3451 	.db #0x82	; 130
    00000D4F 82                    3452 	.db #0x82	; 130
    00000D50 00                    3453 	.db #0x00	; 0
    00000D51 00                    3454 	.db #0x00	; 0
    00000D52 C6                    3455 	.db #0xc6	; 198
    00000D53 C6                    3456 	.db #0xc6	; 198
    00000D54 44                    3457 	.db #0x44	; 68	'D'
    00000D55 44                    3458 	.db #0x44	; 68	'D'
    00000D56 28                    3459 	.db #0x28	; 40
    00000D57 28                    3460 	.db #0x28	; 40
    00000D58 10                    3461 	.db #0x10	; 16
    00000D59 10                    3462 	.db #0x10	; 16
    00000D5A 28                    3463 	.db #0x28	; 40
    00000D5B 28                    3464 	.db #0x28	; 40
    00000D5C 44                    3465 	.db #0x44	; 68	'D'
    00000D5D 44                    3466 	.db #0x44	; 68	'D'
    00000D5E C6                    3467 	.db #0xc6	; 198
    00000D5F C6                    3468 	.db #0xc6	; 198
    00000D60 00                    3469 	.db #0x00	; 0
    00000D61 00                    3470 	.db #0x00	; 0
    00000D62 82                    3471 	.db #0x82	; 130
    00000D63 82                    3472 	.db #0x82	; 130
    00000D64 44                    3473 	.db #0x44	; 68	'D'
    00000D65 44                    3474 	.db #0x44	; 68	'D'
    00000D66 28                    3475 	.db #0x28	; 40
    00000D67 28                    3476 	.db #0x28	; 40
    00000D68 10                    3477 	.db #0x10	; 16
    00000D69 10                    3478 	.db #0x10	; 16
    00000D6A 10                    3479 	.db #0x10	; 16
    00000D6B 10                    3480 	.db #0x10	; 16
    00000D6C 10                    3481 	.db #0x10	; 16
    00000D6D 10                    3482 	.db #0x10	; 16
    00000D6E 10                    3483 	.db #0x10	; 16
    00000D6F 10                    3484 	.db #0x10	; 16
    00000D70 00                    3485 	.db #0x00	; 0
    00000D71 00                    3486 	.db #0x00	; 0
    00000D72 FE                    3487 	.db #0xfe	; 254
    00000D73 FE                    3488 	.db #0xfe	; 254
    00000D74 04                    3489 	.db #0x04	; 4
    00000D75 04                    3490 	.db #0x04	; 4
    00000D76 08                    3491 	.db #0x08	; 8
    00000D77 08                    3492 	.db #0x08	; 8
    00000D78 10                    3493 	.db #0x10	; 16
    00000D79 10                    3494 	.db #0x10	; 16
    00000D7A 20                    3495 	.db #0x20	; 32
    00000D7B 20                    3496 	.db #0x20	; 32
    00000D7C 40                    3497 	.db #0x40	; 64
    00000D7D 40                    3498 	.db #0x40	; 64
    00000D7E FE                    3499 	.db #0xfe	; 254
    00000D7F FE                    3500 	.db #0xfe	; 254
    00000D80 01                    3501 	.db #0x01	; 1
    00000D81 FF                    3502 	.db #0xff	; 255
    00000D82 03                    3503 	.db #0x03	; 3
    00000D83 FF                    3504 	.db #0xff	; 255
    00000D84 42                    3505 	.db #0x42	; 66	'B'
    00000D85 FF                    3506 	.db #0xff	; 255
    00000D86 07                    3507 	.db #0x07	; 7
    00000D87 FF                    3508 	.db #0xff	; 255
    00000D88 0F                    3509 	.db #0x0f	; 15
    00000D89 FF                    3510 	.db #0xff	; 255
    00000D8A 3E                    3511 	.db #0x3e	; 62
    00000D8B FF                    3512 	.db #0xff	; 255
    00000D8C 1E                    3513 	.db #0x1e	; 30
    00000D8D FF                    3514 	.db #0xff	; 255
    00000D8E 7E                    3515 	.db #0x7e	; 126
    00000D8F FF                    3516 	.db #0xff	; 255
    00000D90 80                    3517 	.db #0x80	; 128
    00000D91 FF                    3518 	.db #0xff	; 255
    00000D92 80                    3519 	.db #0x80	; 128
    00000D93 FF                    3520 	.db #0xff	; 255
    00000D94 80                    3521 	.db #0x80	; 128
    00000D95 FF                    3522 	.db #0xff	; 255
    00000D96 81                    3523 	.db #0x81	; 129
    00000D97 FE                    3524 	.db #0xfe	; 254
    00000D98 81                    3525 	.db #0x81	; 129
    00000D99 FE                    3526 	.db #0xfe	; 254
    00000D9A 04                    3527 	.db #0x04	; 4
    00000D9B FB                    3528 	.db #0xfb	; 251
    00000D9C 44                    3529 	.db #0x44	; 68	'D'
    00000D9D FB                    3530 	.db #0xfb	; 251
    00000D9E 04                    3531 	.db #0x04	; 4
    00000D9F FB                    3532 	.db #0xfb	; 251
    00000DA0 39                    3533 	.db #0x39	; 57	'9'
    00000DA1 E6                    3534 	.db #0xe6	; 230
    00000DA2 3F                    3535 	.db #0x3f	; 63
    00000DA3 D0                    3536 	.db #0xd0	; 208
    00000DA4 3F                    3537 	.db #0x3f	; 63
    00000DA5 D0                    3538 	.db #0xd0	; 208
    00000DA6 3F                    3539 	.db #0x3f	; 63
    00000DA7 C8                    3540 	.db #0xc8	; 200
    00000DA8 8F                    3541 	.db #0x8f	; 143
    00000DA9 F8                    3542 	.db #0xf8	; 248
    00000DAA 07                    3543 	.db #0x07	; 7
    00000DAB FC                    3544 	.db #0xfc	; 252
    00000DAC 27                    3545 	.db #0x27	; 39
    00000DAD FC                    3546 	.db #0xfc	; 252
    00000DAE 84                    3547 	.db #0x84	; 132
    00000DAF 7C                    3548 	.db #0x7c	; 124
    00000DB0 FF                    3549 	.db #0xff	; 255
    00000DB1 00                    3550 	.db #0x00	; 0
    00000DB2 F0                    3551 	.db #0xf0	; 240
    00000DB3 0F                    3552 	.db #0x0f	; 15
    00000DB4 FF                    3553 	.db #0xff	; 255
    00000DB5 00                    3554 	.db #0x00	; 0
    00000DB6 FF                    3555 	.db #0xff	; 255
    00000DB7 00                    3556 	.db #0x00	; 0
    00000DB8 FF                    3557 	.db #0xff	; 255
    00000DB9 00                    3558 	.db #0x00	; 0
    00000DBA B1                    3559 	.db #0xb1	; 177
    00000DBB 0E                    3560 	.db #0x0e	; 14
    00000DBC 81                    3561 	.db #0x81	; 129
    00000DBD 3E                    3562 	.db #0x3e	; 62
    00000DBE 80                    3563 	.db #0x80	; 128
    00000DBF 7F                    3564 	.db #0x7f	; 127
    00000DC0 FF                    3565 	.db #0xff	; 255
    00000DC1 00                    3566 	.db #0x00	; 0
    00000DC2 7F                    3567 	.db #0x7f	; 127
    00000DC3 80                    3568 	.db #0x80	; 128
    00000DC4 FF                    3569 	.db #0xff	; 255
    00000DC5 00                    3570 	.db #0x00	; 0
    00000DC6 FF                    3571 	.db #0xff	; 255
    00000DC7 00                    3572 	.db #0x00	; 0
    00000DC8 FE                    3573 	.db #0xfe	; 254
    00000DC9 00                    3574 	.db #0x00	; 0
    00000DCA F0                    3575 	.db #0xf0	; 240
    00000DCB 00                    3576 	.db #0x00	; 0
    00000DCC 00                    3577 	.db #0x00	; 0
    00000DCD 00                    3578 	.db #0x00	; 0
    00000DCE 00                    3579 	.db #0x00	; 0
    00000DCF 80                    3580 	.db #0x80	; 128
    00000DD0 FF                    3581 	.db #0xff	; 255
    00000DD1 00                    3582 	.db #0x00	; 0
    00000DD2 80                    3583 	.db #0x80	; 128
    00000DD3 7F                    3584 	.db #0x7f	; 127
    00000DD4 BD                    3585 	.db #0xbd	; 189
    00000DD5 00                    3586 	.db #0x00	; 0
    00000DD6 F8                    3587 	.db #0xf8	; 248
    00000DD7 00                    3588 	.db #0x00	; 0
    00000DD8 80                    3589 	.db #0x80	; 128
    00000DD9 00                    3590 	.db #0x00	; 0
    00000DDA 00                    3591 	.db #0x00	; 0
    00000DDB 00                    3592 	.db #0x00	; 0
    00000DDC 00                    3593 	.db #0x00	; 0
    00000DDD 00                    3594 	.db #0x00	; 0
    00000DDE 00                    3595 	.db #0x00	; 0
    00000DDF 00                    3596 	.db #0x00	; 0
    00000DE0 FF                    3597 	.db #0xff	; 255
    00000DE1 00                    3598 	.db #0x00	; 0
    00000DE2 DF                    3599 	.db #0xdf	; 223
    00000DE3 00                    3600 	.db #0x00	; 0
    00000DE4 20                    3601 	.db #0x20	; 32
    00000DE5 00                    3602 	.db #0x00	; 0
    00000DE6 00                    3603 	.db #0x00	; 0
    00000DE7 00                    3604 	.db #0x00	; 0
    00000DE8 00                    3605 	.db #0x00	; 0
    00000DE9 00                    3606 	.db #0x00	; 0
    00000DEA 00                    3607 	.db #0x00	; 0
    00000DEB 00                    3608 	.db #0x00	; 0
    00000DEC 00                    3609 	.db #0x00	; 0
    00000DED 00                    3610 	.db #0x00	; 0
    00000DEE 00                    3611 	.db #0x00	; 0
    00000DEF 00                    3612 	.db #0x00	; 0
    00000DF0 EC                    3613 	.db #0xec	; 236
    00000DF1 10                    3614 	.db #0x10	; 16
    00000DF2 E0                    3615 	.db #0xe0	; 224
    00000DF3 00                    3616 	.db #0x00	; 0
    00000DF4 20                    3617 	.db #0x20	; 32
    00000DF5 00                    3618 	.db #0x00	; 0
    00000DF6 00                    3619 	.db #0x00	; 0
    00000DF7 00                    3620 	.db #0x00	; 0
    00000DF8 00                    3621 	.db #0x00	; 0
    00000DF9 00                    3622 	.db #0x00	; 0
    00000DFA 00                    3623 	.db #0x00	; 0
    00000DFB 00                    3624 	.db #0x00	; 0
    00000DFC 00                    3625 	.db #0x00	; 0
    00000DFD 00                    3626 	.db #0x00	; 0
    00000DFE 00                    3627 	.db #0x00	; 0
    00000DFF 00                    3628 	.db #0x00	; 0
    00000E00 FF                    3629 	.db #0xff	; 255
    00000E01 00                    3630 	.db #0x00	; 0
    00000E02 FF                    3631 	.db #0xff	; 255
    00000E03 00                    3632 	.db #0x00	; 0
    00000E04 FF                    3633 	.db #0xff	; 255
    00000E05 00                    3634 	.db #0x00	; 0
    00000E06 FF                    3635 	.db #0xff	; 255
    00000E07 00                    3636 	.db #0x00	; 0
    00000E08 FF                    3637 	.db #0xff	; 255
    00000E09 00                    3638 	.db #0x00	; 0
    00000E0A FF                    3639 	.db #0xff	; 255
    00000E0B 00                    3640 	.db #0x00	; 0
    00000E0C FF                    3641 	.db #0xff	; 255
    00000E0D 00                    3642 	.db #0x00	; 0
    00000E0E FF                    3643 	.db #0xff	; 255
    00000E0F 00                    3644 	.db #0x00	; 0
    00000E10 00                    3645 	.db #0x00	; 0
    00000E11 00                    3646 	.db #0x00	; 0
    00000E12 00                    3647 	.db #0x00	; 0
    00000E13 00                    3648 	.db #0x00	; 0
    00000E14 00                    3649 	.db #0x00	; 0
    00000E15 00                    3650 	.db #0x00	; 0
    00000E16 03                    3651 	.db #0x03	; 3
    00000E17 03                    3652 	.db #0x03	; 3
    00000E18 07                    3653 	.db #0x07	; 7
    00000E19 06                    3654 	.db #0x06	; 6
    00000E1A 08                    3655 	.db #0x08	; 8
    00000E1B 0F                    3656 	.db #0x0f	; 15
    00000E1C 78                    3657 	.db #0x78	; 120	'x'
    00000E1D 7F                    3658 	.db #0x7f	; 127
    00000E1E F0                    3659 	.db #0xf0	; 240
    00000E1F 8F                    3660 	.db #0x8f	; 143
    00000E20 70                    3661 	.db #0x70	; 112	'p'
    00000E21 2F                    3662 	.db #0x2f	; 47
    00000E22 60                    3663 	.db #0x60	; 96
    00000E23 5F                    3664 	.db #0x5f	; 95
    00000E24 D2                    3665 	.db #0xd2	; 210
    00000E25 BF                    3666 	.db #0xbf	; 191
    00000E26 82                    3667 	.db #0x82	; 130
    00000E27 7F                    3668 	.db #0x7f	; 127
    00000E28 00                    3669 	.db #0x00	; 0
    00000E29 FF                    3670 	.db #0xff	; 255
    00000E2A 00                    3671 	.db #0x00	; 0
    00000E2B FF                    3672 	.db #0xff	; 255
    00000E2C 02                    3673 	.db #0x02	; 2
    00000E2D FF                    3674 	.db #0xff	; 255
    00000E2E 04                    3675 	.db #0x04	; 4
    00000E2F FF                    3676 	.db #0xff	; 255
    00000E30 C0                    3677 	.db #0xc0	; 192
    00000E31 40                    3678 	.db #0x40	; 64
    00000E32 E0                    3679 	.db #0xe0	; 224
    00000E33 20                    3680 	.db #0x20	; 32
    00000E34 E0                    3681 	.db #0xe0	; 224
    00000E35 20                    3682 	.db #0x20	; 32
    00000E36 60                    3683 	.db #0x60	; 96
    00000E37 A0                    3684 	.db #0xa0	; 160
    00000E38 10                    3685 	.db #0x10	; 16
    00000E39 F0                    3686 	.db #0xf0	; 240
    00000E3A 30                    3687 	.db #0x30	; 48	'0'
    00000E3B D0                    3688 	.db #0xd0	; 208
    00000E3C 1C                    3689 	.db #0x1c	; 28
    00000E3D EC                    3690 	.db #0xec	; 236
    00000E3E 1A                    3691 	.db #0x1a	; 26
    00000E3F E6                    3692 	.db #0xe6	; 230
    00000E40 00                    3693 	.db #0x00	; 0
    00000E41 00                    3694 	.db #0x00	; 0
    00000E42 00                    3695 	.db #0x00	; 0
    00000E43 00                    3696 	.db #0x00	; 0
    00000E44 00                    3697 	.db #0x00	; 0
    00000E45 00                    3698 	.db #0x00	; 0
    00000E46 01                    3699 	.db #0x01	; 1
    00000E47 00                    3700 	.db #0x00	; 0
    00000E48 03                    3701 	.db #0x03	; 3
    00000E49 00                    3702 	.db #0x00	; 0
    00000E4A 03                    3703 	.db #0x03	; 3
    00000E4B 00                    3704 	.db #0x00	; 0
    00000E4C 03                    3705 	.db #0x03	; 3
    00000E4D 00                    3706 	.db #0x00	; 0
    00000E4E 03                    3707 	.db #0x03	; 3
    00000E4F 00                    3708 	.db #0x00	; 0
    00000E50 1E                    3709 	.db #0x1e	; 30
    00000E51 01                    3710 	.db #0x01	; 1
    00000E52 3C                    3711 	.db #0x3c	; 60
    00000E53 03                    3712 	.db #0x03	; 3
    00000E54 78                    3713 	.db #0x78	; 120	'x'
    00000E55 07                    3714 	.db #0x07	; 7
    00000E56 78                    3715 	.db #0x78	; 120	'x'
    00000E57 07                    3716 	.db #0x07	; 7
    00000E58 78                    3717 	.db #0x78	; 120	'x'
    00000E59 07                    3718 	.db #0x07	; 7
    00000E5A 70                    3719 	.db #0x70	; 112	'p'
    00000E5B 0F                    3720 	.db #0x0f	; 15
    00000E5C 70                    3721 	.db #0x70	; 112	'p'
    00000E5D 0F                    3722 	.db #0x0f	; 15
    00000E5E 71                    3723 	.db #0x71	; 113	'q'
    00000E5F 0E                    3724 	.db #0x0e	; 14
    00000E60 40                    3725 	.db #0x40	; 64
    00000E61 BF                    3726 	.db #0xbf	; 191
    00000E62 58                    3727 	.db #0x58	; 88	'X'
    00000E63 A7                    3728 	.db #0xa7	; 167
    00000E64 3E                    3729 	.db #0x3e	; 62
    00000E65 C1                    3730 	.db #0xc1	; 193
    00000E66 3F                    3731 	.db #0x3f	; 63
    00000E67 C0                    3732 	.db #0xc0	; 192
    00000E68 3F                    3733 	.db #0x3f	; 63
    00000E69 C0                    3734 	.db #0xc0	; 192
    00000E6A 76                    3735 	.db #0x76	; 118	'v'
    00000E6B 89                    3736 	.db #0x89	; 137
    00000E6C 7E                    3737 	.db #0x7e	; 126
    00000E6D 81                    3738 	.db #0x81	; 129
    00000E6E FD                    3739 	.db #0xfd	; 253
    00000E6F 02                    3740 	.db #0x02	; 2
    00000E70 43                    3741 	.db #0x43	; 67	'C'
    00000E71 BC                    3742 	.db #0xbc	; 188
    00000E72 02                    3743 	.db #0x02	; 2
    00000E73 FD                    3744 	.db #0xfd	; 253
    00000E74 84                    3745 	.db #0x84	; 132
    00000E75 7B                    3746 	.db #0x7b	; 123
    00000E76 10                    3747 	.db #0x10	; 16
    00000E77 EF                    3748 	.db #0xef	; 239
    00000E78 08                    3749 	.db #0x08	; 8
    00000E79 F7                    3750 	.db #0xf7	; 247
    00000E7A 01                    3751 	.db #0x01	; 1
    00000E7B FE                    3752 	.db #0xfe	; 254
    00000E7C 0B                    3753 	.db #0x0b	; 11
    00000E7D F4                    3754 	.db #0xf4	; 244
    00000E7E 86                    3755 	.db #0x86	; 134
    00000E7F 79                    3756 	.db #0x79	; 121	'y'
    00000E80 00                    3757 	.db #0x00	; 0
    00000E81 FF                    3758 	.db #0xff	; 255
    00000E82 00                    3759 	.db #0x00	; 0
    00000E83 FF                    3760 	.db #0xff	; 255
    00000E84 00                    3761 	.db #0x00	; 0
    00000E85 FF                    3762 	.db #0xff	; 255
    00000E86 00                    3763 	.db #0x00	; 0
    00000E87 FF                    3764 	.db #0xff	; 255
    00000E88 80                    3765 	.db #0x80	; 128
    00000E89 7F                    3766 	.db #0x7f	; 127
    00000E8A 00                    3767 	.db #0x00	; 0
    00000E8B FF                    3768 	.db #0xff	; 255
    00000E8C 00                    3769 	.db #0x00	; 0
    00000E8D FF                    3770 	.db #0xff	; 255
    00000E8E 00                    3771 	.db #0x00	; 0
    00000E8F FF                    3772 	.db #0xff	; 255
    00000E90 00                    3773 	.db #0x00	; 0
    00000E91 FF                    3774 	.db #0xff	; 255
    00000E92 00                    3775 	.db #0x00	; 0
    00000E93 FF                    3776 	.db #0xff	; 255
    00000E94 00                    3777 	.db #0x00	; 0
    00000E95 FF                    3778 	.db #0xff	; 255
    00000E96 00                    3779 	.db #0x00	; 0
    00000E97 FF                    3780 	.db #0xff	; 255
    00000E98 00                    3781 	.db #0x00	; 0
    00000E99 FF                    3782 	.db #0xff	; 255
    00000E9A 04                    3783 	.db #0x04	; 4
    00000E9B FF                    3784 	.db #0xff	; 255
    00000E9C 0F                    3785 	.db #0x0f	; 15
    00000E9D FB                    3786 	.db #0xfb	; 251
    00000E9E 19                    3787 	.db #0x19	; 25
    00000E9F F6                    3788 	.db #0xf6	; 246
    00000EA0 06                    3789 	.db #0x06	; 6
    00000EA1 FD                    3790 	.db #0xfd	; 253
    00000EA2 06                    3791 	.db #0x06	; 6
    00000EA3 FD                    3792 	.db #0xfd	; 253
    00000EA4 0C                    3793 	.db #0x0c	; 12
    00000EA5 FB                    3794 	.db #0xfb	; 251
    00000EA6 18                    3795 	.db #0x18	; 24
    00000EA7 F7                    3796 	.db #0xf7	; 247
    00000EA8 30                    3797 	.db #0x30	; 48	'0'
    00000EA9 EF                    3798 	.db #0xef	; 239
    00000EAA 30                    3799 	.db #0x30	; 48	'0'
    00000EAB EF                    3800 	.db #0xef	; 239
    00000EAC 20                    3801 	.db #0x20	; 32
    00000EAD FF                    3802 	.db #0xff	; 255
    00000EAE E0                    3803 	.db #0xe0	; 224
    00000EAF DF                    3804 	.db #0xdf	; 223
    00000EB0 04                    3805 	.db #0x04	; 4
    00000EB1 FB                    3806 	.db #0xfb	; 251
    00000EB2 0C                    3807 	.db #0x0c	; 12
    00000EB3 F3                    3808 	.db #0xf3	; 243
    00000EB4 40                    3809 	.db #0x40	; 64
    00000EB5 BF                    3810 	.db #0xbf	; 191
    00000EB6 40                    3811 	.db #0x40	; 64
    00000EB7 BF                    3812 	.db #0xbf	; 191
    00000EB8 80                    3813 	.db #0x80	; 128
    00000EB9 7F                    3814 	.db #0x7f	; 127
    00000EBA C1                    3815 	.db #0xc1	; 193
    00000EBB 3F                    3816 	.db #0x3f	; 63
    00000EBC 00                    3817 	.db #0x00	; 0
    00000EBD FF                    3818 	.db #0xff	; 255
    00000EBE 02                    3819 	.db #0x02	; 2
    00000EBF FF                    3820 	.db #0xff	; 255
    00000EC0 00                    3821 	.db #0x00	; 0
    00000EC1 00                    3822 	.db #0x00	; 0
    00000EC2 00                    3823 	.db #0x00	; 0
    00000EC3 00                    3824 	.db #0x00	; 0
    00000EC4 00                    3825 	.db #0x00	; 0
    00000EC5 00                    3826 	.db #0x00	; 0
    00000EC6 00                    3827 	.db #0x00	; 0
    00000EC7 00                    3828 	.db #0x00	; 0
    00000EC8 00                    3829 	.db #0x00	; 0
    00000EC9 00                    3830 	.db #0x00	; 0
    00000ECA 00                    3831 	.db #0x00	; 0
    00000ECB 00                    3832 	.db #0x00	; 0
    00000ECC 60                    3833 	.db #0x60	; 96
    00000ECD 60                    3834 	.db #0x60	; 96
    00000ECE 60                    3835 	.db #0x60	; 96
    00000ECF 60                    3836 	.db #0x60	; 96
    00000ED0 00                    3837 	.db #0x00	; 0
    00000ED1 00                    3838 	.db #0x00	; 0
    00000ED2 00                    3839 	.db #0x00	; 0
    00000ED3 00                    3840 	.db #0x00	; 0
    00000ED4 18                    3841 	.db #0x18	; 24
    00000ED5 18                    3842 	.db #0x18	; 24
    00000ED6 18                    3843 	.db #0x18	; 24
    00000ED7 18                    3844 	.db #0x18	; 24
    00000ED8 00                    3845 	.db #0x00	; 0
    00000ED9 00                    3846 	.db #0x00	; 0
    00000EDA 00                    3847 	.db #0x00	; 0
    00000EDB 00                    3848 	.db #0x00	; 0
    00000EDC 18                    3849 	.db #0x18	; 24
    00000EDD 18                    3850 	.db #0x18	; 24
    00000EDE 18                    3851 	.db #0x18	; 24
    00000EDF 18                    3852 	.db #0x18	; 24
    00000EE0 00                    3853 	.db #0x00	; 0
    00000EE1 00                    3854 	.db #0x00	; 0
    00000EE2 18                    3855 	.db #0x18	; 24
    00000EE3 18                    3856 	.db #0x18	; 24
    00000EE4 3C                    3857 	.db #0x3c	; 60
    00000EE5 3C                    3858 	.db #0x3c	; 60
    00000EE6 3C                    3859 	.db #0x3c	; 60
    00000EE7 3C                    3860 	.db #0x3c	; 60
    00000EE8 18                    3861 	.db #0x18	; 24
    00000EE9 18                    3862 	.db #0x18	; 24
    00000EEA 00                    3863 	.db #0x00	; 0
    00000EEB 00                    3864 	.db #0x00	; 0
    00000EEC 18                    3865 	.db #0x18	; 24
    00000EED 18                    3866 	.db #0x18	; 24
    00000EEE 18                    3867 	.db #0x18	; 24
    00000EEF 18                    3868 	.db #0x18	; 24
    00000EF0 00                    3869 	.db #0x00	; 0
    00000EF1 00                    3870 	.db #0x00	; 0
    00000EF2 00                    3871 	.db #0x00	; 0
    00000EF3 00                    3872 	.db #0x00	; 0
    00000EF4 00                    3873 	.db #0x00	; 0
    00000EF5 00                    3874 	.db #0x00	; 0
    00000EF6 00                    3875 	.db #0x00	; 0
    00000EF7 00                    3876 	.db #0x00	; 0
    00000EF8 60                    3877 	.db #0x60	; 96
    00000EF9 60                    3878 	.db #0x60	; 96
    00000EFA 60                    3879 	.db #0x60	; 96
    00000EFB 60                    3880 	.db #0x60	; 96
    00000EFC 20                    3881 	.db #0x20	; 32
    00000EFD 20                    3882 	.db #0x20	; 32
    00000EFE 40                    3883 	.db #0x40	; 64
    00000EFF 40                    3884 	.db #0x40	; 64
    00000F00 60                    3885 	.db #0x60	; 96
    00000F01 60                    3886 	.db #0x60	; 96
    00000F02 60                    3887 	.db #0x60	; 96
    00000F03 60                    3888 	.db #0x60	; 96
    00000F04 20                    3889 	.db #0x20	; 32
    00000F05 20                    3890 	.db #0x20	; 32
    00000F06 40                    3891 	.db #0x40	; 64
    00000F07 40                    3892 	.db #0x40	; 64
    00000F08 00                    3893 	.db #0x00	; 0
    00000F09 00                    3894 	.db #0x00	; 0
    00000F0A 00                    3895 	.db #0x00	; 0
    00000F0B 00                    3896 	.db #0x00	; 0
    00000F0C 00                    3897 	.db #0x00	; 0
    00000F0D 00                    3898 	.db #0x00	; 0
    00000F0E 00                    3899 	.db #0x00	; 0
    00000F0F 00                    3900 	.db #0x00	; 0
    00000F10 00                    3901 	.db #0x00	; 0
    00000F11 00                    3902 	.db #0x00	; 0
    00000F12 7E                    3903 	.db #0x7e	; 126
    00000F13 7E                    3904 	.db #0x7e	; 126
    00000F14 E7                    3905 	.db #0xe7	; 231
    00000F15 E7                    3906 	.db #0xe7	; 231
    00000F16 CE                    3907 	.db #0xce	; 206
    00000F17 CE                    3908 	.db #0xce	; 206
    00000F18 18                    3909 	.db #0x18	; 24
    00000F19 18                    3910 	.db #0x18	; 24
    00000F1A 00                    3911 	.db #0x00	; 0
    00000F1B 00                    3912 	.db #0x00	; 0
    00000F1C 18                    3913 	.db #0x18	; 24
    00000F1D 18                    3914 	.db #0x18	; 24
    00000F1E 18                    3915 	.db #0x18	; 24
    00000F1F 18                    3916 	.db #0x18	; 24
                                   3917 	.area _INITIALIZER
                                   3918 	.area _CABS (ABS)
