                                      1 ;--------------------------------------------------------
                                      2 ; File Created by SDCC : free open source ISO C Compiler
                                      3 ; Version 4.5.1 #15267 (Linux)
                                      4 ;--------------------------------------------------------
                                      5 	.module Titlescreen
                                      6 	
                                      7 ;--------------------------------------------------------
                                      8 ; Public variables in this module
                                      9 ;--------------------------------------------------------
                                     10 	.globl _Titlescreen
                                     11 ;--------------------------------------------------------
                                     12 ; special function registers
                                     13 ;--------------------------------------------------------
                                     14 	.area _HRAM
                                     15 ;--------------------------------------------------------
                                     16 ; ram data
                                     17 ;--------------------------------------------------------
                                     18 	.area _DATA
                                     19 ;--------------------------------------------------------
                                     20 ; ram data
                                     21 ;--------------------------------------------------------
                                     22 	.area _INITIALIZED
                                     23 ;--------------------------------------------------------
                                     24 ; absolute external ram data
                                     25 ;--------------------------------------------------------
                                     26 	.area _DABS (ABS)
                                     27 ;--------------------------------------------------------
                                     28 ; global & static initialisations
                                     29 ;--------------------------------------------------------
                                     30 	.area _HOME
                                     31 	.area _GSINIT
                                     32 	.area _GSFINAL
                                     33 	.area _GSINIT
                                     34 ;--------------------------------------------------------
                                     35 ; Home
                                     36 ;--------------------------------------------------------
                                     37 	.area _HOME
                                     38 	.area _HOME
                                     39 ;--------------------------------------------------------
                                     40 ; code
                                     41 ;--------------------------------------------------------
                                     42 	.area _CODE_2
                                     43 	.area _CODE_2
    00000000                         44 _Titlescreen:
    00000000 FF                      45 	.db #0xff	; 255
    00000001 00                      46 	.db #0x00	; 0
    00000002 FF                      47 	.db #0xff	; 255
    00000003 00                      48 	.db #0x00	; 0
    00000004 FF                      49 	.db #0xff	; 255
    00000005 00                      50 	.db #0x00	; 0
    00000006 FF                      51 	.db #0xff	; 255
    00000007 00                      52 	.db #0x00	; 0
    00000008 FF                      53 	.db #0xff	; 255
    00000009 00                      54 	.db #0x00	; 0
    0000000A FF                      55 	.db #0xff	; 255
    0000000B 00                      56 	.db #0x00	; 0
    0000000C FF                      57 	.db #0xff	; 255
    0000000D 00                      58 	.db #0x00	; 0
    0000000E FF                      59 	.db #0xff	; 255
    0000000F 00                      60 	.db #0x00	; 0
    00000010 FF                      61 	.db #0xff	; 255
    00000011 FF                      62 	.db #0xff	; 255
    00000012 FF                      63 	.db #0xff	; 255
    00000013 FF                      64 	.db #0xff	; 255
    00000014 FF                      65 	.db #0xff	; 255
    00000015 FF                      66 	.db #0xff	; 255
    00000016 FF                      67 	.db #0xff	; 255
    00000017 FF                      68 	.db #0xff	; 255
    00000018 FF                      69 	.db #0xff	; 255
    00000019 FF                      70 	.db #0xff	; 255
    0000001A FF                      71 	.db #0xff	; 255
    0000001B FF                      72 	.db #0xff	; 255
    0000001C FF                      73 	.db #0xff	; 255
    0000001D FF                      74 	.db #0xff	; 255
    0000001E FF                      75 	.db #0xff	; 255
    0000001F FF                      76 	.db #0xff	; 255
    00000020 00                      77 	.db #0x00	; 0
    00000021 00                      78 	.db #0x00	; 0
    00000022 00                      79 	.db #0x00	; 0
    00000023 00                      80 	.db #0x00	; 0
    00000024 00                      81 	.db #0x00	; 0
    00000025 00                      82 	.db #0x00	; 0
    00000026 03                      83 	.db #0x03	; 3
    00000027 03                      84 	.db #0x03	; 3
    00000028 0E                      85 	.db #0x0e	; 14
    00000029 0F                      86 	.db #0x0f	; 15
    0000002A 09                      87 	.db #0x09	; 9
    0000002B 0F                      88 	.db #0x0f	; 15
    0000002C 0B                      89 	.db #0x0b	; 11
    0000002D 0F                      90 	.db #0x0f	; 15
    0000002E 0C                      91 	.db #0x0c	; 12
    0000002F 0F                      92 	.db #0x0f	; 15
    00000030 00                      93 	.db #0x00	; 0
    00000031 00                      94 	.db #0x00	; 0
    00000032 00                      95 	.db #0x00	; 0
    00000033 00                      96 	.db #0x00	; 0
    00000034 00                      97 	.db #0x00	; 0
    00000035 00                      98 	.db #0x00	; 0
    00000036 F8                      99 	.db #0xf8	; 248
    00000037 F8                     100 	.db #0xf8	; 248
    00000038 0F                     101 	.db #0x0f	; 15
    00000039 FF                     102 	.db #0xff	; 255
    0000003A F1                     103 	.db #0xf1	; 241
    0000003B FF                     104 	.db #0xff	; 255
    0000003C 9E                     105 	.db #0x9e	; 158
    0000003D FF                     106 	.db #0xff	; 255
    0000003E AC                     107 	.db #0xac	; 172
    0000003F 5F                     108 	.db #0x5f	; 95
    00000040 00                     109 	.db #0x00	; 0
    00000041 00                     110 	.db #0x00	; 0
    00000042 00                     111 	.db #0x00	; 0
    00000043 00                     112 	.db #0x00	; 0
    00000044 00                     113 	.db #0x00	; 0
    00000045 00                     114 	.db #0x00	; 0
    00000046 FC                     115 	.db #0xfc	; 252
    00000047 FC                     116 	.db #0xfc	; 252
    00000048 86                     117 	.db #0x86	; 134
    00000049 FE                     118 	.db #0xfe	; 254
    0000004A 3A                     119 	.db #0x3a	; 58
    0000004B FE                     120 	.db #0xfe	; 254
    0000004C 06                     121 	.db #0x06	; 6
    0000004D FE                     122 	.db #0xfe	; 254
    0000004E FC                     123 	.db #0xfc	; 252
    0000004F 7C                     124 	.db #0x7c	; 124
    00000050 00                     125 	.db #0x00	; 0
    00000051 00                     126 	.db #0x00	; 0
    00000052 00                     127 	.db #0x00	; 0
    00000053 00                     128 	.db #0x00	; 0
    00000054 00                     129 	.db #0x00	; 0
    00000055 00                     130 	.db #0x00	; 0
    00000056 00                     131 	.db #0x00	; 0
    00000057 00                     132 	.db #0x00	; 0
    00000058 00                     133 	.db #0x00	; 0
    00000059 00                     134 	.db #0x00	; 0
    0000005A 01                     135 	.db #0x01	; 1
    0000005B 01                     136 	.db #0x01	; 1
    0000005C 03                     137 	.db #0x03	; 3
    0000005D 03                     138 	.db #0x03	; 3
    0000005E 06                     139 	.db #0x06	; 6
    0000005F 07                     140 	.db #0x07	; 7
    00000060 00                     141 	.db #0x00	; 0
    00000061 00                     142 	.db #0x00	; 0
    00000062 00                     143 	.db #0x00	; 0
    00000063 00                     144 	.db #0x00	; 0
    00000064 00                     145 	.db #0x00	; 0
    00000065 00                     146 	.db #0x00	; 0
    00000066 00                     147 	.db #0x00	; 0
    00000067 00                     148 	.db #0x00	; 0
    00000068 00                     149 	.db #0x00	; 0
    00000069 00                     150 	.db #0x00	; 0
    0000006A F0                     151 	.db #0xf0	; 240
    0000006B F0                     152 	.db #0xf0	; 240
    0000006C 10                     153 	.db #0x10	; 16
    0000006D F0                     154 	.db #0xf0	; 240
    0000006E F0                     155 	.db #0xf0	; 240
    0000006F F0                     156 	.db #0xf0	; 240
    00000070 00                     157 	.db #0x00	; 0
    00000071 00                     158 	.db #0x00	; 0
    00000072 00                     159 	.db #0x00	; 0
    00000073 00                     160 	.db #0x00	; 0
    00000074 00                     161 	.db #0x00	; 0
    00000075 00                     162 	.db #0x00	; 0
    00000076 00                     163 	.db #0x00	; 0
    00000077 00                     164 	.db #0x00	; 0
    00000078 00                     165 	.db #0x00	; 0
    00000079 00                     166 	.db #0x00	; 0
    0000007A 00                     167 	.db #0x00	; 0
    0000007B 00                     168 	.db #0x00	; 0
    0000007C 01                     169 	.db #0x01	; 1
    0000007D 01                     170 	.db #0x01	; 1
    0000007E 01                     171 	.db #0x01	; 1
    0000007F 01                     172 	.db #0x01	; 1
    00000080 00                     173 	.db #0x00	; 0
    00000081 00                     174 	.db #0x00	; 0
    00000082 00                     175 	.db #0x00	; 0
    00000083 00                     176 	.db #0x00	; 0
    00000084 00                     177 	.db #0x00	; 0
    00000085 00                     178 	.db #0x00	; 0
    00000086 00                     179 	.db #0x00	; 0
    00000087 00                     180 	.db #0x00	; 0
    00000088 00                     181 	.db #0x00	; 0
    00000089 00                     182 	.db #0x00	; 0
    0000008A 7C                     183 	.db #0x7c	; 124
    0000008B 7C                     184 	.db #0x7c	; 124
    0000008C C6                     185 	.db #0xc6	; 198
    0000008D FE                     186 	.db #0xfe	; 254
    0000008E BA                     187 	.db #0xba	; 186
    0000008F 76                     188 	.db #0x76	; 118	'v'
    00000090 07                     189 	.db #0x07	; 7
    00000091 07                     190 	.db #0x07	; 7
    00000092 00                     191 	.db #0x00	; 0
    00000093 00                     192 	.db #0x00	; 0
    00000094 00                     193 	.db #0x00	; 0
    00000095 00                     194 	.db #0x00	; 0
    00000096 00                     195 	.db #0x00	; 0
    00000097 00                     196 	.db #0x00	; 0
    00000098 00                     197 	.db #0x00	; 0
    00000099 00                     198 	.db #0x00	; 0
    0000009A 0F                     199 	.db #0x0f	; 15
    0000009B 0F                     200 	.db #0x0f	; 15
    0000009C 1D                     201 	.db #0x1d	; 29
    0000009D 1A                     202 	.db #0x1a	; 26
    0000009E 1F                     203 	.db #0x1f	; 31
    0000009F 13                     204 	.db #0x13	; 19
    000000A0 FC                     205 	.db #0xfc	; 252
    000000A1 FF                     206 	.db #0xff	; 255
    000000A2 0A                     207 	.db #0x0a	; 10
    000000A3 0D                     208 	.db #0x0d	; 13
    000000A4 09                     209 	.db #0x09	; 9
    000000A5 0F                     210 	.db #0x0f	; 15
    000000A6 1B                     211 	.db #0x1b	; 27
    000000A7 1D                     212 	.db #0x1d	; 29
    000000A8 15                     213 	.db #0x15	; 21
    000000A9 1B                     214 	.db #0x1b	; 27
    000000AA 9B                     215 	.db #0x9b	; 155
    000000AB 97                     216 	.db #0x97	; 151
    000000AC B6                     217 	.db #0xb6	; 182
    000000AD BA                     218 	.db #0xba	; 186
    000000AE BE                     219 	.db #0xbe	; 190
    000000AF A6                     220 	.db #0xa6	; 166
    000000B0 C0                     221 	.db #0xc0	; 192
    000000B1 C0                     222 	.db #0xc0	; 192
    000000B2 80                     223 	.db #0x80	; 128
    000000B3 80                     224 	.db #0x80	; 128
    000000B4 80                     225 	.db #0x80	; 128
    000000B5 80                     226 	.db #0x80	; 128
    000000B6 00                     227 	.db #0x00	; 0
    000000B7 00                     228 	.db #0x00	; 0
    000000B8 1F                     229 	.db #0x1f	; 31
    000000B9 1F                     230 	.db #0x1f	; 31
    000000BA 7B                     231 	.db #0x7b	; 123
    000000BB 74                     232 	.db #0x74	; 116	't'
    000000BC 5D                     233 	.db #0x5d	; 93
    000000BD 6E                     234 	.db #0x6e	; 110	'n'
    000000BE FF                     235 	.db #0xff	; 255
    000000BF CC                     236 	.db #0xcc	; 204
    000000C0 0C                     237 	.db #0x0c	; 12
    000000C1 0F                     238 	.db #0x0f	; 15
    000000C2 0A                     239 	.db #0x0a	; 10
    000000C3 0D                     240 	.db #0x0d	; 13
    000000C4 09                     241 	.db #0x09	; 9
    000000C5 0F                     242 	.db #0x0f	; 15
    000000C6 1B                     243 	.db #0x1b	; 27
    000000C7 1D                     244 	.db #0x1d	; 29
    000000C8 D5                     245 	.db #0xd5	; 213
    000000C9 DB                     246 	.db #0xdb	; 219
    000000CA DB                     247 	.db #0xdb	; 219
    000000CB 57                     248 	.db #0x57	; 87	'W'
    000000CC 77                     249 	.db #0x77	; 119	'w'
    000000CD FB                     250 	.db #0xfb	; 251
    000000CE FF                     251 	.db #0xff	; 255
    000000CF E3                     252 	.db #0xe3	; 227
    000000D0 80                     253 	.db #0x80	; 128
    000000D1 80                     254 	.db #0x80	; 128
    000000D2 80                     255 	.db #0x80	; 128
    000000D3 80                     256 	.db #0x80	; 128
    000000D4 80                     257 	.db #0x80	; 128
    000000D5 80                     258 	.db #0x80	; 128
    000000D6 00                     259 	.db #0x00	; 0
    000000D7 00                     260 	.db #0x00	; 0
    000000D8 FC                     261 	.db #0xfc	; 252
    000000D9 FC                     262 	.db #0xfc	; 252
    000000DA BE                     263 	.db #0xbe	; 190
    000000DB C6                     264 	.db #0xc6	; 198
    000000DC 7F                     265 	.db #0x7f	; 127
    000000DD BB                     266 	.db #0xbb	; 187
    000000DE FF                     267 	.db #0xff	; 255
    000000DF 1B                     268 	.db #0x1b	; 27
    000000E0 00                     269 	.db #0x00	; 0
    000000E1 00                     270 	.db #0x00	; 0
    000000E2 00                     271 	.db #0x00	; 0
    000000E3 00                     272 	.db #0x00	; 0
    000000E4 00                     273 	.db #0x00	; 0
    000000E5 00                     274 	.db #0x00	; 0
    000000E6 00                     275 	.db #0x00	; 0
    000000E7 00                     276 	.db #0x00	; 0
    000000E8 7C                     277 	.db #0x7c	; 124
    000000E9 7C                     278 	.db #0x7c	; 124
    000000EA FE                     279 	.db #0xfe	; 254
    000000EB C6                     280 	.db #0xc6	; 198
    000000EC DE                     281 	.db #0xde	; 222
    000000ED BA                     282 	.db #0xba	; 186
    000000EE FE                     283 	.db #0xfe	; 254
    000000EF 1E                     284 	.db #0x1e	; 30
    000000F0 00                     285 	.db #0x00	; 0
    000000F1 00                     286 	.db #0x00	; 0
    000000F2 00                     287 	.db #0x00	; 0
    000000F3 00                     288 	.db #0x00	; 0
    000000F4 00                     289 	.db #0x00	; 0
    000000F5 00                     290 	.db #0x00	; 0
    000000F6 00                     291 	.db #0x00	; 0
    000000F7 00                     292 	.db #0x00	; 0
    000000F8 1F                     293 	.db #0x1f	; 31
    000000F9 1F                     294 	.db #0x1f	; 31
    000000FA 3B                     295 	.db #0x3b	; 59
    000000FB 35                     296 	.db #0x35	; 53	'5'
    000000FC 75                     297 	.db #0x75	; 117	'u'
    000000FD 6E                     298 	.db #0x6e	; 110	'n'
    000000FE 7F                     299 	.db #0x7f	; 127
    000000FF 4D                     300 	.db #0x4d	; 77	'M'
    00000100 03                     301 	.db #0x03	; 3
    00000101 03                     302 	.db #0x03	; 3
    00000102 02                     303 	.db #0x02	; 2
    00000103 03                     304 	.db #0x03	; 3
    00000104 07                     305 	.db #0x07	; 7
    00000105 06                     306 	.db #0x06	; 6
    00000106 06                     307 	.db #0x06	; 6
    00000107 05                     308 	.db #0x05	; 5
    00000108 7D                     309 	.db #0x7d	; 125
    00000109 7E                     310 	.db #0x7e	; 126
    0000010A FB                     311 	.db #0xfb	; 251
    0000010B C4                     312 	.db #0xc4	; 196
    0000010C FD                     313 	.db #0xfd	; 253
    0000010D FA                     314 	.db #0xfa	; 250
    0000010E CF                     315 	.db #0xcf	; 207
    0000010F 48                     316 	.db #0x48	; 72	'H'
    00000110 36                     317 	.db #0x36	; 54	'6'
    00000111 FE                     318 	.db #0xfe	; 254
    00000112 FC                     319 	.db #0xfc	; 252
    00000113 7C                     320 	.db #0x7c	; 124
    00000114 40                     321 	.db #0x40	; 64
    00000115 C0                     322 	.db #0xc0	; 192
    00000116 C0                     323 	.db #0xc0	; 192
    00000117 40                     324 	.db #0x40	; 64
    00000118 F0                     325 	.db #0xf0	; 240
    00000119 F0                     326 	.db #0xf0	; 240
    0000011A B0                     327 	.db #0xb0	; 176
    0000011B 50                     328 	.db #0x50	; 80	'P'
    0000011C F0                     329 	.db #0xf0	; 240
    0000011D F0                     330 	.db #0xf0	; 240
    0000011E 80                     331 	.db #0x80	; 128
    0000011F 80                     332 	.db #0x80	; 128
    00000120 1E                     333 	.db #0x1e	; 30
    00000121 16                     334 	.db #0x16	; 22
    00000122 1E                     335 	.db #0x1e	; 30
    00000123 16                     336 	.db #0x16	; 22
    00000124 1F                     337 	.db #0x1f	; 31
    00000125 1B                     338 	.db #0x1b	; 27
    00000126 0F                     339 	.db #0x0f	; 15
    00000127 0C                     340 	.db #0x0c	; 12
    00000128 07                     341 	.db #0x07	; 7
    00000129 07                     342 	.db #0x07	; 7
    0000012A 00                     343 	.db #0x00	; 0
    0000012B 00                     344 	.db #0x00	; 0
    0000012C 00                     345 	.db #0x00	; 0
    0000012D 00                     346 	.db #0x00	; 0
    0000012E 00                     347 	.db #0x00	; 0
    0000012F 00                     348 	.db #0x00	; 0
    00000130 7C                     349 	.db #0x7c	; 124
    00000131 64                     350 	.db #0x64	; 100	'd'
    00000132 FC                     351 	.db #0xfc	; 252
    00000133 CC                     352 	.db #0xcc	; 204
    00000134 FE                     353 	.db #0xfe	; 254
    00000135 9E                     354 	.db #0x9e	; 158
    00000136 FF                     355 	.db #0xff	; 255
    00000137 7F                     356 	.db #0x7f	; 127
    00000138 D1                     357 	.db #0xd1	; 209
    00000139 DF                     358 	.db #0xdf	; 223
    0000013A 31                     359 	.db #0x31	; 49	'1'
    0000013B 3F                     360 	.db #0x3f	; 63
    0000013C 35                     361 	.db #0x35	; 53	'5'
    0000013D 3B                     362 	.db #0x3b	; 59
    0000013E 6B                     363 	.db #0x6b	; 107	'k'
    0000013F 77                     364 	.db #0x77	; 119	'w'
    00000140 FF                     365 	.db #0xff	; 255
    00000141 00                     366 	.db #0x00	; 0
    00000142 FF                     367 	.db #0xff	; 255
    00000143 00                     368 	.db #0x00	; 0
    00000144 AA                     369 	.db #0xaa	; 170
    00000145 00                     370 	.db #0x00	; 0
    00000146 44                     371 	.db #0x44	; 68	'D'
    00000147 00                     372 	.db #0x00	; 0
    00000148 AA                     373 	.db #0xaa	; 170
    00000149 00                     374 	.db #0x00	; 0
    0000014A 00                     375 	.db #0x00	; 0
    0000014B 00                     376 	.db #0x00	; 0
    0000014C 44                     377 	.db #0x44	; 68	'D'
    0000014D 00                     378 	.db #0x00	; 0
    0000014E 00                     379 	.db #0x00	; 0
    0000014F 00                     380 	.db #0x00	; 0
    00000150 FD                     381 	.db #0xfd	; 253
    00000151 8A                     382 	.db #0x8a	; 138
    00000152 FF                     383 	.db #0xff	; 255
    00000153 99                     384 	.db #0x99	; 153
    00000154 FF                     385 	.db #0xff	; 255
    00000155 90                     386 	.db #0x90	; 144
    00000156 FF                     387 	.db #0xff	; 255
    00000157 89                     388 	.db #0x89	; 137
    00000158 FF                     389 	.db #0xff	; 255
    00000159 FF                     390 	.db #0xff	; 255
    0000015A FF                     391 	.db #0xff	; 255
    0000015B FF                     392 	.db #0xff	; 255
    0000015C FF                     393 	.db #0xff	; 255
    0000015D 01                     394 	.db #0x01	; 1
    0000015E FF                     395 	.db #0xff	; 255
    0000015F C7                     396 	.db #0xc7	; 199
    00000160 BF                     397 	.db #0xbf	; 191
    00000161 A6                     398 	.db #0xa6	; 166
    00000162 FF                     399 	.db #0xff	; 255
    00000163 E6                     400 	.db #0xe6	; 230
    00000164 FF                     401 	.db #0xff	; 255
    00000165 C6                     402 	.db #0xc6	; 198
    00000166 FF                     403 	.db #0xff	; 255
    00000167 8F                     404 	.db #0x8f	; 143
    00000168 F9                     405 	.db #0xf9	; 249
    00000169 F9                     406 	.db #0xf9	; 249
    0000016A 01                     407 	.db #0x01	; 1
    0000016B 01                     408 	.db #0x01	; 1
    0000016C 01                     409 	.db #0x01	; 1
    0000016D 01                     410 	.db #0x01	; 1
    0000016E 01                     411 	.db #0x01	; 1
    0000016F 01                     412 	.db #0x01	; 1
    00000170 FD                     413 	.db #0xfd	; 253
    00000171 62                     414 	.db #0x62	; 98	'b'
    00000172 FF                     415 	.db #0xff	; 255
    00000173 7C                     416 	.db #0x7c	; 124
    00000174 FF                     417 	.db #0xff	; 255
    00000175 75                     418 	.db #0x75	; 117	'u'
    00000176 FF                     419 	.db #0xff	; 255
    00000177 0E                     420 	.db #0x0e	; 14
    00000178 FB                     421 	.db #0xfb	; 251
    00000179 FB                     422 	.db #0xfb	; 251
    0000017A FF                     423 	.db #0xff	; 255
    0000017B FF                     424 	.db #0xff	; 255
    0000017C FF                     425 	.db #0xff	; 255
    0000017D 01                     426 	.db #0x01	; 1
    0000017E FF                     427 	.db #0xff	; 255
    0000017F C7                     428 	.db #0xc7	; 199
    00000180 F8                     429 	.db #0xf8	; 248
    00000181 88                     430 	.db #0x88	; 136
    00000182 F8                     431 	.db #0xf8	; 248
    00000183 C8                     432 	.db #0xc8	; 200
    00000184 F8                     433 	.db #0xf8	; 248
    00000185 D8                     434 	.db #0xd8	; 216
    00000186 F0                     435 	.db #0xf0	; 240
    00000187 30                     436 	.db #0x30	; 48	'0'
    00000188 E0                     437 	.db #0xe0	; 224
    00000189 E0                     438 	.db #0xe0	; 224
    0000018A 7F                     439 	.db #0x7f	; 127
    0000018B 7F                     440 	.db #0x7f	; 127
    0000018C 7F                     441 	.db #0x7f	; 127
    0000018D 40                     442 	.db #0x40	; 64
    0000018E 7F                     443 	.db #0x7f	; 127
    0000018F 4F                     444 	.db #0x4f	; 79	'O'
    00000190 7F                     445 	.db #0x7f	; 127
    00000191 4F                     446 	.db #0x4f	; 79	'O'
    00000192 7F                     447 	.db #0x7f	; 127
    00000193 6E                     448 	.db #0x6e	; 110	'n'
    00000194 3F                     449 	.db #0x3f	; 63
    00000195 24                     450 	.db #0x24	; 36
    00000196 3F                     451 	.db #0x3f	; 63
    00000197 31                     452 	.db #0x31	; 49	'1'
    00000198 1F                     453 	.db #0x1f	; 31
    00000199 1F                     454 	.db #0x1f	; 31
    0000019A FF                     455 	.db #0xff	; 255
    0000019B FF                     456 	.db #0xff	; 255
    0000019C FF                     457 	.db #0xff	; 255
    0000019D 00                     458 	.db #0x00	; 0
    0000019E FF                     459 	.db #0xff	; 255
    0000019F C7                     460 	.db #0xc7	; 199
    000001A0 DD                     461 	.db #0xdd	; 221
    000001A1 5B                     462 	.db #0x5b	; 91
    000001A2 DF                     463 	.db #0xdf	; 223
    000001A3 51                     464 	.db #0x51	; 81	'Q'
    000001A4 DF                     465 	.db #0xdf	; 223
    000001A5 D3                     466 	.db #0xd3	; 211
    000001A6 9E                     467 	.db #0x9e	; 158
    000001A7 92                     468 	.db #0x92	; 146
    000001A8 3E                     469 	.db #0x3e	; 62
    000001A9 32                     470 	.db #0x32	; 50	'2'
    000001AA FF                     471 	.db #0xff	; 255
    000001AB FF                     472 	.db #0xff	; 255
    000001AC FD                     473 	.db #0xfd	; 253
    000001AD 05                     474 	.db #0x05	; 5
    000001AE FD                     475 	.db #0xfd	; 253
    000001AF E5                     476 	.db #0xe5	; 229
    000001B0 80                     477 	.db #0x80	; 128
    000001B1 80                     478 	.db #0x80	; 128
    000001B2 00                     479 	.db #0x00	; 0
    000001B3 00                     480 	.db #0x00	; 0
    000001B4 00                     481 	.db #0x00	; 0
    000001B5 00                     482 	.db #0x00	; 0
    000001B6 00                     483 	.db #0x00	; 0
    000001B7 00                     484 	.db #0x00	; 0
    000001B8 00                     485 	.db #0x00	; 0
    000001B9 00                     486 	.db #0x00	; 0
    000001BA FF                     487 	.db #0xff	; 255
    000001BB FF                     488 	.db #0xff	; 255
    000001BC FF                     489 	.db #0xff	; 255
    000001BD 01                     490 	.db #0x01	; 1
    000001BE FF                     491 	.db #0xff	; 255
    000001BF C7                     492 	.db #0xc7	; 199
    000001C0 00                     493 	.db #0x00	; 0
    000001C1 00                     494 	.db #0x00	; 0
    000001C2 00                     495 	.db #0x00	; 0
    000001C3 00                     496 	.db #0x00	; 0
    000001C4 00                     497 	.db #0x00	; 0
    000001C5 00                     498 	.db #0x00	; 0
    000001C6 00                     499 	.db #0x00	; 0
    000001C7 00                     500 	.db #0x00	; 0
    000001C8 00                     501 	.db #0x00	; 0
    000001C9 00                     502 	.db #0x00	; 0
    000001CA 0F                     503 	.db #0x0f	; 15
    000001CB 0F                     504 	.db #0x0f	; 15
    000001CC 0F                     505 	.db #0x0f	; 15
    000001CD 08                     506 	.db #0x08	; 8
    000001CE 0F                     507 	.db #0x0f	; 15
    000001CF 0E                     508 	.db #0x0e	; 14
    000001D0 00                     509 	.db #0x00	; 0
    000001D1 00                     510 	.db #0x00	; 0
    000001D2 00                     511 	.db #0x00	; 0
    000001D3 00                     512 	.db #0x00	; 0
    000001D4 00                     513 	.db #0x00	; 0
    000001D5 00                     514 	.db #0x00	; 0
    000001D6 00                     515 	.db #0x00	; 0
    000001D7 00                     516 	.db #0x00	; 0
    000001D8 00                     517 	.db #0x00	; 0
    000001D9 00                     518 	.db #0x00	; 0
    000001DA F8                     519 	.db #0xf8	; 248
    000001DB F8                     520 	.db #0xf8	; 248
    000001DC F8                     521 	.db #0xf8	; 248
    000001DD 08                     522 	.db #0x08	; 8
    000001DE F8                     523 	.db #0xf8	; 248
    000001DF 38                     524 	.db #0x38	; 56	'8'
    000001E0 00                     525 	.db #0x00	; 0
    000001E1 00                     526 	.db #0x00	; 0
    000001E2 00                     527 	.db #0x00	; 0
    000001E3 00                     528 	.db #0x00	; 0
    000001E4 00                     529 	.db #0x00	; 0
    000001E5 00                     530 	.db #0x00	; 0
    000001E6 00                     531 	.db #0x00	; 0
    000001E7 00                     532 	.db #0x00	; 0
    000001E8 00                     533 	.db #0x00	; 0
    000001E9 00                     534 	.db #0x00	; 0
    000001EA 0F                     535 	.db #0x0f	; 15
    000001EB 0F                     536 	.db #0x0f	; 15
    000001EC 3F                     537 	.db #0x3f	; 63
    000001ED 38                     538 	.db #0x38	; 56	'8'
    000001EE 7F                     539 	.db #0x7f	; 127
    000001EF 61                     540 	.db #0x61	; 97	'a'
    000001F0 00                     541 	.db #0x00	; 0
    000001F1 00                     542 	.db #0x00	; 0
    000001F2 00                     543 	.db #0x00	; 0
    000001F3 00                     544 	.db #0x00	; 0
    000001F4 00                     545 	.db #0x00	; 0
    000001F5 00                     546 	.db #0x00	; 0
    000001F6 00                     547 	.db #0x00	; 0
    000001F7 00                     548 	.db #0x00	; 0
    000001F8 00                     549 	.db #0x00	; 0
    000001F9 00                     550 	.db #0x00	; 0
    000001FA FC                     551 	.db #0xfc	; 252
    000001FB FC                     552 	.db #0xfc	; 252
    000001FC FF                     553 	.db #0xff	; 255
    000001FD 07                     554 	.db #0x07	; 7
    000001FE FF                     555 	.db #0xff	; 255
    000001FF F1                     556 	.db #0xf1	; 241
    00000200 00                     557 	.db #0x00	; 0
    00000201 00                     558 	.db #0x00	; 0
    00000202 00                     559 	.db #0x00	; 0
    00000203 00                     560 	.db #0x00	; 0
    00000204 00                     561 	.db #0x00	; 0
    00000205 00                     562 	.db #0x00	; 0
    00000206 00                     563 	.db #0x00	; 0
    00000207 00                     564 	.db #0x00	; 0
    00000208 00                     565 	.db #0x00	; 0
    00000209 00                     566 	.db #0x00	; 0
    0000020A 00                     567 	.db #0x00	; 0
    0000020B 00                     568 	.db #0x00	; 0
    0000020C 00                     569 	.db #0x00	; 0
    0000020D 00                     570 	.db #0x00	; 0
    0000020E 81                     571 	.db #0x81	; 129
    0000020F 81                     572 	.db #0x81	; 129
    00000210 00                     573 	.db #0x00	; 0
    00000211 00                     574 	.db #0x00	; 0
    00000212 00                     575 	.db #0x00	; 0
    00000213 00                     576 	.db #0x00	; 0
    00000214 00                     577 	.db #0x00	; 0
    00000215 00                     578 	.db #0x00	; 0
    00000216 00                     579 	.db #0x00	; 0
    00000217 00                     580 	.db #0x00	; 0
    00000218 00                     581 	.db #0x00	; 0
    00000219 00                     582 	.db #0x00	; 0
    0000021A 3F                     583 	.db #0x3f	; 63
    0000021B 3F                     584 	.db #0x3f	; 63
    0000021C FF                     585 	.db #0xff	; 255
    0000021D E0                     586 	.db #0xe0	; 224
    0000021E FF                     587 	.db #0xff	; 255
    0000021F 8F                     588 	.db #0x8f	; 143
    00000220 00                     589 	.db #0x00	; 0
    00000221 00                     590 	.db #0x00	; 0
    00000222 00                     591 	.db #0x00	; 0
    00000223 00                     592 	.db #0x00	; 0
    00000224 00                     593 	.db #0x00	; 0
    00000225 00                     594 	.db #0x00	; 0
    00000226 00                     595 	.db #0x00	; 0
    00000227 00                     596 	.db #0x00	; 0
    00000228 00                     597 	.db #0x00	; 0
    00000229 00                     598 	.db #0x00	; 0
    0000022A C0                     599 	.db #0xc0	; 192
    0000022B C0                     600 	.db #0xc0	; 192
    0000022C F0                     601 	.db #0xf0	; 240
    0000022D 70                     602 	.db #0x70	; 112	'p'
    0000022E F0                     603 	.db #0xf0	; 240
    0000022F 10                     604 	.db #0x10	; 16
    00000230 00                     605 	.db #0x00	; 0
    00000231 00                     606 	.db #0x00	; 0
    00000232 00                     607 	.db #0x00	; 0
    00000233 00                     608 	.db #0x00	; 0
    00000234 00                     609 	.db #0x00	; 0
    00000235 00                     610 	.db #0x00	; 0
    00000236 00                     611 	.db #0x00	; 0
    00000237 00                     612 	.db #0x00	; 0
    00000238 00                     613 	.db #0x00	; 0
    00000239 00                     614 	.db #0x00	; 0
    0000023A 00                     615 	.db #0x00	; 0
    0000023B 00                     616 	.db #0x00	; 0
    0000023C 00                     617 	.db #0x00	; 0
    0000023D 00                     618 	.db #0x00	; 0
    0000023E 03                     619 	.db #0x03	; 3
    0000023F 00                     620 	.db #0x00	; 0
    00000240 00                     621 	.db #0x00	; 0
    00000241 00                     622 	.db #0x00	; 0
    00000242 00                     623 	.db #0x00	; 0
    00000243 00                     624 	.db #0x00	; 0
    00000244 00                     625 	.db #0x00	; 0
    00000245 00                     626 	.db #0x00	; 0
    00000246 00                     627 	.db #0x00	; 0
    00000247 00                     628 	.db #0x00	; 0
    00000248 00                     629 	.db #0x00	; 0
    00000249 00                     630 	.db #0x00	; 0
    0000024A 03                     631 	.db #0x03	; 3
    0000024B 03                     632 	.db #0x03	; 3
    0000024C 06                     633 	.db #0x06	; 6
    0000024D 07                     634 	.db #0x07	; 7
    0000024E CC                     635 	.db #0xcc	; 204
    0000024F 0F                     636 	.db #0x0f	; 15
    00000250 00                     637 	.db #0x00	; 0
    00000251 00                     638 	.db #0x00	; 0
    00000252 00                     639 	.db #0x00	; 0
    00000253 00                     640 	.db #0x00	; 0
    00000254 00                     641 	.db #0x00	; 0
    00000255 00                     642 	.db #0x00	; 0
    00000256 00                     643 	.db #0x00	; 0
    00000257 00                     644 	.db #0x00	; 0
    00000258 00                     645 	.db #0x00	; 0
    00000259 00                     646 	.db #0x00	; 0
    0000025A F3                     647 	.db #0xf3	; 243
    0000025B F3                     648 	.db #0xf3	; 243
    0000025C 3F                     649 	.db #0x3f	; 63
    0000025D FF                     650 	.db #0xff	; 255
    0000025E A4                     651 	.db #0xa4	; 164
    0000025F 5F                     652 	.db #0x5f	; 95
    00000260 00                     653 	.db #0x00	; 0
    00000261 00                     654 	.db #0x00	; 0
    00000262 00                     655 	.db #0x00	; 0
    00000263 00                     656 	.db #0x00	; 0
    00000264 00                     657 	.db #0x00	; 0
    00000265 00                     658 	.db #0x00	; 0
    00000266 00                     659 	.db #0x00	; 0
    00000267 00                     660 	.db #0x00	; 0
    00000268 00                     661 	.db #0x00	; 0
    00000269 00                     662 	.db #0x00	; 0
    0000026A FF                     663 	.db #0xff	; 255
    0000026B FF                     664 	.db #0xff	; 255
    0000026C FE                     665 	.db #0xfe	; 254
    0000026D FF                     666 	.db #0xff	; 255
    0000026E 05                     667 	.db #0x05	; 5
    0000026F FF                     668 	.db #0xff	; 255
    00000270 6B                     669 	.db #0x6b	; 107	'k'
    00000271 77                     670 	.db #0x77	; 119	'w'
    00000272 6B                     671 	.db #0x6b	; 107	'k'
    00000273 77                     672 	.db #0x77	; 119	'w'
    00000274 72                     673 	.db #0x72	; 114	'r'
    00000275 6E                     674 	.db #0x6e	; 110	'n'
    00000276 46                     675 	.db #0x46	; 70	'F'
    00000277 7E                     676 	.db #0x7e	; 126
    00000278 46                     677 	.db #0x46	; 70	'F'
    00000279 6E                     678 	.db #0x6e	; 110	'n'
    0000027A C7                     679 	.db #0xc7	; 199
    0000027B FF                     680 	.db #0xff	; 255
    0000027C 10                     681 	.db #0x10	; 16
    0000027D EF                     682 	.db #0xef	; 239
    0000027E C0                     683 	.db #0xc0	; 192
    0000027F FF                     684 	.db #0xff	; 255
    00000280 7C                     685 	.db #0x7c	; 124
    00000281 44                     686 	.db #0x44	; 68	'D'
    00000282 5C                     687 	.db #0x5c	; 92
    00000283 44                     688 	.db #0x44	; 68	'D'
    00000284 7C                     689 	.db #0x7c	; 124
    00000285 44                     690 	.db #0x44	; 68	'D'
    00000286 54                     691 	.db #0x54	; 84	'T'
    00000287 44                     692 	.db #0x44	; 68	'D'
    00000288 6C                     693 	.db #0x6c	; 108	'l'
    00000289 44                     694 	.db #0x44	; 68	'D'
    0000028A C7                     695 	.db #0xc7	; 199
    0000028B C7                     696 	.db #0xc7	; 199
    0000028C 6C                     697 	.db #0x6c	; 108	'l'
    0000028D C7                     698 	.db #0xc7	; 199
    0000028E 44                     699 	.db #0x44	; 68	'D'
    0000028F C7                     700 	.db #0xc7	; 199
    00000290 00                     701 	.db #0x00	; 0
    00000291 00                     702 	.db #0x00	; 0
    00000292 00                     703 	.db #0x00	; 0
    00000293 00                     704 	.db #0x00	; 0
    00000294 00                     705 	.db #0x00	; 0
    00000295 00                     706 	.db #0x00	; 0
    00000296 00                     707 	.db #0x00	; 0
    00000297 00                     708 	.db #0x00	; 0
    00000298 00                     709 	.db #0x00	; 0
    00000299 00                     710 	.db #0x00	; 0
    0000029A FF                     711 	.db #0xff	; 255
    0000029B FF                     712 	.db #0xff	; 255
    0000029C 00                     713 	.db #0x00	; 0
    0000029D FF                     714 	.db #0xff	; 255
    0000029E 00                     715 	.db #0x00	; 0
    0000029F FF                     716 	.db #0xff	; 255
    000002A0 7C                     717 	.db #0x7c	; 124
    000002A1 44                     718 	.db #0x44	; 68	'D'
    000002A2 5C                     719 	.db #0x5c	; 92
    000002A3 44                     720 	.db #0x44	; 68	'D'
    000002A4 7C                     721 	.db #0x7c	; 124
    000002A5 44                     722 	.db #0x44	; 68	'D'
    000002A6 54                     723 	.db #0x54	; 84	'T'
    000002A7 44                     724 	.db #0x44	; 68	'D'
    000002A8 6C                     725 	.db #0x6c	; 108	'l'
    000002A9 44                     726 	.db #0x44	; 68	'D'
    000002AA C7                     727 	.db #0xc7	; 199
    000002AB C7                     728 	.db #0xc7	; 199
    000002AC 6C                     729 	.db #0x6c	; 108	'l'
    000002AD C7                     730 	.db #0xc7	; 199
    000002AE 44                     731 	.db #0x44	; 68	'D'
    000002AF C7                     732 	.db #0xc7	; 199
    000002B0 78                     733 	.db #0x78	; 120	'x'
    000002B1 48                     734 	.db #0x48	; 72	'H'
    000002B2 58                     735 	.db #0x58	; 88	'X'
    000002B3 48                     736 	.db #0x48	; 72	'H'
    000002B4 78                     737 	.db #0x78	; 120	'x'
    000002B5 78                     738 	.db #0x78	; 120	'x'
    000002B6 00                     739 	.db #0x00	; 0
    000002B7 00                     740 	.db #0x00	; 0
    000002B8 00                     741 	.db #0x00	; 0
    000002B9 00                     742 	.db #0x00	; 0
    000002BA FF                     743 	.db #0xff	; 255
    000002BB FF                     744 	.db #0xff	; 255
    000002BC 00                     745 	.db #0x00	; 0
    000002BD FF                     746 	.db #0xff	; 255
    000002BE 00                     747 	.db #0x00	; 0
    000002BF FF                     748 	.db #0xff	; 255
    000002C0 7F                     749 	.db #0x7f	; 127
    000002C1 45                     750 	.db #0x45	; 69	'E'
    000002C2 5F                     751 	.db #0x5f	; 95
    000002C3 45                     752 	.db #0x45	; 69	'E'
    000002C4 7F                     753 	.db #0x7f	; 127
    000002C5 44                     754 	.db #0x44	; 68	'D'
    000002C6 57                     755 	.db #0x57	; 87	'W'
    000002C7 47                     756 	.db #0x47	; 71	'G'
    000002C8 6C                     757 	.db #0x6c	; 108	'l'
    000002C9 44                     758 	.db #0x44	; 68	'D'
    000002CA C7                     759 	.db #0xc7	; 199
    000002CB C7                     760 	.db #0xc7	; 199
    000002CC 6C                     761 	.db #0x6c	; 108	'l'
    000002CD C7                     762 	.db #0xc7	; 199
    000002CE 44                     763 	.db #0x44	; 68	'D'
    000002CF C7                     764 	.db #0xc7	; 199
    000002D0 FC                     765 	.db #0xfc	; 252
    000002D1 E4                     766 	.db #0xe4	; 228
    000002D2 FC                     767 	.db #0xfc	; 252
    000002D3 A4                     768 	.db #0xa4	; 164
    000002D4 FC                     769 	.db #0xfc	; 252
    000002D5 3C                     770 	.db #0x3c	; 60
    000002D6 E0                     771 	.db #0xe0	; 224
    000002D7 E0                     772 	.db #0xe0	; 224
    000002D8 00                     773 	.db #0x00	; 0
    000002D9 00                     774 	.db #0x00	; 0
    000002DA FF                     775 	.db #0xff	; 255
    000002DB FF                     776 	.db #0xff	; 255
    000002DC 00                     777 	.db #0x00	; 0
    000002DD FF                     778 	.db #0xff	; 255
    000002DE 00                     779 	.db #0x00	; 0
    000002DF FF                     780 	.db #0xff	; 255
    000002E0 7C                     781 	.db #0x7c	; 124
    000002E1 44                     782 	.db #0x44	; 68	'D'
    000002E2 5C                     783 	.db #0x5c	; 92
    000002E3 44                     784 	.db #0x44	; 68	'D'
    000002E4 7C                     785 	.db #0x7c	; 124
    000002E5 44                     786 	.db #0x44	; 68	'D'
    000002E6 54                     787 	.db #0x54	; 84	'T'
    000002E7 44                     788 	.db #0x44	; 68	'D'
    000002E8 6C                     789 	.db #0x6c	; 108	'l'
    000002E9 44                     790 	.db #0x44	; 68	'D'
    000002EA C7                     791 	.db #0xc7	; 199
    000002EB C7                     792 	.db #0xc7	; 199
    000002EC 6C                     793 	.db #0x6c	; 108	'l'
    000002ED C7                     794 	.db #0xc7	; 199
    000002EE 47                     795 	.db #0x47	; 71	'G'
    000002EF C7                     796 	.db #0xc7	; 199
    000002F0 03                     797 	.db #0x03	; 3
    000002F1 02                     798 	.db #0x02	; 2
    000002F2 03                     799 	.db #0x03	; 3
    000002F3 02                     800 	.db #0x02	; 2
    000002F4 03                     801 	.db #0x03	; 3
    000002F5 02                     802 	.db #0x02	; 2
    000002F6 03                     803 	.db #0x03	; 3
    000002F7 02                     804 	.db #0x02	; 2
    000002F8 02                     805 	.db #0x02	; 2
    000002F9 02                     806 	.db #0x02	; 2
    000002FA FE                     807 	.db #0xfe	; 254
    000002FB FE                     808 	.db #0xfe	; 254
    000002FC 02                     809 	.db #0x02	; 2
    000002FD FE                     810 	.db #0xfe	; 254
    000002FE FE                     811 	.db #0xfe	; 254
    000002FF FE                     812 	.db #0xfe	; 254
    00000300 E0                     813 	.db #0xe0	; 224
    00000301 20                     814 	.db #0x20	; 32
    00000302 E0                     815 	.db #0xe0	; 224
    00000303 20                     816 	.db #0x20	; 32
    00000304 E1                     817 	.db #0xe1	; 225
    00000305 21                     818 	.db #0x21	; 33
    00000306 61                     819 	.db #0x61	; 97	'a'
    00000307 21                     820 	.db #0x21	; 33
    00000308 A3                     821 	.db #0xa3	; 163
    00000309 23                     822 	.db #0x23	; 35
    0000030A 7E                     823 	.db #0x7e	; 126
    0000030B 3E                     824 	.db #0x3e	; 62
    0000030C A2                     825 	.db #0xa2	; 162
    0000030D 3E                     826 	.db #0x3e	; 62
    0000030E 22                     827 	.db #0x22	; 34
    0000030F 3E                     828 	.db #0x3e	; 62
    00000310 FF                     829 	.db #0xff	; 255
    00000311 C7                     830 	.db #0xc7	; 199
    00000312 DC                     831 	.db #0xdc	; 220
    00000313 8C                     832 	.db #0x8c	; 140
    00000314 F8                     833 	.db #0xf8	; 248
    00000315 98                     834 	.db #0x98	; 152
    00000316 50                     835 	.db #0x50	; 80	'P'
    00000317 10                     836 	.db #0x10	; 16
    00000318 B0                     837 	.db #0xb0	; 176
    00000319 10                     838 	.db #0x10	; 16
    0000031A 78                     839 	.db #0x78	; 120	'x'
    0000031B 38                     840 	.db #0x38	; 56	'8'
    0000031C BE                     841 	.db #0xbe	; 190
    0000031D 3E                     842 	.db #0x3e	; 62
    0000031E 27                     843 	.db #0x27	; 39
    0000031F 3F                     844 	.db #0x3f	; 63
    00000320 1F                     845 	.db #0x1f	; 31
    00000321 18                     846 	.db #0x18	; 24
    00000322 0D                     847 	.db #0x0d	; 13
    00000323 0C                     848 	.db #0x0c	; 12
    00000324 07                     849 	.db #0x07	; 7
    00000325 06                     850 	.db #0x06	; 6
    00000326 03                     851 	.db #0x03	; 3
    00000327 02                     852 	.db #0x02	; 2
    00000328 02                     853 	.db #0x02	; 2
    00000329 02                     854 	.db #0x02	; 2
    0000032A 03                     855 	.db #0x03	; 3
    0000032B 03                     856 	.db #0x03	; 3
    0000032C 01                     857 	.db #0x01	; 1
    0000032D 01                     858 	.db #0x01	; 1
    0000032E C1                     859 	.db #0xc1	; 193
    0000032F C1                     860 	.db #0xc1	; 193
    00000330 C3                     861 	.db #0xc3	; 195
    00000331 C3                     862 	.db #0xc3	; 195
    00000332 C3                     863 	.db #0xc3	; 195
    00000333 42                     864 	.db #0x42	; 66	'B'
    00000334 E3                     865 	.db #0xe3	; 227
    00000335 62                     866 	.db #0x62	; 98	'b'
    00000336 63                     867 	.db #0x63	; 99	'c'
    00000337 22                     868 	.db #0x22	; 34
    00000338 B2                     869 	.db #0xb2	; 178
    00000339 32                     870 	.db #0x32	; 50	'2'
    0000033A 52                     871 	.db #0x52	; 82	'R'
    0000033B 12                     872 	.db #0x12	; 18
    0000033C B3                     873 	.db #0xb3	; 179
    0000033D 13                     874 	.db #0x13	; 19
    0000033E 11                     875 	.db #0x11	; 17
    0000033F 11                     876 	.db #0x11	; 17
    00000340 F9                     877 	.db #0xf9	; 249
    00000341 19                     878 	.db #0x19	; 25
    00000342 F0                     879 	.db #0xf0	; 240
    00000343 30                     880 	.db #0x30	; 48	'0'
    00000344 E0                     881 	.db #0xe0	; 224
    00000345 20                     882 	.db #0x20	; 32
    00000346 70                     883 	.db #0x70	; 112	'p'
    00000347 30                     884 	.db #0x30	; 48	'0'
    00000348 B8                     885 	.db #0xb8	; 184
    00000349 18                     886 	.db #0x18	; 24
    0000034A 4C                     887 	.db #0x4c	; 76	'L'
    0000034B 0C                     888 	.db #0x0c	; 12
    0000034C AF                     889 	.db #0xaf	; 175
    0000034D 07                     890 	.db #0x07	; 7
    0000034E 81                     891 	.db #0x81	; 129
    0000034F 81                     892 	.db #0x81	; 129
    00000350 F0                     893 	.db #0xf0	; 240
    00000351 90                     894 	.db #0x90	; 144
    00000352 D0                     895 	.db #0xd0	; 208
    00000353 90                     896 	.db #0x90	; 144
    00000354 F0                     897 	.db #0xf0	; 240
    00000355 F0                     898 	.db #0xf0	; 240
    00000356 00                     899 	.db #0x00	; 0
    00000357 00                     900 	.db #0x00	; 0
    00000358 00                     901 	.db #0x00	; 0
    00000359 00                     902 	.db #0x00	; 0
    0000035A 00                     903 	.db #0x00	; 0
    0000035B 00                     904 	.db #0x00	; 0
    0000035C 00                     905 	.db #0x00	; 0
    0000035D 00                     906 	.db #0x00	; 0
    0000035E 80                     907 	.db #0x80	; 128
    0000035F 80                     908 	.db #0x80	; 128
    00000360 30                     909 	.db #0x30	; 48	'0'
    00000361 2F                     910 	.db #0x2f	; 47
    00000362 28                     911 	.db #0x28	; 40
    00000363 37                     912 	.db #0x37	; 55	'7'
    00000364 35                     913 	.db #0x35	; 53	'5'
    00000365 2B                     914 	.db #0x2b	; 43
    00000366 2F                     915 	.db #0x2f	; 47
    00000367 3F                     916 	.db #0x3f	; 63
    00000368 3E                     917 	.db #0x3e	; 62
    00000369 3E                     918 	.db #0x3e	; 62
    0000036A 10                     919 	.db #0x10	; 16
    0000036B 10                     920 	.db #0x10	; 16
    0000036C B0                     921 	.db #0xb0	; 176
    0000036D 10                     922 	.db #0x10	; 16
    0000036E D8                     923 	.db #0xd8	; 216
    0000036F 98                     924 	.db #0x98	; 152
    00000370 C1                     925 	.db #0xc1	; 193
    00000371 C1                     926 	.db #0xc1	; 193
    00000372 41                     927 	.db #0x41	; 65	'A'
    00000373 C1                     928 	.db #0xc1	; 193
    00000374 C1                     929 	.db #0xc1	; 193
    00000375 C1                     930 	.db #0xc1	; 193
    00000376 81                     931 	.db #0x81	; 129
    00000377 81                     932 	.db #0x81	; 129
    00000378 03                     933 	.db #0x03	; 3
    00000379 03                     934 	.db #0x03	; 3
    0000037A 02                     935 	.db #0x02	; 2
    0000037B 02                     936 	.db #0x02	; 2
    0000037C 02                     937 	.db #0x02	; 2
    0000037D 02                     938 	.db #0x02	; 2
    0000037E 07                     939 	.db #0x07	; 7
    0000037F 06                     940 	.db #0x06	; 6
    00000380 10                     941 	.db #0x10	; 16
    00000381 10                     942 	.db #0x10	; 16
    00000382 10                     943 	.db #0x10	; 16
    00000383 10                     944 	.db #0x10	; 16
    00000384 10                     945 	.db #0x10	; 16
    00000385 10                     946 	.db #0x10	; 16
    00000386 10                     947 	.db #0x10	; 16
    00000387 10                     948 	.db #0x10	; 16
    00000388 30                     949 	.db #0x30	; 48	'0'
    00000389 10                     950 	.db #0x10	; 16
    0000038A 30                     951 	.db #0x30	; 48	'0'
    0000038B 30                     952 	.db #0x30	; 48	'0'
    0000038C A0                     953 	.db #0xa0	; 160
    0000038D 20                     954 	.db #0x20	; 32
    0000038E 63                     955 	.db #0x63	; 99	'c'
    0000038F 63                     956 	.db #0x63	; 99	'c'
    00000390 C0                     957 	.db #0xc0	; 192
    00000391 C0                     958 	.db #0xc0	; 192
    00000392 70                     959 	.db #0x70	; 112	'p'
    00000393 70                     960 	.db #0x70	; 112	'p'
    00000394 18                     961 	.db #0x18	; 24
    00000395 18                     962 	.db #0x18	; 24
    00000396 0E                     963 	.db #0x0e	; 14
    00000397 0E                     964 	.db #0x0e	; 14
    00000398 03                     965 	.db #0x03	; 3
    00000399 03                     966 	.db #0x03	; 3
    0000039A 01                     967 	.db #0x01	; 1
    0000039B 01                     968 	.db #0x01	; 1
    0000039C 00                     969 	.db #0x00	; 0
    0000039D 00                     970 	.db #0x00	; 0
    0000039E C0                     971 	.db #0xc0	; 192
    0000039F C0                     972 	.db #0xc0	; 192
    000003A0 E0                     973 	.db #0xe0	; 224
    000003A1 E0                     974 	.db #0xe0	; 224
    000003A2 30                     975 	.db #0x30	; 48	'0'
    000003A3 30                     976 	.db #0x30	; 48	'0'
    000003A4 18                     977 	.db #0x18	; 24
    000003A5 18                     978 	.db #0x18	; 24
    000003A6 08                     979 	.db #0x08	; 8
    000003A7 08                     980 	.db #0x08	; 8
    000003A8 28                     981 	.db #0x28	; 40
    000003A9 08                     982 	.db #0x08	; 8
    000003AA 88                     983 	.db #0x88	; 136
    000003AB 88                     984 	.db #0x88	; 136
    000003AC A8                     985 	.db #0xa8	; 168
    000003AD 88                     986 	.db #0x88	; 136
    000003AE D8                     987 	.db #0xd8	; 216
    000003AF 88                     988 	.db #0x88	; 136
    000003B0 32                     989 	.db #0x32	; 50	'2'
    000003B1 2E                     990 	.db #0x2e	; 46
    000003B2 2A                     991 	.db #0x2a	; 42
    000003B3 36                     992 	.db #0x36	; 54	'6'
    000003B4 22                     993 	.db #0x22	; 34
    000003B5 22                     994 	.db #0x22	; 34
    000003B6 2A                     995 	.db #0x2a	; 42
    000003B7 36                     996 	.db #0x36	; 54	'6'
    000003B8 22                     997 	.db #0x22	; 34
    000003B9 3E                     998 	.db #0x3e	; 62
    000003BA 3F                     999 	.db #0x3f	; 63
    000003BB 3F                    1000 	.db #0x3f	; 63
    000003BC A1                    1001 	.db #0xa1	; 161
    000003BD 21                    1002 	.db #0x21	; 33
    000003BE 61                    1003 	.db #0x61	; 97	'a'
    000003BF 21                    1004 	.db #0x21	; 33
    000003C0 0F                    1005 	.db #0x0f	; 15
    000003C1 00                    1006 	.db #0x00	; 0
    000003C2 1F                    1007 	.db #0x1f	; 31
    000003C3 00                    1008 	.db #0x00	; 0
    000003C4 3F                    1009 	.db #0x3f	; 63
    000003C5 00                    1010 	.db #0x00	; 0
    000003C6 3F                    1011 	.db #0x3f	; 63
    000003C7 00                    1012 	.db #0x00	; 0
    000003C8 7D                    1013 	.db #0x7d	; 125
    000003C9 02                    1014 	.db #0x02	; 2
    000003CA 7F                    1015 	.db #0x7f	; 127
    000003CB 00                    1016 	.db #0x00	; 0
    000003CC 7D                    1017 	.db #0x7d	; 125
    000003CD 02                    1018 	.db #0x02	; 2
    000003CE FE                    1019 	.db #0xfe	; 254
    000003CF 01                    1020 	.db #0x01	; 1
    000003D0 FA                    1021 	.db #0xfa	; 250
    000003D1 0C                    1022 	.db #0x0c	; 12
    000003D2 FE                    1023 	.db #0xfe	; 254
    000003D3 0C                    1024 	.db #0x0c	; 12
    000003D4 DB                    1025 	.db #0xdb	; 219
    000003D5 2C                    1026 	.db #0x2c	; 44
    000003D6 FC                    1027 	.db #0xfc	; 252
    000003D7 0F                    1028 	.db #0x0f	; 15
    000003D8 FF                    1029 	.db #0xff	; 255
    000003D9 07                    1030 	.db #0x07	; 7
    000003DA BF                    1031 	.db #0xbf	; 191
    000003DB 43                    1032 	.db #0x43	; 67	'C'
    000003DC D4                    1033 	.db #0xd4	; 212
    000003DD 2A                    1034 	.db #0x2a	; 42
    000003DE FE                    1035 	.db #0xfe	; 254
    000003DF 00                    1036 	.db #0x00	; 0
    000003E0 2A                    1037 	.db #0x2a	; 42
    000003E1 1F                    1038 	.db #0x1f	; 31
    000003E2 21                    1039 	.db #0x21	; 33
    000003E3 1F                    1040 	.db #0x1f	; 31
    000003E4 20                    1041 	.db #0x20	; 32
    000003E5 1F                    1042 	.db #0x1f	; 31
    000003E6 9F                    1043 	.db #0x9f	; 159
    000003E7 7F                    1044 	.db #0x7f	; 127
    000003E8 FF                    1045 	.db #0xff	; 255
    000003E9 FF                    1046 	.db #0xff	; 255
    000003EA E0                    1047 	.db #0xe0	; 224
    000003EB E0                    1048 	.db #0xe0	; 224
    000003EC 00                    1049 	.db #0x00	; 0
    000003ED 00                    1050 	.db #0x00	; 0
    000003EE 00                    1051 	.db #0x00	; 0
    000003EF 00                    1052 	.db #0x00	; 0
    000003F0 A2                    1053 	.db #0xa2	; 162
    000003F1 FF                    1054 	.db #0xff	; 255
    000003F2 11                    1055 	.db #0x11	; 17
    000003F3 FF                    1056 	.db #0xff	; 255
    000003F4 45                    1057 	.db #0x45	; 69	'E'
    000003F5 BA                    1058 	.db #0xba	; 186
    000003F6 20                    1059 	.db #0x20	; 32
    000003F7 FF                    1060 	.db #0xff	; 255
    000003F8 FF                    1061 	.db #0xff	; 255
    000003F9 FF                    1062 	.db #0xff	; 255
    000003FA 0F                    1063 	.db #0x0f	; 15
    000003FB 0F                    1064 	.db #0x0f	; 15
    000003FC 00                    1065 	.db #0x00	; 0
    000003FD 00                    1066 	.db #0x00	; 0
    000003FE 00                    1067 	.db #0x00	; 0
    000003FF 00                    1068 	.db #0x00	; 0
    00000400 01                    1069 	.db #0x01	; 1
    00000401 EE                    1070 	.db #0xee	; 238
    00000402 00                    1071 	.db #0x00	; 0
    00000403 FF                    1072 	.db #0xff	; 255
    00000404 44                    1073 	.db #0x44	; 68	'D'
    00000405 AA                    1074 	.db #0xaa	; 170
    00000406 00                    1075 	.db #0x00	; 0
    00000407 EF                    1076 	.db #0xef	; 239
    00000408 C0                    1077 	.db #0xc0	; 192
    00000409 EF                    1078 	.db #0xef	; 239
    0000040A C7                    1079 	.db #0xc7	; 199
    0000040B EF                    1080 	.db #0xef	; 239
    0000040C 46                    1081 	.db #0x46	; 70	'F'
    0000040D 6E                    1082 	.db #0x6e	; 110	'n'
    0000040E 5E                    1083 	.db #0x5e	; 94
    0000040F 66                    1084 	.db #0x66	; 102	'f'
    00000410 45                    1085 	.db #0x45	; 69	'E'
    00000411 C6                    1086 	.db #0xc6	; 198
    00000412 C6                    1087 	.db #0xc6	; 198
    00000413 45                    1088 	.db #0x45	; 69	'E'
    00000414 44                    1089 	.db #0x44	; 68	'D'
    00000415 44                    1090 	.db #0x44	; 68	'D'
    00000416 C6                    1091 	.db #0xc6	; 198
    00000417 45                    1092 	.db #0x45	; 69	'E'
    00000418 64                    1093 	.db #0x64	; 100	'd'
    00000419 C7                    1094 	.db #0xc7	; 199
    0000041A C7                    1095 	.db #0xc7	; 199
    0000041B C7                    1096 	.db #0xc7	; 199
    0000041C 6C                    1097 	.db #0x6c	; 108	'l'
    0000041D 44                    1098 	.db #0x44	; 68	'D'
    0000041E 54                    1099 	.db #0x54	; 84	'T'
    0000041F 44                    1100 	.db #0x44	; 68	'D'
    00000420 11                    1101 	.db #0x11	; 17
    00000421 EE                    1102 	.db #0xee	; 238
    00000422 AA                    1103 	.db #0xaa	; 170
    00000423 55                    1104 	.db #0x55	; 85	'U'
    00000424 00                    1105 	.db #0x00	; 0
    00000425 00                    1106 	.db #0x00	; 0
    00000426 AA                    1107 	.db #0xaa	; 170
    00000427 55                    1108 	.db #0x55	; 85	'U'
    00000428 00                    1109 	.db #0x00	; 0
    00000429 FF                    1110 	.db #0xff	; 255
    0000042A FF                    1111 	.db #0xff	; 255
    0000042B FF                    1112 	.db #0xff	; 255
    0000042C 00                    1113 	.db #0x00	; 0
    0000042D 01                    1114 	.db #0x01	; 1
    0000042E 1E                    1115 	.db #0x1e	; 30
    0000042F 1F                    1116 	.db #0x1f	; 31
    00000430 45                    1117 	.db #0x45	; 69	'E'
    00000431 C6                    1118 	.db #0xc6	; 198
    00000432 C6                    1119 	.db #0xc6	; 198
    00000433 45                    1120 	.db #0x45	; 69	'E'
    00000434 44                    1121 	.db #0x44	; 68	'D'
    00000435 44                    1122 	.db #0x44	; 68	'D'
    00000436 C6                    1123 	.db #0xc6	; 198
    00000437 45                    1124 	.db #0x45	; 69	'E'
    00000438 64                    1125 	.db #0x64	; 100	'd'
    00000439 C7                    1126 	.db #0xc7	; 199
    0000043A C7                    1127 	.db #0xc7	; 199
    0000043B C7                    1128 	.db #0xc7	; 199
    0000043C 6C                    1129 	.db #0x6c	; 108	'l'
    0000043D 44                    1130 	.db #0x44	; 68	'D'
    0000043E 54                    1131 	.db #0x54	; 84	'T'
    0000043F 44                    1132 	.db #0x44	; 68	'D'
    00000440 11                    1133 	.db #0x11	; 17
    00000441 EE                    1134 	.db #0xee	; 238
    00000442 AA                    1135 	.db #0xaa	; 170
    00000443 55                    1136 	.db #0x55	; 85	'U'
    00000444 00                    1137 	.db #0x00	; 0
    00000445 00                    1138 	.db #0x00	; 0
    00000446 AA                    1139 	.db #0xaa	; 170
    00000447 55                    1140 	.db #0x55	; 85	'U'
    00000448 00                    1141 	.db #0x00	; 0
    00000449 FF                    1142 	.db #0xff	; 255
    0000044A FF                    1143 	.db #0xff	; 255
    0000044B FF                    1144 	.db #0xff	; 255
    0000044C 00                    1145 	.db #0x00	; 0
    0000044D 00                    1146 	.db #0x00	; 0
    0000044E 00                    1147 	.db #0x00	; 0
    0000044F 00                    1148 	.db #0x00	; 0
    00000450 45                    1149 	.db #0x45	; 69	'E'
    00000451 C6                    1150 	.db #0xc6	; 198
    00000452 C6                    1151 	.db #0xc6	; 198
    00000453 45                    1152 	.db #0x45	; 69	'E'
    00000454 44                    1153 	.db #0x44	; 68	'D'
    00000455 44                    1154 	.db #0x44	; 68	'D'
    00000456 C6                    1155 	.db #0xc6	; 198
    00000457 45                    1156 	.db #0x45	; 69	'E'
    00000458 64                    1157 	.db #0x64	; 100	'd'
    00000459 C7                    1158 	.db #0xc7	; 199
    0000045A C7                    1159 	.db #0xc7	; 199
    0000045B C7                    1160 	.db #0xc7	; 199
    0000045C 6C                    1161 	.db #0x6c	; 108	'l'
    0000045D 44                    1162 	.db #0x44	; 68	'D'
    0000045E 54                    1163 	.db #0x54	; 84	'T'
    0000045F 44                    1164 	.db #0x44	; 68	'D'
    00000460 11                    1165 	.db #0x11	; 17
    00000461 EE                    1166 	.db #0xee	; 238
    00000462 AA                    1167 	.db #0xaa	; 170
    00000463 55                    1168 	.db #0x55	; 85	'U'
    00000464 00                    1169 	.db #0x00	; 0
    00000465 00                    1170 	.db #0x00	; 0
    00000466 AA                    1171 	.db #0xaa	; 170
    00000467 55                    1172 	.db #0x55	; 85	'U'
    00000468 00                    1173 	.db #0x00	; 0
    00000469 FF                    1174 	.db #0xff	; 255
    0000046A FF                    1175 	.db #0xff	; 255
    0000046B FF                    1176 	.db #0xff	; 255
    0000046C 00                    1177 	.db #0x00	; 0
    0000046D 00                    1178 	.db #0x00	; 0
    0000046E 00                    1179 	.db #0x00	; 0
    0000046F 00                    1180 	.db #0x00	; 0
    00000470 40                    1181 	.db #0x40	; 64
    00000471 C0                    1182 	.db #0xc0	; 192
    00000472 C7                    1183 	.db #0xc7	; 199
    00000473 47                    1184 	.db #0x47	; 71	'G'
    00000474 44                    1185 	.db #0x44	; 68	'D'
    00000475 44                    1186 	.db #0x44	; 68	'D'
    00000476 C6                    1187 	.db #0xc6	; 198
    00000477 45                    1188 	.db #0x45	; 69	'E'
    00000478 64                    1189 	.db #0x64	; 100	'd'
    00000479 C7                    1190 	.db #0xc7	; 199
    0000047A C7                    1191 	.db #0xc7	; 199
    0000047B C7                    1192 	.db #0xc7	; 199
    0000047C 6C                    1193 	.db #0x6c	; 108	'l'
    0000047D 44                    1194 	.db #0x44	; 68	'D'
    0000047E 54                    1195 	.db #0x54	; 84	'T'
    0000047F 44                    1196 	.db #0x44	; 68	'D'
    00000480 00                    1197 	.db #0x00	; 0
    00000481 00                    1198 	.db #0x00	; 0
    00000482 FE                    1199 	.db #0xfe	; 254
    00000483 FE                    1200 	.db #0xfe	; 254
    00000484 02                    1201 	.db #0x02	; 2
    00000485 02                    1202 	.db #0x02	; 2
    00000486 AA                    1203 	.db #0xaa	; 170
    00000487 56                    1204 	.db #0x56	; 86	'V'
    00000488 02                    1205 	.db #0x02	; 2
    00000489 FE                    1206 	.db #0xfe	; 254
    0000048A FE                    1207 	.db #0xfe	; 254
    0000048B FE                    1208 	.db #0xfe	; 254
    0000048C 02                    1209 	.db #0x02	; 2
    0000048D 02                    1210 	.db #0x02	; 2
    0000048E 03                    1211 	.db #0x03	; 3
    0000048F 02                    1212 	.db #0x02	; 2
    00000490 00                    1213 	.db #0x00	; 0
    00000491 00                    1214 	.db #0x00	; 0
    00000492 00                    1215 	.db #0x00	; 0
    00000493 00                    1216 	.db #0x00	; 0
    00000494 00                    1217 	.db #0x00	; 0
    00000495 00                    1218 	.db #0x00	; 0
    00000496 00                    1219 	.db #0x00	; 0
    00000497 00                    1220 	.db #0x00	; 0
    00000498 00                    1221 	.db #0x00	; 0
    00000499 00                    1222 	.db #0x00	; 0
    0000049A 00                    1223 	.db #0x00	; 0
    0000049B 00                    1224 	.db #0x00	; 0
    0000049C 40                    1225 	.db #0x40	; 64
    0000049D 00                    1226 	.db #0x00	; 0
    0000049E 20                    1227 	.db #0x20	; 32
    0000049F 00                    1228 	.db #0x00	; 0
    000004A0 FD                    1229 	.db #0xfd	; 253
    000004A1 02                    1230 	.db #0x02	; 2
    000004A2 FB                    1231 	.db #0xfb	; 251
    000004A3 04                    1232 	.db #0x04	; 4
    000004A4 D5                    1233 	.db #0xd5	; 213
    000004A5 2A                    1234 	.db #0x2a	; 42
    000004A6 EF                    1235 	.db #0xef	; 239
    000004A7 10                    1236 	.db #0x10	; 16
    000004A8 D5                    1237 	.db #0xd5	; 213
    000004A9 2A                    1238 	.db #0x2a	; 42
    000004AA BB                    1239 	.db #0xbb	; 187
    000004AB 44                    1240 	.db #0x44	; 68	'D'
    000004AC 55                    1241 	.db #0x55	; 85	'U'
    000004AD AA                    1242 	.db #0xaa	; 170
    000004AE FE                    1243 	.db #0xfe	; 254
    000004AF 01                    1244 	.db #0x01	; 1
    000004B0 55                    1245 	.db #0x55	; 85	'U'
    000004B1 AA                    1246 	.db #0xaa	; 170
    000004B2 BB                    1247 	.db #0xbb	; 187
    000004B3 44                    1248 	.db #0x44	; 68	'D'
    000004B4 57                    1249 	.db #0x57	; 87	'W'
    000004B5 A8                    1250 	.db #0xa8	; 168
    000004B6 EF                    1251 	.db #0xef	; 239
    000004B7 10                    1252 	.db #0x10	; 16
    000004B8 55                    1253 	.db #0x55	; 85	'U'
    000004B9 AA                    1254 	.db #0xaa	; 170
    000004BA BB                    1255 	.db #0xbb	; 187
    000004BB 44                    1256 	.db #0x44	; 68	'D'
    000004BC 55                    1257 	.db #0x55	; 85	'U'
    000004BD AA                    1258 	.db #0xaa	; 170
    000004BE FE                    1259 	.db #0xfe	; 254
    000004BF 01                    1260 	.db #0x01	; 1
    000004C0 00                    1261 	.db #0x00	; 0
    000004C1 00                    1262 	.db #0x00	; 0
    000004C2 00                    1263 	.db #0x00	; 0
    000004C3 00                    1264 	.db #0x00	; 0
    000004C4 00                    1265 	.db #0x00	; 0
    000004C5 00                    1266 	.db #0x00	; 0
    000004C6 00                    1267 	.db #0x00	; 0
    000004C7 00                    1268 	.db #0x00	; 0
    000004C8 00                    1269 	.db #0x00	; 0
    000004C9 00                    1270 	.db #0x00	; 0
    000004CA 00                    1271 	.db #0x00	; 0
    000004CB 00                    1272 	.db #0x00	; 0
    000004CC 80                    1273 	.db #0x80	; 128
    000004CD 00                    1274 	.db #0x00	; 0
    000004CE C0                    1275 	.db #0xc0	; 192
    000004CF 00                    1276 	.db #0x00	; 0
    000004D0 00                    1277 	.db #0x00	; 0
    000004D1 00                    1278 	.db #0x00	; 0
    000004D2 00                    1279 	.db #0x00	; 0
    000004D3 00                    1280 	.db #0x00	; 0
    000004D4 00                    1281 	.db #0x00	; 0
    000004D5 00                    1282 	.db #0x00	; 0
    000004D6 00                    1283 	.db #0x00	; 0
    000004D7 00                    1284 	.db #0x00	; 0
    000004D8 00                    1285 	.db #0x00	; 0
    000004D9 00                    1286 	.db #0x00	; 0
    000004DA 00                    1287 	.db #0x00	; 0
    000004DB 00                    1288 	.db #0x00	; 0
    000004DC 18                    1289 	.db #0x18	; 24
    000004DD 00                    1290 	.db #0x00	; 0
    000004DE 1A                    1291 	.db #0x1a	; 26
    000004DF 00                    1292 	.db #0x00	; 0
    000004E0 7A                    1293 	.db #0x7a	; 122	'z'
    000004E1 66                    1294 	.db #0x66	; 102	'f'
    000004E2 63                    1295 	.db #0x63	; 99	'c'
    000004E3 77                    1296 	.db #0x77	; 119	'w'
    000004E4 6F                    1297 	.db #0x6f	; 111	'o'
    000004E5 73                    1298 	.db #0x73	; 115	's'
    000004E6 2B                    1299 	.db #0x2b	; 43
    000004E7 37                    1300 	.db #0x37	; 55	'7'
    000004E8 35                    1301 	.db #0x35	; 53	'5'
    000004E9 3B                    1302 	.db #0x3b	; 59
    000004EA 31                    1303 	.db #0x31	; 49	'1'
    000004EB 3F                    1304 	.db #0x3f	; 63
    000004EC 9B                    1305 	.db #0x9b	; 155
    000004ED 1F                    1306 	.db #0x1f	; 31
    000004EE 5F                    1307 	.db #0x5f	; 95
    000004EF 1F                    1308 	.db #0x1f	; 31
    000004F0 7C                    1309 	.db #0x7c	; 124
    000004F1 44                    1310 	.db #0x44	; 68	'D'
    000004F2 57                    1311 	.db #0x57	; 87	'W'
    000004F3 47                    1312 	.db #0x47	; 71	'G'
    000004F4 FF                    1313 	.db #0xff	; 255
    000004F5 C0                    1314 	.db #0xc0	; 192
    000004F6 FF                    1315 	.db #0xff	; 255
    000004F7 00                    1316 	.db #0x00	; 0
    000004F8 FF                    1317 	.db #0xff	; 255
    000004F9 FF                    1318 	.db #0xff	; 255
    000004FA 80                    1319 	.db #0x80	; 128
    000004FB 80                    1320 	.db #0x80	; 128
    000004FC 80                    1321 	.db #0x80	; 128
    000004FD 80                    1322 	.db #0x80	; 128
    000004FE 30                    1323 	.db #0x30	; 48	'0'
    000004FF 00                    1324 	.db #0x00	; 0
    00000500 1A                    1325 	.db #0x1a	; 26
    00000501 13                    1326 	.db #0x13	; 19
    00000502 F6                    1327 	.db #0xf6	; 246
    00000503 F3                    1328 	.db #0xf3	; 243
    00000504 FF                    1329 	.db #0xff	; 255
    00000505 03                    1330 	.db #0x03	; 3
    00000506 FF                    1331 	.db #0xff	; 255
    00000507 03                    1332 	.db #0x03	; 3
    00000508 FF                    1333 	.db #0xff	; 255
    00000509 FF                    1334 	.db #0xff	; 255
    0000050A 00                    1335 	.db #0x00	; 0
    0000050B 1F                    1336 	.db #0x1f	; 31
    0000050C 18                    1337 	.db #0x18	; 24
    0000050D 06                    1338 	.db #0x06	; 6
    0000050E 18                    1339 	.db #0x18	; 24
    0000050F 06                    1340 	.db #0x06	; 6
    00000510 FC                    1341 	.db #0xfc	; 252
    00000511 44                    1342 	.db #0x44	; 68	'D'
    00000512 54                    1343 	.db #0x54	; 84	'T'
    00000513 C4                    1344 	.db #0xc4	; 196
    00000514 FF                    1345 	.db #0xff	; 255
    00000515 C7                    1346 	.db #0xc7	; 199
    00000516 FF                    1347 	.db #0xff	; 255
    00000517 01                    1348 	.db #0x01	; 1
    00000518 FF                    1349 	.db #0xff	; 255
    00000519 FF                    1350 	.db #0xff	; 255
    0000051A 00                    1351 	.db #0x00	; 0
    0000051B F0                    1352 	.db #0xf0	; 240
    0000051C 00                    1353 	.db #0x00	; 0
    0000051D F0                    1354 	.db #0xf0	; 240
    0000051E 00                    1355 	.db #0x00	; 0
    0000051F F0                    1356 	.db #0xf0	; 240
    00000520 00                    1357 	.db #0x00	; 0
    00000521 00                    1358 	.db #0x00	; 0
    00000522 00                    1359 	.db #0x00	; 0
    00000523 00                    1360 	.db #0x00	; 0
    00000524 01                    1361 	.db #0x01	; 1
    00000525 01                    1362 	.db #0x01	; 1
    00000526 01                    1363 	.db #0x01	; 1
    00000527 01                    1364 	.db #0x01	; 1
    00000528 01                    1365 	.db #0x01	; 1
    00000529 01                    1366 	.db #0x01	; 1
    0000052A 00                    1367 	.db #0x00	; 0
    0000052B 00                    1368 	.db #0x00	; 0
    0000052C 00                    1369 	.db #0x00	; 0
    0000052D 00                    1370 	.db #0x00	; 0
    0000052E 00                    1371 	.db #0x00	; 0
    0000052F 00                    1372 	.db #0x00	; 0
    00000530 7C                    1373 	.db #0x7c	; 124
    00000531 44                    1374 	.db #0x44	; 68	'D'
    00000532 54                    1375 	.db #0x54	; 84	'T'
    00000533 44                    1376 	.db #0x44	; 68	'D'
    00000534 FF                    1377 	.db #0xff	; 255
    00000535 C7                    1378 	.db #0xc7	; 199
    00000536 FF                    1379 	.db #0xff	; 255
    00000537 01                    1380 	.db #0x01	; 1
    00000538 FF                    1381 	.db #0xff	; 255
    00000539 FF                    1382 	.db #0xff	; 255
    0000053A 00                    1383 	.db #0x00	; 0
    0000053B 00                    1384 	.db #0x00	; 0
    0000053C 00                    1385 	.db #0x00	; 0
    0000053D 00                    1386 	.db #0x00	; 0
    0000053E 00                    1387 	.db #0x00	; 0
    0000053F 00                    1388 	.db #0x00	; 0
    00000540 00                    1389 	.db #0x00	; 0
    00000541 00                    1390 	.db #0x00	; 0
    00000542 00                    1391 	.db #0x00	; 0
    00000543 00                    1392 	.db #0x00	; 0
    00000544 01                    1393 	.db #0x01	; 1
    00000545 01                    1394 	.db #0x01	; 1
    00000546 01                    1395 	.db #0x01	; 1
    00000547 01                    1396 	.db #0x01	; 1
    00000548 01                    1397 	.db #0x01	; 1
    00000549 01                    1398 	.db #0x01	; 1
    0000054A 00                    1399 	.db #0x00	; 0
    0000054B 00                    1400 	.db #0x00	; 0
    0000054C 00                    1401 	.db #0x00	; 0
    0000054D 00                    1402 	.db #0x00	; 0
    0000054E 00                    1403 	.db #0x00	; 0
    0000054F 00                    1404 	.db #0x00	; 0
    00000550 7C                    1405 	.db #0x7c	; 124
    00000551 44                    1406 	.db #0x44	; 68	'D'
    00000552 54                    1407 	.db #0x54	; 84	'T'
    00000553 44                    1408 	.db #0x44	; 68	'D'
    00000554 FF                    1409 	.db #0xff	; 255
    00000555 C7                    1410 	.db #0xc7	; 199
    00000556 FF                    1411 	.db #0xff	; 255
    00000557 01                    1412 	.db #0x01	; 1
    00000558 FF                    1413 	.db #0xff	; 255
    00000559 FF                    1414 	.db #0xff	; 255
    0000055A 00                    1415 	.db #0x00	; 0
    0000055B 00                    1416 	.db #0x00	; 0
    0000055C 00                    1417 	.db #0x00	; 0
    0000055D 00                    1418 	.db #0x00	; 0
    0000055E 00                    1419 	.db #0x00	; 0
    0000055F 00                    1420 	.db #0x00	; 0
    00000560 03                    1421 	.db #0x03	; 3
    00000561 02                    1422 	.db #0x02	; 2
    00000562 03                    1423 	.db #0x03	; 3
    00000563 02                    1424 	.db #0x02	; 2
    00000564 0F                    1425 	.db #0x0f	; 15
    00000565 0E                    1426 	.db #0x0e	; 14
    00000566 0F                    1427 	.db #0x0f	; 15
    00000567 08                    1428 	.db #0x08	; 8
    00000568 0F                    1429 	.db #0x0f	; 15
    00000569 0F                    1430 	.db #0x0f	; 15
    0000056A 00                    1431 	.db #0x00	; 0
    0000056B 00                    1432 	.db #0x00	; 0
    0000056C 00                    1433 	.db #0x00	; 0
    0000056D 00                    1434 	.db #0x00	; 0
    0000056E 00                    1435 	.db #0x00	; 0
    0000056F 00                    1436 	.db #0x00	; 0
    00000570 A0                    1437 	.db #0xa0	; 160
    00000571 20                    1438 	.db #0x20	; 32
    00000572 60                    1439 	.db #0x60	; 96
    00000573 20                    1440 	.db #0x20	; 32
    00000574 F8                    1441 	.db #0xf8	; 248
    00000575 38                    1442 	.db #0x38	; 56	'8'
    00000576 F8                    1443 	.db #0xf8	; 248
    00000577 08                    1444 	.db #0x08	; 8
    00000578 F8                    1445 	.db #0xf8	; 248
    00000579 F8                    1446 	.db #0xf8	; 248
    0000057A 00                    1447 	.db #0x00	; 0
    0000057B 00                    1448 	.db #0x00	; 0
    0000057C 00                    1449 	.db #0x00	; 0
    0000057D 00                    1450 	.db #0x00	; 0
    0000057E 00                    1451 	.db #0x00	; 0
    0000057F 00                    1452 	.db #0x00	; 0
    00000580 BC                    1453 	.db #0xbc	; 188
    00000581 8C                    1454 	.db #0x8c	; 140
    00000582 D7                    1455 	.db #0xd7	; 215
    00000583 C7                    1456 	.db #0xc7	; 199
    00000584 7F                    1457 	.db #0x7f	; 127
    00000585 61                    1458 	.db #0x61	; 97	'a'
    00000586 3F                    1459 	.db #0x3f	; 63
    00000587 3C                    1460 	.db #0x3c	; 60
    00000588 07                    1461 	.db #0x07	; 7
    00000589 07                    1462 	.db #0x07	; 7
    0000058A 00                    1463 	.db #0x00	; 0
    0000058B 00                    1464 	.db #0x00	; 0
    0000058C 00                    1465 	.db #0x00	; 0
    0000058D 00                    1466 	.db #0x00	; 0
    0000058E 00                    1467 	.db #0x00	; 0
    0000058F 00                    1468 	.db #0x00	; 0
    00000590 0F                    1469 	.db #0x0f	; 15
    00000591 0C                    1470 	.db #0x0c	; 12
    00000592 1D                    1471 	.db #0x1d	; 29
    00000593 18                    1472 	.db #0x18	; 24
    00000594 FF                    1473 	.db #0xff	; 255
    00000595 F1                    1474 	.db #0xf1	; 241
    00000596 FF                    1475 	.db #0xff	; 255
    00000597 0F                    1476 	.db #0x0f	; 15
    00000598 F8                    1477 	.db #0xf8	; 248
    00000599 F8                    1478 	.db #0xf8	; 248
    0000059A 00                    1479 	.db #0x00	; 0
    0000059B 00                    1480 	.db #0x00	; 0
    0000059C 00                    1481 	.db #0x00	; 0
    0000059D 00                    1482 	.db #0x00	; 0
    0000059E 00                    1483 	.db #0x00	; 0
    0000059F 00                    1484 	.db #0x00	; 0
    000005A0 C3                    1485 	.db #0xc3	; 195
    000005A1 42                    1486 	.db #0x42	; 66	'B'
    000005A2 C3                    1487 	.db #0xc3	; 195
    000005A3 C2                    1488 	.db #0xc2	; 194
    000005A4 83                    1489 	.db #0x83	; 131
    000005A5 82                    1490 	.db #0x82	; 130
    000005A6 03                    1491 	.db #0x03	; 3
    000005A7 03                    1492 	.db #0x03	; 3
    000005A8 00                    1493 	.db #0x00	; 0
    000005A9 00                    1494 	.db #0x00	; 0
    000005AA 00                    1495 	.db #0x00	; 0
    000005AB 00                    1496 	.db #0x00	; 0
    000005AC 30                    1497 	.db #0x30	; 48	'0'
    000005AD 00                    1498 	.db #0x00	; 0
    000005AE 70                    1499 	.db #0x70	; 112	'p'
    000005AF 00                    1500 	.db #0x00	; 0
    000005B0 C1                    1501 	.db #0xc1	; 193
    000005B1 41                    1502 	.db #0x41	; 65	'A'
    000005B2 73                    1503 	.db #0x73	; 115	's'
    000005B3 73                    1504 	.db #0x73	; 115	's'
    000005B4 FF                    1505 	.db #0xff	; 255
    000005B5 1E                    1506 	.db #0x1e	; 30
    000005B6 FF                    1507 	.db #0xff	; 255
    000005B7 80                    1508 	.db #0x80	; 128
    000005B8 FF                    1509 	.db #0xff	; 255
    000005B9 FF                    1510 	.db #0xff	; 255
    000005BA 00                    1511 	.db #0x00	; 0
    000005BB 00                    1512 	.db #0x00	; 0
    000005BC 00                    1513 	.db #0x00	; 0
    000005BD 00                    1514 	.db #0x00	; 0
    000005BE 00                    1515 	.db #0x00	; 0
    000005BF 00                    1516 	.db #0x00	; 0
    000005C0 BA                    1517 	.db #0xba	; 186
    000005C1 98                    1518 	.db #0x98	; 152
    000005C2 51                    1519 	.db #0x51	; 81	'Q'
    000005C3 10                    1520 	.db #0x10	; 16
    000005C4 F3                    1521 	.db #0xf3	; 243
    000005C5 30                    1522 	.db #0x30	; 48	'0'
    000005C6 E7                    1523 	.db #0xe7	; 231
    000005C7 E0                    1524 	.db #0xe0	; 224
    000005C8 87                    1525 	.db #0x87	; 135
    000005C9 80                    1526 	.db #0x80	; 128
    000005CA 07                    1527 	.db #0x07	; 7
    000005CB 00                    1528 	.db #0x00	; 0
    000005CC 0B                    1529 	.db #0x0b	; 11
    000005CD 00                    1530 	.db #0x00	; 0
    000005CE 0F                    1531 	.db #0x0f	; 15
    000005CF 00                    1532 	.db #0x00	; 0
    000005D0 E0                    1533 	.db #0xe0	; 224
    000005D1 00                    1534 	.db #0x00	; 0
    000005D2 E0                    1535 	.db #0xe0	; 224
    000005D3 00                    1536 	.db #0x00	; 0
    000005D4 E0                    1537 	.db #0xe0	; 224
    000005D5 00                    1538 	.db #0x00	; 0
    000005D6 F0                    1539 	.db #0xf0	; 240
    000005D7 00                    1540 	.db #0x00	; 0
    000005D8 F0                    1541 	.db #0xf0	; 240
    000005D9 00                    1542 	.db #0x00	; 0
    000005DA B8                    1543 	.db #0xb8	; 184
    000005DB 40                    1544 	.db #0x40	; 64
    000005DC F8                    1545 	.db #0xf8	; 248
    000005DD 00                    1546 	.db #0x00	; 0
    000005DE F8                    1547 	.db #0xf8	; 248
    000005DF 00                    1548 	.db #0x00	; 0
    000005E0 1F                    1549 	.db #0x1f	; 31
    000005E1 00                    1550 	.db #0x00	; 0
    000005E2 5F                    1551 	.db #0x5f	; 95
    000005E3 00                    1552 	.db #0x00	; 0
    000005E4 7F                    1553 	.db #0x7f	; 127
    000005E5 00                    1554 	.db #0x00	; 0
    000005E6 FF                    1555 	.db #0xff	; 255
    000005E7 00                    1556 	.db #0x00	; 0
    000005E8 DF                    1557 	.db #0xdf	; 223
    000005E9 20                    1558 	.db #0x20	; 32
    000005EA BF                    1559 	.db #0xbf	; 191
    000005EB 40                    1560 	.db #0x40	; 64
    000005EC 77                    1561 	.db #0x77	; 119	'w'
    000005ED 88                    1562 	.db #0x88	; 136
    000005EE FF                    1563 	.db #0xff	; 255
    000005EF 00                    1564 	.db #0x00	; 0
    000005F0 E0                    1565 	.db #0xe0	; 224
    000005F1 00                    1566 	.db #0x00	; 0
    000005F2 E8                    1567 	.db #0xe8	; 232
    000005F3 00                    1568 	.db #0x00	; 0
    000005F4 F4                    1569 	.db #0xf4	; 244
    000005F5 08                    1570 	.db #0x08	; 8
    000005F6 E8                    1571 	.db #0xe8	; 232
    000005F7 10                    1572 	.db #0x10	; 16
    000005F8 D3                    1573 	.db #0xd3	; 211
    000005F9 20                    1574 	.db #0x20	; 32
    000005FA AF                    1575 	.db #0xaf	; 175
    000005FB 40                    1576 	.db #0x40	; 64
    000005FC 7F                    1577 	.db #0x7f	; 127
    000005FD 80                    1578 	.db #0x80	; 128
    000005FE FF                    1579 	.db #0xff	; 255
    000005FF 00                    1580 	.db #0x00	; 0
    00000600 20                    1581 	.db #0x20	; 32
    00000601 00                    1582 	.db #0x00	; 0
    00000602 20                    1583 	.db #0x20	; 32
    00000603 00                    1584 	.db #0x00	; 0
    00000604 00                    1585 	.db #0x00	; 0
    00000605 A8                    1586 	.db #0xa8	; 168
    00000606 80                    1587 	.db #0x80	; 128
    00000607 78                    1588 	.db #0x78	; 120	'x'
    00000608 84                    1589 	.db #0x84	; 132
    00000609 78                    1590 	.db #0x78	; 120	'x'
    0000060A 84                    1591 	.db #0x84	; 132
    0000060B 78                    1592 	.db #0x78	; 120	'x'
    0000060C 00                    1593 	.db #0x00	; 0
    0000060D FC                    1594 	.db #0xfc	; 252
    0000060E 00                    1595 	.db #0x00	; 0
    0000060F FC                    1596 	.db #0xfc	; 252
    00000610 10                    1597 	.db #0x10	; 16
    00000611 0F                    1598 	.db #0x0f	; 15
    00000612 18                    1599 	.db #0x18	; 24
    00000613 07                    1600 	.db #0x07	; 7
    00000614 10                    1601 	.db #0x10	; 16
    00000615 0F                    1602 	.db #0x0f	; 15
    00000616 10                    1603 	.db #0x10	; 16
    00000617 0F                    1604 	.db #0x0f	; 15
    00000618 30                    1605 	.db #0x30	; 48	'0'
    00000619 0F                    1606 	.db #0x0f	; 15
    0000061A 20                    1607 	.db #0x20	; 32
    0000061B 1F                    1608 	.db #0x1f	; 31
    0000061C 00                    1609 	.db #0x00	; 0
    0000061D 3F                    1610 	.db #0x3f	; 63
    0000061E 00                    1611 	.db #0x00	; 0
    0000061F 3F                    1612 	.db #0x3f	; 63
    00000620 00                    1613 	.db #0x00	; 0
    00000621 F0                    1614 	.db #0xf0	; 240
    00000622 00                    1615 	.db #0x00	; 0
    00000623 F0                    1616 	.db #0xf0	; 240
    00000624 00                    1617 	.db #0x00	; 0
    00000625 F0                    1618 	.db #0xf0	; 240
    00000626 08                    1619 	.db #0x08	; 8
    00000627 F0                    1620 	.db #0xf0	; 240
    00000628 00                    1621 	.db #0x00	; 0
    00000629 F8                    1622 	.db #0xf8	; 248
    0000062A 00                    1623 	.db #0x00	; 0
    0000062B F8                    1624 	.db #0xf8	; 248
    0000062C 00                    1625 	.db #0x00	; 0
    0000062D F8                    1626 	.db #0xf8	; 248
    0000062E 00                    1627 	.db #0x00	; 0
    0000062F F8                    1628 	.db #0xf8	; 248
    00000630 00                    1629 	.db #0x00	; 0
    00000631 00                    1630 	.db #0x00	; 0
    00000632 00                    1631 	.db #0x00	; 0
    00000633 00                    1632 	.db #0x00	; 0
    00000634 00                    1633 	.db #0x00	; 0
    00000635 00                    1634 	.db #0x00	; 0
    00000636 00                    1635 	.db #0x00	; 0
    00000637 00                    1636 	.db #0x00	; 0
    00000638 00                    1637 	.db #0x00	; 0
    00000639 00                    1638 	.db #0x00	; 0
    0000063A 00                    1639 	.db #0x00	; 0
    0000063B 00                    1640 	.db #0x00	; 0
    0000063C 00                    1641 	.db #0x00	; 0
    0000063D 15                    1642 	.db #0x15	; 21
    0000063E 00                    1643 	.db #0x00	; 0
    0000063F 1F                    1644 	.db #0x1f	; 31
    00000640 75                    1645 	.db #0x75	; 117	'u'
    00000641 8A                    1646 	.db #0x8a	; 138
    00000642 BB                    1647 	.db #0xbb	; 187
    00000643 44                    1648 	.db #0x44	; 68	'D'
    00000644 55                    1649 	.db #0x55	; 85	'U'
    00000645 AA                    1650 	.db #0xaa	; 170
    00000646 EF                    1651 	.db #0xef	; 239
    00000647 10                    1652 	.db #0x10	; 16
    00000648 55                    1653 	.db #0x55	; 85	'U'
    00000649 AA                    1654 	.db #0xaa	; 170
    0000064A FB                    1655 	.db #0xfb	; 251
    0000064B 04                    1656 	.db #0x04	; 4
    0000064C 55                    1657 	.db #0x55	; 85	'U'
    0000064D AA                    1658 	.db #0xaa	; 170
    0000064E FE                    1659 	.db #0xfe	; 254
    0000064F 01                    1660 	.db #0x01	; 1
    00000650 55                    1661 	.db #0x55	; 85	'U'
    00000651 AA                    1662 	.db #0xaa	; 170
    00000652 BB                    1663 	.db #0xbb	; 187
    00000653 44                    1664 	.db #0x44	; 68	'D'
    00000654 55                    1665 	.db #0x55	; 85	'U'
    00000655 AA                    1666 	.db #0xaa	; 170
    00000656 EF                    1667 	.db #0xef	; 239
    00000657 10                    1668 	.db #0x10	; 16
    00000658 55                    1669 	.db #0x55	; 85	'U'
    00000659 AA                    1670 	.db #0xaa	; 170
    0000065A BB                    1671 	.db #0xbb	; 187
    0000065B 44                    1672 	.db #0x44	; 68	'D'
    0000065C 55                    1673 	.db #0x55	; 85	'U'
    0000065D AA                    1674 	.db #0xaa	; 170
    0000065E FE                    1675 	.db #0xfe	; 254
    0000065F 01                    1676 	.db #0x01	; 1
    00000660 C0                    1677 	.db #0xc0	; 192
    00000661 00                    1678 	.db #0x00	; 0
    00000662 C0                    1679 	.db #0xc0	; 192
    00000663 00                    1680 	.db #0x00	; 0
    00000664 E0                    1681 	.db #0xe0	; 224
    00000665 00                    1682 	.db #0x00	; 0
    00000666 E8                    1683 	.db #0xe8	; 232
    00000667 00                    1684 	.db #0x00	; 0
    00000668 F5                    1685 	.db #0xf5	; 245
    00000669 00                    1686 	.db #0x00	; 0
    0000066A BF                    1687 	.db #0xbf	; 191
    0000066B 40                    1688 	.db #0x40	; 64
    0000066C 5F                    1689 	.db #0x5f	; 95
    0000066D A0                    1690 	.db #0xa0	; 160
    0000066E FE                    1691 	.db #0xfe	; 254
    0000066F 01                    1692 	.db #0x01	; 1
    00000670 78                    1693 	.db #0x78	; 120	'x'
    00000671 00                    1694 	.db #0x00	; 0
    00000672 F8                    1695 	.db #0xf8	; 248
    00000673 00                    1696 	.db #0x00	; 0
    00000674 FC                    1697 	.db #0xfc	; 252
    00000675 00                    1698 	.db #0x00	; 0
    00000676 FE                    1699 	.db #0xfe	; 254
    00000677 00                    1700 	.db #0x00	; 0
    00000678 F7                    1701 	.db #0xf7	; 247
    00000679 08                    1702 	.db #0x08	; 8
    0000067A FF                    1703 	.db #0xff	; 255
    0000067B 00                    1704 	.db #0x00	; 0
    0000067C FC                    1705 	.db #0xfc	; 252
    0000067D 02                    1706 	.db #0x02	; 2
    0000067E FE                    1707 	.db #0xfe	; 254
    0000067F 00                    1708 	.db #0x00	; 0
    00000680 0F                    1709 	.db #0x0f	; 15
    00000681 00                    1710 	.db #0x00	; 0
    00000682 0F                    1711 	.db #0x0f	; 15
    00000683 00                    1712 	.db #0x00	; 0
    00000684 0D                    1713 	.db #0x0d	; 13
    00000685 02                    1714 	.db #0x02	; 2
    00000686 0F                    1715 	.db #0x0f	; 15
    00000687 00                    1716 	.db #0x00	; 0
    00000688 05                    1717 	.db #0x05	; 5
    00000689 02                    1718 	.db #0x02	; 2
    0000068A 07                    1719 	.db #0x07	; 7
    0000068B 00                    1720 	.db #0x00	; 0
    0000068C 07                    1721 	.db #0x07	; 7
    0000068D 00                    1722 	.db #0x00	; 0
    0000068E 07                    1723 	.db #0x07	; 7
    0000068F 00                    1724 	.db #0x00	; 0
    00000690 DC                    1725 	.db #0xdc	; 220
    00000691 20                    1726 	.db #0x20	; 32
    00000692 F8                    1727 	.db #0xf8	; 248
    00000693 00                    1728 	.db #0x00	; 0
    00000694 DC                    1729 	.db #0xdc	; 220
    00000695 20                    1730 	.db #0x20	; 32
    00000696 EC                    1731 	.db #0xec	; 236
    00000697 10                    1732 	.db #0x10	; 16
    00000698 D7                    1733 	.db #0xd7	; 215
    00000699 28                    1734 	.db #0x28	; 40
    0000069A FF                    1735 	.db #0xff	; 255
    0000069B 00                    1736 	.db #0x00	; 0
    0000069C FC                    1737 	.db #0xfc	; 252
    0000069D 02                    1738 	.db #0x02	; 2
    0000069E FE                    1739 	.db #0xfe	; 254
    0000069F 00                    1740 	.db #0x00	; 0
    000006A0 75                    1741 	.db #0x75	; 117	'u'
    000006A1 8A                    1742 	.db #0x8a	; 138
    000006A2 BB                    1743 	.db #0xbb	; 187
    000006A3 44                    1744 	.db #0x44	; 68	'D'
    000006A4 55                    1745 	.db #0x55	; 85	'U'
    000006A5 AA                    1746 	.db #0xaa	; 170
    000006A6 EF                    1747 	.db #0xef	; 239
    000006A7 10                    1748 	.db #0x10	; 16
    000006A8 51                    1749 	.db #0x51	; 81	'Q'
    000006A9 AE                    1750 	.db #0xae	; 174
    000006AA B9                    1751 	.db #0xb9	; 185
    000006AB 40                    1752 	.db #0x40	; 64
    000006AC FB                    1753 	.db #0xfb	; 251
    000006AD 00                    1754 	.db #0x00	; 0
    000006AE E3                    1755 	.db #0xe3	; 227
    000006AF 00                    1756 	.db #0x00	; 0
    000006B0 55                    1757 	.db #0x55	; 85	'U'
    000006B1 AA                    1758 	.db #0xaa	; 170
    000006B2 BB                    1759 	.db #0xbb	; 187
    000006B3 44                    1760 	.db #0x44	; 68	'D'
    000006B4 55                    1761 	.db #0x55	; 85	'U'
    000006B5 AA                    1762 	.db #0xaa	; 170
    000006B6 EF                    1763 	.db #0xef	; 239
    000006B7 10                    1764 	.db #0x10	; 16
    000006B8 55                    1765 	.db #0x55	; 85	'U'
    000006B9 AA                    1766 	.db #0xaa	; 170
    000006BA 03                    1767 	.db #0x03	; 3
    000006BB 04                    1768 	.db #0x04	; 4
    000006BC 01                    1769 	.db #0x01	; 1
    000006BD 02                    1770 	.db #0x02	; 2
    000006BE 0A                    1771 	.db #0x0a	; 10
    000006BF 01                    1772 	.db #0x01	; 1
    000006C0 7D                    1773 	.db #0x7d	; 125
    000006C1 82                    1774 	.db #0x82	; 130
    000006C2 BB                    1775 	.db #0xbb	; 187
    000006C3 44                    1776 	.db #0x44	; 68	'D'
    000006C4 DD                    1777 	.db #0xdd	; 221
    000006C5 22                    1778 	.db #0x22	; 34
    000006C6 FF                    1779 	.db #0xff	; 255
    000006C7 00                    1780 	.db #0x00	; 0
    000006C8 DF                    1781 	.db #0xdf	; 223
    000006C9 20                    1782 	.db #0x20	; 32
    000006CA BB                    1783 	.db #0xbb	; 187
    000006CB 44                    1784 	.db #0x44	; 68	'D'
    000006CC 45                    1785 	.db #0x45	; 69	'E'
    000006CD BA                    1786 	.db #0xba	; 186
    000006CE EC                    1787 	.db #0xec	; 236
    000006CF 13                    1788 	.db #0x13	; 19
    000006D0 57                    1789 	.db #0x57	; 87	'W'
    000006D1 A8                    1790 	.db #0xa8	; 168
    000006D2 BF                    1791 	.db #0xbf	; 191
    000006D3 40                    1792 	.db #0x40	; 64
    000006D4 55                    1793 	.db #0x55	; 85	'U'
    000006D5 AA                    1794 	.db #0xaa	; 170
    000006D6 EF                    1795 	.db #0xef	; 239
    000006D7 10                    1796 	.db #0x10	; 16
    000006D8 D5                    1797 	.db #0xd5	; 213
    000006D9 2A                    1798 	.db #0x2a	; 42
    000006DA BF                    1799 	.db #0xbf	; 191
    000006DB 40                    1800 	.db #0x40	; 64
    000006DC DF                    1801 	.db #0xdf	; 223
    000006DD 20                    1802 	.db #0x20	; 32
    000006DE FF                    1803 	.db #0xff	; 255
    000006DF 00                    1804 	.db #0x00	; 0
    000006E0 FD                    1805 	.db #0xfd	; 253
    000006E1 02                    1806 	.db #0x02	; 2
    000006E2 BB                    1807 	.db #0xbb	; 187
    000006E3 44                    1808 	.db #0x44	; 68	'D'
    000006E4 55                    1809 	.db #0x55	; 85	'U'
    000006E5 AA                    1810 	.db #0xaa	; 170
    000006E6 FF                    1811 	.db #0xff	; 255
    000006E7 00                    1812 	.db #0x00	; 0
    000006E8 75                    1813 	.db #0x75	; 117	'u'
    000006E9 8A                    1814 	.db #0x8a	; 138
    000006EA FF                    1815 	.db #0xff	; 255
    000006EB 00                    1816 	.db #0x00	; 0
    000006EC F5                    1817 	.db #0xf5	; 245
    000006ED 0A                    1818 	.db #0x0a	; 10
    000006EE FE                    1819 	.db #0xfe	; 254
    000006EF 01                    1820 	.db #0x01	; 1
    000006F0 00                    1821 	.db #0x00	; 0
    000006F1 FF                    1822 	.db #0xff	; 255
    000006F2 10                    1823 	.db #0x10	; 16
    000006F3 EF                    1824 	.db #0xef	; 239
    000006F4 88                    1825 	.db #0x88	; 136
    000006F5 77                    1826 	.db #0x77	; 119	'w'
    000006F6 72                    1827 	.db #0x72	; 114	'r'
    000006F7 8D                    1828 	.db #0x8d	; 141
    000006F8 E0                    1829 	.db #0xe0	; 224
    000006F9 1F                    1830 	.db #0x1f	; 31
    000006FA C0                    1831 	.db #0xc0	; 192
    000006FB 3F                    1832 	.db #0x3f	; 63
    000006FC 11                    1833 	.db #0x11	; 17
    000006FD EE                    1834 	.db #0xee	; 238
    000006FE 96                    1835 	.db #0x96	; 150
    000006FF 69                    1836 	.db #0x69	; 105	'i'
    00000700 00                    1837 	.db #0x00	; 0
    00000701 FF                    1838 	.db #0xff	; 255
    00000702 30                    1839 	.db #0x30	; 48	'0'
    00000703 CF                    1840 	.db #0xcf	; 207
    00000704 20                    1841 	.db #0x20	; 32
    00000705 DF                    1842 	.db #0xdf	; 223
    00000706 AE                    1843 	.db #0xae	; 174
    00000707 51                    1844 	.db #0x51	; 81	'Q'
    00000708 D0                    1845 	.db #0xd0	; 208
    00000709 2F                    1846 	.db #0x2f	; 47
    0000070A AE                    1847 	.db #0xae	; 174
    0000070B 51                    1848 	.db #0x51	; 81	'Q'
    0000070C 04                    1849 	.db #0x04	; 4
    0000070D FB                    1850 	.db #0xfb	; 251
    0000070E AC                    1851 	.db #0xac	; 172
    0000070F 53                    1852 	.db #0x53	; 83	'S'
    00000710 00                    1853 	.db #0x00	; 0
    00000711 FC                    1854 	.db #0xfc	; 252
    00000712 00                    1855 	.db #0x00	; 0
    00000713 FF                    1856 	.db #0xff	; 255
    00000714 00                    1857 	.db #0x00	; 0
    00000715 FF                    1858 	.db #0xff	; 255
    00000716 30                    1859 	.db #0x30	; 48	'0'
    00000717 CF                    1860 	.db #0xcf	; 207
    00000718 30                    1861 	.db #0x30	; 48	'0'
    00000719 CF                    1862 	.db #0xcf	; 207
    0000071A 5C                    1863 	.db #0x5c	; 92
    0000071B A3                    1864 	.db #0xa3	; 163
    0000071C 7D                    1865 	.db #0x7d	; 125
    0000071D 82                    1866 	.db #0x82	; 130
    0000071E BA                    1867 	.db #0xba	; 186
    0000071F 45                    1868 	.db #0x45	; 69	'E'
    00000720 00                    1869 	.db #0x00	; 0
    00000721 1F                    1870 	.db #0x1f	; 31
    00000722 01                    1871 	.db #0x01	; 1
    00000723 1E                    1872 	.db #0x1e	; 30
    00000724 00                    1873 	.db #0x00	; 0
    00000725 FF                    1874 	.db #0xff	; 255
    00000726 1A                    1875 	.db #0x1a	; 26
    00000727 E5                    1876 	.db #0xe5	; 229
    00000728 A8                    1877 	.db #0xa8	; 168
    00000729 57                    1878 	.db #0x57	; 87	'W'
    0000072A CB                    1879 	.db #0xcb	; 203
    0000072B 34                    1880 	.db #0x34	; 52	'4'
    0000072C D5                    1881 	.db #0xd5	; 213
    0000072D 2A                    1882 	.db #0x2a	; 42
    0000072E FF                    1883 	.db #0xff	; 255
    0000072F 00                    1884 	.db #0x00	; 0
    00000730 40                    1885 	.db #0x40	; 64
    00000731 00                    1886 	.db #0x00	; 0
    00000732 E0                    1887 	.db #0xe0	; 224
    00000733 00                    1888 	.db #0x00	; 0
    00000734 78                    1889 	.db #0x78	; 120	'x'
    00000735 00                    1890 	.db #0x00	; 0
    00000736 E0                    1891 	.db #0xe0	; 224
    00000737 00                    1892 	.db #0x00	; 0
    00000738 F0                    1893 	.db #0xf0	; 240
    00000739 00                    1894 	.db #0x00	; 0
    0000073A B8                    1895 	.db #0xb8	; 184
    0000073B 40                    1896 	.db #0x40	; 64
    0000073C 5E                    1897 	.db #0x5e	; 94
    0000073D A0                    1898 	.db #0xa0	; 160
    0000073E FE                    1899 	.db #0xfe	; 254
    0000073F 00                    1900 	.db #0x00	; 0
    00000740 00                    1901 	.db #0x00	; 0
    00000741 00                    1902 	.db #0x00	; 0
    00000742 00                    1903 	.db #0x00	; 0
    00000743 00                    1904 	.db #0x00	; 0
    00000744 00                    1905 	.db #0x00	; 0
    00000745 00                    1906 	.db #0x00	; 0
    00000746 00                    1907 	.db #0x00	; 0
    00000747 00                    1908 	.db #0x00	; 0
    00000748 00                    1909 	.db #0x00	; 0
    00000749 00                    1910 	.db #0x00	; 0
    0000074A 00                    1911 	.db #0x00	; 0
    0000074B 00                    1912 	.db #0x00	; 0
    0000074C 00                    1913 	.db #0x00	; 0
    0000074D B4                    1914 	.db #0xb4	; 180
    0000074E 00                    1915 	.db #0x00	; 0
    0000074F FC                    1916 	.db #0xfc	; 252
    00000750 00                    1917 	.db #0x00	; 0
    00000751 00                    1918 	.db #0x00	; 0
    00000752 00                    1919 	.db #0x00	; 0
    00000753 00                    1920 	.db #0x00	; 0
    00000754 00                    1921 	.db #0x00	; 0
    00000755 00                    1922 	.db #0x00	; 0
    00000756 00                    1923 	.db #0x00	; 0
    00000757 00                    1924 	.db #0x00	; 0
    00000758 00                    1925 	.db #0x00	; 0
    00000759 00                    1926 	.db #0x00	; 0
    0000075A 00                    1927 	.db #0x00	; 0
    0000075B 00                    1928 	.db #0x00	; 0
    0000075C 00                    1929 	.db #0x00	; 0
    0000075D 00                    1930 	.db #0x00	; 0
    0000075E 08                    1931 	.db #0x08	; 8
    0000075F 00                    1932 	.db #0x00	; 0
    00000760 00                    1933 	.db #0x00	; 0
    00000761 00                    1934 	.db #0x00	; 0
    00000762 00                    1935 	.db #0x00	; 0
    00000763 00                    1936 	.db #0x00	; 0
    00000764 00                    1937 	.db #0x00	; 0
    00000765 00                    1938 	.db #0x00	; 0
    00000766 00                    1939 	.db #0x00	; 0
    00000767 00                    1940 	.db #0x00	; 0
    00000768 00                    1941 	.db #0x00	; 0
    00000769 00                    1942 	.db #0x00	; 0
    0000076A 00                    1943 	.db #0x00	; 0
    0000076B 00                    1944 	.db #0x00	; 0
    0000076C 06                    1945 	.db #0x06	; 6
    0000076D 00                    1946 	.db #0x00	; 0
    0000076E 07                    1947 	.db #0x07	; 7
    0000076F 00                    1948 	.db #0x00	; 0
    00000770 F7                    1949 	.db #0xf7	; 247
    00000771 08                    1950 	.db #0x08	; 8
    00000772 FF                    1951 	.db #0xff	; 255
    00000773 00                    1952 	.db #0x00	; 0
    00000774 FD                    1953 	.db #0xfd	; 253
    00000775 02                    1954 	.db #0x02	; 2
    00000776 FF                    1955 	.db #0xff	; 255
    00000777 00                    1956 	.db #0x00	; 0
    00000778 FD                    1957 	.db #0xfd	; 253
    00000779 02                    1958 	.db #0x02	; 2
    0000077A FF                    1959 	.db #0xff	; 255
    0000077B 00                    1960 	.db #0x00	; 0
    0000077C DD                    1961 	.db #0xdd	; 221
    0000077D 22                    1962 	.db #0x22	; 34
    0000077E FE                    1963 	.db #0xfe	; 254
    0000077F 01                    1964 	.db #0x01	; 1
    00000780 03                    1965 	.db #0x03	; 3
    00000781 00                    1966 	.db #0x00	; 0
    00000782 03                    1967 	.db #0x03	; 3
    00000783 00                    1968 	.db #0x00	; 0
    00000784 03                    1969 	.db #0x03	; 3
    00000785 00                    1970 	.db #0x00	; 0
    00000786 01                    1971 	.db #0x01	; 1
    00000787 00                    1972 	.db #0x00	; 0
    00000788 01                    1973 	.db #0x01	; 1
    00000789 00                    1974 	.db #0x00	; 0
    0000078A 03                    1975 	.db #0x03	; 3
    0000078B 00                    1976 	.db #0x00	; 0
    0000078C 03                    1977 	.db #0x03	; 3
    0000078D 00                    1978 	.db #0x00	; 0
    0000078E 03                    1979 	.db #0x03	; 3
    0000078F 00                    1980 	.db #0x00	; 0
    00000790 03                    1981 	.db #0x03	; 3
    00000791 00                    1982 	.db #0x00	; 0
    00000792 07                    1983 	.db #0x07	; 7
    00000793 00                    1984 	.db #0x00	; 0
    00000794 03                    1985 	.db #0x03	; 3
    00000795 00                    1986 	.db #0x00	; 0
    00000796 03                    1987 	.db #0x03	; 3
    00000797 00                    1988 	.db #0x00	; 0
    00000798 03                    1989 	.db #0x03	; 3
    00000799 00                    1990 	.db #0x00	; 0
    0000079A 07                    1991 	.db #0x07	; 7
    0000079B 00                    1992 	.db #0x00	; 0
    0000079C 03                    1993 	.db #0x03	; 3
    0000079D 00                    1994 	.db #0x00	; 0
    0000079E 02                    1995 	.db #0x02	; 2
    0000079F 01                    1996 	.db #0x01	; 1
    000007A0 D7                    1997 	.db #0xd7	; 215
    000007A1 28                    1998 	.db #0x28	; 40
    000007A2 BB                    1999 	.db #0xbb	; 187
    000007A3 44                    2000 	.db #0x44	; 68	'D'
    000007A4 F5                    2001 	.db #0xf5	; 245
    000007A5 0A                    2002 	.db #0x0a	; 10
    000007A6 FF                    2003 	.db #0xff	; 255
    000007A7 00                    2004 	.db #0x00	; 0
    000007A8 7D                    2005 	.db #0x7d	; 125
    000007A9 82                    2006 	.db #0x82	; 130
    000007AA FB                    2007 	.db #0xfb	; 251
    000007AB 04                    2008 	.db #0x04	; 4
    000007AC DD                    2009 	.db #0xdd	; 221
    000007AD 22                    2010 	.db #0x22	; 34
    000007AE FE                    2011 	.db #0xfe	; 254
    000007AF 01                    2012 	.db #0x01	; 1
    000007B0 FF                    2013 	.db #0xff	; 255
    000007B1 FF                    2014 	.db #0xff	; 255
    000007B2 FF                    2015 	.db #0xff	; 255
    000007B3 FF                    2016 	.db #0xff	; 255
    000007B4 FF                    2017 	.db #0xff	; 255
    000007B5 FF                    2018 	.db #0xff	; 255
    000007B6 FF                    2019 	.db #0xff	; 255
    000007B7 FF                    2020 	.db #0xff	; 255
    000007B8 FF                    2021 	.db #0xff	; 255
    000007B9 FF                    2022 	.db #0xff	; 255
    000007BA FF                    2023 	.db #0xff	; 255
    000007BB FF                    2024 	.db #0xff	; 255
    000007BC FF                    2025 	.db #0xff	; 255
    000007BD FF                    2026 	.db #0xff	; 255
    000007BE FF                    2027 	.db #0xff	; 255
    000007BF FF                    2028 	.db #0xff	; 255
    000007C0 FF                    2029 	.db #0xff	; 255
    000007C1 FF                    2030 	.db #0xff	; 255
    000007C2 FF                    2031 	.db #0xff	; 255
    000007C3 FF                    2032 	.db #0xff	; 255
    000007C4 FF                    2033 	.db #0xff	; 255
    000007C5 FF                    2034 	.db #0xff	; 255
    000007C6 FF                    2035 	.db #0xff	; 255
    000007C7 FF                    2036 	.db #0xff	; 255
    000007C8 FF                    2037 	.db #0xff	; 255
    000007C9 FF                    2038 	.db #0xff	; 255
    000007CA FF                    2039 	.db #0xff	; 255
    000007CB FF                    2040 	.db #0xff	; 255
    000007CC FF                    2041 	.db #0xff	; 255
    000007CD FF                    2042 	.db #0xff	; 255
    000007CE FF                    2043 	.db #0xff	; 255
    000007CF FF                    2044 	.db #0xff	; 255
    000007D0 FF                    2045 	.db #0xff	; 255
    000007D1 FF                    2046 	.db #0xff	; 255
    000007D2 FF                    2047 	.db #0xff	; 255
    000007D3 FF                    2048 	.db #0xff	; 255
    000007D4 FF                    2049 	.db #0xff	; 255
    000007D5 FF                    2050 	.db #0xff	; 255
    000007D6 FF                    2051 	.db #0xff	; 255
    000007D7 FF                    2052 	.db #0xff	; 255
    000007D8 FF                    2053 	.db #0xff	; 255
    000007D9 FF                    2054 	.db #0xff	; 255
    000007DA FF                    2055 	.db #0xff	; 255
    000007DB FF                    2056 	.db #0xff	; 255
    000007DC FF                    2057 	.db #0xff	; 255
    000007DD FF                    2058 	.db #0xff	; 255
    000007DE FF                    2059 	.db #0xff	; 255
    000007DF FF                    2060 	.db #0xff	; 255
    000007E0 FF                    2061 	.db #0xff	; 255
    000007E1 FF                    2062 	.db #0xff	; 255
    000007E2 FF                    2063 	.db #0xff	; 255
    000007E3 FF                    2064 	.db #0xff	; 255
    000007E4 FF                    2065 	.db #0xff	; 255
    000007E5 FF                    2066 	.db #0xff	; 255
    000007E6 FF                    2067 	.db #0xff	; 255
    000007E7 FF                    2068 	.db #0xff	; 255
    000007E8 FF                    2069 	.db #0xff	; 255
    000007E9 FF                    2070 	.db #0xff	; 255
    000007EA FF                    2071 	.db #0xff	; 255
    000007EB FF                    2072 	.db #0xff	; 255
    000007EC FF                    2073 	.db #0xff	; 255
    000007ED FF                    2074 	.db #0xff	; 255
    000007EE FF                    2075 	.db #0xff	; 255
    000007EF FF                    2076 	.db #0xff	; 255
    000007F0 FF                    2077 	.db #0xff	; 255
    000007F1 FF                    2078 	.db #0xff	; 255
    000007F2 FF                    2079 	.db #0xff	; 255
    000007F3 FF                    2080 	.db #0xff	; 255
    000007F4 FF                    2081 	.db #0xff	; 255
    000007F5 FF                    2082 	.db #0xff	; 255
    000007F6 FF                    2083 	.db #0xff	; 255
    000007F7 FF                    2084 	.db #0xff	; 255
    000007F8 FF                    2085 	.db #0xff	; 255
    000007F9 FF                    2086 	.db #0xff	; 255
    000007FA FF                    2087 	.db #0xff	; 255
    000007FB FF                    2088 	.db #0xff	; 255
    000007FC FF                    2089 	.db #0xff	; 255
    000007FD FF                    2090 	.db #0xff	; 255
    000007FE FF                    2091 	.db #0xff	; 255
    000007FF FF                    2092 	.db #0xff	; 255
    00000800 FF                    2093 	.db #0xff	; 255
    00000801 FF                    2094 	.db #0xff	; 255
    00000802 FF                    2095 	.db #0xff	; 255
    00000803 FF                    2096 	.db #0xff	; 255
    00000804 FF                    2097 	.db #0xff	; 255
    00000805 FF                    2098 	.db #0xff	; 255
    00000806 FF                    2099 	.db #0xff	; 255
    00000807 FF                    2100 	.db #0xff	; 255
    00000808 FF                    2101 	.db #0xff	; 255
    00000809 FF                    2102 	.db #0xff	; 255
    0000080A FF                    2103 	.db #0xff	; 255
    0000080B FF                    2104 	.db #0xff	; 255
    0000080C FF                    2105 	.db #0xff	; 255
    0000080D FF                    2106 	.db #0xff	; 255
    0000080E FF                    2107 	.db #0xff	; 255
    0000080F FF                    2108 	.db #0xff	; 255
    00000810 FF                    2109 	.db #0xff	; 255
    00000811 FF                    2110 	.db #0xff	; 255
    00000812 FF                    2111 	.db #0xff	; 255
    00000813 FF                    2112 	.db #0xff	; 255
    00000814 FF                    2113 	.db #0xff	; 255
    00000815 FF                    2114 	.db #0xff	; 255
    00000816 FF                    2115 	.db #0xff	; 255
    00000817 FF                    2116 	.db #0xff	; 255
    00000818 FF                    2117 	.db #0xff	; 255
    00000819 FF                    2118 	.db #0xff	; 255
    0000081A FF                    2119 	.db #0xff	; 255
    0000081B FF                    2120 	.db #0xff	; 255
    0000081C FF                    2121 	.db #0xff	; 255
    0000081D FF                    2122 	.db #0xff	; 255
    0000081E FF                    2123 	.db #0xff	; 255
    0000081F FF                    2124 	.db #0xff	; 255
    00000820 FF                    2125 	.db #0xff	; 255
    00000821 FF                    2126 	.db #0xff	; 255
    00000822 FF                    2127 	.db #0xff	; 255
    00000823 FF                    2128 	.db #0xff	; 255
    00000824 FF                    2129 	.db #0xff	; 255
    00000825 FF                    2130 	.db #0xff	; 255
    00000826 FF                    2131 	.db #0xff	; 255
    00000827 FF                    2132 	.db #0xff	; 255
    00000828 FF                    2133 	.db #0xff	; 255
    00000829 FF                    2134 	.db #0xff	; 255
    0000082A FF                    2135 	.db #0xff	; 255
    0000082B FF                    2136 	.db #0xff	; 255
    0000082C FF                    2137 	.db #0xff	; 255
    0000082D FF                    2138 	.db #0xff	; 255
    0000082E FF                    2139 	.db #0xff	; 255
    0000082F FF                    2140 	.db #0xff	; 255
    00000830 FF                    2141 	.db #0xff	; 255
    00000831 FF                    2142 	.db #0xff	; 255
    00000832 FF                    2143 	.db #0xff	; 255
    00000833 FF                    2144 	.db #0xff	; 255
    00000834 FF                    2145 	.db #0xff	; 255
    00000835 FF                    2146 	.db #0xff	; 255
    00000836 FF                    2147 	.db #0xff	; 255
    00000837 FF                    2148 	.db #0xff	; 255
    00000838 FF                    2149 	.db #0xff	; 255
    00000839 FF                    2150 	.db #0xff	; 255
    0000083A FF                    2151 	.db #0xff	; 255
    0000083B FF                    2152 	.db #0xff	; 255
    0000083C FF                    2153 	.db #0xff	; 255
    0000083D FF                    2154 	.db #0xff	; 255
    0000083E FF                    2155 	.db #0xff	; 255
    0000083F FF                    2156 	.db #0xff	; 255
    00000840 FF                    2157 	.db #0xff	; 255
    00000841 FF                    2158 	.db #0xff	; 255
    00000842 FF                    2159 	.db #0xff	; 255
    00000843 FF                    2160 	.db #0xff	; 255
    00000844 FF                    2161 	.db #0xff	; 255
    00000845 FF                    2162 	.db #0xff	; 255
    00000846 FF                    2163 	.db #0xff	; 255
    00000847 FF                    2164 	.db #0xff	; 255
    00000848 FF                    2165 	.db #0xff	; 255
    00000849 FF                    2166 	.db #0xff	; 255
    0000084A FF                    2167 	.db #0xff	; 255
    0000084B FF                    2168 	.db #0xff	; 255
    0000084C FF                    2169 	.db #0xff	; 255
    0000084D FF                    2170 	.db #0xff	; 255
    0000084E FF                    2171 	.db #0xff	; 255
    0000084F FF                    2172 	.db #0xff	; 255
    00000850 FF                    2173 	.db #0xff	; 255
    00000851 FF                    2174 	.db #0xff	; 255
    00000852 FF                    2175 	.db #0xff	; 255
    00000853 FF                    2176 	.db #0xff	; 255
    00000854 FF                    2177 	.db #0xff	; 255
    00000855 FF                    2178 	.db #0xff	; 255
    00000856 FF                    2179 	.db #0xff	; 255
    00000857 FF                    2180 	.db #0xff	; 255
    00000858 FF                    2181 	.db #0xff	; 255
    00000859 FF                    2182 	.db #0xff	; 255
    0000085A FF                    2183 	.db #0xff	; 255
    0000085B FF                    2184 	.db #0xff	; 255
    0000085C FF                    2185 	.db #0xff	; 255
    0000085D FF                    2186 	.db #0xff	; 255
    0000085E FF                    2187 	.db #0xff	; 255
    0000085F FF                    2188 	.db #0xff	; 255
    00000860 FF                    2189 	.db #0xff	; 255
    00000861 FF                    2190 	.db #0xff	; 255
    00000862 FF                    2191 	.db #0xff	; 255
    00000863 FF                    2192 	.db #0xff	; 255
    00000864 FF                    2193 	.db #0xff	; 255
    00000865 FF                    2194 	.db #0xff	; 255
    00000866 FF                    2195 	.db #0xff	; 255
    00000867 FF                    2196 	.db #0xff	; 255
    00000868 FF                    2197 	.db #0xff	; 255
    00000869 FF                    2198 	.db #0xff	; 255
    0000086A FF                    2199 	.db #0xff	; 255
    0000086B FF                    2200 	.db #0xff	; 255
    0000086C FF                    2201 	.db #0xff	; 255
    0000086D FF                    2202 	.db #0xff	; 255
    0000086E FF                    2203 	.db #0xff	; 255
    0000086F FF                    2204 	.db #0xff	; 255
    00000870 FF                    2205 	.db #0xff	; 255
    00000871 FF                    2206 	.db #0xff	; 255
    00000872 FF                    2207 	.db #0xff	; 255
    00000873 FF                    2208 	.db #0xff	; 255
    00000874 FF                    2209 	.db #0xff	; 255
    00000875 FF                    2210 	.db #0xff	; 255
    00000876 FF                    2211 	.db #0xff	; 255
    00000877 FF                    2212 	.db #0xff	; 255
    00000878 FF                    2213 	.db #0xff	; 255
    00000879 FF                    2214 	.db #0xff	; 255
    0000087A FF                    2215 	.db #0xff	; 255
    0000087B FF                    2216 	.db #0xff	; 255
    0000087C FF                    2217 	.db #0xff	; 255
    0000087D FF                    2218 	.db #0xff	; 255
    0000087E FF                    2219 	.db #0xff	; 255
    0000087F FF                    2220 	.db #0xff	; 255
    00000880 FF                    2221 	.db #0xff	; 255
    00000881 FF                    2222 	.db #0xff	; 255
    00000882 FF                    2223 	.db #0xff	; 255
    00000883 FF                    2224 	.db #0xff	; 255
    00000884 FF                    2225 	.db #0xff	; 255
    00000885 FF                    2226 	.db #0xff	; 255
    00000886 FF                    2227 	.db #0xff	; 255
    00000887 FF                    2228 	.db #0xff	; 255
    00000888 FF                    2229 	.db #0xff	; 255
    00000889 FF                    2230 	.db #0xff	; 255
    0000088A FF                    2231 	.db #0xff	; 255
    0000088B FF                    2232 	.db #0xff	; 255
    0000088C FF                    2233 	.db #0xff	; 255
    0000088D FF                    2234 	.db #0xff	; 255
    0000088E FF                    2235 	.db #0xff	; 255
    0000088F FF                    2236 	.db #0xff	; 255
    00000890 FF                    2237 	.db #0xff	; 255
    00000891 FF                    2238 	.db #0xff	; 255
    00000892 FF                    2239 	.db #0xff	; 255
    00000893 FF                    2240 	.db #0xff	; 255
    00000894 FF                    2241 	.db #0xff	; 255
    00000895 FF                    2242 	.db #0xff	; 255
    00000896 FF                    2243 	.db #0xff	; 255
    00000897 FF                    2244 	.db #0xff	; 255
    00000898 FF                    2245 	.db #0xff	; 255
    00000899 FF                    2246 	.db #0xff	; 255
    0000089A FF                    2247 	.db #0xff	; 255
    0000089B FF                    2248 	.db #0xff	; 255
    0000089C FF                    2249 	.db #0xff	; 255
    0000089D FF                    2250 	.db #0xff	; 255
    0000089E FF                    2251 	.db #0xff	; 255
    0000089F FF                    2252 	.db #0xff	; 255
    000008A0 FF                    2253 	.db #0xff	; 255
    000008A1 FF                    2254 	.db #0xff	; 255
    000008A2 FF                    2255 	.db #0xff	; 255
    000008A3 FF                    2256 	.db #0xff	; 255
    000008A4 FF                    2257 	.db #0xff	; 255
    000008A5 FF                    2258 	.db #0xff	; 255
    000008A6 FF                    2259 	.db #0xff	; 255
    000008A7 FF                    2260 	.db #0xff	; 255
    000008A8 FF                    2261 	.db #0xff	; 255
    000008A9 FF                    2262 	.db #0xff	; 255
    000008AA FF                    2263 	.db #0xff	; 255
    000008AB FF                    2264 	.db #0xff	; 255
    000008AC FF                    2265 	.db #0xff	; 255
    000008AD FF                    2266 	.db #0xff	; 255
    000008AE FF                    2267 	.db #0xff	; 255
    000008AF FF                    2268 	.db #0xff	; 255
    000008B0 FF                    2269 	.db #0xff	; 255
    000008B1 FF                    2270 	.db #0xff	; 255
    000008B2 FF                    2271 	.db #0xff	; 255
    000008B3 FF                    2272 	.db #0xff	; 255
    000008B4 FF                    2273 	.db #0xff	; 255
    000008B5 FF                    2274 	.db #0xff	; 255
    000008B6 FF                    2275 	.db #0xff	; 255
    000008B7 FF                    2276 	.db #0xff	; 255
    000008B8 FF                    2277 	.db #0xff	; 255
    000008B9 FF                    2278 	.db #0xff	; 255
    000008BA FF                    2279 	.db #0xff	; 255
    000008BB FF                    2280 	.db #0xff	; 255
    000008BC FF                    2281 	.db #0xff	; 255
    000008BD FF                    2282 	.db #0xff	; 255
    000008BE FF                    2283 	.db #0xff	; 255
    000008BF FF                    2284 	.db #0xff	; 255
    000008C0 E9                    2285 	.db #0xe9	; 233
    000008C1 00                    2286 	.db #0x00	; 0
    000008C2 E1                    2287 	.db #0xe1	; 225
    000008C3 00                    2288 	.db #0x00	; 0
    000008C4 E0                    2289 	.db #0xe0	; 224
    000008C5 00                    2290 	.db #0x00	; 0
    000008C6 80                    2291 	.db #0x80	; 128
    000008C7 00                    2292 	.db #0x00	; 0
    000008C8 80                    2293 	.db #0x80	; 128
    000008C9 00                    2294 	.db #0x00	; 0
    000008CA 80                    2295 	.db #0x80	; 128
    000008CB 00                    2296 	.db #0x00	; 0
    000008CC C0                    2297 	.db #0xc0	; 192
    000008CD 00                    2298 	.db #0x00	; 0
    000008CE C7                    2299 	.db #0xc7	; 199
    000008CF 00                    2300 	.db #0x00	; 0
    000008D0 09                    2301 	.db #0x09	; 9
    000008D1 00                    2302 	.db #0x00	; 0
    000008D2 01                    2303 	.db #0x01	; 1
    000008D3 00                    2304 	.db #0x00	; 0
    000008D4 01                    2305 	.db #0x01	; 1
    000008D5 00                    2306 	.db #0x00	; 0
    000008D6 81                    2307 	.db #0x81	; 129
    000008D7 00                    2308 	.db #0x00	; 0
    000008D8 81                    2309 	.db #0x81	; 129
    000008D9 00                    2310 	.db #0x00	; 0
    000008DA 80                    2311 	.db #0x80	; 128
    000008DB 00                    2312 	.db #0x00	; 0
    000008DC 00                    2313 	.db #0x00	; 0
    000008DD 00                    2314 	.db #0x00	; 0
    000008DE 00                    2315 	.db #0x00	; 0
    000008DF 00                    2316 	.db #0x00	; 0
    000008E0 00                    2317 	.db #0x00	; 0
    000008E1 FF                    2318 	.db #0xff	; 255
    000008E2 BB                    2319 	.db #0xbb	; 187
    000008E3 44                    2320 	.db #0x44	; 68	'D'
    000008E4 85                    2321 	.db #0x85	; 133
    000008E5 7A                    2322 	.db #0x7a	; 122	'z'
    000008E6 E3                    2323 	.db #0xe3	; 227
    000008E7 1C                    2324 	.db #0x1c	; 28
    000008E8 00                    2325 	.db #0x00	; 0
    000008E9 3F                    2326 	.db #0x3f	; 63
    000008EA 38                    2327 	.db #0x38	; 56	'8'
    000008EB 07                    2328 	.db #0x07	; 7
    000008EC 3C                    2329 	.db #0x3c	; 60
    000008ED 00                    2330 	.db #0x00	; 0
    000008EE 7C                    2331 	.db #0x7c	; 124
    000008EF 00                    2332 	.db #0x00	; 0
    000008F0 D5                    2333 	.db #0xd5	; 213
    000008F1 2A                    2334 	.db #0x2a	; 42
    000008F2 BB                    2335 	.db #0xbb	; 187
    000008F3 44                    2336 	.db #0x44	; 68	'D'
    000008F4 55                    2337 	.db #0x55	; 85	'U'
    000008F5 AA                    2338 	.db #0xaa	; 170
    000008F6 FF                    2339 	.db #0xff	; 255
    000008F7 00                    2340 	.db #0x00	; 0
    000008F8 55                    2341 	.db #0x55	; 85	'U'
    000008F9 AA                    2342 	.db #0xaa	; 170
    000008FA BB                    2343 	.db #0xbb	; 187
    000008FB 44                    2344 	.db #0x44	; 68	'D'
    000008FC 15                    2345 	.db #0x15	; 21
    000008FD 0A                    2346 	.db #0x0a	; 10
    000008FE 00                    2347 	.db #0x00	; 0
    000008FF 01                    2348 	.db #0x01	; 1
    00000900 D5                    2349 	.db #0xd5	; 213
    00000901 2A                    2350 	.db #0x2a	; 42
    00000902 FF                    2351 	.db #0xff	; 255
    00000903 00                    2352 	.db #0x00	; 0
    00000904 55                    2353 	.db #0x55	; 85	'U'
    00000905 AA                    2354 	.db #0xaa	; 170
    00000906 EF                    2355 	.db #0xef	; 239
    00000907 10                    2356 	.db #0x10	; 16
    00000908 D7                    2357 	.db #0xd7	; 215
    00000909 28                    2358 	.db #0x28	; 40
    0000090A BB                    2359 	.db #0xbb	; 187
    0000090B 44                    2360 	.db #0x44	; 68	'D'
    0000090C 55                    2361 	.db #0x55	; 85	'U'
    0000090D AA                    2362 	.db #0xaa	; 170
    0000090E FE                    2363 	.db #0xfe	; 254
    0000090F 01                    2364 	.db #0x01	; 1
    00000910 B5                    2365 	.db #0xb5	; 181
    00000911 4A                    2366 	.db #0x4a	; 74	'J'
    00000912 1F                    2367 	.db #0x1f	; 31
    00000913 E0                    2368 	.db #0xe0	; 224
    00000914 55                    2369 	.db #0x55	; 85	'U'
    00000915 AA                    2370 	.db #0xaa	; 170
    00000916 EF                    2371 	.db #0xef	; 239
    00000917 10                    2372 	.db #0x10	; 16
    00000918 51                    2373 	.db #0x51	; 81	'Q'
    00000919 AE                    2374 	.db #0xae	; 174
    0000091A BB                    2375 	.db #0xbb	; 187
    0000091B 44                    2376 	.db #0x44	; 68	'D'
    0000091C 55                    2377 	.db #0x55	; 85	'U'
    0000091D AA                    2378 	.db #0xaa	; 170
    0000091E FE                    2379 	.db #0xfe	; 254
    0000091F 01                    2380 	.db #0x01	; 1
    00000920 51                    2381 	.db #0x51	; 81	'Q'
    00000921 AE                    2382 	.db #0xae	; 174
    00000922 09                    2383 	.db #0x09	; 9
    00000923 F6                    2384 	.db #0xf6	; 246
    00000924 10                    2385 	.db #0x10	; 16
    00000925 EF                    2386 	.db #0xef	; 239
    00000926 41                    2387 	.db #0x41	; 65	'A'
    00000927 BE                    2388 	.db #0xbe	; 190
    00000928 50                    2389 	.db #0x50	; 80	'P'
    00000929 AF                    2390 	.db #0xaf	; 175
    0000092A B8                    2391 	.db #0xb8	; 184
    0000092B 47                    2392 	.db #0x47	; 71	'G'
    0000092C 55                    2393 	.db #0x55	; 85	'U'
    0000092D AA                    2394 	.db #0xaa	; 170
    0000092E FE                    2395 	.db #0xfe	; 254
    0000092F 01                    2396 	.db #0x01	; 1
    00000930 4D                    2397 	.db #0x4d	; 77	'M'
    00000931 B2                    2398 	.db #0xb2	; 178
    00000932 BE                    2399 	.db #0xbe	; 190
    00000933 41                    2400 	.db #0x41	; 65	'A'
    00000934 DD                    2401 	.db #0xdd	; 221
    00000935 22                    2402 	.db #0x22	; 34
    00000936 6F                    2403 	.db #0x6f	; 111	'o'
    00000937 90                    2404 	.db #0x90	; 144
    00000938 55                    2405 	.db #0x55	; 85	'U'
    00000939 AA                    2406 	.db #0xaa	; 170
    0000093A BA                    2407 	.db #0xba	; 186
    0000093B 45                    2408 	.db #0x45	; 69	'E'
    0000093C 51                    2409 	.db #0x51	; 81	'Q'
    0000093D AE                    2410 	.db #0xae	; 174
    0000093E D4                    2411 	.db #0xd4	; 212
    0000093F 2B                    2412 	.db #0x2b	; 43
    00000940 DF                    2413 	.db #0xdf	; 223
    00000941 20                    2414 	.db #0x20	; 32
    00000942 FB                    2415 	.db #0xfb	; 251
    00000943 04                    2416 	.db #0x04	; 4
    00000944 7D                    2417 	.db #0x7d	; 125
    00000945 82                    2418 	.db #0x82	; 130
    00000946 FF                    2419 	.db #0xff	; 255
    00000947 00                    2420 	.db #0x00	; 0
    00000948 D7                    2421 	.db #0xd7	; 215
    00000949 28                    2422 	.db #0x28	; 40
    0000094A BF                    2423 	.db #0xbf	; 191
    0000094B 40                    2424 	.db #0x40	; 64
    0000094C 7F                    2425 	.db #0x7f	; 127
    0000094D 80                    2426 	.db #0x80	; 128
    0000094E FF                    2427 	.db #0xff	; 255
    0000094F 00                    2428 	.db #0x00	; 0
    00000950 7F                    2429 	.db #0x7f	; 127
    00000951 80                    2430 	.db #0x80	; 128
    00000952 BF                    2431 	.db #0xbf	; 191
    00000953 40                    2432 	.db #0x40	; 64
    00000954 77                    2433 	.db #0x77	; 119	'w'
    00000955 88                    2434 	.db #0x88	; 136
    00000956 EF                    2435 	.db #0xef	; 239
    00000957 10                    2436 	.db #0x10	; 16
    00000958 55                    2437 	.db #0x55	; 85	'U'
    00000959 AA                    2438 	.db #0xaa	; 170
    0000095A BB                    2439 	.db #0xbb	; 187
    0000095B 44                    2440 	.db #0x44	; 68	'D'
    0000095C 51                    2441 	.db #0x51	; 81	'Q'
    0000095D AE                    2442 	.db #0xae	; 174
    0000095E FA                    2443 	.db #0xfa	; 250
    0000095F 05                    2444 	.db #0x05	; 5
    00000960 08                    2445 	.db #0x08	; 8
    00000961 F4                    2446 	.db #0xf4	; 244
    00000962 91                    2447 	.db #0x91	; 145
    00000963 6C                    2448 	.db #0x6c	; 108	'l'
    00000964 EB                    2449 	.db #0xeb	; 235
    00000965 14                    2450 	.db #0x14	; 20
    00000966 75                    2451 	.db #0x75	; 117	'u'
    00000967 8A                    2452 	.db #0x8a	; 138
    00000968 54                    2453 	.db #0x54	; 84	'T'
    00000969 AB                    2454 	.db #0xab	; 171
    0000096A F3                    2455 	.db #0xf3	; 243
    0000096B 0C                    2456 	.db #0x0c	; 12
    0000096C 55                    2457 	.db #0x55	; 85	'U'
    0000096D AA                    2458 	.db #0xaa	; 170
    0000096E FE                    2459 	.db #0xfe	; 254
    0000096F 01                    2460 	.db #0x01	; 1
    00000970 9C                    2461 	.db #0x9c	; 156
    00000971 00                    2462 	.db #0x00	; 0
    00000972 DD                    2463 	.db #0xdd	; 221
    00000973 00                    2464 	.db #0x00	; 0
    00000974 FE                    2465 	.db #0xfe	; 254
    00000975 00                    2466 	.db #0x00	; 0
    00000976 FF                    2467 	.db #0xff	; 255
    00000977 00                    2468 	.db #0x00	; 0
    00000978 FF                    2469 	.db #0xff	; 255
    00000979 00                    2470 	.db #0x00	; 0
    0000097A FF                    2471 	.db #0xff	; 255
    0000097B 00                    2472 	.db #0x00	; 0
    0000097C DF                    2473 	.db #0xdf	; 223
    0000097D 20                    2474 	.db #0x20	; 32
    0000097E FF                    2475 	.db #0xff	; 255
    0000097F 00                    2476 	.db #0x00	; 0
    00000980 04                    2477 	.db #0x04	; 4
    00000981 00                    2478 	.db #0x00	; 0
    00000982 A5                    2479 	.db #0xa5	; 165
    00000983 00                    2480 	.db #0x00	; 0
    00000984 86                    2481 	.db #0x86	; 134
    00000985 00                    2482 	.db #0x00	; 0
    00000986 CF                    2483 	.db #0xcf	; 207
    00000987 00                    2484 	.db #0x00	; 0
    00000988 CD                    2485 	.db #0xcd	; 205
    00000989 00                    2486 	.db #0x00	; 0
    0000098A 7F                    2487 	.db #0x7f	; 127
    0000098B 00                    2488 	.db #0x00	; 0
    0000098C FF                    2489 	.db #0xff	; 255
    0000098D 00                    2490 	.db #0x00	; 0
    0000098E FF                    2491 	.db #0xff	; 255
    0000098F 00                    2492 	.db #0x00	; 0
    00000990 07                    2493 	.db #0x07	; 7
    00000991 00                    2494 	.db #0x00	; 0
    00000992 1F                    2495 	.db #0x1f	; 31
    00000993 00                    2496 	.db #0x00	; 0
    00000994 FF                    2497 	.db #0xff	; 255
    00000995 00                    2498 	.db #0x00	; 0
    00000996 BF                    2499 	.db #0xbf	; 191
    00000997 00                    2500 	.db #0x00	; 0
    00000998 FF                    2501 	.db #0xff	; 255
    00000999 00                    2502 	.db #0x00	; 0
    0000099A FF                    2503 	.db #0xff	; 255
    0000099B 00                    2504 	.db #0x00	; 0
    0000099C FF                    2505 	.db #0xff	; 255
    0000099D 00                    2506 	.db #0x00	; 0
    0000099E FF                    2507 	.db #0xff	; 255
    0000099F 00                    2508 	.db #0x00	; 0
    000009A0 00                    2509 	.db #0x00	; 0
    000009A1 00                    2510 	.db #0x00	; 0
    000009A2 84                    2511 	.db #0x84	; 132
    000009A3 00                    2512 	.db #0x00	; 0
    000009A4 84                    2513 	.db #0x84	; 132
    000009A5 00                    2514 	.db #0x00	; 0
    000009A6 A6                    2515 	.db #0xa6	; 166
    000009A7 00                    2516 	.db #0x00	; 0
    000009A8 B6                    2517 	.db #0xb6	; 182
    000009A9 00                    2518 	.db #0x00	; 0
    000009AA FE                    2519 	.db #0xfe	; 254
    000009AB 00                    2520 	.db #0x00	; 0
    000009AC FF                    2521 	.db #0xff	; 255
    000009AD 00                    2522 	.db #0x00	; 0
    000009AE FF                    2523 	.db #0xff	; 255
    000009AF 00                    2524 	.db #0x00	; 0
    000009B0 03                    2525 	.db #0x03	; 3
    000009B1 00                    2526 	.db #0x00	; 0
    000009B2 43                    2527 	.db #0x43	; 67	'C'
    000009B3 00                    2528 	.db #0x00	; 0
    000009B4 49                    2529 	.db #0x49	; 73	'I'
    000009B5 00                    2530 	.db #0x00	; 0
    000009B6 CD                    2531 	.db #0xcd	; 205
    000009B7 00                    2532 	.db #0x00	; 0
    000009B8 CD                    2533 	.db #0xcd	; 205
    000009B9 00                    2534 	.db #0x00	; 0
    000009BA FF                    2535 	.db #0xff	; 255
    000009BB 00                    2536 	.db #0x00	; 0
    000009BC F5                    2537 	.db #0xf5	; 245
    000009BD 00                    2538 	.db #0x00	; 0
    000009BE FF                    2539 	.db #0xff	; 255
    000009BF 00                    2540 	.db #0x00	; 0
    000009C0 FD                    2541 	.db #0xfd	; 253
    000009C1 02                    2542 	.db #0x02	; 2
    000009C2 FB                    2543 	.db #0xfb	; 251
    000009C3 04                    2544 	.db #0x04	; 4
    000009C4 FF                    2545 	.db #0xff	; 255
    000009C5 00                    2546 	.db #0x00	; 0
    000009C6 FF                    2547 	.db #0xff	; 255
    000009C7 00                    2548 	.db #0x00	; 0
    000009C8 F5                    2549 	.db #0xf5	; 245
    000009C9 0A                    2550 	.db #0x0a	; 10
    000009CA FB                    2551 	.db #0xfb	; 251
    000009CB 04                    2552 	.db #0x04	; 4
    000009CC FF                    2553 	.db #0xff	; 255
    000009CD 00                    2554 	.db #0x00	; 0
    000009CE FE                    2555 	.db #0xfe	; 254
    000009CF 01                    2556 	.db #0x01	; 1
    000009D0 00                    2557 	.db #0x00	; 0
    000009D1 00                    2558 	.db #0x00	; 0
    000009D2 00                    2559 	.db #0x00	; 0
    000009D3 00                    2560 	.db #0x00	; 0
    000009D4 90                    2561 	.db #0x90	; 144
    000009D5 00                    2562 	.db #0x00	; 0
    000009D6 92                    2563 	.db #0x92	; 146
    000009D7 00                    2564 	.db #0x00	; 0
    000009D8 5B                    2565 	.db #0x5b	; 91
    000009D9 80                    2566 	.db #0x80	; 128
    000009DA FF                    2567 	.db #0xff	; 255
    000009DB 00                    2568 	.db #0x00	; 0
    000009DC FF                    2569 	.db #0xff	; 255
    000009DD 00                    2570 	.db #0x00	; 0
    000009DE FF                    2571 	.db #0xff	; 255
    000009DF 00                    2572 	.db #0x00	; 0
    000009E0 07                    2573 	.db #0x07	; 7
    000009E1 00                    2574 	.db #0x00	; 0
    000009E2 27                    2575 	.db #0x27	; 39
    000009E3 00                    2576 	.db #0x00	; 0
    000009E4 7F                    2577 	.db #0x7f	; 127
    000009E5 00                    2578 	.db #0x00	; 0
    000009E6 6F                    2579 	.db #0x6f	; 111	'o'
    000009E7 10                    2580 	.db #0x10	; 16
    000009E8 77                    2581 	.db #0x77	; 119	'w'
    000009E9 08                    2582 	.db #0x08	; 8
    000009EA 7F                    2583 	.db #0x7f	; 127
    000009EB 00                    2584 	.db #0x00	; 0
    000009EC F7                    2585 	.db #0xf7	; 247
    000009ED 08                    2586 	.db #0x08	; 8
    000009EE FE                    2587 	.db #0xfe	; 254
    000009EF 01                    2588 	.db #0x01	; 1
    000009F0 FD                    2589 	.db #0xfd	; 253
    000009F1 02                    2590 	.db #0x02	; 2
    000009F2 BB                    2591 	.db #0xbb	; 187
    000009F3 44                    2592 	.db #0x44	; 68	'D'
    000009F4 FD                    2593 	.db #0xfd	; 253
    000009F5 02                    2594 	.db #0x02	; 2
    000009F6 FF                    2595 	.db #0xff	; 255
    000009F7 00                    2596 	.db #0x00	; 0
    000009F8 F5                    2597 	.db #0xf5	; 245
    000009F9 0A                    2598 	.db #0x0a	; 10
    000009FA FB                    2599 	.db #0xfb	; 251
    000009FB 04                    2600 	.db #0x04	; 4
    000009FC DD                    2601 	.db #0xdd	; 221
    000009FD 22                    2602 	.db #0x22	; 34
    000009FE FE                    2603 	.db #0xfe	; 254
    000009FF 01                    2604 	.db #0x01	; 1
    00000A00 F3                    2605 	.db #0xf3	; 243
    00000A01 00                    2606 	.db #0x00	; 0
    00000A02 FE                    2607 	.db #0xfe	; 254
    00000A03 00                    2608 	.db #0x00	; 0
    00000A04 E0                    2609 	.db #0xe0	; 224
    00000A05 00                    2610 	.db #0x00	; 0
    00000A06 C0                    2611 	.db #0xc0	; 192
    00000A07 00                    2612 	.db #0x00	; 0
    00000A08 C0                    2613 	.db #0xc0	; 192
    00000A09 00                    2614 	.db #0x00	; 0
    00000A0A E0                    2615 	.db #0xe0	; 224
    00000A0B 00                    2616 	.db #0x00	; 0
    00000A0C 7C                    2617 	.db #0x7c	; 124
    00000A0D 80                    2618 	.db #0x80	; 128
    00000A0E FF                    2619 	.db #0xff	; 255
    00000A0F 00                    2620 	.db #0x00	; 0
    00000A10 84                    2621 	.db #0x84	; 132
    00000A11 00                    2622 	.db #0x00	; 0
    00000A12 45                    2623 	.db #0x45	; 69	'E'
    00000A13 00                    2624 	.db #0x00	; 0
    00000A14 01                    2625 	.db #0x01	; 1
    00000A15 00                    2626 	.db #0x00	; 0
    00000A16 03                    2627 	.db #0x03	; 3
    00000A17 00                    2628 	.db #0x00	; 0
    00000A18 03                    2629 	.db #0x03	; 3
    00000A19 00                    2630 	.db #0x00	; 0
    00000A1A 43                    2631 	.db #0x43	; 67	'C'
    00000A1B 00                    2632 	.db #0x00	; 0
    00000A1C C7                    2633 	.db #0xc7	; 199
    00000A1D 00                    2634 	.db #0x00	; 0
    00000A1E FF                    2635 	.db #0xff	; 255
    00000A1F 00                    2636 	.db #0x00	; 0
    00000A20 FC                    2637 	.db #0xfc	; 252
    00000A21 00                    2638 	.db #0x00	; 0
    00000A22 FC                    2639 	.db #0xfc	; 252
    00000A23 00                    2640 	.db #0x00	; 0
    00000A24 FC                    2641 	.db #0xfc	; 252
    00000A25 00                    2642 	.db #0x00	; 0
    00000A26 FC                    2643 	.db #0xfc	; 252
    00000A27 00                    2644 	.db #0x00	; 0
    00000A28 FC                    2645 	.db #0xfc	; 252
    00000A29 00                    2646 	.db #0x00	; 0
    00000A2A F7                    2647 	.db #0xf7	; 247
    00000A2B 00                    2648 	.db #0x00	; 0
    00000A2C 7B                    2649 	.db #0x7b	; 123
    00000A2D 80                    2650 	.db #0x80	; 128
    00000A2E FD                    2651 	.db #0xfd	; 253
    00000A2F 00                    2652 	.db #0x00	; 0
    00000A30 00                    2653 	.db #0x00	; 0
    00000A31 00                    2654 	.db #0x00	; 0
    00000A32 00                    2655 	.db #0x00	; 0
    00000A33 00                    2656 	.db #0x00	; 0
    00000A34 00                    2657 	.db #0x00	; 0
    00000A35 00                    2658 	.db #0x00	; 0
    00000A36 08                    2659 	.db #0x08	; 8
    00000A37 00                    2660 	.db #0x00	; 0
    00000A38 00                    2661 	.db #0x00	; 0
    00000A39 00                    2662 	.db #0x00	; 0
    00000A3A 00                    2663 	.db #0x00	; 0
    00000A3B 00                    2664 	.db #0x00	; 0
    00000A3C 80                    2665 	.db #0x80	; 128
    00000A3D 00                    2666 	.db #0x00	; 0
    00000A3E C0                    2667 	.db #0xc0	; 192
    00000A3F 00                    2668 	.db #0x00	; 0
    00000A40 55                    2669 	.db #0x55	; 85	'U'
    00000A41 AA                    2670 	.db #0xaa	; 170
    00000A42 5B                    2671 	.db #0x5b	; 91
    00000A43 04                    2672 	.db #0x04	; 4
    00000A44 7F                    2673 	.db #0x7f	; 127
    00000A45 00                    2674 	.db #0x00	; 0
    00000A46 7F                    2675 	.db #0x7f	; 127
    00000A47 00                    2676 	.db #0x00	; 0
    00000A48 3F                    2677 	.db #0x3f	; 63
    00000A49 00                    2678 	.db #0x00	; 0
    00000A4A 3F                    2679 	.db #0x3f	; 63
    00000A4B 00                    2680 	.db #0x00	; 0
    00000A4C 1F                    2681 	.db #0x1f	; 31
    00000A4D 00                    2682 	.db #0x00	; 0
    00000A4E 1F                    2683 	.db #0x1f	; 31
    00000A4F 00                    2684 	.db #0x00	; 0
    00000A50 55                    2685 	.db #0x55	; 85	'U'
    00000A51 AA                    2686 	.db #0xaa	; 170
    00000A52 BB                    2687 	.db #0xbb	; 187
    00000A53 44                    2688 	.db #0x44	; 68	'D'
    00000A54 C5                    2689 	.db #0xc5	; 197
    00000A55 02                    2690 	.db #0x02	; 2
    00000A56 C3                    2691 	.db #0xc3	; 195
    00000A57 00                    2692 	.db #0x00	; 0
    00000A58 C1                    2693 	.db #0xc1	; 193
    00000A59 00                    2694 	.db #0x00	; 0
    00000A5A E1                    2695 	.db #0xe1	; 225
    00000A5B 00                    2696 	.db #0x00	; 0
    00000A5C E0                    2697 	.db #0xe0	; 224
    00000A5D 00                    2698 	.db #0x00	; 0
    00000A5E E0                    2699 	.db #0xe0	; 224
    00000A5F 00                    2700 	.db #0x00	; 0
    00000A60 55                    2701 	.db #0x55	; 85	'U'
    00000A61 AA                    2702 	.db #0xaa	; 170
    00000A62 BB                    2703 	.db #0xbb	; 187
    00000A63 44                    2704 	.db #0x44	; 68	'D'
    00000A64 55                    2705 	.db #0x55	; 85	'U'
    00000A65 AA                    2706 	.db #0xaa	; 170
    00000A66 EF                    2707 	.db #0xef	; 239
    00000A67 10                    2708 	.db #0x10	; 16
    00000A68 55                    2709 	.db #0x55	; 85	'U'
    00000A69 AA                    2710 	.db #0xaa	; 170
    00000A6A BB                    2711 	.db #0xbb	; 187
    00000A6B 04                    2712 	.db #0x04	; 4
    00000A6C B5                    2713 	.db #0xb5	; 181
    00000A6D 0A                    2714 	.db #0x0a	; 10
    00000A6E 3E                    2715 	.db #0x3e	; 62
    00000A6F 01                    2716 	.db #0x01	; 1
    00000A70 50                    2717 	.db #0x50	; 80	'P'
    00000A71 AF                    2718 	.db #0xaf	; 175
    00000A72 B9                    2719 	.db #0xb9	; 185
    00000A73 46                    2720 	.db #0x46	; 70	'F'
    00000A74 14                    2721 	.db #0x14	; 20
    00000A75 EB                    2722 	.db #0xeb	; 235
    00000A76 EB                    2723 	.db #0xeb	; 235
    00000A77 14                    2724 	.db #0x14	; 20
    00000A78 51                    2725 	.db #0x51	; 81	'Q'
    00000A79 AE                    2726 	.db #0xae	; 174
    00000A7A BB                    2727 	.db #0xbb	; 187
    00000A7B 44                    2728 	.db #0x44	; 68	'D'
    00000A7C 55                    2729 	.db #0x55	; 85	'U'
    00000A7D AA                    2730 	.db #0xaa	; 170
    00000A7E FE                    2731 	.db #0xfe	; 254
    00000A7F 01                    2732 	.db #0x01	; 1
    00000A80 D5                    2733 	.db #0xd5	; 213
    00000A81 2A                    2734 	.db #0x2a	; 42
    00000A82 BF                    2735 	.db #0xbf	; 191
    00000A83 40                    2736 	.db #0x40	; 64
    00000A84 55                    2737 	.db #0x55	; 85	'U'
    00000A85 AA                    2738 	.db #0xaa	; 170
    00000A86 FF                    2739 	.db #0xff	; 255
    00000A87 00                    2740 	.db #0x00	; 0
    00000A88 55                    2741 	.db #0x55	; 85	'U'
    00000A89 AA                    2742 	.db #0xaa	; 170
    00000A8A FF                    2743 	.db #0xff	; 255
    00000A8B 00                    2744 	.db #0x00	; 0
    00000A8C 51                    2745 	.db #0x51	; 81	'Q'
    00000A8D AE                    2746 	.db #0xae	; 174
    00000A8E D4                    2747 	.db #0xd4	; 212
    00000A8F 2B                    2748 	.db #0x2b	; 43
    00000A90 45                    2749 	.db #0x45	; 69	'E'
    00000A91 BA                    2750 	.db #0xba	; 186
    00000A92 AB                    2751 	.db #0xab	; 171
    00000A93 54                    2752 	.db #0x54	; 84	'T'
    00000A94 55                    2753 	.db #0x55	; 85	'U'
    00000A95 AA                    2754 	.db #0xaa	; 170
    00000A96 6C                    2755 	.db #0x6c	; 108	'l'
    00000A97 93                    2756 	.db #0x93	; 147
    00000A98 54                    2757 	.db #0x54	; 84	'T'
    00000A99 AB                    2758 	.db #0xab	; 171
    00000A9A B9                    2759 	.db #0xb9	; 185
    00000A9B 46                    2760 	.db #0x46	; 70	'F'
    00000A9C 41                    2761 	.db #0x41	; 65	'A'
    00000A9D BE                    2762 	.db #0xbe	; 190
    00000A9E FE                    2763 	.db #0xfe	; 254
    00000A9F 01                    2764 	.db #0x01	; 1
    00000AA0 57                    2765 	.db #0x57	; 87	'W'
    00000AA1 A8                    2766 	.db #0xa8	; 168
    00000AA2 FB                    2767 	.db #0xfb	; 251
    00000AA3 04                    2768 	.db #0x04	; 4
    00000AA4 FF                    2769 	.db #0xff	; 255
    00000AA5 00                    2770 	.db #0x00	; 0
    00000AA6 FF                    2771 	.db #0xff	; 255
    00000AA7 00                    2772 	.db #0x00	; 0
    00000AA8 55                    2773 	.db #0x55	; 85	'U'
    00000AA9 AA                    2774 	.db #0xaa	; 170
    00000AAA BF                    2775 	.db #0xbf	; 191
    00000AAB 40                    2776 	.db #0x40	; 64
    00000AAC 44                    2777 	.db #0x44	; 68	'D'
    00000AAD BB                    2778 	.db #0xbb	; 187
    00000AAE EC                    2779 	.db #0xec	; 236
    00000AAF 13                    2780 	.db #0x13	; 19
    00000AB0 5D                    2781 	.db #0x5d	; 93
    00000AB1 A2                    2782 	.db #0xa2	; 162
    00000AB2 BF                    2783 	.db #0xbf	; 191
    00000AB3 40                    2784 	.db #0x40	; 64
    00000AB4 77                    2785 	.db #0x77	; 119	'w'
    00000AB5 88                    2786 	.db #0x88	; 136
    00000AB6 EF                    2787 	.db #0xef	; 239
    00000AB7 10                    2788 	.db #0x10	; 16
    00000AB8 D7                    2789 	.db #0xd7	; 215
    00000AB9 28                    2790 	.db #0x28	; 40
    00000ABA BF                    2791 	.db #0xbf	; 191
    00000ABB 40                    2792 	.db #0x40	; 64
    00000ABC 01                    2793 	.db #0x01	; 1
    00000ABD FE                    2794 	.db #0xfe	; 254
    00000ABE 92                    2795 	.db #0x92	; 146
    00000ABF 6D                    2796 	.db #0x6d	; 109	'm'
    00000AC0 FF                    2797 	.db #0xff	; 255
    00000AC1 00                    2798 	.db #0x00	; 0
    00000AC2 FF                    2799 	.db #0xff	; 255
    00000AC3 00                    2800 	.db #0x00	; 0
    00000AC4 FF                    2801 	.db #0xff	; 255
    00000AC5 00                    2802 	.db #0x00	; 0
    00000AC6 FF                    2803 	.db #0xff	; 255
    00000AC7 00                    2804 	.db #0x00	; 0
    00000AC8 FF                    2805 	.db #0xff	; 255
    00000AC9 00                    2806 	.db #0x00	; 0
    00000ACA BF                    2807 	.db #0xbf	; 191
    00000ACB 40                    2808 	.db #0x40	; 64
    00000ACC 10                    2809 	.db #0x10	; 16
    00000ACD EF                    2810 	.db #0xef	; 239
    00000ACE 7A                    2811 	.db #0x7a	; 122	'z'
    00000ACF 85                    2812 	.db #0x85	; 133
    00000AD0 FF                    2813 	.db #0xff	; 255
    00000AD1 00                    2814 	.db #0x00	; 0
    00000AD2 FF                    2815 	.db #0xff	; 255
    00000AD3 00                    2816 	.db #0x00	; 0
    00000AD4 FF                    2817 	.db #0xff	; 255
    00000AD5 00                    2818 	.db #0x00	; 0
    00000AD6 FF                    2819 	.db #0xff	; 255
    00000AD7 00                    2820 	.db #0x00	; 0
    00000AD8 FD                    2821 	.db #0xfd	; 253
    00000AD9 02                    2822 	.db #0x02	; 2
    00000ADA FB                    2823 	.db #0xfb	; 251
    00000ADB 04                    2824 	.db #0x04	; 4
    00000ADC 10                    2825 	.db #0x10	; 16
    00000ADD EF                    2826 	.db #0xef	; 239
    00000ADE 7A                    2827 	.db #0x7a	; 122	'z'
    00000ADF 85                    2828 	.db #0x85	; 133
    00000AE0 7F                    2829 	.db #0x7f	; 127
    00000AE1 80                    2830 	.db #0x80	; 128
    00000AE2 FF                    2831 	.db #0xff	; 255
    00000AE3 00                    2832 	.db #0x00	; 0
    00000AE4 D7                    2833 	.db #0xd7	; 215
    00000AE5 28                    2834 	.db #0x28	; 40
    00000AE6 EF                    2835 	.db #0xef	; 239
    00000AE7 10                    2836 	.db #0x10	; 16
    00000AE8 D5                    2837 	.db #0xd5	; 213
    00000AE9 2A                    2838 	.db #0x2a	; 42
    00000AEA BB                    2839 	.db #0xbb	; 187
    00000AEB 44                    2840 	.db #0x44	; 68	'D'
    00000AEC 41                    2841 	.db #0x41	; 65	'A'
    00000AED BE                    2842 	.db #0xbe	; 190
    00000AEE FE                    2843 	.db #0xfe	; 254
    00000AEF 01                    2844 	.db #0x01	; 1
    00000AF0 FF                    2845 	.db #0xff	; 255
    00000AF1 00                    2846 	.db #0x00	; 0
    00000AF2 FB                    2847 	.db #0xfb	; 251
    00000AF3 04                    2848 	.db #0x04	; 4
    00000AF4 F7                    2849 	.db #0xf7	; 247
    00000AF5 08                    2850 	.db #0x08	; 8
    00000AF6 FF                    2851 	.db #0xff	; 255
    00000AF7 00                    2852 	.db #0x00	; 0
    00000AF8 7F                    2853 	.db #0x7f	; 127
    00000AF9 80                    2854 	.db #0x80	; 128
    00000AFA FF                    2855 	.db #0xff	; 255
    00000AFB 00                    2856 	.db #0x00	; 0
    00000AFC 44                    2857 	.db #0x44	; 68	'D'
    00000AFD BB                    2858 	.db #0xbb	; 187
    00000AFE EC                    2859 	.db #0xec	; 236
    00000AFF 13                    2860 	.db #0x13	; 19
    00000B00 DD                    2861 	.db #0xdd	; 221
    00000B01 22                    2862 	.db #0x22	; 34
    00000B02 FF                    2863 	.db #0xff	; 255
    00000B03 00                    2864 	.db #0x00	; 0
    00000B04 F5                    2865 	.db #0xf5	; 245
    00000B05 0A                    2866 	.db #0x0a	; 10
    00000B06 EF                    2867 	.db #0xef	; 239
    00000B07 10                    2868 	.db #0x10	; 16
    00000B08 55                    2869 	.db #0x55	; 85	'U'
    00000B09 AA                    2870 	.db #0xaa	; 170
    00000B0A BB                    2871 	.db #0xbb	; 187
    00000B0B 44                    2872 	.db #0x44	; 68	'D'
    00000B0C 55                    2873 	.db #0x55	; 85	'U'
    00000B0D AA                    2874 	.db #0xaa	; 170
    00000B0E FE                    2875 	.db #0xfe	; 254
    00000B0F 01                    2876 	.db #0x01	; 1
    00000B10 FF                    2877 	.db #0xff	; 255
    00000B11 00                    2878 	.db #0x00	; 0
    00000B12 FF                    2879 	.db #0xff	; 255
    00000B13 00                    2880 	.db #0x00	; 0
    00000B14 D7                    2881 	.db #0xd7	; 215
    00000B15 28                    2882 	.db #0x28	; 40
    00000B16 EF                    2883 	.db #0xef	; 239
    00000B17 10                    2884 	.db #0x10	; 16
    00000B18 D5                    2885 	.db #0xd5	; 213
    00000B19 2A                    2886 	.db #0x2a	; 42
    00000B1A BB                    2887 	.db #0xbb	; 187
    00000B1B 44                    2888 	.db #0x44	; 68	'D'
    00000B1C 41                    2889 	.db #0x41	; 65	'A'
    00000B1D BE                    2890 	.db #0xbe	; 190
    00000B1E FE                    2891 	.db #0xfe	; 254
    00000B1F 01                    2892 	.db #0x01	; 1
    00000B20 F5                    2893 	.db #0xf5	; 245
    00000B21 0A                    2894 	.db #0x0a	; 10
    00000B22 FB                    2895 	.db #0xfb	; 251
    00000B23 04                    2896 	.db #0x04	; 4
    00000B24 75                    2897 	.db #0x75	; 117	'u'
    00000B25 8A                    2898 	.db #0x8a	; 138
    00000B26 FF                    2899 	.db #0xff	; 255
    00000B27 00                    2900 	.db #0x00	; 0
    00000B28 7D                    2901 	.db #0x7d	; 125
    00000B29 82                    2902 	.db #0x82	; 130
    00000B2A FF                    2903 	.db #0xff	; 255
    00000B2B 00                    2904 	.db #0x00	; 0
    00000B2C 10                    2905 	.db #0x10	; 16
    00000B2D EF                    2906 	.db #0xef	; 239
    00000B2E 7A                    2907 	.db #0x7a	; 122	'z'
    00000B2F 85                    2908 	.db #0x85	; 133
    00000B30 FD                    2909 	.db #0xfd	; 253
    00000B31 02                    2910 	.db #0x02	; 2
    00000B32 BB                    2911 	.db #0xbb	; 187
    00000B33 44                    2912 	.db #0x44	; 68	'D'
    00000B34 FD                    2913 	.db #0xfd	; 253
    00000B35 02                    2914 	.db #0x02	; 2
    00000B36 FF                    2915 	.db #0xff	; 255
    00000B37 00                    2916 	.db #0x00	; 0
    00000B38 F5                    2917 	.db #0xf5	; 245
    00000B39 0A                    2918 	.db #0x0a	; 10
    00000B3A FB                    2919 	.db #0xfb	; 251
    00000B3B 04                    2920 	.db #0x04	; 4
    00000B3C 01                    2921 	.db #0x01	; 1
    00000B3D FE                    2922 	.db #0xfe	; 254
    00000B3E 12                    2923 	.db #0x12	; 18
    00000B3F ED                    2924 	.db #0xed	; 237
    00000B40 E0                    2925 	.db #0xe0	; 224
    00000B41 00                    2926 	.db #0x00	; 0
    00000B42 FC                    2927 	.db #0xfc	; 252
    00000B43 00                    2928 	.db #0x00	; 0
    00000B44 FF                    2929 	.db #0xff	; 255
    00000B45 00                    2930 	.db #0x00	; 0
    00000B46 FF                    2931 	.db #0xff	; 255
    00000B47 00                    2932 	.db #0x00	; 0
    00000B48 FF                    2933 	.db #0xff	; 255
    00000B49 00                    2934 	.db #0x00	; 0
    00000B4A FF                    2935 	.db #0xff	; 255
    00000B4B 00                    2936 	.db #0x00	; 0
    00000B4C FF                    2937 	.db #0xff	; 255
    00000B4D 00                    2938 	.db #0x00	; 0
    00000B4E EF                    2939 	.db #0xef	; 239
    00000B4F 10                    2940 	.db #0x10	; 16
    00000B50 5D                    2941 	.db #0x5d	; 93
    00000B51 22                    2942 	.db #0x22	; 34
    00000B52 0F                    2943 	.db #0x0f	; 15
    00000B53 00                    2944 	.db #0x00	; 0
    00000B54 07                    2945 	.db #0x07	; 7
    00000B55 08                    2946 	.db #0x08	; 8
    00000B56 0F                    2947 	.db #0x0f	; 15
    00000B57 00                    2948 	.db #0x00	; 0
    00000B58 47                    2949 	.db #0x47	; 71	'G'
    00000B59 08                    2950 	.db #0x08	; 8
    00000B5A CB                    2951 	.db #0xcb	; 203
    00000B5B 04                    2952 	.db #0x04	; 4
    00000B5C E7                    2953 	.db #0xe7	; 231
    00000B5D 08                    2954 	.db #0x08	; 8
    00000B5E EF                    2955 	.db #0xef	; 239
    00000B5F 00                    2956 	.db #0x00	; 0
    00000B60 FC                    2957 	.db #0xfc	; 252
    00000B61 00                    2958 	.db #0x00	; 0
    00000B62 FF                    2959 	.db #0xff	; 255
    00000B63 00                    2960 	.db #0x00	; 0
    00000B64 DF                    2961 	.db #0xdf	; 223
    00000B65 20                    2962 	.db #0x20	; 32
    00000B66 FF                    2963 	.db #0xff	; 255
    00000B67 00                    2964 	.db #0x00	; 0
    00000B68 FF                    2965 	.db #0xff	; 255
    00000B69 00                    2966 	.db #0x00	; 0
    00000B6A FE                    2967 	.db #0xfe	; 254
    00000B6B 01                    2968 	.db #0x01	; 1
    00000B6C FF                    2969 	.db #0xff	; 255
    00000B6D 00                    2970 	.db #0x00	; 0
    00000B6E FE                    2971 	.db #0xfe	; 254
    00000B6F 01                    2972 	.db #0x01	; 1
    00000B70 E0                    2973 	.db #0xe0	; 224
    00000B71 00                    2974 	.db #0x00	; 0
    00000B72 F8                    2975 	.db #0xf8	; 248
    00000B73 00                    2976 	.db #0x00	; 0
    00000B74 77                    2977 	.db #0x77	; 119	'w'
    00000B75 88                    2978 	.db #0x88	; 136
    00000B76 FF                    2979 	.db #0xff	; 255
    00000B77 00                    2980 	.db #0x00	; 0
    00000B78 D1                    2981 	.db #0xd1	; 209
    00000B79 2E                    2982 	.db #0x2e	; 46
    00000B7A AB                    2983 	.db #0xab	; 171
    00000B7B 54                    2984 	.db #0x54	; 84	'T'
    00000B7C 15                    2985 	.db #0x15	; 21
    00000B7D EA                    2986 	.db #0xea	; 234
    00000B7E 00                    2987 	.db #0x00	; 0
    00000B7F FF                    2988 	.db #0xff	; 255
    00000B80 1F                    2989 	.db #0x1f	; 31
    00000B81 00                    2990 	.db #0x00	; 0
    00000B82 1F                    2991 	.db #0x1f	; 31
    00000B83 00                    2992 	.db #0x00	; 0
    00000B84 F1                    2993 	.db #0xf1	; 241
    00000B85 0E                    2994 	.db #0x0e	; 14
    00000B86 F3                    2995 	.db #0xf3	; 243
    00000B87 0C                    2996 	.db #0x0c	; 12
    00000B88 51                    2997 	.db #0x51	; 81	'Q'
    00000B89 AE                    2998 	.db #0xae	; 174
    00000B8A A3                    2999 	.db #0xa3	; 163
    00000B8B 5C                    3000 	.db #0x5c	; 92
    00000B8C 51                    3001 	.db #0x51	; 81	'Q'
    00000B8D AE                    3002 	.db #0xae	; 174
    00000B8E A0                    3003 	.db #0xa0	; 160
    00000B8F 5F                    3004 	.db #0x5f	; 95
    00000B90 E0                    3005 	.db #0xe0	; 224
    00000B91 00                    3006 	.db #0x00	; 0
    00000B92 C0                    3007 	.db #0xc0	; 192
    00000B93 00                    3008 	.db #0x00	; 0
    00000B94 C6                    3009 	.db #0xc6	; 198
    00000B95 00                    3010 	.db #0x00	; 0
    00000B96 8C                    3011 	.db #0x8c	; 140
    00000B97 00                    3012 	.db #0x00	; 0
    00000B98 E0                    3013 	.db #0xe0	; 224
    00000B99 00                    3014 	.db #0x00	; 0
    00000B9A F0                    3015 	.db #0xf0	; 240
    00000B9B 00                    3016 	.db #0x00	; 0
    00000B9C 7E                    3017 	.db #0x7e	; 126
    00000B9D 80                    3018 	.db #0x80	; 128
    00000B9E EF                    3019 	.db #0xef	; 239
    00000B9F 10                    3020 	.db #0x10	; 16
    00000BA0 25                    3021 	.db #0x25	; 37
    00000BA1 0A                    3022 	.db #0x0a	; 10
    00000BA2 23                    3023 	.db #0x23	; 35
    00000BA3 04                    3024 	.db #0x04	; 4
    00000BA4 BD                    3025 	.db #0xbd	; 189
    00000BA5 02                    3026 	.db #0x02	; 2
    00000BA6 3F                    3027 	.db #0x3f	; 63
    00000BA7 00                    3028 	.db #0x00	; 0
    00000BA8 31                    3029 	.db #0x31	; 49	'1'
    00000BA9 00                    3030 	.db #0x00	; 0
    00000BAA 30                    3031 	.db #0x30	; 48	'0'
    00000BAB 04                    3032 	.db #0x04	; 4
    00000BAC 24                    3033 	.db #0x24	; 36
    00000BAD 00                    3034 	.db #0x00	; 0
    00000BAE E2                    3035 	.db #0xe2	; 226
    00000BAF 00                    3036 	.db #0x00	; 0
    00000BB0 55                    3037 	.db #0x55	; 85	'U'
    00000BB1 AA                    3038 	.db #0xaa	; 170
    00000BB2 BB                    3039 	.db #0xbb	; 187
    00000BB3 44                    3040 	.db #0x44	; 68	'D'
    00000BB4 55                    3041 	.db #0x55	; 85	'U'
    00000BB5 AA                    3042 	.db #0xaa	; 170
    00000BB6 EF                    3043 	.db #0xef	; 239
    00000BB7 10                    3044 	.db #0x10	; 16
    00000BB8 55                    3045 	.db #0x55	; 85	'U'
    00000BB9 AA                    3046 	.db #0xaa	; 170
    00000BBA BB                    3047 	.db #0xbb	; 187
    00000BBB 44                    3048 	.db #0x44	; 68	'D'
    00000BBC 50                    3049 	.db #0x50	; 80	'P'
    00000BBD 2F                    3050 	.db #0x2f	; 47
    00000BBE 62                    3051 	.db #0x62	; 98	'b'
    00000BBF 1D                    3052 	.db #0x1d	; 29
    00000BC0 50                    3053 	.db #0x50	; 80	'P'
    00000BC1 AF                    3054 	.db #0xaf	; 175
    00000BC2 B9                    3055 	.db #0xb9	; 185
    00000BC3 46                    3056 	.db #0x46	; 70	'F'
    00000BC4 14                    3057 	.db #0x14	; 20
    00000BC5 EB                    3058 	.db #0xeb	; 235
    00000BC6 EB                    3059 	.db #0xeb	; 235
    00000BC7 14                    3060 	.db #0x14	; 20
    00000BC8 51                    3061 	.db #0x51	; 81	'Q'
    00000BC9 AE                    3062 	.db #0xae	; 174
    00000BCA BB                    3063 	.db #0xbb	; 187
    00000BCB 44                    3064 	.db #0x44	; 68	'D'
    00000BCC 14                    3065 	.db #0x14	; 20
    00000BCD EB                    3066 	.db #0xeb	; 235
    00000BCE 0E                    3067 	.db #0x0e	; 14
    00000BCF F1                    3068 	.db #0xf1	; 241
    00000BD0 00                    3069 	.db #0x00	; 0
    00000BD1 FF                    3070 	.db #0xff	; 255
    00000BD2 83                    3071 	.db #0x83	; 131
    00000BD3 7C                    3072 	.db #0x7c	; 124
    00000BD4 01                    3073 	.db #0x01	; 1
    00000BD5 FE                    3074 	.db #0xfe	; 254
    00000BD6 20                    3075 	.db #0x20	; 32
    00000BD7 DF                    3076 	.db #0xdf	; 223
    00000BD8 40                    3077 	.db #0x40	; 64
    00000BD9 BF                    3078 	.db #0xbf	; 191
    00000BDA 82                    3079 	.db #0x82	; 130
    00000BDB 7D                    3080 	.db #0x7d	; 125
    00000BDC 54                    3081 	.db #0x54	; 84	'T'
    00000BDD AB                    3082 	.db #0xab	; 171
    00000BDE 3A                    3083 	.db #0x3a	; 58
    00000BDF C5                    3084 	.db #0xc5	; 197
    00000BE0 00                    3085 	.db #0x00	; 0
    00000BE1 FF                    3086 	.db #0xff	; 255
    00000BE2 BB                    3087 	.db #0xbb	; 187
    00000BE3 44                    3088 	.db #0x44	; 68	'D'
    00000BE4 05                    3089 	.db #0x05	; 5
    00000BE5 FA                    3090 	.db #0xfa	; 250
    00000BE6 23                    3091 	.db #0x23	; 35
    00000BE7 DC                    3092 	.db #0xdc	; 220
    00000BE8 00                    3093 	.db #0x00	; 0
    00000BE9 FF                    3094 	.db #0xff	; 255
    00000BEA 08                    3095 	.db #0x08	; 8
    00000BEB F7                    3096 	.db #0xf7	; 247
    00000BEC 44                    3097 	.db #0x44	; 68	'D'
    00000BED BB                    3098 	.db #0xbb	; 187
    00000BEE 82                    3099 	.db #0x82	; 130
    00000BEF 7D                    3100 	.db #0x7d	; 125
    00000BF0 55                    3101 	.db #0x55	; 85	'U'
    00000BF1 AA                    3102 	.db #0xaa	; 170
    00000BF2 3A                    3103 	.db #0x3a	; 58
    00000BF3 C5                    3104 	.db #0xc5	; 197
    00000BF4 54                    3105 	.db #0x54	; 84	'T'
    00000BF5 AB                    3106 	.db #0xab	; 171
    00000BF6 ED                    3107 	.db #0xed	; 237
    00000BF7 12                    3108 	.db #0x12	; 18
    00000BF8 54                    3109 	.db #0x54	; 84	'T'
    00000BF9 AB                    3110 	.db #0xab	; 171
    00000BFA 3A                    3111 	.db #0x3a	; 58
    00000BFB C5                    3112 	.db #0xc5	; 197
    00000BFC 14                    3113 	.db #0x14	; 20
    00000BFD EB                    3114 	.db #0xeb	; 235
    00000BFE 18                    3115 	.db #0x18	; 24
    00000BFF E7                    3116 	.db #0xe7	; 231
    00000C00 51                    3117 	.db #0x51	; 81	'Q'
    00000C01 AE                    3118 	.db #0xae	; 174
    00000C02 13                    3119 	.db #0x13	; 19
    00000C03 EC                    3120 	.db #0xec	; 236
    00000C04 54                    3121 	.db #0x54	; 84	'T'
    00000C05 AB                    3122 	.db #0xab	; 171
    00000C06 E9                    3123 	.db #0xe9	; 233
    00000C07 16                    3124 	.db #0x16	; 22
    00000C08 45                    3125 	.db #0x45	; 69	'E'
    00000C09 BA                    3126 	.db #0xba	; 186
    00000C0A B2                    3127 	.db #0xb2	; 178
    00000C0B 4D                    3128 	.db #0x4d	; 77	'M'
    00000C0C 50                    3129 	.db #0x50	; 80	'P'
    00000C0D AF                    3130 	.db #0xaf	; 175
    00000C0E E2                    3131 	.db #0xe2	; 226
    00000C0F 1D                    3132 	.db #0x1d	; 29
    00000C10 51                    3133 	.db #0x51	; 81	'Q'
    00000C11 AE                    3134 	.db #0xae	; 174
    00000C12 13                    3135 	.db #0x13	; 19
    00000C13 EC                    3136 	.db #0xec	; 236
    00000C14 54                    3137 	.db #0x54	; 84	'T'
    00000C15 AB                    3138 	.db #0xab	; 171
    00000C16 E9                    3139 	.db #0xe9	; 233
    00000C17 16                    3140 	.db #0x16	; 22
    00000C18 45                    3141 	.db #0x45	; 69	'E'
    00000C19 BA                    3142 	.db #0xba	; 186
    00000C1A B2                    3143 	.db #0xb2	; 178
    00000C1B 4D                    3144 	.db #0x4d	; 77	'M'
    00000C1C 14                    3145 	.db #0x14	; 20
    00000C1D EB                    3146 	.db #0xeb	; 235
    00000C1E 0E                    3147 	.db #0x0e	; 14
    00000C1F F1                    3148 	.db #0xf1	; 241
    00000C20 00                    3149 	.db #0x00	; 0
    00000C21 FF                    3150 	.db #0xff	; 255
    00000C22 83                    3151 	.db #0x83	; 131
    00000C23 7C                    3152 	.db #0x7c	; 124
    00000C24 01                    3153 	.db #0x01	; 1
    00000C25 FE                    3154 	.db #0xfe	; 254
    00000C26 20                    3155 	.db #0x20	; 32
    00000C27 DF                    3156 	.db #0xdf	; 223
    00000C28 40                    3157 	.db #0x40	; 64
    00000C29 BF                    3158 	.db #0xbf	; 191
    00000C2A 82                    3159 	.db #0x82	; 130
    00000C2B 7D                    3160 	.db #0x7d	; 125
    00000C2C 54                    3161 	.db #0x54	; 84	'T'
    00000C2D AB                    3162 	.db #0xab	; 171
    00000C2E 3A                    3163 	.db #0x3a	; 58
    00000C2F C5                    3164 	.db #0xc5	; 197
    00000C30 00                    3165 	.db #0x00	; 0
    00000C31 FF                    3166 	.db #0xff	; 255
    00000C32 BB                    3167 	.db #0xbb	; 187
    00000C33 44                    3168 	.db #0x44	; 68	'D'
    00000C34 15                    3169 	.db #0x15	; 21
    00000C35 EA                    3170 	.db #0xea	; 234
    00000C36 2F                    3171 	.db #0x2f	; 47
    00000C37 D0                    3172 	.db #0xd0	; 208
    00000C38 04                    3173 	.db #0x04	; 4
    00000C39 FB                    3174 	.db #0xfb	; 251
    00000C3A 1B                    3175 	.db #0x1b	; 27
    00000C3B E4                    3176 	.db #0xe4	; 228
    00000C3C 44                    3177 	.db #0x44	; 68	'D'
    00000C3D BB                    3178 	.db #0xbb	; 187
    00000C3E 82                    3179 	.db #0x82	; 130
    00000C3F 7D                    3180 	.db #0x7d	; 125
    00000C40 55                    3181 	.db #0x55	; 85	'U'
    00000C41 AA                    3182 	.db #0xaa	; 170
    00000C42 BB                    3183 	.db #0xbb	; 187
    00000C43 44                    3184 	.db #0x44	; 68	'D'
    00000C44 55                    3185 	.db #0x55	; 85	'U'
    00000C45 AA                    3186 	.db #0xaa	; 170
    00000C46 EF                    3187 	.db #0xef	; 239
    00000C47 10                    3188 	.db #0x10	; 16
    00000C48 55                    3189 	.db #0x55	; 85	'U'
    00000C49 AA                    3190 	.db #0xaa	; 170
    00000C4A BB                    3191 	.db #0xbb	; 187
    00000C4B 44                    3192 	.db #0x44	; 68	'D'
    00000C4C 14                    3193 	.db #0x14	; 20
    00000C4D EB                    3194 	.db #0xeb	; 235
    00000C4E 18                    3195 	.db #0x18	; 24
    00000C4F E7                    3196 	.db #0xe7	; 231
    00000C50 00                    3197 	.db #0x00	; 0
    00000C51 FF                    3198 	.db #0xff	; 255
    00000C52 83                    3199 	.db #0x83	; 131
    00000C53 7C                    3200 	.db #0x7c	; 124
    00000C54 01                    3201 	.db #0x01	; 1
    00000C55 FE                    3202 	.db #0xfe	; 254
    00000C56 20                    3203 	.db #0x20	; 32
    00000C57 DF                    3204 	.db #0xdf	; 223
    00000C58 40                    3205 	.db #0x40	; 64
    00000C59 BF                    3206 	.db #0xbf	; 191
    00000C5A 82                    3207 	.db #0x82	; 130
    00000C5B 7D                    3208 	.db #0x7d	; 125
    00000C5C 54                    3209 	.db #0x54	; 84	'T'
    00000C5D AB                    3210 	.db #0xab	; 171
    00000C5E 3A                    3211 	.db #0x3a	; 58
    00000C5F C5                    3212 	.db #0xc5	; 197
    00000C60 51                    3213 	.db #0x51	; 81	'Q'
    00000C61 AE                    3214 	.db #0xae	; 174
    00000C62 13                    3215 	.db #0x13	; 19
    00000C63 EC                    3216 	.db #0xec	; 236
    00000C64 54                    3217 	.db #0x54	; 84	'T'
    00000C65 AB                    3218 	.db #0xab	; 171
    00000C66 E9                    3219 	.db #0xe9	; 233
    00000C67 16                    3220 	.db #0x16	; 22
    00000C68 45                    3221 	.db #0x45	; 69	'E'
    00000C69 BA                    3222 	.db #0xba	; 186
    00000C6A B2                    3223 	.db #0xb2	; 178
    00000C6B 4D                    3224 	.db #0x4d	; 77	'M'
    00000C6C 45                    3225 	.db #0x45	; 69	'E'
    00000C6D BA                    3226 	.db #0xba	; 186
    00000C6E B8                    3227 	.db #0xb8	; 184
    00000C6F 47                    3228 	.db #0x47	; 71	'G'
    00000C70 55                    3229 	.db #0x55	; 85	'U'
    00000C71 AA                    3230 	.db #0xaa	; 170
    00000C72 0B                    3231 	.db #0x0b	; 11
    00000C73 F4                    3232 	.db #0xf4	; 244
    00000C74 14                    3233 	.db #0x14	; 20
    00000C75 EB                    3234 	.db #0xeb	; 235
    00000C76 A1                    3235 	.db #0xa1	; 161
    00000C77 5E                    3236 	.db #0x5e	; 94
    00000C78 04                    3237 	.db #0x04	; 4
    00000C79 FB                    3238 	.db #0xfb	; 251
    00000C7A 00                    3239 	.db #0x00	; 0
    00000C7B FF                    3240 	.db #0xff	; 255
    00000C7C 45                    3241 	.db #0x45	; 69	'E'
    00000C7D BA                    3242 	.db #0xba	; 186
    00000C7E B8                    3243 	.db #0xb8	; 184
    00000C7F 47                    3244 	.db #0x47	; 71	'G'
    00000C80 EF                    3245 	.db #0xef	; 239
    00000C81 10                    3246 	.db #0x10	; 16
    00000C82 EF                    3247 	.db #0xef	; 239
    00000C83 10                    3248 	.db #0x10	; 16
    00000C84 87                    3249 	.db #0x87	; 135
    00000C85 78                    3250 	.db #0x78	; 120	'x'
    00000C86 6A                    3251 	.db #0x6a	; 106	'j'
    00000C87 15                    3252 	.db #0x15	; 21
    00000C88 00                    3253 	.db #0x00	; 0
    00000C89 3F                    3254 	.db #0x3f	; 63
    00000C8A 02                    3255 	.db #0x02	; 2
    00000C8B 1D                    3256 	.db #0x1d	; 29
    00000C8C 00                    3257 	.db #0x00	; 0
    00000C8D 0F                    3258 	.db #0x0f	; 15
    00000C8E 00                    3259 	.db #0x00	; 0
    00000C8F 07                    3260 	.db #0x07	; 7
    00000C90 FF                    3261 	.db #0xff	; 255
    00000C91 00                    3262 	.db #0x00	; 0
    00000C92 FF                    3263 	.db #0xff	; 255
    00000C93 00                    3264 	.db #0x00	; 0
    00000C94 FF                    3265 	.db #0xff	; 255
    00000C95 00                    3266 	.db #0x00	; 0
    00000C96 FF                    3267 	.db #0xff	; 255
    00000C97 00                    3268 	.db #0x00	; 0
    00000C98 DD                    3269 	.db #0xdd	; 221
    00000C99 22                    3270 	.db #0x22	; 34
    00000C9A 3F                    3271 	.db #0x3f	; 63
    00000C9B C0                    3272 	.db #0xc0	; 192
    00000C9C 2C                    3273 	.db #0x2c	; 44
    00000C9D D3                    3274 	.db #0xd3	; 211
    00000C9E AC                    3275 	.db #0xac	; 172
    00000C9F 53                    3276 	.db #0x53	; 83	'S'
    00000CA0 FD                    3277 	.db #0xfd	; 253
    00000CA1 03                    3278 	.db #0x03	; 3
    00000CA2 FB                    3279 	.db #0xfb	; 251
    00000CA3 05                    3280 	.db #0x05	; 5
    00000CA4 F1                    3281 	.db #0xf1	; 241
    00000CA5 0F                    3282 	.db #0x0f	; 15
    00000CA6 FB                    3283 	.db #0xfb	; 251
    00000CA7 07                    3284 	.db #0x07	; 7
    00000CA8 E3                    3285 	.db #0xe3	; 227
    00000CA9 1F                    3286 	.db #0x1f	; 31
    00000CAA A7                    3287 	.db #0xa7	; 167
    00000CAB 5F                    3288 	.db #0x5f	; 95
    00000CAC 87                    3289 	.db #0x87	; 135
    00000CAD 7F                    3290 	.db #0x7f	; 127
    00000CAE 9F                    3291 	.db #0x9f	; 159
    00000CAF 7F                    3292 	.db #0x7f	; 127
    00000CB0 C0                    3293 	.db #0xc0	; 192
    00000CB1 FF                    3294 	.db #0xff	; 255
    00000CB2 FE                    3295 	.db #0xfe	; 254
    00000CB3 FF                    3296 	.db #0xff	; 255
    00000CB4 F3                    3297 	.db #0xf3	; 243
    00000CB5 FF                    3298 	.db #0xff	; 255
    00000CB6 F0                    3299 	.db #0xf0	; 240
    00000CB7 FF                    3300 	.db #0xff	; 255
    00000CB8 FF                    3301 	.db #0xff	; 255
    00000CB9 FF                    3302 	.db #0xff	; 255
    00000CBA FF                    3303 	.db #0xff	; 255
    00000CBB FF                    3304 	.db #0xff	; 255
    00000CBC FF                    3305 	.db #0xff	; 255
    00000CBD FF                    3306 	.db #0xff	; 255
    00000CBE FF                    3307 	.db #0xff	; 255
    00000CBF FF                    3308 	.db #0xff	; 255
    00000CC0 00                    3309 	.db #0x00	; 0
    00000CC1 FF                    3310 	.db #0xff	; 255
    00000CC2 06                    3311 	.db #0x06	; 6
    00000CC3 FF                    3312 	.db #0xff	; 255
    00000CC4 1E                    3313 	.db #0x1e	; 30
    00000CC5 FF                    3314 	.db #0xff	; 255
    00000CC6 FE                    3315 	.db #0xfe	; 254
    00000CC7 FF                    3316 	.db #0xff	; 255
    00000CC8 FF                    3317 	.db #0xff	; 255
    00000CC9 FF                    3318 	.db #0xff	; 255
    00000CCA FF                    3319 	.db #0xff	; 255
    00000CCB FF                    3320 	.db #0xff	; 255
    00000CCC FF                    3321 	.db #0xff	; 255
    00000CCD FF                    3322 	.db #0xff	; 255
    00000CCE FF                    3323 	.db #0xff	; 255
    00000CCF FF                    3324 	.db #0xff	; 255
    00000CD0 55                    3325 	.db #0x55	; 85	'U'
    00000CD1 AA                    3326 	.db #0xaa	; 170
    00000CD2 2A                    3327 	.db #0x2a	; 42
    00000CD3 D5                    3328 	.db #0xd5	; 213
    00000CD4 10                    3329 	.db #0x10	; 16
    00000CD5 EF                    3330 	.db #0xef	; 239
    00000CD6 00                    3331 	.db #0x00	; 0
    00000CD7 FF                    3332 	.db #0xff	; 255
    00000CD8 00                    3333 	.db #0x00	; 0
    00000CD9 FF                    3334 	.db #0xff	; 255
    00000CDA E0                    3335 	.db #0xe0	; 224
    00000CDB FF                    3336 	.db #0xff	; 255
    00000CDC E0                    3337 	.db #0xe0	; 224
    00000CDD FF                    3338 	.db #0xff	; 255
    00000CDE F0                    3339 	.db #0xf0	; 240
    00000CDF FF                    3340 	.db #0xff	; 255
    00000CE0 53                    3341 	.db #0x53	; 83	'S'
    00000CE1 A0                    3342 	.db #0xa0	; 160
    00000CE2 A0                    3343 	.db #0xa0	; 160
    00000CE3 50                    3344 	.db #0x50	; 80	'P'
    00000CE4 10                    3345 	.db #0x10	; 16
    00000CE5 E4                    3346 	.db #0xe4	; 228
    00000CE6 B8                    3347 	.db #0xb8	; 184
    00000CE7 40                    3348 	.db #0x40	; 64
    00000CE8 16                    3349 	.db #0x16	; 22
    00000CE9 E8                    3350 	.db #0xe8	; 232
    00000CEA 02                    3351 	.db #0x02	; 2
    00000CEB FC                    3352 	.db #0xfc	; 252
    00000CEC 00                    3353 	.db #0x00	; 0
    00000CED FE                    3354 	.db #0xfe	; 254
    00000CEE 88                    3355 	.db #0x88	; 136
    00000CEF 77                    3356 	.db #0x77	; 119	'w'
    00000CF0 C0                    3357 	.db #0xc0	; 192
    00000CF1 3F                    3358 	.db #0x3f	; 63
    00000CF2 08                    3359 	.db #0x08	; 8
    00000CF3 07                    3360 	.db #0x07	; 7
    00000CF4 00                    3361 	.db #0x00	; 0
    00000CF5 03                    3362 	.db #0x03	; 3
    00000CF6 00                    3363 	.db #0x00	; 0
    00000CF7 01                    3364 	.db #0x01	; 1
    00000CF8 00                    3365 	.db #0x00	; 0
    00000CF9 00                    3366 	.db #0x00	; 0
    00000CFA 01                    3367 	.db #0x01	; 1
    00000CFB 00                    3368 	.db #0x00	; 0
    00000CFC 01                    3369 	.db #0x01	; 1
    00000CFD 00                    3370 	.db #0x00	; 0
    00000CFE FC                    3371 	.db #0xfc	; 252
    00000CFF 00                    3372 	.db #0x00	; 0
    00000D00 05                    3373 	.db #0x05	; 5
    00000D01 FA                    3374 	.db #0xfa	; 250
    00000D02 02                    3375 	.db #0x02	; 2
    00000D03 FD                    3376 	.db #0xfd	; 253
    00000D04 00                    3377 	.db #0x00	; 0
    00000D05 FF                    3378 	.db #0xff	; 255
    00000D06 88                    3379 	.db #0x88	; 136
    00000D07 77                    3380 	.db #0x77	; 119	'w'
    00000D08 00                    3381 	.db #0x00	; 0
    00000D09 03                    3382 	.db #0x03	; 3
    00000D0A 01                    3383 	.db #0x01	; 1
    00000D0B 00                    3384 	.db #0x00	; 0
    00000D0C 80                    3385 	.db #0x80	; 128
    00000D0D 00                    3386 	.db #0x00	; 0
    00000D0E F4                    3387 	.db #0xf4	; 244
    00000D0F 00                    3388 	.db #0x00	; 0
    00000D10 01                    3389 	.db #0x01	; 1
    00000D11 FE                    3390 	.db #0xfe	; 254
    00000D12 03                    3391 	.db #0x03	; 3
    00000D13 FC                    3392 	.db #0xfc	; 252
    00000D14 00                    3393 	.db #0x00	; 0
    00000D15 FF                    3394 	.db #0xff	; 255
    00000D16 8D                    3395 	.db #0x8d	; 141
    00000D17 72                    3396 	.db #0x72	; 114	'r'
    00000D18 10                    3397 	.db #0x10	; 16
    00000D19 EF                    3398 	.db #0xef	; 239
    00000D1A 80                    3399 	.db #0x80	; 128
    00000D1B 7F                    3400 	.db #0x7f	; 127
    00000D1C 15                    3401 	.db #0x15	; 21
    00000D1D EA                    3402 	.db #0xea	; 234
    00000D1E 08                    3403 	.db #0x08	; 8
    00000D1F 77                    3404 	.db #0x77	; 119	'w'
    00000D20 00                    3405 	.db #0x00	; 0
    00000D21 BF                    3406 	.db #0xbf	; 191
    00000D22 00                    3407 	.db #0x00	; 0
    00000D23 FF                    3408 	.db #0xff	; 255
    00000D24 05                    3409 	.db #0x05	; 5
    00000D25 FA                    3410 	.db #0xfa	; 250
    00000D26 00                    3411 	.db #0x00	; 0
    00000D27 D6                    3412 	.db #0xd6	; 214
    00000D28 00                    3413 	.db #0x00	; 0
    00000D29 FD                    3414 	.db #0xfd	; 253
    00000D2A 00                    3415 	.db #0x00	; 0
    00000D2B FF                    3416 	.db #0xff	; 255
    00000D2C 00                    3417 	.db #0x00	; 0
    00000D2D FF                    3418 	.db #0xff	; 255
    00000D2E 82                    3419 	.db #0x82	; 130
    00000D2F 7D                    3420 	.db #0x7d	; 125
    00000D30 05                    3421 	.db #0x05	; 5
    00000D31 DA                    3422 	.db #0xda	; 218
    00000D32 20                    3423 	.db #0x20	; 32
    00000D33 DF                    3424 	.db #0xdf	; 223
    00000D34 00                    3425 	.db #0x00	; 0
    00000D35 BF                    3426 	.db #0xbf	; 191
    00000D36 C1                    3427 	.db #0xc1	; 193
    00000D37 3E                    3428 	.db #0x3e	; 62
    00000D38 40                    3429 	.db #0x40	; 64
    00000D39 BF                    3430 	.db #0xbf	; 191
    00000D3A 88                    3431 	.db #0x88	; 136
    00000D3B 77                    3432 	.db #0x77	; 119	'w'
    00000D3C 40                    3433 	.db #0x40	; 64
    00000D3D BF                    3434 	.db #0xbf	; 191
    00000D3E A2                    3435 	.db #0xa2	; 162
    00000D3F 5D                    3436 	.db #0x5d	; 93
    00000D40 40                    3437 	.db #0x40	; 64
    00000D41 BF                    3438 	.db #0xbf	; 191
    00000D42 80                    3439 	.db #0x80	; 128
    00000D43 7F                    3440 	.db #0x7f	; 127
    00000D44 40                    3441 	.db #0x40	; 64
    00000D45 BF                    3442 	.db #0xbf	; 191
    00000D46 C8                    3443 	.db #0xc8	; 200
    00000D47 37                    3444 	.db #0x37	; 55	'7'
    00000D48 11                    3445 	.db #0x11	; 17
    00000D49 EE                    3446 	.db #0xee	; 238
    00000D4A A1                    3447 	.db #0xa1	; 161
    00000D4B 5E                    3448 	.db #0x5e	; 94
    00000D4C 51                    3449 	.db #0x51	; 81	'Q'
    00000D4D AE                    3450 	.db #0xae	; 174
    00000D4E C8                    3451 	.db #0xc8	; 200
    00000D4F 37                    3452 	.db #0x37	; 55	'7'
    00000D50 05                    3453 	.db #0x05	; 5
    00000D51 FA                    3454 	.db #0xfa	; 250
    00000D52 02                    3455 	.db #0x02	; 2
    00000D53 FD                    3456 	.db #0xfd	; 253
    00000D54 00                    3457 	.db #0x00	; 0
    00000D55 FF                    3458 	.db #0xff	; 255
    00000D56 00                    3459 	.db #0x00	; 0
    00000D57 FF                    3460 	.db #0xff	; 255
    00000D58 00                    3461 	.db #0x00	; 0
    00000D59 FF                    3462 	.db #0xff	; 255
    00000D5A 00                    3463 	.db #0x00	; 0
    00000D5B FF                    3464 	.db #0xff	; 255
    00000D5C 00                    3465 	.db #0x00	; 0
    00000D5D FF                    3466 	.db #0xff	; 255
    00000D5E 00                    3467 	.db #0x00	; 0
    00000D5F FF                    3468 	.db #0xff	; 255
    00000D60 01                    3469 	.db #0x01	; 1
    00000D61 FE                    3470 	.db #0xfe	; 254
    00000D62 03                    3471 	.db #0x03	; 3
    00000D63 FC                    3472 	.db #0xfc	; 252
    00000D64 00                    3473 	.db #0x00	; 0
    00000D65 FF                    3474 	.db #0xff	; 255
    00000D66 8D                    3475 	.db #0x8d	; 141
    00000D67 72                    3476 	.db #0x72	; 114	'r'
    00000D68 10                    3477 	.db #0x10	; 16
    00000D69 EF                    3478 	.db #0xef	; 239
    00000D6A 80                    3479 	.db #0x80	; 128
    00000D6B 7F                    3480 	.db #0x7f	; 127
    00000D6C 15                    3481 	.db #0x15	; 21
    00000D6D EA                    3482 	.db #0xea	; 234
    00000D6E 08                    3483 	.db #0x08	; 8
    00000D6F F7                    3484 	.db #0xf7	; 247
    00000D70 00                    3485 	.db #0x00	; 0
    00000D71 BF                    3486 	.db #0xbf	; 191
    00000D72 00                    3487 	.db #0x00	; 0
    00000D73 FF                    3488 	.db #0xff	; 255
    00000D74 05                    3489 	.db #0x05	; 5
    00000D75 FA                    3490 	.db #0xfa	; 250
    00000D76 00                    3491 	.db #0x00	; 0
    00000D77 D6                    3492 	.db #0xd6	; 214
    00000D78 00                    3493 	.db #0x00	; 0
    00000D79 FD                    3494 	.db #0xfd	; 253
    00000D7A 00                    3495 	.db #0x00	; 0
    00000D7B FF                    3496 	.db #0xff	; 255
    00000D7C 00                    3497 	.db #0x00	; 0
    00000D7D FF                    3498 	.db #0xff	; 255
    00000D7E 82                    3499 	.db #0x82	; 130
    00000D7F 7D                    3500 	.db #0x7d	; 125
    00000D80 05                    3501 	.db #0x05	; 5
    00000D81 DA                    3502 	.db #0xda	; 218
    00000D82 20                    3503 	.db #0x20	; 32
    00000D83 DF                    3504 	.db #0xdf	; 223
    00000D84 00                    3505 	.db #0x00	; 0
    00000D85 BF                    3506 	.db #0xbf	; 191
    00000D86 C1                    3507 	.db #0xc1	; 193
    00000D87 3E                    3508 	.db #0x3e	; 62
    00000D88 40                    3509 	.db #0x40	; 64
    00000D89 BF                    3510 	.db #0xbf	; 191
    00000D8A 88                    3511 	.db #0x88	; 136
    00000D8B 77                    3512 	.db #0x77	; 119	'w'
    00000D8C 40                    3513 	.db #0x40	; 64
    00000D8D BF                    3514 	.db #0xbf	; 191
    00000D8E A2                    3515 	.db #0xa2	; 162
    00000D8F 5D                    3516 	.db #0x5d	; 93
    00000D90 00                    3517 	.db #0x00	; 0
    00000D91 FF                    3518 	.db #0xff	; 255
    00000D92 00                    3519 	.db #0x00	; 0
    00000D93 FF                    3520 	.db #0xff	; 255
    00000D94 10                    3521 	.db #0x10	; 16
    00000D95 EF                    3522 	.db #0xef	; 239
    00000D96 80                    3523 	.db #0x80	; 128
    00000D97 7F                    3524 	.db #0x7f	; 127
    00000D98 00                    3525 	.db #0x00	; 0
    00000D99 FF                    3526 	.db #0xff	; 255
    00000D9A A0                    3527 	.db #0xa0	; 160
    00000D9B 5F                    3528 	.db #0x5f	; 95
    00000D9C 10                    3529 	.db #0x10	; 16
    00000D9D EF                    3530 	.db #0xef	; 239
    00000D9E 68                    3531 	.db #0x68	; 104	'h'
    00000D9F 97                    3532 	.db #0x97	; 151
    00000DA0 50                    3533 	.db #0x50	; 80	'P'
    00000DA1 AF                    3534 	.db #0xaf	; 175
    00000DA2 BB                    3535 	.db #0xbb	; 187
    00000DA3 44                    3536 	.db #0x44	; 68	'D'
    00000DA4 54                    3537 	.db #0x54	; 84	'T'
    00000DA5 AB                    3538 	.db #0xab	; 171
    00000DA6 AD                    3539 	.db #0xad	; 173
    00000DA7 52                    3540 	.db #0x52	; 82	'R'
    00000DA8 45                    3541 	.db #0x45	; 69	'E'
    00000DA9 BA                    3542 	.db #0xba	; 186
    00000DAA 39                    3543 	.db #0x39	; 57	'9'
    00000DAB C6                    3544 	.db #0xc6	; 198
    00000DAC 04                    3545 	.db #0x04	; 4
    00000DAD FB                    3546 	.db #0xfb	; 251
    00000DAE 34                    3547 	.db #0x34	; 52	'4'
    00000DAF CB                    3548 	.db #0xcb	; 203
    00000DB0 50                    3549 	.db #0x50	; 80	'P'
    00000DB1 AF                    3550 	.db #0xaf	; 175
    00000DB2 BB                    3551 	.db #0xbb	; 187
    00000DB3 44                    3552 	.db #0x44	; 68	'D'
    00000DB4 54                    3553 	.db #0x54	; 84	'T'
    00000DB5 AB                    3554 	.db #0xab	; 171
    00000DB6 AD                    3555 	.db #0xad	; 173
    00000DB7 52                    3556 	.db #0x52	; 82	'R'
    00000DB8 45                    3557 	.db #0x45	; 69	'E'
    00000DB9 BA                    3558 	.db #0xba	; 186
    00000DBA 39                    3559 	.db #0x39	; 57	'9'
    00000DBB C6                    3560 	.db #0xc6	; 198
    00000DBC 45                    3561 	.db #0x45	; 69	'E'
    00000DBD BA                    3562 	.db #0xba	; 186
    00000DBE B8                    3563 	.db #0xb8	; 184
    00000DBF 47                    3564 	.db #0x47	; 71	'G'
    00000DC0 00                    3565 	.db #0x00	; 0
    00000DC1 07                    3566 	.db #0x07	; 7
    00000DC2 44                    3567 	.db #0x44	; 68	'D'
    00000DC3 47                    3568 	.db #0x47	; 71	'G'
    00000DC4 C8                    3569 	.db #0xc8	; 200
    00000DC5 07                    3570 	.db #0x07	; 7
    00000DC6 FA                    3571 	.db #0xfa	; 250
    00000DC7 AF                    3572 	.db #0xaf	; 175
    00000DC8 FC                    3573 	.db #0xfc	; 252
    00000DC9 47                    3574 	.db #0x47	; 71	'G'
    00000DCA FE                    3575 	.db #0xfe	; 254
    00000DCB AB                    3576 	.db #0xab	; 171
    00000DCC FF                    3577 	.db #0xff	; 255
    00000DCD FF                    3578 	.db #0xff	; 255
    00000DCE FF                    3579 	.db #0xff	; 255
    00000DCF FF                    3580 	.db #0xff	; 255
    00000DD0 08                    3581 	.db #0x08	; 8
    00000DD1 F7                    3582 	.db #0xf7	; 247
    00000DD2 44                    3583 	.db #0x44	; 68	'D'
    00000DD3 FF                    3584 	.db #0xff	; 255
    00000DD4 00                    3585 	.db #0x00	; 0
    00000DD5 FF                    3586 	.db #0xff	; 255
    00000DD6 AA                    3587 	.db #0xaa	; 170
    00000DD7 FF                    3588 	.db #0xff	; 255
    00000DD8 77                    3589 	.db #0x77	; 119	'w'
    00000DD9 CC                    3590 	.db #0xcc	; 204
    00000DDA AA                    3591 	.db #0xaa	; 170
    00000DDB AA                    3592 	.db #0xaa	; 170
    00000DDC FF                    3593 	.db #0xff	; 255
    00000DDD FF                    3594 	.db #0xff	; 255
    00000DDE FF                    3595 	.db #0xff	; 255
    00000DDF FF                    3596 	.db #0xff	; 255
    00000DE0 3F                    3597 	.db #0x3f	; 63
    00000DE1 FF                    3598 	.db #0xff	; 255
    00000DE2 7F                    3599 	.db #0x7f	; 127
    00000DE3 FF                    3600 	.db #0xff	; 255
    00000DE4 7F                    3601 	.db #0x7f	; 127
    00000DE5 FF                    3602 	.db #0xff	; 255
    00000DE6 FF                    3603 	.db #0xff	; 255
    00000DE7 FF                    3604 	.db #0xff	; 255
    00000DE8 EF                    3605 	.db #0xef	; 239
    00000DE9 67                    3606 	.db #0x67	; 103	'g'
    00000DEA AF                    3607 	.db #0xaf	; 175
    00000DEB AB                    3608 	.db #0xab	; 171
    00000DEC FF                    3609 	.db #0xff	; 255
    00000DED FF                    3610 	.db #0xff	; 255
    00000DEE FF                    3611 	.db #0xff	; 255
    00000DEF FF                    3612 	.db #0xff	; 255
    00000DF0 FF                    3613 	.db #0xff	; 255
    00000DF1 FF                    3614 	.db #0xff	; 255
    00000DF2 FF                    3615 	.db #0xff	; 255
    00000DF3 FF                    3616 	.db #0xff	; 255
    00000DF4 FF                    3617 	.db #0xff	; 255
    00000DF5 FF                    3618 	.db #0xff	; 255
    00000DF6 FF                    3619 	.db #0xff	; 255
    00000DF7 FF                    3620 	.db #0xff	; 255
    00000DF8 FF                    3621 	.db #0xff	; 255
    00000DF9 FF                    3622 	.db #0xff	; 255
    00000DFA FF                    3623 	.db #0xff	; 255
    00000DFB FF                    3624 	.db #0xff	; 255
    00000DFC FF                    3625 	.db #0xff	; 255
    00000DFD FF                    3626 	.db #0xff	; 255
    00000DFE FF                    3627 	.db #0xff	; 255
    00000DFF FF                    3628 	.db #0xff	; 255
    00000E00 FF                    3629 	.db #0xff	; 255
    00000E01 FF                    3630 	.db #0xff	; 255
    00000E02 FE                    3631 	.db #0xfe	; 254
    00000E03 FF                    3632 	.db #0xff	; 255
    00000E04 FE                    3633 	.db #0xfe	; 254
    00000E05 FF                    3634 	.db #0xff	; 255
    00000E06 FE                    3635 	.db #0xfe	; 254
    00000E07 FF                    3636 	.db #0xff	; 255
    00000E08 FC                    3637 	.db #0xfc	; 252
    00000E09 FF                    3638 	.db #0xff	; 255
    00000E0A FE                    3639 	.db #0xfe	; 254
    00000E0B FF                    3640 	.db #0xff	; 255
    00000E0C FF                    3641 	.db #0xff	; 255
    00000E0D FF                    3642 	.db #0xff	; 255
    00000E0E FF                    3643 	.db #0xff	; 255
    00000E0F FF                    3644 	.db #0xff	; 255
    00000E10 70                    3645 	.db #0x70	; 112	'p'
    00000E11 FF                    3646 	.db #0xff	; 255
    00000E12 74                    3647 	.db #0x74	; 116	't'
    00000E13 FF                    3648 	.db #0xff	; 255
    00000E14 70                    3649 	.db #0x70	; 112	'p'
    00000E15 FF                    3650 	.db #0xff	; 255
    00000E16 FA                    3651 	.db #0xfa	; 250
    00000E17 FF                    3652 	.db #0xff	; 255
    00000E18 74                    3653 	.db #0x74	; 116	't'
    00000E19 FF                    3654 	.db #0xff	; 255
    00000E1A BA                    3655 	.db #0xba	; 186
    00000E1B FF                    3656 	.db #0xff	; 255
    00000E1C FF                    3657 	.db #0xff	; 255
    00000E1D FF                    3658 	.db #0xff	; 255
    00000E1E FF                    3659 	.db #0xff	; 255
    00000E1F FF                    3660 	.db #0xff	; 255
    00000E20 1E                    3661 	.db #0x1e	; 30
    00000E21 E1                    3662 	.db #0xe1	; 225
    00000E22 55                    3663 	.db #0x55	; 85	'U'
    00000E23 E4                    3664 	.db #0xe4	; 228
    00000E24 10                    3665 	.db #0x10	; 16
    00000E25 E0                    3666 	.db #0xe0	; 224
    00000E26 BA                    3667 	.db #0xba	; 186
    00000E27 EA                    3668 	.db #0xea	; 234
    00000E28 5C                    3669 	.db #0x5c	; 92
    00000E29 E4                    3670 	.db #0xe4	; 228
    00000E2A AE                    3671 	.db #0xae	; 174
    00000E2B FA                    3672 	.db #0xfa	; 250
    00000E2C FF                    3673 	.db #0xff	; 255
    00000E2D FF                    3674 	.db #0xff	; 255
    00000E2E FF                    3675 	.db #0xff	; 255
    00000E2F FF                    3676 	.db #0xff	; 255
    00000E30 00                    3677 	.db #0x00	; 0
    00000E31 E0                    3678 	.db #0xe0	; 224
    00000E32 44                    3679 	.db #0x44	; 68	'D'
    00000E33 E4                    3680 	.db #0xe4	; 228
    00000E34 40                    3681 	.db #0x40	; 64
    00000E35 38                    3682 	.db #0x38	; 56	'8'
    00000E36 EA                    3683 	.db #0xea	; 234
    00000E37 BF                    3684 	.db #0xbf	; 191
    00000E38 55                    3685 	.db #0x55	; 85	'U'
    00000E39 4E                    3686 	.db #0x4e	; 78	'N'
    00000E3A BF                    3687 	.db #0xbf	; 191
    00000E3B AA                    3688 	.db #0xaa	; 170
    00000E3C FF                    3689 	.db #0xff	; 255
    00000E3D FF                    3690 	.db #0xff	; 255
    00000E3E FF                    3691 	.db #0xff	; 255
    00000E3F FF                    3692 	.db #0xff	; 255
    00000E40 76                    3693 	.db #0x76	; 118	'v'
    00000E41 00                    3694 	.db #0x00	; 0
    00000E42 7F                    3695 	.db #0x7f	; 127
    00000E43 44                    3696 	.db #0x44	; 68	'D'
    00000E44 0F                    3697 	.db #0x0f	; 15
    00000E45 30                    3698 	.db #0x30	; 48	'0'
    00000E46 EF                    3699 	.db #0xef	; 239
    00000E47 BA                    3700 	.db #0xba	; 186
    00000E48 E7                    3701 	.db #0xe7	; 231
    00000E49 5C                    3702 	.db #0x5c	; 92
    00000E4A FF                    3703 	.db #0xff	; 255
    00000E4B AA                    3704 	.db #0xaa	; 170
    00000E4C FF                    3705 	.db #0xff	; 255
    00000E4D FF                    3706 	.db #0xff	; 255
    00000E4E FF                    3707 	.db #0xff	; 255
    00000E4F FF                    3708 	.db #0xff	; 255
    00000E50 01                    3709 	.db #0x01	; 1
    00000E51 3E                    3710 	.db #0x3e	; 62
    00000E52 47                    3711 	.db #0x47	; 71	'G'
    00000E53 5C                    3712 	.db #0x5c	; 92
    00000E54 04                    3713 	.db #0x04	; 4
    00000E55 0B                    3714 	.db #0x0b	; 11
    00000E56 AB                    3715 	.db #0xab	; 171
    00000E57 AE                    3716 	.db #0xae	; 174
    00000E58 E7                    3717 	.db #0xe7	; 231
    00000E59 54                    3718 	.db #0x54	; 84	'T'
    00000E5A AA                    3719 	.db #0xaa	; 170
    00000E5B EB                    3720 	.db #0xeb	; 235
    00000E5C FF                    3721 	.db #0xff	; 255
    00000E5D FF                    3722 	.db #0xff	; 255
    00000E5E FF                    3723 	.db #0xff	; 255
    00000E5F FF                    3724 	.db #0xff	; 255
    00000E60 40                    3725 	.db #0x40	; 64
    00000E61 BF                    3726 	.db #0xbf	; 191
    00000E62 C4                    3727 	.db #0xc4	; 196
    00000E63 7F                    3728 	.db #0x7f	; 127
    00000E64 40                    3729 	.db #0x40	; 64
    00000E65 BE                    3730 	.db #0xbe	; 190
    00000E66 AA                    3731 	.db #0xaa	; 170
    00000E67 FF                    3732 	.db #0xff	; 255
    00000E68 44                    3733 	.db #0x44	; 68	'D'
    00000E69 FF                    3734 	.db #0xff	; 255
    00000E6A AB                    3735 	.db #0xab	; 171
    00000E6B FE                    3736 	.db #0xfe	; 254
    00000E6C FF                    3737 	.db #0xff	; 255
    00000E6D FF                    3738 	.db #0xff	; 255
    00000E6E FF                    3739 	.db #0xff	; 255
    00000E6F FF                    3740 	.db #0xff	; 255
    00000E70 11                    3741 	.db #0x11	; 17
    00000E71 EE                    3742 	.db #0xee	; 238
    00000E72 54                    3743 	.db #0x54	; 84	'T'
    00000E73 EF                    3744 	.db #0xef	; 239
    00000E74 14                    3745 	.db #0x14	; 20
    00000E75 EB                    3746 	.db #0xeb	; 235
    00000E76 EF                    3747 	.db #0xef	; 239
    00000E77 BA                    3748 	.db #0xba	; 186
    00000E78 55                    3749 	.db #0x55	; 85	'U'
    00000E79 EE                    3750 	.db #0xee	; 238
    00000E7A BB                    3751 	.db #0xbb	; 187
    00000E7B EE                    3752 	.db #0xee	; 238
    00000E7C FF                    3753 	.db #0xff	; 255
    00000E7D FF                    3754 	.db #0xff	; 255
    00000E7E FF                    3755 	.db #0xff	; 255
    00000E7F FF                    3756 	.db #0xff	; 255
    00000E80 04                    3757 	.db #0x04	; 4
    00000E81 FB                    3758 	.db #0xfb	; 251
    00000E82 F4                    3759 	.db #0xf4	; 244
    00000E83 4F                    3760 	.db #0x4f	; 79	'O'
    00000E84 50                    3761 	.db #0x50	; 80	'P'
    00000E85 AF                    3762 	.db #0xaf	; 175
    00000E86 EA                    3763 	.db #0xea	; 234
    00000E87 BF                    3764 	.db #0xbf	; 191
    00000E88 54                    3765 	.db #0x54	; 84	'T'
    00000E89 EF                    3766 	.db #0xef	; 239
    00000E8A BB                    3767 	.db #0xbb	; 187
    00000E8B EE                    3768 	.db #0xee	; 238
    00000E8C FF                    3769 	.db #0xff	; 255
    00000E8D FF                    3770 	.db #0xff	; 255
    00000E8E FF                    3771 	.db #0xff	; 255
    00000E8F FF                    3772 	.db #0xff	; 255
    00000E90 40                    3773 	.db #0x40	; 64
    00000E91 BF                    3774 	.db #0xbf	; 191
    00000E92 46                    3775 	.db #0x46	; 70	'F'
    00000E93 FD                    3776 	.db #0xfd	; 253
    00000E94 14                    3777 	.db #0x14	; 20
    00000E95 EB                    3778 	.db #0xeb	; 235
    00000E96 AB                    3779 	.db #0xab	; 171
    00000E97 FE                    3780 	.db #0xfe	; 254
    00000E98 44                    3781 	.db #0x44	; 68	'D'
    00000E99 FF                    3782 	.db #0xff	; 255
    00000E9A BA                    3783 	.db #0xba	; 186
    00000E9B EF                    3784 	.db #0xef	; 239
    00000E9C FF                    3785 	.db #0xff	; 255
    00000E9D FF                    3786 	.db #0xff	; 255
    00000E9E FF                    3787 	.db #0xff	; 255
    00000E9F FF                    3788 	.db #0xff	; 255
    00000EA0 01                    3789 	.db #0x01	; 1
    00000EA1 FE                    3790 	.db #0xfe	; 254
    00000EA2 47                    3791 	.db #0x47	; 71	'G'
    00000EA3 FC                    3792 	.db #0xfc	; 252
    00000EA4 44                    3793 	.db #0x44	; 68	'D'
    00000EA5 BB                    3794 	.db #0xbb	; 187
    00000EA6 EB                    3795 	.db #0xeb	; 235
    00000EA7 BE                    3796 	.db #0xbe	; 190
    00000EA8 55                    3797 	.db #0x55	; 85	'U'
    00000EA9 EE                    3798 	.db #0xee	; 238
    00000EAA BB                    3799 	.db #0xbb	; 187
    00000EAB EE                    3800 	.db #0xee	; 238
    00000EAC FF                    3801 	.db #0xff	; 255
    00000EAD FF                    3802 	.db #0xff	; 255
    00000EAE FF                    3803 	.db #0xff	; 255
    00000EAF FF                    3804 	.db #0xff	; 255
    00000EB0 40                    3805 	.db #0x40	; 64
    00000EB1 BF                    3806 	.db #0xbf	; 191
    00000EB2 C4                    3807 	.db #0xc4	; 196
    00000EB3 7F                    3808 	.db #0x7f	; 127
    00000EB4 40                    3809 	.db #0x40	; 64
    00000EB5 BE                    3810 	.db #0xbe	; 190
    00000EB6 AA                    3811 	.db #0xaa	; 170
    00000EB7 FF                    3812 	.db #0xff	; 255
    00000EB8 44                    3813 	.db #0x44	; 68	'D'
    00000EB9 FF                    3814 	.db #0xff	; 255
    00000EBA AB                    3815 	.db #0xab	; 171
    00000EBB FE                    3816 	.db #0xfe	; 254
    00000EBC FF                    3817 	.db #0xff	; 255
    00000EBD FF                    3818 	.db #0xff	; 255
    00000EBE FF                    3819 	.db #0xff	; 255
    00000EBF FF                    3820 	.db #0xff	; 255
    00000EC0 11                    3821 	.db #0x11	; 17
    00000EC1 EE                    3822 	.db #0xee	; 238
    00000EC2 54                    3823 	.db #0x54	; 84	'T'
    00000EC3 EF                    3824 	.db #0xef	; 239
    00000EC4 14                    3825 	.db #0x14	; 20
    00000EC5 EB                    3826 	.db #0xeb	; 235
    00000EC6 EF                    3827 	.db #0xef	; 239
    00000EC7 BA                    3828 	.db #0xba	; 186
    00000EC8 55                    3829 	.db #0x55	; 85	'U'
    00000EC9 EE                    3830 	.db #0xee	; 238
    00000ECA BB                    3831 	.db #0xbb	; 187
    00000ECB EE                    3832 	.db #0xee	; 238
    00000ECC FF                    3833 	.db #0xff	; 255
    00000ECD FF                    3834 	.db #0xff	; 255
    00000ECE FF                    3835 	.db #0xff	; 255
    00000ECF FF                    3836 	.db #0xff	; 255
    00000ED0 41                    3837 	.db #0x41	; 65	'A'
    00000ED1 BE                    3838 	.db #0xbe	; 190
    00000ED2 7F                    3839 	.db #0x7f	; 127
    00000ED3 C4                    3840 	.db #0xc4	; 196
    00000ED4 50                    3841 	.db #0x50	; 80	'P'
    00000ED5 AF                    3842 	.db #0xaf	; 175
    00000ED6 EB                    3843 	.db #0xeb	; 235
    00000ED7 BE                    3844 	.db #0xbe	; 190
    00000ED8 55                    3845 	.db #0x55	; 85	'U'
    00000ED9 EE                    3846 	.db #0xee	; 238
    00000EDA BB                    3847 	.db #0xbb	; 187
    00000EDB EE                    3848 	.db #0xee	; 238
    00000EDC FF                    3849 	.db #0xff	; 255
    00000EDD FF                    3850 	.db #0xff	; 255
    00000EDE FF                    3851 	.db #0xff	; 255
    00000EDF FF                    3852 	.db #0xff	; 255
    00000EE0 14                    3853 	.db #0x14	; 20
    00000EE1 EB                    3854 	.db #0xeb	; 235
    00000EE2 5F                    3855 	.db #0x5f	; 95
    00000EE3 E4                    3856 	.db #0xe4	; 228
    00000EE4 14                    3857 	.db #0x14	; 20
    00000EE5 EB                    3858 	.db #0xeb	; 235
    00000EE6 AF                    3859 	.db #0xaf	; 175
    00000EE7 FA                    3860 	.db #0xfa	; 250
    00000EE8 45                    3861 	.db #0x45	; 69	'E'
    00000EE9 FE                    3862 	.db #0xfe	; 254
    00000EEA AB                    3863 	.db #0xab	; 171
    00000EEB FE                    3864 	.db #0xfe	; 254
    00000EEC FF                    3865 	.db #0xff	; 255
    00000EED FF                    3866 	.db #0xff	; 255
    00000EEE FF                    3867 	.db #0xff	; 255
    00000EEF FF                    3868 	.db #0xff	; 255
    00000EF0 50                    3869 	.db #0x50	; 80	'P'
    00000EF1 AF                    3870 	.db #0xaf	; 175
    00000EF2 FF                    3871 	.db #0xff	; 255
    00000EF3 44                    3872 	.db #0x44	; 68	'D'
    00000EF4 54                    3873 	.db #0x54	; 84	'T'
    00000EF5 AB                    3874 	.db #0xab	; 171
    00000EF6 AF                    3875 	.db #0xaf	; 175
    00000EF7 FA                    3876 	.db #0xfa	; 250
    00000EF8 45                    3877 	.db #0x45	; 69	'E'
    00000EF9 FE                    3878 	.db #0xfe	; 254
    00000EFA BB                    3879 	.db #0xbb	; 187
    00000EFB EE                    3880 	.db #0xee	; 238
    00000EFC FF                    3881 	.db #0xff	; 255
    00000EFD FF                    3882 	.db #0xff	; 255
    00000EFE FF                    3883 	.db #0xff	; 255
    00000EFF FF                    3884 	.db #0xff	; 255
    00000F00 00                    3885 	.db #0x00	; 0
    00000F01 00                    3886 	.db #0x00	; 0
    00000F02 00                    3887 	.db #0x00	; 0
    00000F03 00                    3888 	.db #0x00	; 0
    00000F04 00                    3889 	.db #0x00	; 0
    00000F05 00                    3890 	.db #0x00	; 0
    00000F06 00                    3891 	.db #0x00	; 0
    00000F07 00                    3892 	.db #0x00	; 0
    00000F08 00                    3893 	.db #0x00	; 0
    00000F09 00                    3894 	.db #0x00	; 0
    00000F0A 00                    3895 	.db #0x00	; 0
    00000F0B 00                    3896 	.db #0x00	; 0
    00000F0C 00                    3897 	.db #0x00	; 0
    00000F0D 00                    3898 	.db #0x00	; 0
    00000F0E 00                    3899 	.db #0x00	; 0
    00000F0F 00                    3900 	.db #0x00	; 0
                                   3901 	.area _INITIALIZER
                                   3902 	.area _CABS (ABS)
