                                      1 ;--------------------------------------------------------
                                      2 ; File Created by SDCC : free open source ISO C Compiler
                                      3 ; Version 4.5.1 #15267 (MINGW64)
                                      4 ;--------------------------------------------------------
                                      5 	.module enemy
                                      6 	
                                      7 ;--------------------------------------------------------
                                      8 ; Public variables in this module
                                      9 ;--------------------------------------------------------
                                     10 	.globl b_hit_sfx
                                     11 	.globl _hit_sfx
                                     12 	.globl b_play_hit_animation
                                     13 	.globl _play_hit_animation
                                     14 	.globl _spawn_drop
                                     15 	.globl b_show_number
                                     16 	.globl _show_number
                                     17 	.globl _check_terrain
                                     18 	.globl _wait_vbl_done
                                     19 	.globl _move_enemy
                                     20 	.globl _set_enemy_position
                                     21 	.globl _set_enemy_stats
                                     22 	.globl _check_distance_x
                                     23 	.globl _check_distance_y
                                     24 	.globl _enemy_attack
                                     25 	.globl _enemy_death
                                     26 	.globl _enemy_smooth_movement
                                     27 	.globl _is_enemy_at
                                     28 ;--------------------------------------------------------
                                     29 ; special function registers
                                     30 ;--------------------------------------------------------
                                     31 	.area _HRAM
                                     32 ;--------------------------------------------------------
                                     33 ; ram data
                                     34 ;--------------------------------------------------------
                                     35 	.area _DATA
                                     36 ;--------------------------------------------------------
                                     37 ; ram data
                                     38 ;--------------------------------------------------------
                                     39 	.area _INITIALIZED
                                     40 ;--------------------------------------------------------
                                     41 ; absolute external ram data
                                     42 ;--------------------------------------------------------
                                     43 	.area _DABS (ABS)
                                     44 ;--------------------------------------------------------
                                     45 ; global & static initialisations
                                     46 ;--------------------------------------------------------
                                     47 	.area _HOME
                                     48 	.area _GSINIT
                                     49 	.area _GSFINAL
                                     50 	.area _GSINIT
                                     51 ;--------------------------------------------------------
                                     52 ; Home
                                     53 ;--------------------------------------------------------
                                     54 	.area _HOME
                                     55 	.area _HOME
                                     56 ;--------------------------------------------------------
                                     57 ; code
                                     58 ;--------------------------------------------------------
                                     59 	.area _CODE
                                     60 ;src/scripts/enemy.c:4: void move_enemy(Enemy *e) {
                                     61 ;	---------------------------------
                                     62 ; Function move_enemy
                                     63 ; ---------------------------------
    00000000                         64 _move_enemy::
    00000000 E8 F3            [16]   65 	add	sp, #-13
    00000002 F8 0B            [12]   66 	ldhl	sp,	#11
    00000004 7B               [ 4]   67 	ld	a, e
    00000005 22               [ 8]   68 	ld	(hl+), a
                                     69 ;src/scripts/enemy.c:6: if (!e->alive) {
    00000006 7A               [ 4]   70 	ld	a, d
    00000007 32               [ 8]   71 	ld	(hl-), a
    00000008 2A               [ 8]   72 	ld	a, (hl+)
    00000009 5F               [ 4]   73 	ld	e, a
    0000000A 56               [ 8]   74 	ld	d, (hl)
    0000000B 21 07 00         [12]   75 	ld	hl, #0x0007
    0000000E 19               [ 8]   76 	add	hl, de
    0000000F 4D               [ 4]   77 	ld	c, l
    00000010 44               [ 4]   78 	ld	b, h
    00000011 0A               [ 8]   79 	ld	a, (bc)
    00000012 B7               [ 4]   80 	or	a, a
                                     81 ;src/scripts/enemy.c:7: return;
    00000013 CAr56r02         [16]   82 	jp	Z, 00153$
                                     83 ;src/scripts/enemy.c:11: dx = check_distance_x(e);
    00000016 F8 0B            [12]   84 	ldhl	sp,	#11
    00000018 2A               [ 8]   85 	ld	a, (hl+)
    00000019 5F               [ 4]   86 	ld	e, a
    0000001A 56               [ 8]   87 	ld	d, (hl)
    0000001B CDr0Br05         [24]   88 	call	_check_distance_x
    0000001E F8 00            [12]   89 	ldhl	sp,	#0
    00000020 77               [ 8]   90 	ld	(hl), a
                                     91 ;src/scripts/enemy.c:12: dy = check_distance_y(e);
    00000021 F8 0B            [12]   92 	ldhl	sp,	#11
    00000023 2A               [ 8]   93 	ld	a, (hl+)
    00000024 5F               [ 4]   94 	ld	e, a
    00000025 56               [ 8]   95 	ld	d, (hl)
    00000026 CDr1Cr05         [24]   96 	call	_check_distance_y
    00000029 F8 01            [12]   97 	ldhl	sp,	#1
    0000002B 77               [ 8]   98 	ld	(hl), a
                                     99 ;src/scripts/enemy.c:16: if (dx == 16 && dy == 0 || dx == 0 && dy == 16) {
    0000002C F8 00            [12]  100 	ldhl	sp,	#0
    0000002E 7E               [ 8]  101 	ld	a, (hl)
    0000002F D6 10            [ 8]  102 	sub	a, #0x10
    00000031 3E 01            [ 8]  103 	ld	a, #0x01
    00000033 28 01            [12]  104 	jr	Z, 00300$
    00000035 AF               [ 4]  105 	xor	a, a
    00000036                        106 00300$:
    00000036 F8 02            [12]  107 	ldhl	sp,	#2
    00000038 77               [ 8]  108 	ld	(hl), a
                                    109 ;src/scripts/enemy.c:18: e->targeting = 1;
    00000039 F8 0B            [12]  110 	ldhl	sp,#11
    0000003B 2A               [ 8]  111 	ld	a, (hl+)
    0000003C 5F               [ 4]  112 	ld	e, a
    0000003D 56               [ 8]  113 	ld	d, (hl)
    0000003E 21 09 00         [12]  114 	ld	hl, #0x0009
    00000041 19               [ 8]  115 	add	hl, de
    00000042 4D               [ 4]  116 	ld	c, l
    00000043 44               [ 4]  117 	ld	b, h
                                    118 ;src/scripts/enemy.c:16: if (dx == 16 && dy == 0 || dx == 0 && dy == 16) {
    00000044 F8 02            [12]  119 	ldhl	sp,	#2
    00000046 7E               [ 8]  120 	ld	a, (hl)
    00000047 B7               [ 4]  121 	or	a, a
    00000048 28 05            [12]  122 	jr	Z, 00107$
    0000004A 2B               [ 8]  123 	dec	hl
    0000004B 7E               [ 8]  124 	ld	a, (hl)
    0000004C B7               [ 4]  125 	or	a, a
    0000004D 28 0C            [12]  126 	jr	Z, 00103$
    0000004F                        127 00107$:
    0000004F F8 00            [12]  128 	ldhl	sp,	#0
    00000051 7E               [ 8]  129 	ld	a, (hl)
    00000052 B7               [ 4]  130 	or	a, a
    00000053 20 16            [12]  131 	jr	NZ, 00104$
    00000055 23               [ 8]  132 	inc	hl
    00000056 7E               [ 8]  133 	ld	a, (hl)
    00000057 D6 10            [ 8]  134 	sub	a, #0x10
    00000059 20 10            [12]  135 	jr	NZ, 00104$
    0000005B                        136 00103$:
                                    137 ;src/scripts/enemy.c:17: enemy_attack(e);
    0000005B C5               [16]  138 	push	bc
    0000005C F8 0D            [12]  139 	ldhl	sp,	#13
    0000005E 2A               [ 8]  140 	ld	a, (hl+)
    0000005F 5F               [ 4]  141 	ld	e, a
    00000060 56               [ 8]  142 	ld	d, (hl)
    00000061 CDr2Er05         [24]  143 	call	_enemy_attack
    00000064 C1               [12]  144 	pop	bc
                                    145 ;src/scripts/enemy.c:18: e->targeting = 1;
    00000065 3E 01            [ 8]  146 	ld	a, #0x01
    00000067 02               [ 8]  147 	ld	(bc), a
                                    148 ;src/scripts/enemy.c:19: return;
    00000068 C3r56r02         [16]  149 	jp	00153$
    0000006B                        150 00104$:
                                    151 ;src/scripts/enemy.c:22: uint8_t moved = 0;
    0000006B F8 03            [12]  152 	ldhl	sp,	#3
    0000006D 36 00            [12]  153 	ld	(hl), #0x00
                                    154 ;src/scripts/enemy.c:23: if (e->targeting) {
    0000006F 0A               [ 8]  155 	ld	a, (bc)
    00000070 4F               [ 4]  156 	ld	c, a
                                    157 ;src/scripts/enemy.c:37: if (y > e->y) {
    00000071 F8 0B            [12]  158 	ldhl	sp,#11
    00000073 2A               [ 8]  159 	ld	a, (hl+)
    00000074 5F               [ 4]  160 	ld	e, a
    00000075 56               [ 8]  161 	ld	d, (hl)
    00000076 6B               [ 4]  162 	ld	l, e
    00000077 62               [ 4]  163 	ld	h, d
    00000078 23               [ 8]  164 	inc	hl
    00000079 E5               [16]  165 	push	hl
    0000007A 7D               [ 4]  166 	ld	a, l
    0000007B F8 0B            [12]  167 	ldhl	sp,	#11
    0000007D 77               [ 8]  168 	ld	(hl), a
    0000007E E1               [12]  169 	pop	hl
    0000007F 7C               [ 4]  170 	ld	a, h
    00000080 F8 0A            [12]  171 	ldhl	sp,	#10
    00000082 77               [ 8]  172 	ld	(hl), a
                                    173 ;src/scripts/enemy.c:23: if (e->targeting) {
    00000083 79               [ 4]  174 	ld	a, c
    00000084 B7               [ 4]  175 	or	a, a
    00000085 CAr53r01         [16]  176 	jp	Z, 00172$
                                    177 ;src/scripts/enemy.c:25: int16_t diff_x = check_distance_x(e);
    00000088 23               [ 8]  178 	inc	hl
    00000089 2A               [ 8]  179 	ld	a, (hl+)
    0000008A 5F               [ 4]  180 	ld	e, a
    0000008B 56               [ 8]  181 	ld	d, (hl)
    0000008C CDr0Br05         [24]  182 	call	_check_distance_x
    0000008F 4F               [ 4]  183 	ld	c, a
                                    184 ;src/scripts/enemy.c:26: int16_t diff_y = check_distance_y(e);
    00000090 C5               [16]  185 	push	bc
    00000091 F8 0D            [12]  186 	ldhl	sp,	#13
    00000093 2A               [ 8]  187 	ld	a, (hl+)
    00000094 5F               [ 4]  188 	ld	e, a
    00000095 56               [ 8]  189 	ld	d, (hl)
    00000096 CDr1Cr05         [24]  190 	call	_check_distance_y
    00000099 C1               [12]  191 	pop	bc
    0000009A 47               [ 4]  192 	ld	b, a
                                    193 ;src/scripts/enemy.c:29: if (x > e->x) {
    0000009B F8 0B            [12]  194 	ldhl	sp,	#11
    0000009D 7E               [ 8]  195 	ld	a, (hl)
    0000009E F8 04            [12]  196 	ldhl	sp,	#4
    000000A0 77               [ 8]  197 	ld	(hl), a
    000000A1 F8 0C            [12]  198 	ldhl	sp,	#12
    000000A3 7E               [ 8]  199 	ld	a, (hl)
    000000A4 F8 05            [12]  200 	ldhl	sp,	#5
    000000A6 32               [ 8]  201 	ld	(hl-), a
    000000A7 2A               [ 8]  202 	ld	a, (hl+)
    000000A8 5F               [ 4]  203 	ld	e, a
    000000A9 2A               [ 8]  204 	ld	a, (hl+)
    000000AA 57               [ 4]  205 	ld	d, a
    000000AB 1A               [ 8]  206 	ld	a, (de)
    000000AC 77               [ 8]  207 	ld	(hl), a
                                    208 ;src/scripts/enemy.c:37: if (y > e->y) {
    000000AD F8 09            [12]  209 	ldhl	sp,#9
    000000AF 2A               [ 8]  210 	ld	a, (hl+)
    000000B0 5F               [ 4]  211 	ld	e, a
    000000B1 56               [ 8]  212 	ld	d, (hl)
    000000B2 1A               [ 8]  213 	ld	a, (de)
    000000B3 F8 07            [12]  214 	ldhl	sp,	#7
    000000B5 77               [ 8]  215 	ld	(hl), a
                                    216 ;src/scripts/enemy.c:28: if (diff_x > diff_y) {
    000000B6 78               [ 4]  217 	ld	a, b
    000000B7 91               [ 4]  218 	sub	a, c
    000000B8 30 14            [12]  219 	jr	NC, 00115$
                                    220 ;src/scripts/enemy.c:29: if (x > e->x) {
    000000BA 2B               [ 8]  221 	dec	hl
    000000BB 7E               [ 8]  222 	ld	a, (hl)
    000000BC 21r00r00         [12]  223 	ld	hl, #_x
    000000BF 96               [ 8]  224 	sub	a, (hl)
    000000C0 30 06            [12]  225 	jr	NC, 00109$
                                    226 ;src/scripts/enemy.c:30: direction = 1;
    000000C2 F8 08            [12]  227 	ldhl	sp,	#8
    000000C4 36 01            [12]  228 	ld	(hl), #0x01
    000000C6 18 19            [12]  229 	jr	00116$
    000000C8                        230 00109$:
                                    231 ;src/scripts/enemy.c:33: direction = 3;
    000000C8 F8 08            [12]  232 	ldhl	sp,	#8
    000000CA 36 03            [12]  233 	ld	(hl), #0x03
    000000CC 18 13            [12]  234 	jr	00116$
    000000CE                        235 00115$:
                                    236 ;src/scripts/enemy.c:37: if (y > e->y) {
    000000CE F8 07            [12]  237 	ldhl	sp,	#7
    000000D0 7E               [ 8]  238 	ld	a, (hl)
    000000D1 21r00r00         [12]  239 	ld	hl, #_y
    000000D4 96               [ 8]  240 	sub	a, (hl)
    000000D5 30 06            [12]  241 	jr	NC, 00112$
                                    242 ;src/scripts/enemy.c:38: direction = 2;
    000000D7 F8 08            [12]  243 	ldhl	sp,	#8
    000000D9 36 02            [12]  244 	ld	(hl), #0x02
    000000DB 18 04            [12]  245 	jr	00116$
    000000DD                        246 00112$:
                                    247 ;src/scripts/enemy.c:41: direction = 0;
    000000DD F8 08            [12]  248 	ldhl	sp,	#8
    000000DF 36 00            [12]  249 	ld	(hl), #0x00
    000000E1                        250 00116$:
                                    251 ;src/scripts/enemy.c:45: uint8_t next_x = e->x;
    000000E1 F8 06            [12]  252 	ldhl	sp,	#6
    000000E3 4E               [ 8]  253 	ld	c, (hl)
                                    254 ;src/scripts/enemy.c:46: uint8_t next_y = e->y;
    000000E4 23               [ 8]  255 	inc	hl
    000000E5 46               [ 8]  256 	ld	b, (hl)
                                    257 ;src/scripts/enemy.c:49: next_y -= 16;
                                    258 ;src/scripts/enemy.c:52: next_x += 16;
                                    259 ;src/scripts/enemy.c:47: switch (direction) {
    000000E6 23               [ 8]  260 	inc	hl
    000000E7 58               [ 4]  261 	ld	e, b
    000000E8 51               [ 4]  262 	ld	d, c
    000000E9 D5               [16]  263 	push	de
    000000EA 5E               [ 8]  264 	ld	e, (hl)
    000000EB 16 00            [ 8]  265 	ld	d, #0x00
    000000ED 21rF8r00         [12]  266 	ld	hl, #00303$
    000000F0 19               [ 8]  267 	add	hl, de
    000000F1 19               [ 8]  268 	add	hl, de
    000000F2 5E               [ 8]  269 	ld	e, (hl)
    000000F3 23               [ 8]  270 	inc	hl
    000000F4 66               [ 8]  271 	ld	h, (hl)
    000000F5 6B               [ 4]  272 	ld	l, e
    000000F6 D1               [12]  273 	pop	de
    000000F7 E9               [ 4]  274 	jp	(hl)
    000000F8                        275 00303$:
    000000F8r00r01                  276 	.dw	00117$
    000000FAr06r01                  277 	.dw	00118$
    000000FCr0Cr01                  278 	.dw	00119$
    000000FEr12r01                  279 	.dw	00120$
                                    280 ;src/scripts/enemy.c:48: case 0:
    00000100                        281 00117$:
                                    282 ;src/scripts/enemy.c:49: next_y -= 16;
    00000100 7B               [ 4]  283 	ld	a, e
    00000101 C6 F0            [ 8]  284 	add	a, #0xf0
    00000103 47               [ 4]  285 	ld	b, a
                                    286 ;src/scripts/enemy.c:50: break;
    00000104 18 10            [12]  287 	jr	00121$
                                    288 ;src/scripts/enemy.c:51: case 1:
    00000106                        289 00118$:
                                    290 ;src/scripts/enemy.c:52: next_x += 16;
    00000106 7A               [ 4]  291 	ld	a, d
    00000107 C6 10            [ 8]  292 	add	a, #0x10
    00000109 4F               [ 4]  293 	ld	c, a
                                    294 ;src/scripts/enemy.c:53: break;
    0000010A 18 0A            [12]  295 	jr	00121$
                                    296 ;src/scripts/enemy.c:54: case 2:
    0000010C                        297 00119$:
                                    298 ;src/scripts/enemy.c:55: next_y += 16;
    0000010C 7B               [ 4]  299 	ld	a, e
    0000010D C6 10            [ 8]  300 	add	a, #0x10
    0000010F 47               [ 4]  301 	ld	b, a
                                    302 ;src/scripts/enemy.c:56: break;
    00000110 18 04            [12]  303 	jr	00121$
                                    304 ;src/scripts/enemy.c:57: case 3:
    00000112                        305 00120$:
                                    306 ;src/scripts/enemy.c:58: next_x -= 16;
    00000112 7A               [ 4]  307 	ld	a, d
    00000113 C6 F0            [ 8]  308 	add	a, #0xf0
    00000115 4F               [ 4]  309 	ld	c, a
                                    310 ;src/scripts/enemy.c:60: }
    00000116                        311 00121$:
                                    312 ;src/scripts/enemy.c:61: if (check_terrain(next_x + 8, next_y + 8) && !is_enemy_at(next_x, next_y, e)) {
    00000116 78               [ 4]  313 	ld	a, b
    00000117 C6 08            [ 8]  314 	add	a, #0x08
    00000119 5F               [ 4]  315 	ld	e, a
    0000011A 79               [ 4]  316 	ld	a, c
    0000011B C6 08            [ 8]  317 	add	a, #0x08
    0000011D C5               [16]  318 	push	bc
    0000011E CDr00r00         [24]  319 	call	_check_terrain
    00000121 C1               [12]  320 	pop	bc
    00000122 B7               [ 4]  321 	or	a, a
    00000123 CAr56r02         [16]  322 	jp	Z, 00153$
    00000126 C5               [16]  323 	push	bc
    00000127 F8 0D            [12]  324 	ldhl	sp,	#13
    00000129 2A               [ 8]  325 	ld	a, (hl+)
    0000012A 5F               [ 4]  326 	ld	e, a
    0000012B 56               [ 8]  327 	ld	d, (hl)
    0000012C D5               [16]  328 	push	de
    0000012D 58               [ 4]  329 	ld	e, b
    0000012E 79               [ 4]  330 	ld	a, c
    0000012F CDr25r07         [24]  331 	call	_is_enemy_at
    00000132 C1               [12]  332 	pop	bc
    00000133 B7               [ 4]  333 	or	a, a
    00000134 C2r56r02         [16]  334 	jp	NZ, 00153$
                                    335 ;src/scripts/enemy.c:62: enemy_smooth_movement(e, direction);
    00000137 C5               [16]  336 	push	bc
    00000138 F8 0A            [12]  337 	ldhl	sp,	#10
    0000013A 7E               [ 8]  338 	ld	a, (hl)
    0000013B F8 0D            [12]  339 	ldhl	sp,	#13
    0000013D 5E               [ 8]  340 	ld	e, (hl)
    0000013E 23               [ 8]  341 	inc	hl
    0000013F 56               [ 8]  342 	ld	d, (hl)
    00000140 CDr30r06         [24]  343 	call	_enemy_smooth_movement
    00000143 C1               [12]  344 	pop	bc
                                    345 ;src/scripts/enemy.c:63: e->x = next_x;
    00000144 F8 04            [12]  346 	ldhl	sp,	#4
    00000146 2A               [ 8]  347 	ld	a, (hl+)
    00000147 66               [ 8]  348 	ld	h, (hl)
    00000148 6F               [ 4]  349 	ld	l, a
    00000149 71               [ 8]  350 	ld	(hl), c
                                    351 ;src/scripts/enemy.c:64: e->y = next_y;
    0000014A F8 09            [12]  352 	ldhl	sp,	#9
    0000014C 2A               [ 8]  353 	ld	a, (hl+)
    0000014D 66               [ 8]  354 	ld	h, (hl)
    0000014E 6F               [ 4]  355 	ld	l, a
    0000014F 70               [ 8]  356 	ld	(hl), b
                                    357 ;src/scripts/enemy.c:66: return;
    00000150 C3r56r02         [16]  358 	jp	00153$
                                    359 ;src/scripts/enemy.c:68: while (!moved){
    00000153                        360 00172$:
    00000153 F8 09            [12]  361 	ldhl	sp,	#9
    00000155 2A               [ 8]  362 	ld	a, (hl+)
    00000156 4F               [ 4]  363 	ld	c, a
    00000157 3A               [ 8]  364 	ld	a, (hl-)
    00000158 47               [ 4]  365 	ld	b, a
    00000159 7E               [ 8]  366 	ld	a, (hl)
    0000015A F8 04            [12]  367 	ldhl	sp,	#4
    0000015C 77               [ 8]  368 	ld	(hl), a
    0000015D F8 0A            [12]  369 	ldhl	sp,	#10
    0000015F 7E               [ 8]  370 	ld	a, (hl)
    00000160 F8 05            [12]  371 	ldhl	sp,	#5
    00000162 77               [ 8]  372 	ld	(hl), a
    00000163                        373 00145$:
    00000163 F8 03            [12]  374 	ldhl	sp,	#3
    00000165 7E               [ 8]  375 	ld	a, (hl)
                                    376 ;src/scripts/enemy.c:69: moved = 0;
    00000166 B7               [ 4]  377 	or	a, a
    00000167 C2r32r02         [16]  378 	jp	NZ, 00147$
    0000016A 77               [ 8]  379 	ld	(hl), a
                                    380 ;src/scripts/enemy.c:70: uint8_t next_x = e->x;
    0000016B F8 0B            [12]  381 	ldhl	sp,	#11
    0000016D 7E               [ 8]  382 	ld	a, (hl)
    0000016E F8 06            [12]  383 	ldhl	sp,	#6
    00000170 77               [ 8]  384 	ld	(hl), a
    00000171 F8 0C            [12]  385 	ldhl	sp,	#12
    00000173 7E               [ 8]  386 	ld	a, (hl)
    00000174 F8 07            [12]  387 	ldhl	sp,	#7
    00000176 32               [ 8]  388 	ld	(hl-), a
    00000177 2A               [ 8]  389 	ld	a, (hl+)
    00000178 5F               [ 4]  390 	ld	e, a
    00000179 2A               [ 8]  391 	ld	a, (hl+)
    0000017A 57               [ 4]  392 	ld	d, a
    0000017B 1A               [ 8]  393 	ld	a, (de)
                                    394 ;src/scripts/enemy.c:71: uint8_t next_y = e->y;
    0000017C 22               [ 8]  395 	ld	(hl+), a
    0000017D 0A               [ 8]  396 	ld	a, (bc)
                                    397 ;src/scripts/enemy.c:72: uint8_t direction = (uint8_t)(DIV_REG & 3);
    0000017E 22               [ 8]  398 	ld	(hl+), a
    0000017F F0r00            [12]  399 	ldh	a, (_DIV_REG + 0)
    00000181 E6 03            [ 8]  400 	and	a, #0x03
                                    401 ;src/scripts/enemy.c:76: next_y -= 16;
    00000183 32               [ 8]  402 	ld	(hl-), a
    00000184 5E               [ 8]  403 	ld	e, (hl)
                                    404 ;src/scripts/enemy.c:81: next_x += 16;
    00000185 2B               [ 8]  405 	dec	hl
    00000186 56               [ 8]  406 	ld	d, (hl)
                                    407 ;src/scripts/enemy.c:73: switch (direction) {
    00000187 23               [ 8]  408 	inc	hl
    00000188 23               [ 8]  409 	inc	hl
    00000189 D5               [16]  410 	push	de
    0000018A 5E               [ 8]  411 	ld	e, (hl)
    0000018B 16 00            [ 8]  412 	ld	d, #0x00
    0000018D 21r98r01         [12]  413 	ld	hl, #00304$
    00000190 19               [ 8]  414 	add	hl, de
    00000191 19               [ 8]  415 	add	hl, de
    00000192 5E               [ 8]  416 	ld	e, (hl)
    00000193 23               [ 8]  417 	inc	hl
    00000194 66               [ 8]  418 	ld	h, (hl)
    00000195 6B               [ 4]  419 	ld	l, e
    00000196 D1               [12]  420 	pop	de
    00000197 E9               [ 4]  421 	jp	(hl)
    00000198                        422 00304$:
    00000198rA0r01                  423 	.dw	00127$
    0000019ArADr01                  424 	.dw	00130$
    0000019CrBAr01                  425 	.dw	00133$
    0000019ErC7r01                  426 	.dw	00136$
                                    427 ;src/scripts/enemy.c:74: case 0:
    000001A0                        428 00127$:
                                    429 ;src/scripts/enemy.c:75: if (next_y > 32) {
    000001A0 3E 20            [ 8]  430 	ld	a, #0x20
    000001A2 F8 09            [12]  431 	ldhl	sp,	#9
    000001A4 96               [ 8]  432 	sub	a, (hl)
    000001A5 30 2B            [12]  433 	jr	NC, 00139$
                                    434 ;src/scripts/enemy.c:76: next_y -= 16;
    000001A7 7B               [ 4]  435 	ld	a, e
    000001A8 C6 F0            [ 8]  436 	add	a, #0xf0
    000001AA 77               [ 8]  437 	ld	(hl), a
                                    438 ;src/scripts/enemy.c:78: break;
    000001AB 18 25            [12]  439 	jr	00139$
                                    440 ;src/scripts/enemy.c:79: case 1:
    000001AD                        441 00130$:
                                    442 ;src/scripts/enemy.c:80: if (next_x < 144) {
    000001AD F8 08            [12]  443 	ldhl	sp,	#8
    000001AF 7E               [ 8]  444 	ld	a, (hl)
    000001B0 D6 90            [ 8]  445 	sub	a, #0x90
    000001B2 30 1E            [12]  446 	jr	NC, 00139$
                                    447 ;src/scripts/enemy.c:81: next_x += 16;
    000001B4 7A               [ 4]  448 	ld	a, d
    000001B5 C6 10            [ 8]  449 	add	a, #0x10
    000001B7 77               [ 8]  450 	ld	(hl), a
                                    451 ;src/scripts/enemy.c:83: break;
    000001B8 18 18            [12]  452 	jr	00139$
                                    453 ;src/scripts/enemy.c:84: case 2:
    000001BA                        454 00133$:
                                    455 ;src/scripts/enemy.c:85: if (next_y < 128) {
    000001BA F8 09            [12]  456 	ldhl	sp,	#9
    000001BC 7E               [ 8]  457 	ld	a, (hl)
    000001BD D6 80            [ 8]  458 	sub	a, #0x80
    000001BF 30 11            [12]  459 	jr	NC, 00139$
                                    460 ;src/scripts/enemy.c:86: next_y += 16;
    000001C1 7B               [ 4]  461 	ld	a, e
    000001C2 C6 10            [ 8]  462 	add	a, #0x10
    000001C4 77               [ 8]  463 	ld	(hl), a
                                    464 ;src/scripts/enemy.c:88: break;
    000001C5 18 0B            [12]  465 	jr	00139$
                                    466 ;src/scripts/enemy.c:89: case 3:
    000001C7                        467 00136$:
                                    468 ;src/scripts/enemy.c:90: if (next_x > 24) {
    000001C7 3E 18            [ 8]  469 	ld	a, #0x18
    000001C9 F8 08            [12]  470 	ldhl	sp,	#8
    000001CB 96               [ 8]  471 	sub	a, (hl)
    000001CC 30 04            [12]  472 	jr	NC, 00139$
                                    473 ;src/scripts/enemy.c:91: next_x -= 16;
    000001CE 7A               [ 4]  474 	ld	a, d
    000001CF C6 F0            [ 8]  475 	add	a, #0xf0
    000001D1 77               [ 8]  476 	ld	(hl), a
                                    477 ;src/scripts/enemy.c:94: }
    000001D2                        478 00139$:
                                    479 ;src/scripts/enemy.c:95: if ((next_x != e->x || next_y != e->y) && check_terrain(next_x + 8, next_y + 8) && !is_enemy_at(next_x, next_y, e)) {
    000001D2 F8 06            [12]  480 	ldhl	sp,#6
    000001D4 2A               [ 8]  481 	ld	a, (hl+)
    000001D5 5F               [ 4]  482 	ld	e, a
    000001D6 2A               [ 8]  483 	ld	a, (hl+)
    000001D7 57               [ 4]  484 	ld	d, a
    000001D8 1A               [ 8]  485 	ld	a, (de)
    000001D9 96               [ 8]  486 	sub	a, (hl)
    000001DA 20 0C            [12]  487 	jr	NZ, 00143$
    000001DC F8 04            [12]  488 	ldhl	sp,#4
    000001DE 2A               [ 8]  489 	ld	a, (hl+)
    000001DF 5F               [ 4]  490 	ld	e, a
    000001E0 56               [ 8]  491 	ld	d, (hl)
    000001E1 1A               [ 8]  492 	ld	a, (de)
    000001E2 F8 09            [12]  493 	ldhl	sp,	#9
    000001E4 96               [ 8]  494 	sub	a, (hl)
    000001E5 CAr63r01         [16]  495 	jp	Z, 00145$
    000001E8                        496 00143$:
    000001E8 F8 09            [12]  497 	ldhl	sp,	#9
    000001EA 3A               [ 8]  498 	ld	a, (hl-)
    000001EB C6 08            [ 8]  499 	add	a, #0x08
    000001ED 5F               [ 4]  500 	ld	e, a
    000001EE 7E               [ 8]  501 	ld	a, (hl)
    000001EF C6 08            [ 8]  502 	add	a, #0x08
    000001F1 C5               [16]  503 	push	bc
    000001F2 CDr00r00         [24]  504 	call	_check_terrain
    000001F5 C1               [12]  505 	pop	bc
    000001F6 B7               [ 4]  506 	or	a, a
    000001F7 CAr63r01         [16]  507 	jp	Z, 00145$
    000001FA C5               [16]  508 	push	bc
    000001FB F8 0D            [12]  509 	ldhl	sp,	#13
    000001FD 2A               [ 8]  510 	ld	a, (hl+)
    000001FE 5F               [ 4]  511 	ld	e, a
    000001FF 56               [ 8]  512 	ld	d, (hl)
    00000200 D5               [16]  513 	push	de
    00000201 F8 0D            [12]  514 	ldhl	sp,	#13
    00000203 3A               [ 8]  515 	ld	a, (hl-)
    00000204 5F               [ 4]  516 	ld	e, a
    00000205 7E               [ 8]  517 	ld	a, (hl)
    00000206 CDr25r07         [24]  518 	call	_is_enemy_at
    00000209 C1               [12]  519 	pop	bc
    0000020A B7               [ 4]  520 	or	a, a
    0000020B C2r63r01         [16]  521 	jp	NZ, 00145$
                                    522 ;src/scripts/enemy.c:96: enemy_smooth_movement(e, direction);
    0000020E C5               [16]  523 	push	bc
    0000020F F8 0C            [12]  524 	ldhl	sp,	#12
    00000211 2A               [ 8]  525 	ld	a, (hl+)
    00000212 5E               [ 8]  526 	ld	e, (hl)
    00000213 23               [ 8]  527 	inc	hl
    00000214 56               [ 8]  528 	ld	d, (hl)
    00000215 CDr30r06         [24]  529 	call	_enemy_smooth_movement
    00000218 C1               [12]  530 	pop	bc
                                    531 ;src/scripts/enemy.c:97: e->x = next_x;
    00000219 F8 06            [12]  532 	ldhl	sp,	#6
    0000021B 2A               [ 8]  533 	ld	a, (hl+)
    0000021C 5F               [ 4]  534 	ld	e, a
    0000021D 2A               [ 8]  535 	ld	a, (hl+)
    0000021E 57               [ 4]  536 	ld	d, a
    0000021F 7E               [ 8]  537 	ld	a, (hl)
    00000220 12               [ 8]  538 	ld	(de), a
                                    539 ;src/scripts/enemy.c:98: e->y = next_y;
    00000221 F8 0B            [12]  540 	ldhl	sp,	#11
    00000223 2A               [ 8]  541 	ld	a, (hl+)
    00000224 5F               [ 4]  542 	ld	e, a
    00000225 56               [ 8]  543 	ld	d, (hl)
    00000226 13               [ 8]  544 	inc	de
    00000227 F8 09            [12]  545 	ldhl	sp,	#9
    00000229 7E               [ 8]  546 	ld	a, (hl)
    0000022A 12               [ 8]  547 	ld	(de), a
                                    548 ;src/scripts/enemy.c:99: moved = 1;
    0000022B F8 03            [12]  549 	ldhl	sp,	#3
    0000022D 36 01            [12]  550 	ld	(hl), #0x01
    0000022F C3r63r01         [16]  551 	jp	00145$
    00000232                        552 00147$:
                                    553 ;src/scripts/enemy.c:104: if (dx == 16 && dx == 0 || dx == 0 && dy == 16) {
    00000232 F8 02            [12]  554 	ldhl	sp,	#2
    00000234 7E               [ 8]  555 	ld	a, (hl)
    00000235 B7               [ 4]  556 	or	a, a
    00000236 28 06            [12]  557 	jr	Z, 00152$
    00000238 2B               [ 8]  558 	dec	hl
    00000239 2B               [ 8]  559 	dec	hl
    0000023A 7E               [ 8]  560 	ld	a, (hl)
    0000023B B7               [ 4]  561 	or	a, a
    0000023C 28 0C            [12]  562 	jr	Z, 00148$
    0000023E                        563 00152$:
    0000023E F8 00            [12]  564 	ldhl	sp,	#0
    00000240 7E               [ 8]  565 	ld	a, (hl)
    00000241 B7               [ 4]  566 	or	a, a
    00000242 20 12            [12]  567 	jr	NZ, 00153$
    00000244 23               [ 8]  568 	inc	hl
    00000245 7E               [ 8]  569 	ld	a, (hl)
    00000246 D6 10            [ 8]  570 	sub	a, #0x10
    00000248 20 0C            [12]  571 	jr	NZ, 00153$
    0000024A                        572 00148$:
                                    573 ;src/scripts/enemy.c:105: e->targeting = 1;
    0000024A F8 0B            [12]  574 	ldhl	sp,#11
    0000024C 2A               [ 8]  575 	ld	a, (hl+)
    0000024D 5F               [ 4]  576 	ld	e, a
    0000024E 56               [ 8]  577 	ld	d, (hl)
    0000024F 21 09 00         [12]  578 	ld	hl, #0x0009
    00000252 19               [ 8]  579 	add	hl, de
    00000253 3E 01            [ 8]  580 	ld	a, #0x01
    00000255 77               [ 8]  581 	ld	(hl), a
    00000256                        582 00153$:
                                    583 ;src/scripts/enemy.c:107: }
    00000256 E8 0D            [16]  584 	add	sp, #13
    00000258 C9               [16]  585 	ret
                                    586 ;src/scripts/enemy.c:109: void set_enemy_position(Enemy *e, uint8_t x, uint8_t y) {
                                    587 ;	---------------------------------
                                    588 ; Function set_enemy_position
                                    589 ; ---------------------------------
    00000259                        590 _set_enemy_position::
    00000259 E8 FA            [16]  591 	add	sp, #-6
    0000025B 4B               [ 4]  592 	ld	c, e
    0000025C 42               [ 4]  593 	ld	b, d
                                    594 ;src/scripts/enemy.c:110: e->x = x;
    0000025D 33               [ 8]  595 	inc	sp
    0000025E 33               [ 8]  596 	inc	sp
    0000025F C5               [16]  597 	push	bc
    00000260 E1               [12]  598 	pop	hl
    00000261 E5               [16]  599 	push	hl
    00000262 77               [ 8]  600 	ld	(hl), a
                                    601 ;src/scripts/enemy.c:111: e->y = y;
    00000263 69               [ 4]  602 	ld	l, c
    00000264 60               [ 4]  603 	ld	h, b
    00000265 23               [ 8]  604 	inc	hl
    00000266 E5               [16]  605 	push	hl
    00000267 7D               [ 4]  606 	ld	a, l
    00000268 F8 04            [12]  607 	ldhl	sp,	#4
    0000026A 77               [ 8]  608 	ld	(hl), a
    0000026B E1               [12]  609 	pop	hl
    0000026C 7C               [ 4]  610 	ld	a, h
    0000026D F8 03            [12]  611 	ldhl	sp,	#3
    0000026F 32               [ 8]  612 	ld	(hl-), a
    00000270 2A               [ 8]  613 	ld	a, (hl+)
    00000271 5F               [ 4]  614 	ld	e, a
    00000272 56               [ 8]  615 	ld	d, (hl)
    00000273 F8 08            [12]  616 	ldhl	sp,	#8
    00000275 7E               [ 8]  617 	ld	a, (hl)
    00000276 12               [ 8]  618 	ld	(de), a
                                    619 ;src/scripts/enemy.c:112: move_sprite(e->sprite_id, e->x, e->y);
    00000277 7E               [ 8]  620 	ld	a, (hl)
    00000278 F8 04            [12]  621 	ldhl	sp,	#4
    0000027A 22               [ 8]  622 	ld	(hl+), a
    0000027B D1               [12]  623 	pop	de
    0000027C D5               [16]  624 	push	de
    0000027D 1A               [ 8]  625 	ld	a, (de)
    0000027E 77               [ 8]  626 	ld	(hl), a
    0000027F 21 08 00         [12]  627 	ld	hl, #0x0008
    00000282 09               [ 8]  628 	add	hl, bc
    00000283 4D               [ 4]  629 	ld	c, l
    00000284 44               [ 4]  630 	ld	b, h
    00000285 0A               [ 8]  631 	ld	a, (bc)
    00000286 5F               [ 4]  632 	ld	e, a
                                    633 ;c:\users\utente\desktop\tirocinio\gbdk-win64\gbdk\include\gb\gb.h:1973: OAM_item_t * itm = &shadow_OAM[nb];
    00000287 AF               [ 4]  634 	xor	a, a
    00000288 6B               [ 4]  635 	ld	l, e
    00000289 67               [ 4]  636 	ld	h, a
    0000028A 29               [ 8]  637 	add	hl, hl
    0000028B 29               [ 8]  638 	add	hl, hl
    0000028C 11r00r00         [12]  639 	ld	de, #_shadow_OAM
    0000028F 19               [ 8]  640 	add	hl, de
    00000290 5D               [ 4]  641 	ld	e, l
    00000291 54               [ 4]  642 	ld	d, h
                                    643 ;c:\users\utente\desktop\tirocinio\gbdk-win64\gbdk\include\gb\gb.h:1974: itm->y=y, itm->x=x;
    00000292 F8 04            [12]  644 	ldhl	sp,	#4
    00000294 2A               [ 8]  645 	ld	a, (hl+)
    00000295 12               [ 8]  646 	ld	(de), a
    00000296 13               [ 8]  647 	inc	de
                                    648 ;src/scripts/enemy.c:113: move_sprite(e->sprite_id+1, e->x+8, e->y);
    00000297 3A               [ 8]  649 	ld	a, (hl-)
    00000298 2B               [ 8]  650 	dec	hl
    00000299 2B               [ 8]  651 	dec	hl
    0000029A 12               [ 8]  652 	ld	(de), a
    0000029B 2A               [ 8]  653 	ld	a, (hl+)
    0000029C 5F               [ 4]  654 	ld	e, a
    0000029D 2A               [ 8]  655 	ld	a, (hl+)
    0000029E 23               [ 8]  656 	inc	hl
    0000029F 57               [ 4]  657 	ld	d, a
    000002A0 1A               [ 8]  658 	ld	a, (de)
    000002A1 77               [ 8]  659 	ld	(hl), a
    000002A2 D1               [12]  660 	pop	de
    000002A3 D5               [16]  661 	push	de
    000002A4 1A               [ 8]  662 	ld	a, (de)
    000002A5 C6 08            [ 8]  663 	add	a, #0x08
    000002A7 5F               [ 4]  664 	ld	e, a
    000002A8 0A               [ 8]  665 	ld	a, (bc)
    000002A9 57               [ 4]  666 	ld	d, a
    000002AA 14               [ 4]  667 	inc	d
                                    668 ;c:\users\utente\desktop\tirocinio\gbdk-win64\gbdk\include\gb\gb.h:1973: OAM_item_t * itm = &shadow_OAM[nb];
    000002AB AF               [ 4]  669 	xor	a, a
    000002AC 6A               [ 4]  670 	ld	l, d
    000002AD 67               [ 4]  671 	ld	h, a
    000002AE 29               [ 8]  672 	add	hl, hl
    000002AF 29               [ 8]  673 	add	hl, hl
    000002B0 D5               [16]  674 	push	de
    000002B1 11r00r00         [12]  675 	ld	de, #_shadow_OAM
    000002B4 19               [ 8]  676 	add	hl, de
    000002B5 D1               [12]  677 	pop	de
                                    678 ;c:\users\utente\desktop\tirocinio\gbdk-win64\gbdk\include\gb\gb.h:1974: itm->y=y, itm->x=x;
    000002B6 E5               [16]  679 	push	hl
    000002B7 F8 07            [12]  680 	ldhl	sp,	#7
    000002B9 7E               [ 8]  681 	ld	a, (hl)
    000002BA E1               [12]  682 	pop	hl
    000002BB 22               [ 8]  683 	ld	(hl+), a
    000002BC 73               [ 8]  684 	ld	(hl), e
                                    685 ;src/scripts/enemy.c:114: move_sprite(e->sprite_id+2, e->x, e->y+8);
    000002BD F8 02            [12]  686 	ldhl	sp,#2
    000002BF 2A               [ 8]  687 	ld	a, (hl+)
    000002C0 5F               [ 4]  688 	ld	e, a
    000002C1 2A               [ 8]  689 	ld	a, (hl+)
    000002C2 57               [ 4]  690 	ld	d, a
    000002C3 1A               [ 8]  691 	ld	a, (de)
    000002C4 C6 08            [ 8]  692 	add	a, #0x08
    000002C6 22               [ 8]  693 	ld	(hl+), a
    000002C7 D1               [12]  694 	pop	de
    000002C8 D5               [16]  695 	push	de
    000002C9 1A               [ 8]  696 	ld	a, (de)
    000002CA 77               [ 8]  697 	ld	(hl), a
    000002CB 0A               [ 8]  698 	ld	a, (bc)
    000002CC C6 02            [ 8]  699 	add	a, #0x02
    000002CE 5F               [ 4]  700 	ld	e, a
                                    701 ;c:\users\utente\desktop\tirocinio\gbdk-win64\gbdk\include\gb\gb.h:1973: OAM_item_t * itm = &shadow_OAM[nb];
    000002CF AF               [ 4]  702 	xor	a, a
    000002D0 6B               [ 4]  703 	ld	l, e
    000002D1 67               [ 4]  704 	ld	h, a
    000002D2 29               [ 8]  705 	add	hl, hl
    000002D3 29               [ 8]  706 	add	hl, hl
    000002D4 11r00r00         [12]  707 	ld	de, #_shadow_OAM
    000002D7 19               [ 8]  708 	add	hl, de
    000002D8 5D               [ 4]  709 	ld	e, l
    000002D9 54               [ 4]  710 	ld	d, h
                                    711 ;c:\users\utente\desktop\tirocinio\gbdk-win64\gbdk\include\gb\gb.h:1974: itm->y=y, itm->x=x;
    000002DA F8 04            [12]  712 	ldhl	sp,	#4
    000002DC 2A               [ 8]  713 	ld	a, (hl+)
    000002DD 12               [ 8]  714 	ld	(de), a
    000002DE 13               [ 8]  715 	inc	de
                                    716 ;src/scripts/enemy.c:115: move_sprite(e->sprite_id+3, e->x+8, e->y+8);
    000002DF 3A               [ 8]  717 	ld	a, (hl-)
    000002E0 2B               [ 8]  718 	dec	hl
    000002E1 2B               [ 8]  719 	dec	hl
    000002E2 12               [ 8]  720 	ld	(de), a
    000002E3 2A               [ 8]  721 	ld	a, (hl+)
    000002E4 5F               [ 4]  722 	ld	e, a
    000002E5 2A               [ 8]  723 	ld	a, (hl+)
    000002E6 23               [ 8]  724 	inc	hl
    000002E7 57               [ 4]  725 	ld	d, a
    000002E8 1A               [ 8]  726 	ld	a, (de)
    000002E9 C6 08            [ 8]  727 	add	a, #0x08
    000002EB 77               [ 8]  728 	ld	(hl), a
    000002EC D1               [12]  729 	pop	de
    000002ED D5               [16]  730 	push	de
    000002EE 1A               [ 8]  731 	ld	a, (de)
    000002EF C6 08            [ 8]  732 	add	a, #0x08
    000002F1 5F               [ 4]  733 	ld	e, a
    000002F2 0A               [ 8]  734 	ld	a, (bc)
    000002F3 C6 03            [ 8]  735 	add	a, #0x03
    000002F5 57               [ 4]  736 	ld	d, a
                                    737 ;c:\users\utente\desktop\tirocinio\gbdk-win64\gbdk\include\gb\gb.h:1973: OAM_item_t * itm = &shadow_OAM[nb];
    000002F6 01r00r00         [12]  738 	ld	bc, #_shadow_OAM+0
    000002F9 6A               [ 4]  739 	ld	l, d
    000002FA 26 00            [ 8]  740 	ld	h, #0x00
    000002FC 29               [ 8]  741 	add	hl, hl
    000002FD 29               [ 8]  742 	add	hl, hl
    000002FE 09               [ 8]  743 	add	hl, bc
                                    744 ;c:\users\utente\desktop\tirocinio\gbdk-win64\gbdk\include\gb\gb.h:1974: itm->y=y, itm->x=x;
    000002FF E5               [16]  745 	push	hl
    00000300 F8 07            [12]  746 	ldhl	sp,	#7
    00000302 7E               [ 8]  747 	ld	a, (hl)
    00000303 E1               [12]  748 	pop	hl
    00000304 22               [ 8]  749 	ld	(hl+), a
    00000305 73               [ 8]  750 	ld	(hl), e
                                    751 ;src/scripts/enemy.c:115: move_sprite(e->sprite_id+3, e->x+8, e->y+8);
                                    752 ;src/scripts/enemy.c:116: }
    00000306 E8 06            [16]  753 	add	sp, #6
    00000308 E1               [12]  754 	pop	hl
    00000309 33               [ 8]  755 	inc	sp
    0000030A E9               [ 4]  756 	jp	(hl)
                                    757 ;src/scripts/enemy.c:120: void set_enemy_stats(Enemy *e, uint8_t type, uint8_t sprite_id) {
                                    758 ;	---------------------------------
                                    759 ; Function set_enemy_stats
                                    760 ; ---------------------------------
    0000030B                        761 _set_enemy_stats::
    0000030B 4F               [ 4]  762 	ld	c, a
                                    763 ;src/scripts/enemy.c:121: switch (type) {
    0000030C 3E 0B            [ 8]  764 	ld	a, #0x0b
    0000030E 91               [ 4]  765 	sub	a, c
    0000030F DArDDr04         [16]  766 	jp	C, 00112$
    00000312 06 00            [ 8]  767 	ld	b, #0x00
    00000314 21r1Er03         [12]  768 	ld	hl, #00122$
    00000317 09               [ 8]  769 	add	hl, bc
    00000318 09               [ 8]  770 	add	hl, bc
    00000319 4E               [ 8]  771 	ld	c, (hl)
    0000031A 23               [ 8]  772 	inc	hl
    0000031B 66               [ 8]  773 	ld	h, (hl)
    0000031C 69               [ 4]  774 	ld	l, c
    0000031D E9               [ 4]  775 	jp	(hl)
    0000031E                        776 00122$:
    0000031ErDDr04                  777 	.dw	00112$
    00000320r36r03                  778 	.dw	00101$
    00000322r5Dr03                  779 	.dw	00102$
    00000324r84r03                  780 	.dw	00103$
    00000326rABr03                  781 	.dw	00104$
    00000328rD2r03                  782 	.dw	00105$
    0000032ArF9r03                  783 	.dw	00106$
    0000032Cr20r04                  784 	.dw	00107$
    0000032Er47r04                  785 	.dw	00108$
    00000330r6Dr04                  786 	.dw	00109$
    00000332r93r04                  787 	.dw	00110$
    00000334rB9r04                  788 	.dw	00111$
                                    789 ;src/scripts/enemy.c:122: case 1:
    00000336                        790 00101$:
                                    791 ;src/scripts/enemy.c:123: e->hp = 10;
    00000336 6B               [ 4]  792 	ld	l, e
    00000337 62               [ 4]  793 	ld	h, d
    00000338 23               [ 8]  794 	inc	hl
    00000339 23               [ 8]  795 	inc	hl
    0000033A 3E 0A            [ 8]  796 	ld	a, #0x0a
    0000033C 22               [ 8]  797 	ld	(hl+), a
    0000033D 36 00            [12]  798 	ld	(hl), #0x00
                                    799 ;src/scripts/enemy.c:124: e->atk = 6;
    0000033F 21 04 00         [12]  800 	ld	hl, #0x0004
    00000342 19               [ 8]  801 	add	hl, de
    00000343 36 06            [12]  802 	ld	(hl), #0x06
                                    803 ;src/scripts/enemy.c:125: e->def = 2;
    00000345 21 05 00         [12]  804 	ld	hl, #0x0005
    00000348 19               [ 8]  805 	add	hl, de
    00000349 36 02            [12]  806 	ld	(hl), #0x02
                                    807 ;src/scripts/enemy.c:126: e->type = 1;
    0000034B 21 06 00         [12]  808 	ld	hl, #0x0006
    0000034E 19               [ 8]  809 	add	hl, de
    0000034F 36 01            [12]  810 	ld	(hl), #0x01
                                    811 ;src/scripts/enemy.c:127: e->exp_reward = 2;
    00000351 21 0A 00         [12]  812 	ld	hl, #0x000a
    00000354 19               [ 8]  813 	add	hl, de
    00000355 3E 02            [ 8]  814 	ld	a, #0x02
    00000357 22               [ 8]  815 	ld	(hl+), a
    00000358 36 00            [12]  816 	ld	(hl), #0x00
                                    817 ;src/scripts/enemy.c:128: break;
    0000035A C3rDDr04         [16]  818 	jp	00112$
                                    819 ;src/scripts/enemy.c:129: case 2:
    0000035D                        820 00102$:
                                    821 ;src/scripts/enemy.c:130: e->hp = 18;
    0000035D 6B               [ 4]  822 	ld	l, e
    0000035E 62               [ 4]  823 	ld	h, d
    0000035F 23               [ 8]  824 	inc	hl
    00000360 23               [ 8]  825 	inc	hl
    00000361 3E 12            [ 8]  826 	ld	a, #0x12
    00000363 22               [ 8]  827 	ld	(hl+), a
    00000364 36 00            [12]  828 	ld	(hl), #0x00
                                    829 ;src/scripts/enemy.c:131: e->atk = 9;
    00000366 21 04 00         [12]  830 	ld	hl, #0x0004
    00000369 19               [ 8]  831 	add	hl, de
    0000036A 36 09            [12]  832 	ld	(hl), #0x09
                                    833 ;src/scripts/enemy.c:132: e->def = 3;
    0000036C 21 05 00         [12]  834 	ld	hl, #0x0005
    0000036F 19               [ 8]  835 	add	hl, de
    00000370 36 03            [12]  836 	ld	(hl), #0x03
                                    837 ;src/scripts/enemy.c:133: e->type = 2;
    00000372 21 06 00         [12]  838 	ld	hl, #0x0006
    00000375 19               [ 8]  839 	add	hl, de
    00000376 36 02            [12]  840 	ld	(hl), #0x02
                                    841 ;src/scripts/enemy.c:134: e->exp_reward = 5;
    00000378 21 0A 00         [12]  842 	ld	hl, #0x000a
    0000037B 19               [ 8]  843 	add	hl, de
    0000037C 3E 05            [ 8]  844 	ld	a, #0x05
    0000037E 22               [ 8]  845 	ld	(hl+), a
    0000037F 36 00            [12]  846 	ld	(hl), #0x00
                                    847 ;src/scripts/enemy.c:135: break;
    00000381 C3rDDr04         [16]  848 	jp	00112$
                                    849 ;src/scripts/enemy.c:136: case 3:
    00000384                        850 00103$:
                                    851 ;src/scripts/enemy.c:137: e->hp = 25;
    00000384 6B               [ 4]  852 	ld	l, e
    00000385 62               [ 4]  853 	ld	h, d
    00000386 23               [ 8]  854 	inc	hl
    00000387 23               [ 8]  855 	inc	hl
    00000388 3E 19            [ 8]  856 	ld	a, #0x19
    0000038A 22               [ 8]  857 	ld	(hl+), a
    0000038B 36 00            [12]  858 	ld	(hl), #0x00
                                    859 ;src/scripts/enemy.c:138: e->atk = 12;
    0000038D 21 04 00         [12]  860 	ld	hl, #0x0004
    00000390 19               [ 8]  861 	add	hl, de
    00000391 36 0C            [12]  862 	ld	(hl), #0x0c
                                    863 ;src/scripts/enemy.c:139: e->def = 5;
    00000393 21 05 00         [12]  864 	ld	hl, #0x0005
    00000396 19               [ 8]  865 	add	hl, de
    00000397 36 05            [12]  866 	ld	(hl), #0x05
                                    867 ;src/scripts/enemy.c:140: e->type = 3;
    00000399 21 06 00         [12]  868 	ld	hl, #0x0006
    0000039C 19               [ 8]  869 	add	hl, de
    0000039D 36 03            [12]  870 	ld	(hl), #0x03
                                    871 ;src/scripts/enemy.c:141: e->exp_reward = 12;
    0000039F 21 0A 00         [12]  872 	ld	hl, #0x000a
    000003A2 19               [ 8]  873 	add	hl, de
    000003A3 3E 0C            [ 8]  874 	ld	a, #0x0c
    000003A5 22               [ 8]  875 	ld	(hl+), a
    000003A6 36 00            [12]  876 	ld	(hl), #0x00
                                    877 ;src/scripts/enemy.c:142: break;
    000003A8 C3rDDr04         [16]  878 	jp	00112$
                                    879 ;src/scripts/enemy.c:143: case 4:
    000003AB                        880 00104$:
                                    881 ;src/scripts/enemy.c:144: e->hp = 40;
    000003AB 6B               [ 4]  882 	ld	l, e
    000003AC 62               [ 4]  883 	ld	h, d
    000003AD 23               [ 8]  884 	inc	hl
    000003AE 23               [ 8]  885 	inc	hl
    000003AF 3E 28            [ 8]  886 	ld	a, #0x28
    000003B1 22               [ 8]  887 	ld	(hl+), a
    000003B2 36 00            [12]  888 	ld	(hl), #0x00
                                    889 ;src/scripts/enemy.c:145: e->atk = 18;
    000003B4 21 04 00         [12]  890 	ld	hl, #0x0004
    000003B7 19               [ 8]  891 	add	hl, de
    000003B8 36 12            [12]  892 	ld	(hl), #0x12
                                    893 ;src/scripts/enemy.c:146: e->def = 8;
    000003BA 21 05 00         [12]  894 	ld	hl, #0x0005
    000003BD 19               [ 8]  895 	add	hl, de
    000003BE 36 08            [12]  896 	ld	(hl), #0x08
                                    897 ;src/scripts/enemy.c:147: e->type = 4;
    000003C0 21 06 00         [12]  898 	ld	hl, #0x0006
    000003C3 19               [ 8]  899 	add	hl, de
    000003C4 36 04            [12]  900 	ld	(hl), #0x04
                                    901 ;src/scripts/enemy.c:148: e->exp_reward = 25;
    000003C6 21 0A 00         [12]  902 	ld	hl, #0x000a
    000003C9 19               [ 8]  903 	add	hl, de
    000003CA 3E 19            [ 8]  904 	ld	a, #0x19
    000003CC 22               [ 8]  905 	ld	(hl+), a
    000003CD 36 00            [12]  906 	ld	(hl), #0x00
                                    907 ;src/scripts/enemy.c:149: break;
    000003CF C3rDDr04         [16]  908 	jp	00112$
                                    909 ;src/scripts/enemy.c:150: case 5:
    000003D2                        910 00105$:
                                    911 ;src/scripts/enemy.c:151: e->hp = 55;
    000003D2 6B               [ 4]  912 	ld	l, e
    000003D3 62               [ 4]  913 	ld	h, d
    000003D4 23               [ 8]  914 	inc	hl
    000003D5 23               [ 8]  915 	inc	hl
    000003D6 3E 37            [ 8]  916 	ld	a, #0x37
    000003D8 22               [ 8]  917 	ld	(hl+), a
    000003D9 36 00            [12]  918 	ld	(hl), #0x00
                                    919 ;src/scripts/enemy.c:152: e->atk = 22;
    000003DB 21 04 00         [12]  920 	ld	hl, #0x0004
    000003DE 19               [ 8]  921 	add	hl, de
    000003DF 36 16            [12]  922 	ld	(hl), #0x16
                                    923 ;src/scripts/enemy.c:153: e->def = 11;
    000003E1 21 05 00         [12]  924 	ld	hl, #0x0005
    000003E4 19               [ 8]  925 	add	hl, de
    000003E5 36 0B            [12]  926 	ld	(hl), #0x0b
                                    927 ;src/scripts/enemy.c:154: e->type = 5;
    000003E7 21 06 00         [12]  928 	ld	hl, #0x0006
    000003EA 19               [ 8]  929 	add	hl, de
    000003EB 36 05            [12]  930 	ld	(hl), #0x05
                                    931 ;src/scripts/enemy.c:155: e->exp_reward = 45;
    000003ED 21 0A 00         [12]  932 	ld	hl, #0x000a
    000003F0 19               [ 8]  933 	add	hl, de
    000003F1 3E 2D            [ 8]  934 	ld	a, #0x2d
    000003F3 22               [ 8]  935 	ld	(hl+), a
    000003F4 36 00            [12]  936 	ld	(hl), #0x00
                                    937 ;src/scripts/enemy.c:156: break;
    000003F6 C3rDDr04         [16]  938 	jp	00112$
                                    939 ;src/scripts/enemy.c:157: case 6:
    000003F9                        940 00106$:
                                    941 ;src/scripts/enemy.c:158: e->hp = 80;
    000003F9 6B               [ 4]  942 	ld	l, e
    000003FA 62               [ 4]  943 	ld	h, d
    000003FB 23               [ 8]  944 	inc	hl
    000003FC 23               [ 8]  945 	inc	hl
    000003FD 3E 50            [ 8]  946 	ld	a, #0x50
    000003FF 22               [ 8]  947 	ld	(hl+), a
    00000400 36 00            [12]  948 	ld	(hl), #0x00
                                    949 ;src/scripts/enemy.c:159: e->atk = 32;
    00000402 21 04 00         [12]  950 	ld	hl, #0x0004
    00000405 19               [ 8]  951 	add	hl, de
    00000406 36 20            [12]  952 	ld	(hl), #0x20
                                    953 ;src/scripts/enemy.c:160: e->def = 18;
    00000408 21 05 00         [12]  954 	ld	hl, #0x0005
    0000040B 19               [ 8]  955 	add	hl, de
    0000040C 36 12            [12]  956 	ld	(hl), #0x12
                                    957 ;src/scripts/enemy.c:161: e->type = 6;
    0000040E 21 06 00         [12]  958 	ld	hl, #0x0006
    00000411 19               [ 8]  959 	add	hl, de
    00000412 36 06            [12]  960 	ld	(hl), #0x06
                                    961 ;src/scripts/enemy.c:162: e->exp_reward = 80;
    00000414 21 0A 00         [12]  962 	ld	hl, #0x000a
    00000417 19               [ 8]  963 	add	hl, de
    00000418 3E 50            [ 8]  964 	ld	a, #0x50
    0000041A 22               [ 8]  965 	ld	(hl+), a
    0000041B 36 00            [12]  966 	ld	(hl), #0x00
                                    967 ;src/scripts/enemy.c:163: break;
    0000041D C3rDDr04         [16]  968 	jp	00112$
                                    969 ;src/scripts/enemy.c:164: case 7:
    00000420                        970 00107$:
                                    971 ;src/scripts/enemy.c:165: e->hp = 110;
    00000420 6B               [ 4]  972 	ld	l, e
    00000421 62               [ 4]  973 	ld	h, d
    00000422 23               [ 8]  974 	inc	hl
    00000423 23               [ 8]  975 	inc	hl
    00000424 3E 6E            [ 8]  976 	ld	a, #0x6e
    00000426 22               [ 8]  977 	ld	(hl+), a
    00000427 36 00            [12]  978 	ld	(hl), #0x00
                                    979 ;src/scripts/enemy.c:166: e->atk = 40;
    00000429 21 04 00         [12]  980 	ld	hl, #0x0004
    0000042C 19               [ 8]  981 	add	hl, de
    0000042D 36 28            [12]  982 	ld	(hl), #0x28
                                    983 ;src/scripts/enemy.c:167: e->def = 25;
    0000042F 21 05 00         [12]  984 	ld	hl, #0x0005
    00000432 19               [ 8]  985 	add	hl, de
    00000433 36 19            [12]  986 	ld	(hl), #0x19
                                    987 ;src/scripts/enemy.c:168: e->type = 7;
    00000435 21 06 00         [12]  988 	ld	hl, #0x0006
    00000438 19               [ 8]  989 	add	hl, de
    00000439 36 07            [12]  990 	ld	(hl), #0x07
                                    991 ;src/scripts/enemy.c:169: e->exp_reward = 150;
    0000043B 21 0A 00         [12]  992 	ld	hl, #0x000a
    0000043E 19               [ 8]  993 	add	hl, de
    0000043F 3E 96            [ 8]  994 	ld	a, #0x96
    00000441 22               [ 8]  995 	ld	(hl+), a
    00000442 36 00            [12]  996 	ld	(hl), #0x00
                                    997 ;src/scripts/enemy.c:170: break;
    00000444 C3rDDr04         [16]  998 	jp	00112$
                                    999 ;src/scripts/enemy.c:171: case 8:
    00000447                       1000 00108$:
                                   1001 ;src/scripts/enemy.c:172: e->hp = 160;
    00000447 6B               [ 4] 1002 	ld	l, e
    00000448 62               [ 4] 1003 	ld	h, d
    00000449 23               [ 8] 1004 	inc	hl
    0000044A 23               [ 8] 1005 	inc	hl
    0000044B 3E A0            [ 8] 1006 	ld	a, #0xa0
    0000044D 22               [ 8] 1007 	ld	(hl+), a
    0000044E 36 00            [12] 1008 	ld	(hl), #0x00
                                   1009 ;src/scripts/enemy.c:173: e->atk = 60;
    00000450 21 04 00         [12] 1010 	ld	hl, #0x0004
    00000453 19               [ 8] 1011 	add	hl, de
    00000454 36 3C            [12] 1012 	ld	(hl), #0x3c
                                   1013 ;src/scripts/enemy.c:174: e->def = 40;
    00000456 21 05 00         [12] 1014 	ld	hl, #0x0005
    00000459 19               [ 8] 1015 	add	hl, de
    0000045A 36 28            [12] 1016 	ld	(hl), #0x28
                                   1017 ;src/scripts/enemy.c:175: e->type = 8;
    0000045C 21 06 00         [12] 1018 	ld	hl, #0x0006
    0000045F 19               [ 8] 1019 	add	hl, de
    00000460 36 08            [12] 1020 	ld	(hl), #0x08
                                   1021 ;src/scripts/enemy.c:176: e->exp_reward = 250;
    00000462 21 0A 00         [12] 1022 	ld	hl, #0x000a
    00000465 19               [ 8] 1023 	add	hl, de
    00000466 3E FA            [ 8] 1024 	ld	a, #0xfa
    00000468 22               [ 8] 1025 	ld	(hl+), a
    00000469 36 00            [12] 1026 	ld	(hl), #0x00
                                   1027 ;src/scripts/enemy.c:177: break;
    0000046B 18 70            [12] 1028 	jr	00112$
                                   1029 ;src/scripts/enemy.c:178: case 9:
    0000046D                       1030 00109$:
                                   1031 ;src/scripts/enemy.c:179: e->hp = 220;
    0000046D 6B               [ 4] 1032 	ld	l, e
    0000046E 62               [ 4] 1033 	ld	h, d
    0000046F 23               [ 8] 1034 	inc	hl
    00000470 23               [ 8] 1035 	inc	hl
    00000471 3E DC            [ 8] 1036 	ld	a, #0xdc
    00000473 22               [ 8] 1037 	ld	(hl+), a
    00000474 36 00            [12] 1038 	ld	(hl), #0x00
                                   1039 ;src/scripts/enemy.c:180: e->atk = 85;
    00000476 21 04 00         [12] 1040 	ld	hl, #0x0004
    00000479 19               [ 8] 1041 	add	hl, de
    0000047A 36 55            [12] 1042 	ld	(hl), #0x55
                                   1043 ;src/scripts/enemy.c:181: e->def = 55;
    0000047C 21 05 00         [12] 1044 	ld	hl, #0x0005
    0000047F 19               [ 8] 1045 	add	hl, de
    00000480 36 37            [12] 1046 	ld	(hl), #0x37
                                   1047 ;src/scripts/enemy.c:182: e->type = 9;
    00000482 21 06 00         [12] 1048 	ld	hl, #0x0006
    00000485 19               [ 8] 1049 	add	hl, de
    00000486 36 09            [12] 1050 	ld	(hl), #0x09
                                   1051 ;src/scripts/enemy.c:183: e->exp_reward = 450;
    00000488 21 0A 00         [12] 1052 	ld	hl, #0x000a
    0000048B 19               [ 8] 1053 	add	hl, de
    0000048C 3E C2            [ 8] 1054 	ld	a, #0xc2
    0000048E 22               [ 8] 1055 	ld	(hl+), a
    0000048F 36 01            [12] 1056 	ld	(hl), #0x01
                                   1057 ;src/scripts/enemy.c:184: break;
    00000491 18 4A            [12] 1058 	jr	00112$
                                   1059 ;src/scripts/enemy.c:185: case 10:
    00000493                       1060 00110$:
                                   1061 ;src/scripts/enemy.c:186: e->hp = 350;
    00000493 6B               [ 4] 1062 	ld	l, e
    00000494 62               [ 4] 1063 	ld	h, d
    00000495 23               [ 8] 1064 	inc	hl
    00000496 23               [ 8] 1065 	inc	hl
    00000497 36 5E            [12] 1066 	ld	(hl), #0x5e
    00000499 23               [ 8] 1067 	inc	hl
    0000049A 36 01            [12] 1068 	ld	(hl), #0x01
                                   1069 ;src/scripts/enemy.c:187: e->atk = 120;
    0000049C 21 04 00         [12] 1070 	ld	hl, #0x0004
    0000049F 19               [ 8] 1071 	add	hl, de
    000004A0 36 78            [12] 1072 	ld	(hl), #0x78
                                   1073 ;src/scripts/enemy.c:188: e->def = 85;
    000004A2 21 05 00         [12] 1074 	ld	hl, #0x0005
    000004A5 19               [ 8] 1075 	add	hl, de
    000004A6 36 55            [12] 1076 	ld	(hl), #0x55
                                   1077 ;src/scripts/enemy.c:189: e->type = 10;
    000004A8 21 06 00         [12] 1078 	ld	hl, #0x0006
    000004AB 19               [ 8] 1079 	add	hl, de
    000004AC 36 0A            [12] 1080 	ld	(hl), #0x0a
                                   1081 ;src/scripts/enemy.c:190: e->exp_reward = 700;
    000004AE 21 0A 00         [12] 1082 	ld	hl, #0x000a
    000004B1 19               [ 8] 1083 	add	hl, de
    000004B2 3E BC            [ 8] 1084 	ld	a, #0xbc
    000004B4 22               [ 8] 1085 	ld	(hl+), a
    000004B5 36 02            [12] 1086 	ld	(hl), #0x02
                                   1087 ;src/scripts/enemy.c:191: break;
    000004B7 18 24            [12] 1088 	jr	00112$
                                   1089 ;src/scripts/enemy.c:192: case 11:
    000004B9                       1090 00111$:
                                   1091 ;src/scripts/enemy.c:193: e->hp = 500;
    000004B9 6B               [ 4] 1092 	ld	l, e
    000004BA 62               [ 4] 1093 	ld	h, d
    000004BB 23               [ 8] 1094 	inc	hl
    000004BC 23               [ 8] 1095 	inc	hl
    000004BD 36 F4            [12] 1096 	ld	(hl), #0xf4
    000004BF 23               [ 8] 1097 	inc	hl
    000004C0 36 01            [12] 1098 	ld	(hl), #0x01
                                   1099 ;src/scripts/enemy.c:194: e->atk = 160;
    000004C2 21 04 00         [12] 1100 	ld	hl, #0x0004
    000004C5 19               [ 8] 1101 	add	hl, de
    000004C6 36 A0            [12] 1102 	ld	(hl), #0xa0
                                   1103 ;src/scripts/enemy.c:195: e->def = 100;
    000004C8 21 05 00         [12] 1104 	ld	hl, #0x0005
    000004CB 19               [ 8] 1105 	add	hl, de
    000004CC 36 64            [12] 1106 	ld	(hl), #0x64
                                   1107 ;src/scripts/enemy.c:196: e->type = 11;
    000004CE 21 06 00         [12] 1108 	ld	hl, #0x0006
    000004D1 19               [ 8] 1109 	add	hl, de
    000004D2 36 0B            [12] 1110 	ld	(hl), #0x0b
                                   1111 ;src/scripts/enemy.c:197: e->exp_reward = 1000;
    000004D4 21 0A 00         [12] 1112 	ld	hl, #0x000a
    000004D7 19               [ 8] 1113 	add	hl, de
    000004D8 3E E8            [ 8] 1114 	ld	a, #0xe8
    000004DA 22               [ 8] 1115 	ld	(hl+), a
    000004DB 36 03            [12] 1116 	ld	(hl), #0x03
                                   1117 ;src/scripts/enemy.c:199: }
    000004DD                       1118 00112$:
                                   1119 ;src/scripts/enemy.c:201: e->hp = 1;
    000004DD 6B               [ 4] 1120 	ld	l, e
    000004DE 62               [ 4] 1121 	ld	h, d
    000004DF 23               [ 8] 1122 	inc	hl
    000004E0 23               [ 8] 1123 	inc	hl
    000004E1 3E 01            [ 8] 1124 	ld	a, #0x01
    000004E3 22               [ 8] 1125 	ld	(hl+), a
    000004E4 36 00            [12] 1126 	ld	(hl), #0x00
                                   1127 ;src/scripts/enemy.c:202: e->atk = 1;
    000004E6 21 04 00         [12] 1128 	ld	hl, #0x0004
    000004E9 19               [ 8] 1129 	add	hl, de
    000004EA 36 01            [12] 1130 	ld	(hl), #0x01
                                   1131 ;src/scripts/enemy.c:203: e->def = 1;
    000004EC 21 05 00         [12] 1132 	ld	hl, #0x0005
    000004EF 19               [ 8] 1133 	add	hl, de
    000004F0 36 01            [12] 1134 	ld	(hl), #0x01
                                   1135 ;src/scripts/enemy.c:205: e->sprite_id = sprite_id;
    000004F2 21 08 00         [12] 1136 	ld	hl, #0x0008
    000004F5 19               [ 8] 1137 	add	hl, de
    000004F6 4D               [ 4] 1138 	ld	c, l
    000004F7 44               [ 4] 1139 	ld	b, h
    000004F8 F8 02            [12] 1140 	ldhl	sp,	#2
    000004FA 7E               [ 8] 1141 	ld	a, (hl)
    000004FB 02               [ 8] 1142 	ld	(bc), a
                                   1143 ;src/scripts/enemy.c:206: e->alive = 1; // cambiato
    000004FC 21 07 00         [12] 1144 	ld	hl, #0x0007
    000004FF 19               [ 8] 1145 	add	hl, de
    00000500 36 01            [12] 1146 	ld	(hl), #0x01
                                   1147 ;src/scripts/enemy.c:207: e->targeting = 0;
    00000502 21 09 00         [12] 1148 	ld	hl, #0x0009
    00000505 19               [ 8] 1149 	add	hl, de
    00000506 36 00            [12] 1150 	ld	(hl), #0x00
                                   1151 ;src/scripts/enemy.c:208: }
    00000508 E1               [12] 1152 	pop	hl
    00000509 33               [ 8] 1153 	inc	sp
    0000050A E9               [ 4] 1154 	jp	(hl)
                                   1155 ;src/scripts/enemy.c:210: uint8_t check_distance_x(Enemy* e) {
                                   1156 ;	---------------------------------
                                   1157 ; Function check_distance_x
                                   1158 ; ---------------------------------
    0000050B                       1159 _check_distance_x::
                                   1160 ;src/scripts/enemy.c:211: if (x > e->x) {
    0000050B 1A               [ 8] 1161 	ld	a, (de)
    0000050C 4F               [ 4] 1162 	ld	c, a
    0000050D 21r00r00         [12] 1163 	ld	hl, #_x
    00000510 96               [ 8] 1164 	sub	a, (hl)
    00000511 30 03            [12] 1165 	jr	NC, 00102$
                                   1166 ;src/scripts/enemy.c:212: return(x - e->x);
    00000513 7E               [ 8] 1167 	ld	a, (hl)
    00000514 91               [ 4] 1168 	sub	a, c
    00000515 C9               [16] 1169 	ret
    00000516                       1170 00102$:
                                   1171 ;src/scripts/enemy.c:215: return(e->x - x);
    00000516 79               [ 4] 1172 	ld	a, c
    00000517 21r00r00         [12] 1173 	ld	hl, #_x
    0000051A 96               [ 8] 1174 	sub	a, (hl)
                                   1175 ;src/scripts/enemy.c:217: }
    0000051B C9               [16] 1176 	ret
                                   1177 ;src/scripts/enemy.c:219: uint8_t check_distance_y(Enemy* e) {
                                   1178 ;	---------------------------------
                                   1179 ; Function check_distance_y
                                   1180 ; ---------------------------------
    0000051C                       1181 _check_distance_y::
                                   1182 ;src/scripts/enemy.c:220: if (y > e->y) {
    0000051C 13               [ 8] 1183 	inc	de
    0000051D 1A               [ 8] 1184 	ld	a, (de)
    0000051E 4F               [ 4] 1185 	ld	c, a
    0000051F 21r00r00         [12] 1186 	ld	hl, #_y
    00000522 96               [ 8] 1187 	sub	a, (hl)
    00000523 30 03            [12] 1188 	jr	NC, 00102$
                                   1189 ;src/scripts/enemy.c:221: return(y - e->y);
    00000525 7E               [ 8] 1190 	ld	a, (hl)
    00000526 91               [ 4] 1191 	sub	a, c
    00000527 C9               [16] 1192 	ret
    00000528                       1193 00102$:
                                   1194 ;src/scripts/enemy.c:224: return(e->y - y);
    00000528 79               [ 4] 1195 	ld	a, c
    00000529 21r00r00         [12] 1196 	ld	hl, #_y
    0000052C 96               [ 8] 1197 	sub	a, (hl)
                                   1198 ;src/scripts/enemy.c:226: }
    0000052D C9               [16] 1199 	ret
                                   1200 ;src/scripts/enemy.c:228: void enemy_attack(Enemy* e) {
                                   1201 ;	---------------------------------
                                   1202 ; Function enemy_attack
                                   1203 ; ---------------------------------
    0000052E                       1204 _enemy_attack::
                                   1205 ;src/scripts/enemy.c:229: hit_sfx();
    0000052E D5               [16] 1206 	push	de
    0000052F 1Er00            [ 8] 1207 	ld	e, #b_hit_sfx
    00000531 21r00r00         [12] 1208 	ld	hl, #_hit_sfx
    00000534 CDr00r00         [24] 1209 	call	___sdcc_bcall_ehl
    00000537 D1               [12] 1210 	pop	de
                                   1211 ;src/scripts/enemy.c:231: if (e->atk > defense) {
    00000538 21 04 00         [12] 1212 	ld	hl, #0x0004
    0000053B 19               [ 8] 1213 	add	hl, de
    0000053C 4E               [ 8] 1214 	ld	c, (hl)
    0000053D 21r00r00         [12] 1215 	ld	hl, #_defense
    00000540 7E               [ 8] 1216 	ld	a, (hl)
    00000541 91               [ 4] 1217 	sub	a, c
    00000542 30 05            [12] 1218 	jr	NC, 00102$
                                   1219 ;src/scripts/enemy.c:232: damage = e->atk - defense;
    00000544 79               [ 4] 1220 	ld	a, c
    00000545 96               [ 8] 1221 	sub	a, (hl)
    00000546 47               [ 4] 1222 	ld	b, a
    00000547 18 02            [12] 1223 	jr	00103$
    00000549                       1224 00102$:
                                   1225 ;src/scripts/enemy.c:235: damage = 1;
    00000549 06 01            [ 8] 1226 	ld	b, #0x01
    0000054B                       1227 00103$:
                                   1228 ;src/scripts/enemy.c:238: if (damage < current_hp) {
    0000054B 78               [ 4] 1229 	ld	a, b
    0000054C 21r00r00         [12] 1230 	ld	hl, #_current_hp
    0000054F 96               [ 8] 1231 	sub	a, (hl)
    00000550 30 05            [12] 1232 	jr	NC, 00105$
                                   1233 ;src/scripts/enemy.c:239: current_hp -= damage;
    00000552 7E               [ 8] 1234 	ld	a, (hl)
    00000553 90               [ 4] 1235 	sub	a, b
    00000554 77               [ 8] 1236 	ld	(hl), a
    00000555 18 04            [12] 1237 	jr	00106$
    00000557                       1238 00105$:
                                   1239 ;src/scripts/enemy.c:242: current_hp = 0;
    00000557 AF               [ 4] 1240 	xor	a, a
    00000558 EAr00r00         [16] 1241 	ld	(#_current_hp),a
    0000055B                       1242 00106$:
                                   1243 ;src/scripts/enemy.c:244: play_hit_animation();
    0000055B C5               [16] 1244 	push	bc
    0000055C 1Er00            [ 8] 1245 	ld	e, #b_play_hit_animation
    0000055E 21r00r00         [12] 1246 	ld	hl, #_play_hit_animation
    00000561 CDr00r00         [24] 1247 	call	___sdcc_bcall_ehl
    00000564 C1               [12] 1248 	pop	bc
                                   1249 ;src/scripts/enemy.c:245: show_number(damage, 0, 0, 0);
    00000565 AF               [ 4] 1250 	xor	a, a
    00000566 0F               [ 4] 1251 	rrca
    00000567 F5               [16] 1252 	push	af
    00000568 AF               [ 4] 1253 	xor	a, a
    00000569 F5               [16] 1254 	push	af
    0000056A 33               [ 8] 1255 	inc	sp
    0000056B C5               [16] 1256 	push	bc
    0000056C 33               [ 8] 1257 	inc	sp
    0000056D 1Er00            [ 8] 1258 	ld	e, #b_show_number
    0000056F 21r00r00         [12] 1259 	ld	hl, #_show_number
    00000572 CDr00r00         [24] 1260 	call	___sdcc_bcall_ehl
    00000575 E8 04            [16] 1261 	add	sp, #4
                                   1262 ;src/scripts/enemy.c:247: }
    00000577 C9               [16] 1263 	ret
                                   1264 ;src/scripts/enemy.c:249: void enemy_death(Enemy* e) {
                                   1265 ;	---------------------------------
                                   1266 ; Function enemy_death
                                   1267 ; ---------------------------------
    00000578                       1268 _enemy_death::
    00000578 3B               [ 8] 1269 	dec	sp
    00000579 3B               [ 8] 1270 	dec	sp
    0000057A 4B               [ 4] 1271 	ld	c, e
    0000057B 42               [ 4] 1272 	ld	b, d
                                   1273 ;src/scripts/enemy.c:250: spawn_drop(e->x, e->y);
    0000057C 69               [ 4] 1274 	ld	l, c
    0000057D 60               [ 4] 1275 	ld	h, b
    0000057E 23               [ 8] 1276 	inc	hl
    0000057F 33               [ 8] 1277 	inc	sp
    00000580 33               [ 8] 1278 	inc	sp
    00000581 5D               [ 4] 1279 	ld	e, l
    00000582 54               [ 4] 1280 	ld	d, h
    00000583 D5               [16] 1281 	push	de
    00000584 1A               [ 8] 1282 	ld	a, (de)
    00000585 69               [ 4] 1283 	ld	l, c
    00000586 60               [ 4] 1284 	ld	h, b
    00000587 56               [ 8] 1285 	ld	d, (hl)
    00000588 E5               [16] 1286 	push	hl
    00000589 C5               [16] 1287 	push	bc
    0000058A 5F               [ 4] 1288 	ld	e, a
    0000058B 7A               [ 4] 1289 	ld	a, d
    0000058C CDr00r00         [24] 1290 	call	_spawn_drop
    0000058F C1               [12] 1291 	pop	bc
    00000590 E1               [12] 1292 	pop	hl
                                   1293 ;src/scripts/enemy.c:251: e->hp = 0;
    00000591 59               [ 4] 1294 	ld	e, c
    00000592 50               [ 4] 1295 	ld	d, b
    00000593 13               [ 8] 1296 	inc	de
    00000594 13               [ 8] 1297 	inc	de
    00000595 AF               [ 4] 1298 	xor	a, a
    00000596 12               [ 8] 1299 	ld	(de), a
    00000597 13               [ 8] 1300 	inc	de
    00000598 12               [ 8] 1301 	ld	(de), a
                                   1302 ;src/scripts/enemy.c:252: e->alive = 0;
    00000599 79               [ 4] 1303 	ld	a, c
    0000059A C6 07            [ 8] 1304 	add	a, #0x07
    0000059C 5F               [ 4] 1305 	ld	e, a
    0000059D 78               [ 4] 1306 	ld	a, b
    0000059E CE 00            [ 8] 1307 	adc	a, #0x00
    000005A0 57               [ 4] 1308 	ld	d, a
    000005A1 AF               [ 4] 1309 	xor	a, a
    000005A2 12               [ 8] 1310 	ld	(de), a
                                   1311 ;src/scripts/enemy.c:253: e->x = 0;
    000005A3 36 00            [12] 1312 	ld	(hl), #0x00
                                   1313 ;src/scripts/enemy.c:254: e->y = 0;
    000005A5 E1               [12] 1314 	pop	hl
    000005A6 36 00            [12] 1315 	ld	(hl), #0x00
    000005A8 E5               [16] 1316 	push	hl
                                   1317 ;src/scripts/enemy.c:255: move_sprite(e->sprite_id, 0, 0);
    000005A9 21 08 00         [12] 1318 	ld	hl, #0x0008
    000005AC 09               [ 8] 1319 	add	hl, bc
    000005AD 4D               [ 4] 1320 	ld	c, l
    000005AE 44               [ 4] 1321 	ld	b, h
    000005AF 0A               [ 8] 1322 	ld	a, (bc)
    000005B0 5F               [ 4] 1323 	ld	e, a
                                   1324 ;c:\users\utente\desktop\tirocinio\gbdk-win64\gbdk\include\gb\gb.h:1973: OAM_item_t * itm = &shadow_OAM[nb];
    000005B1 AF               [ 4] 1325 	xor	a, a
    000005B2 6B               [ 4] 1326 	ld	l, e
    000005B3 67               [ 4] 1327 	ld	h, a
    000005B4 29               [ 8] 1328 	add	hl, hl
    000005B5 29               [ 8] 1329 	add	hl, hl
    000005B6 11r00r00         [12] 1330 	ld	de, #_shadow_OAM
    000005B9 19               [ 8] 1331 	add	hl, de
                                   1332 ;c:\users\utente\desktop\tirocinio\gbdk-win64\gbdk\include\gb\gb.h:1974: itm->y=y, itm->x=x;
    000005BA AF               [ 4] 1333 	xor	a, a
    000005BB 22               [ 8] 1334 	ld	(hl+), a
    000005BC 77               [ 8] 1335 	ld	(hl), a
                                   1336 ;src/scripts/enemy.c:256: move_sprite(e->sprite_id + 1, 0, 0);
    000005BD 0A               [ 8] 1337 	ld	a, (bc)
    000005BE 5F               [ 4] 1338 	ld	e, a
    000005BF 1C               [ 4] 1339 	inc	e
                                   1340 ;c:\users\utente\desktop\tirocinio\gbdk-win64\gbdk\include\gb\gb.h:1973: OAM_item_t * itm = &shadow_OAM[nb];
    000005C0 AF               [ 4] 1341 	xor	a, a
    000005C1 6B               [ 4] 1342 	ld	l, e
    000005C2 67               [ 4] 1343 	ld	h, a
    000005C3 29               [ 8] 1344 	add	hl, hl
    000005C4 29               [ 8] 1345 	add	hl, hl
    000005C5 11r00r00         [12] 1346 	ld	de, #_shadow_OAM
    000005C8 19               [ 8] 1347 	add	hl, de
                                   1348 ;c:\users\utente\desktop\tirocinio\gbdk-win64\gbdk\include\gb\gb.h:1974: itm->y=y, itm->x=x;
    000005C9 AF               [ 4] 1349 	xor	a, a
    000005CA 22               [ 8] 1350 	ld	(hl+), a
    000005CB 77               [ 8] 1351 	ld	(hl), a
                                   1352 ;src/scripts/enemy.c:257: move_sprite(e->sprite_id + 2, 0, 0);
    000005CC 0A               [ 8] 1353 	ld	a, (bc)
    000005CD C6 02            [ 8] 1354 	add	a, #0x02
    000005CF 5F               [ 4] 1355 	ld	e, a
                                   1356 ;c:\users\utente\desktop\tirocinio\gbdk-win64\gbdk\include\gb\gb.h:1973: OAM_item_t * itm = &shadow_OAM[nb];
    000005D0 AF               [ 4] 1357 	xor	a, a
    000005D1 6B               [ 4] 1358 	ld	l, e
    000005D2 67               [ 4] 1359 	ld	h, a
    000005D3 29               [ 8] 1360 	add	hl, hl
    000005D4 29               [ 8] 1361 	add	hl, hl
    000005D5 11r00r00         [12] 1362 	ld	de, #_shadow_OAM
    000005D8 19               [ 8] 1363 	add	hl, de
                                   1364 ;c:\users\utente\desktop\tirocinio\gbdk-win64\gbdk\include\gb\gb.h:1974: itm->y=y, itm->x=x;
    000005D9 AF               [ 4] 1365 	xor	a, a
    000005DA 22               [ 8] 1366 	ld	(hl+), a
    000005DB 77               [ 8] 1367 	ld	(hl), a
                                   1368 ;src/scripts/enemy.c:258: move_sprite(e->sprite_id + 3, 0, 0);
    000005DC 0A               [ 8] 1369 	ld	a, (bc)
    000005DD C6 03            [ 8] 1370 	add	a, #0x03
    000005DF 5F               [ 4] 1371 	ld	e, a
                                   1372 ;c:\users\utente\desktop\tirocinio\gbdk-win64\gbdk\include\gb\gb.h:1973: OAM_item_t * itm = &shadow_OAM[nb];
    000005E0 AF               [ 4] 1373 	xor	a, a
    000005E1 6B               [ 4] 1374 	ld	l, e
    000005E2 67               [ 4] 1375 	ld	h, a
    000005E3 29               [ 8] 1376 	add	hl, hl
    000005E4 29               [ 8] 1377 	add	hl, hl
    000005E5 11r00r00         [12] 1378 	ld	de, #_shadow_OAM
    000005E8 19               [ 8] 1379 	add	hl, de
                                   1380 ;c:\users\utente\desktop\tirocinio\gbdk-win64\gbdk\include\gb\gb.h:1974: itm->y=y, itm->x=x;
    000005E9 AF               [ 4] 1381 	xor	a, a
    000005EA 22               [ 8] 1382 	ld	(hl+), a
    000005EB 77               [ 8] 1383 	ld	(hl), a
                                   1384 ;src/scripts/enemy.c:259: set_sprite_tile(e->sprite_id, 50);
    000005EC 0A               [ 8] 1385 	ld	a, (bc)
    000005ED 5F               [ 4] 1386 	ld	e, a
                                   1387 ;c:\users\utente\desktop\tirocinio\gbdk-win64\gbdk\include\gb\gb.h:1887: shadow_OAM[nb].tile=tile;
    000005EE AF               [ 4] 1388 	xor	a, a
    000005EF 6B               [ 4] 1389 	ld	l, e
    000005F0 67               [ 4] 1390 	ld	h, a
    000005F1 29               [ 8] 1391 	add	hl, hl
    000005F2 29               [ 8] 1392 	add	hl, hl
    000005F3 11r00r00         [12] 1393 	ld	de, #_shadow_OAM
    000005F6 19               [ 8] 1394 	add	hl, de
    000005F7 23               [ 8] 1395 	inc	hl
    000005F8 23               [ 8] 1396 	inc	hl
    000005F9 36 32            [12] 1397 	ld	(hl), #0x32
                                   1398 ;src/scripts/enemy.c:260: set_sprite_tile(e->sprite_id+1, 50);
    000005FB 0A               [ 8] 1399 	ld	a, (bc)
    000005FC 5F               [ 4] 1400 	ld	e, a
    000005FD 1C               [ 4] 1401 	inc	e
                                   1402 ;c:\users\utente\desktop\tirocinio\gbdk-win64\gbdk\include\gb\gb.h:1887: shadow_OAM[nb].tile=tile;
    000005FE AF               [ 4] 1403 	xor	a, a
    000005FF 6B               [ 4] 1404 	ld	l, e
    00000600 67               [ 4] 1405 	ld	h, a
    00000601 29               [ 8] 1406 	add	hl, hl
    00000602 29               [ 8] 1407 	add	hl, hl
    00000603 11r00r00         [12] 1408 	ld	de, #_shadow_OAM
    00000606 19               [ 8] 1409 	add	hl, de
    00000607 23               [ 8] 1410 	inc	hl
    00000608 23               [ 8] 1411 	inc	hl
    00000609 36 32            [12] 1412 	ld	(hl), #0x32
                                   1413 ;src/scripts/enemy.c:261: set_sprite_tile(e->sprite_id+2, 50);
    0000060B 0A               [ 8] 1414 	ld	a, (bc)
    0000060C C6 02            [ 8] 1415 	add	a, #0x02
    0000060E 5F               [ 4] 1416 	ld	e, a
                                   1417 ;c:\users\utente\desktop\tirocinio\gbdk-win64\gbdk\include\gb\gb.h:1887: shadow_OAM[nb].tile=tile;
    0000060F AF               [ 4] 1418 	xor	a, a
    00000610 6B               [ 4] 1419 	ld	l, e
    00000611 67               [ 4] 1420 	ld	h, a
    00000612 29               [ 8] 1421 	add	hl, hl
    00000613 29               [ 8] 1422 	add	hl, hl
    00000614 11r00r00         [12] 1423 	ld	de, #_shadow_OAM
    00000617 19               [ 8] 1424 	add	hl, de
    00000618 23               [ 8] 1425 	inc	hl
    00000619 23               [ 8] 1426 	inc	hl
    0000061A 36 32            [12] 1427 	ld	(hl), #0x32
                                   1428 ;src/scripts/enemy.c:262: set_sprite_tile(e->sprite_id+3, 50);
    0000061C 0A               [ 8] 1429 	ld	a, (bc)
    0000061D C6 03            [ 8] 1430 	add	a, #0x03
    0000061F 5F               [ 4] 1431 	ld	e, a
                                   1432 ;c:\users\utente\desktop\tirocinio\gbdk-win64\gbdk\include\gb\gb.h:1887: shadow_OAM[nb].tile=tile;
    00000620 01r00r00         [12] 1433 	ld	bc, #_shadow_OAM+0
    00000623 AF               [ 4] 1434 	xor	a, a
    00000624 6B               [ 4] 1435 	ld	l, e
    00000625 67               [ 4] 1436 	ld	h, a
    00000626 29               [ 8] 1437 	add	hl, hl
    00000627 29               [ 8] 1438 	add	hl, hl
    00000628 09               [ 8] 1439 	add	hl, bc
    00000629 23               [ 8] 1440 	inc	hl
    0000062A 23               [ 8] 1441 	inc	hl
    0000062B 36 32            [12] 1442 	ld	(hl), #0x32
                                   1443 ;src/scripts/enemy.c:262: set_sprite_tile(e->sprite_id+3, 50);
                                   1444 ;src/scripts/enemy.c:265: }
    0000062D 33               [ 8] 1445 	inc	sp
    0000062E 33               [ 8] 1446 	inc	sp
    0000062F C9               [16] 1447 	ret
                                   1448 ;src/scripts/enemy.c:268: void enemy_smooth_movement(Enemy* e, uint8_t dir) {
                                   1449 ;	---------------------------------
                                   1450 ; Function enemy_smooth_movement
                                   1451 ; ---------------------------------
    00000630                       1452 _enemy_smooth_movement::
    00000630 E8 F9            [16] 1453 	add	sp, #-7
    00000632 F8 06            [12] 1454 	ldhl	sp,	#6
    00000634 77               [ 8] 1455 	ld	(hl), a
                                   1456 ;src/scripts/enemy.c:271: mov_x = e->x;
    00000635 1A               [ 8] 1457 	ld	a, (de)
    00000636 F8 00            [12] 1458 	ldhl	sp,	#0
                                   1459 ;src/scripts/enemy.c:272: mov_y = e->y;
    00000638 22               [ 8] 1460 	ld	(hl+), a
    00000639 4B               [ 4] 1461 	ld	c, e
    0000063A 42               [ 4] 1462 	ld	b, d
    0000063B 03               [ 8] 1463 	inc	bc
    0000063C 0A               [ 8] 1464 	ld	a, (bc)
    0000063D 77               [ 8] 1465 	ld	(hl), a
                                   1466 ;src/scripts/enemy.c:273: while (frame < 8) {
    0000063E 3E 03            [ 8] 1467 	ld	a, #0x03
    00000640 F8 06            [12] 1468 	ldhl	sp,	#6
    00000642 96               [ 8] 1469 	sub	a, (hl)
    00000643 3E 00            [ 8] 1470 	ld	a, #0x00
    00000645 17               [ 4] 1471 	rla
    00000646 F8 02            [12] 1472 	ldhl	sp,	#2
    00000648 77               [ 8] 1473 	ld	(hl), a
    00000649 21 08 00         [12] 1474 	ld	hl, #0x0008
    0000064C 19               [ 8] 1475 	add	hl, de
    0000064D 4D               [ 4] 1476 	ld	c, l
    0000064E 44               [ 4] 1477 	ld	b, h
    0000064F 1E 00            [ 8] 1478 	ld	e, #0x00
    00000651                       1479 00106$:
    00000651 7B               [ 4] 1480 	ld	a, e
    00000652 D6 08            [ 8] 1481 	sub	a, #0x08
    00000654 D2r22r07         [16] 1482 	jp	NC, 00113$
                                   1483 ;src/scripts/enemy.c:274: wait_vbl_done();
    00000657 CDr00r00         [24] 1484 	call	_wait_vbl_done
                                   1485 ;src/scripts/enemy.c:275: switch (dir) {
    0000065A F8 02            [12] 1486 	ldhl	sp,	#2
    0000065C 7E               [ 8] 1487 	ld	a, (hl)
    0000065D B7               [ 4] 1488 	or	a, a
    0000065E 20 40            [12] 1489 	jr	NZ, 00105$
                                   1490 ;src/scripts/enemy.c:277: mov_y-=2;
    00000660 2B               [ 8] 1491 	dec	hl
                                   1492 ;src/scripts/enemy.c:280: mov_x+=2;
    00000661 3A               [ 8] 1493 	ld	a, (hl-)
    00000662 57               [ 4] 1494 	ld	d, a
    00000663 7E               [ 8] 1495 	ld	a, (hl)
    00000664 F8 05            [12] 1496 	ldhl	sp,	#5
                                   1497 ;src/scripts/enemy.c:275: switch (dir) {
    00000666 22               [ 8] 1498 	ld	(hl+), a
    00000667 D5               [16] 1499 	push	de
    00000668 5E               [ 8] 1500 	ld	e, (hl)
    00000669 16 00            [ 8] 1501 	ld	d, #0x00
    0000066B 21r76r06         [12] 1502 	ld	hl, #00137$
    0000066E 19               [ 8] 1503 	add	hl, de
    0000066F 19               [ 8] 1504 	add	hl, de
    00000670 5E               [ 8] 1505 	ld	e, (hl)
    00000671 23               [ 8] 1506 	inc	hl
    00000672 66               [ 8] 1507 	ld	h, (hl)
    00000673 6B               [ 4] 1508 	ld	l, e
    00000674 D1               [12] 1509 	pop	de
    00000675 E9               [ 4] 1510 	jp	(hl)
    00000676                       1511 00137$:
    00000676r7Er06                 1512 	.dw	00101$
    00000678r86r06                 1513 	.dw	00102$
    0000067Ar90r06                 1514 	.dw	00103$
    0000067Cr98r06                 1515 	.dw	00104$
                                   1516 ;src/scripts/enemy.c:276: case 0:
    0000067E                       1517 00101$:
                                   1518 ;src/scripts/enemy.c:277: mov_y-=2;
    0000067E 7A               [ 4] 1519 	ld	a, d
    0000067F C6 FE            [ 8] 1520 	add	a, #0xfe
    00000681 F8 01            [12] 1521 	ldhl	sp,	#1
    00000683 77               [ 8] 1522 	ld	(hl), a
                                   1523 ;src/scripts/enemy.c:278: break;
    00000684 18 1A            [12] 1524 	jr	00105$
                                   1525 ;src/scripts/enemy.c:279: case 1:
    00000686                       1526 00102$:
                                   1527 ;src/scripts/enemy.c:280: mov_x+=2;
    00000686 F8 05            [12] 1528 	ldhl	sp,	#5
    00000688 7E               [ 8] 1529 	ld	a, (hl)
    00000689 C6 02            [ 8] 1530 	add	a, #0x02
    0000068B F8 00            [12] 1531 	ldhl	sp,	#0
    0000068D 77               [ 8] 1532 	ld	(hl), a
                                   1533 ;src/scripts/enemy.c:281: break;
    0000068E 18 10            [12] 1534 	jr	00105$
                                   1535 ;src/scripts/enemy.c:282: case 2:
    00000690                       1536 00103$:
                                   1537 ;src/scripts/enemy.c:283: mov_y+=2;
    00000690 7A               [ 4] 1538 	ld	a, d
    00000691 C6 02            [ 8] 1539 	add	a, #0x02
    00000693 F8 01            [12] 1540 	ldhl	sp,	#1
    00000695 77               [ 8] 1541 	ld	(hl), a
                                   1542 ;src/scripts/enemy.c:284: break;
    00000696 18 08            [12] 1543 	jr	00105$
                                   1544 ;src/scripts/enemy.c:285: case 3:
    00000698                       1545 00104$:
                                   1546 ;src/scripts/enemy.c:286: mov_x-=2;
    00000698 F8 05            [12] 1547 	ldhl	sp,	#5
    0000069A 7E               [ 8] 1548 	ld	a, (hl)
    0000069B C6 FE            [ 8] 1549 	add	a, #0xfe
    0000069D F8 00            [12] 1550 	ldhl	sp,	#0
    0000069F 77               [ 8] 1551 	ld	(hl), a
                                   1552 ;src/scripts/enemy.c:288: }
    000006A0                       1553 00105$:
                                   1554 ;src/scripts/enemy.c:289: move_sprite(e->sprite_id, mov_x, mov_y);
    000006A0 0A               [ 8] 1555 	ld	a, (bc)
    000006A1 57               [ 4] 1556 	ld	d, a
                                   1557 ;c:\users\utente\desktop\tirocinio\gbdk-win64\gbdk\include\gb\gb.h:1973: OAM_item_t * itm = &shadow_OAM[nb];
    000006A2 AF               [ 4] 1558 	xor	a, a
    000006A3 6A               [ 4] 1559 	ld	l, d
    000006A4 67               [ 4] 1560 	ld	h, a
    000006A5 29               [ 8] 1561 	add	hl, hl
    000006A6 29               [ 8] 1562 	add	hl, hl
    000006A7 D5               [16] 1563 	push	de
    000006A8 11r00r00         [12] 1564 	ld	de, #_shadow_OAM
    000006AB 19               [ 8] 1565 	add	hl, de
    000006AC D1               [12] 1566 	pop	de
                                   1567 ;c:\users\utente\desktop\tirocinio\gbdk-win64\gbdk\include\gb\gb.h:1974: itm->y=y, itm->x=x;
    000006AD E5               [16] 1568 	push	hl
    000006AE F8 03            [12] 1569 	ldhl	sp,	#3
    000006B0 7E               [ 8] 1570 	ld	a, (hl)
    000006B1 E1               [12] 1571 	pop	hl
    000006B2 22               [ 8] 1572 	ld	(hl+), a
    000006B3 E5               [16] 1573 	push	hl
    000006B4 F8 02            [12] 1574 	ldhl	sp,	#2
    000006B6 7E               [ 8] 1575 	ld	a, (hl)
    000006B7 E1               [12] 1576 	pop	hl
    000006B8 77               [ 8] 1577 	ld	(hl), a
                                   1578 ;src/scripts/enemy.c:290: move_sprite(e->sprite_id+1, mov_x+8, mov_y);
    000006B9 F8 00            [12] 1579 	ldhl	sp,	#0
    000006BB 7E               [ 8] 1580 	ld	a, (hl)
    000006BC C6 08            [ 8] 1581 	add	a, #0x08
    000006BE F8 03            [12] 1582 	ldhl	sp,	#3
    000006C0 77               [ 8] 1583 	ld	(hl), a
    000006C1 2A               [ 8] 1584 	ld	a, (hl+)
    000006C2 23               [ 8] 1585 	inc	hl
    000006C3 77               [ 8] 1586 	ld	(hl), a
    000006C4 0A               [ 8] 1587 	ld	a, (bc)
    000006C5 57               [ 4] 1588 	ld	d, a
    000006C6 14               [ 4] 1589 	inc	d
                                   1590 ;c:\users\utente\desktop\tirocinio\gbdk-win64\gbdk\include\gb\gb.h:1973: OAM_item_t * itm = &shadow_OAM[nb];
    000006C7 AF               [ 4] 1591 	xor	a, a
    000006C8 6A               [ 4] 1592 	ld	l, d
    000006C9 67               [ 4] 1593 	ld	h, a
    000006CA 29               [ 8] 1594 	add	hl, hl
    000006CB 29               [ 8] 1595 	add	hl, hl
    000006CC D5               [16] 1596 	push	de
    000006CD 11r00r00         [12] 1597 	ld	de, #_shadow_OAM
    000006D0 19               [ 8] 1598 	add	hl, de
    000006D1 D1               [12] 1599 	pop	de
                                   1600 ;c:\users\utente\desktop\tirocinio\gbdk-win64\gbdk\include\gb\gb.h:1974: itm->y=y, itm->x=x;
    000006D2 E5               [16] 1601 	push	hl
    000006D3 F8 03            [12] 1602 	ldhl	sp,	#3
    000006D5 7E               [ 8] 1603 	ld	a, (hl)
    000006D6 E1               [12] 1604 	pop	hl
    000006D7 22               [ 8] 1605 	ld	(hl+), a
    000006D8 E5               [16] 1606 	push	hl
    000006D9 F8 07            [12] 1607 	ldhl	sp,	#7
    000006DB 7E               [ 8] 1608 	ld	a, (hl)
    000006DC E1               [12] 1609 	pop	hl
    000006DD 77               [ 8] 1610 	ld	(hl), a
                                   1611 ;src/scripts/enemy.c:291: move_sprite(e->sprite_id+2, mov_x, mov_y+8);
    000006DE F8 01            [12] 1612 	ldhl	sp,	#1
    000006E0 7E               [ 8] 1613 	ld	a, (hl)
    000006E1 C6 08            [ 8] 1614 	add	a, #0x08
    000006E3 F8 04            [12] 1615 	ldhl	sp,	#4
    000006E5 77               [ 8] 1616 	ld	(hl), a
    000006E6 2A               [ 8] 1617 	ld	a, (hl+)
    000006E7 77               [ 8] 1618 	ld	(hl), a
    000006E8 0A               [ 8] 1619 	ld	a, (bc)
    000006E9 C6 02            [ 8] 1620 	add	a, #0x02
    000006EB 57               [ 4] 1621 	ld	d, a
                                   1622 ;c:\users\utente\desktop\tirocinio\gbdk-win64\gbdk\include\gb\gb.h:1973: OAM_item_t * itm = &shadow_OAM[nb];
    000006EC AF               [ 4] 1623 	xor	a, a
    000006ED 6A               [ 4] 1624 	ld	l, d
    000006EE 67               [ 4] 1625 	ld	h, a
    000006EF 29               [ 8] 1626 	add	hl, hl
    000006F0 29               [ 8] 1627 	add	hl, hl
    000006F1 D5               [16] 1628 	push	de
    000006F2 11r00r00         [12] 1629 	ld	de, #_shadow_OAM
    000006F5 19               [ 8] 1630 	add	hl, de
    000006F6 D1               [12] 1631 	pop	de
                                   1632 ;c:\users\utente\desktop\tirocinio\gbdk-win64\gbdk\include\gb\gb.h:1974: itm->y=y, itm->x=x;
    000006F7 E5               [16] 1633 	push	hl
    000006F8 F8 07            [12] 1634 	ldhl	sp,	#7
    000006FA 7E               [ 8] 1635 	ld	a, (hl)
    000006FB E1               [12] 1636 	pop	hl
    000006FC 22               [ 8] 1637 	ld	(hl+), a
    000006FD E5               [16] 1638 	push	hl
    000006FE F8 02            [12] 1639 	ldhl	sp,	#2
    00000700 7E               [ 8] 1640 	ld	a, (hl)
    00000701 E1               [12] 1641 	pop	hl
    00000702 77               [ 8] 1642 	ld	(hl), a
                                   1643 ;src/scripts/enemy.c:292: move_sprite(e->sprite_id+3, mov_x+8, mov_y+8);
    00000703 0A               [ 8] 1644 	ld	a, (bc)
    00000704 C6 03            [ 8] 1645 	add	a, #0x03
    00000706 57               [ 4] 1646 	ld	d, a
                                   1647 ;c:\users\utente\desktop\tirocinio\gbdk-win64\gbdk\include\gb\gb.h:1973: OAM_item_t * itm = &shadow_OAM[nb];
    00000707 AF               [ 4] 1648 	xor	a, a
    00000708 6A               [ 4] 1649 	ld	l, d
    00000709 67               [ 4] 1650 	ld	h, a
    0000070A 29               [ 8] 1651 	add	hl, hl
    0000070B 29               [ 8] 1652 	add	hl, hl
    0000070C D5               [16] 1653 	push	de
    0000070D 11r00r00         [12] 1654 	ld	de, #_shadow_OAM
    00000710 19               [ 8] 1655 	add	hl, de
    00000711 D1               [12] 1656 	pop	de
                                   1657 ;c:\users\utente\desktop\tirocinio\gbdk-win64\gbdk\include\gb\gb.h:1974: itm->y=y, itm->x=x;
    00000712 E5               [16] 1658 	push	hl
    00000713 F8 06            [12] 1659 	ldhl	sp,	#6
    00000715 7E               [ 8] 1660 	ld	a, (hl)
    00000716 E1               [12] 1661 	pop	hl
    00000717 22               [ 8] 1662 	ld	(hl+), a
    00000718 E5               [16] 1663 	push	hl
    00000719 F8 05            [12] 1664 	ldhl	sp,	#5
    0000071B 7E               [ 8] 1665 	ld	a, (hl)
    0000071C E1               [12] 1666 	pop	hl
    0000071D 77               [ 8] 1667 	ld	(hl), a
                                   1668 ;src/scripts/enemy.c:293: frame++;
    0000071E 1C               [ 4] 1669 	inc	e
    0000071F C3r51r06         [16] 1670 	jp	00106$
    00000722                       1671 00113$:
                                   1672 ;src/scripts/enemy.c:295: }
    00000722 E8 07            [16] 1673 	add	sp, #7
    00000724 C9               [16] 1674 	ret
                                   1675 ;src/scripts/enemy.c:297: uint8_t is_enemy_at(uint8_t tx, uint8_t ty, Enemy *self) {
                                   1676 ;	---------------------------------
                                   1677 ; Function is_enemy_at
                                   1678 ; ---------------------------------
    00000725                       1679 _is_enemy_at::
    00000725 3B               [ 8] 1680 	dec	sp
    00000726 F8 00            [12] 1681 	ldhl	sp,	#0
    00000728 77               [ 8] 1682 	ld	(hl), a
    00000729 4B               [ 4] 1683 	ld	c, e
                                   1684 ;src/scripts/enemy.c:298: for (uint8_t i = 0; i < 2; i++) {
    0000072A 06 00            [ 8] 1685 	ld	b, #0x00
    0000072C                       1686 00109$:
    0000072C 78               [ 4] 1687 	ld	a, b
    0000072D D6 02            [ 8] 1688 	sub	a, #0x02
    0000072F 30 34            [12] 1689 	jr	NC, 00107$
                                   1690 ;src/scripts/enemy.c:299: Enemy* other = &current_enemies[i];
    00000731 58               [ 4] 1691 	ld	e, b
    00000732 16 00            [ 8] 1692 	ld	d, #0x00
    00000734 6B               [ 4] 1693 	ld	l, e
    00000735 62               [ 4] 1694 	ld	h, d
    00000736 29               [ 8] 1695 	add	hl, hl
    00000737 19               [ 8] 1696 	add	hl, de
    00000738 29               [ 8] 1697 	add	hl, hl
    00000739 29               [ 8] 1698 	add	hl, hl
    0000073A 11r00r00         [12] 1699 	ld	de, #_current_enemies
    0000073D 19               [ 8] 1700 	add	hl, de
    0000073E 5D               [ 4] 1701 	ld	e, l
    0000073F 54               [ 4] 1702 	ld	d, h
                                   1703 ;src/scripts/enemy.c:300: if (other->alive && other != self) {
    00000740 21 07 00         [12] 1704 	ld	hl, #0x0007
    00000743 19               [ 8] 1705 	add	hl, de
    00000744 7E               [ 8] 1706 	ld	a, (hl)
    00000745 B7               [ 4] 1707 	or	a, a
    00000746 28 1A            [12] 1708 	jr	Z, 00110$
    00000748 F8 03            [12] 1709 	ldhl	sp,	#3
    0000074A 7E               [ 8] 1710 	ld	a, (hl)
    0000074B 93               [ 4] 1711 	sub	a, e
    0000074C 20 05            [12] 1712 	jr	NZ, 00155$
    0000074E 23               [ 8] 1713 	inc	hl
    0000074F 7E               [ 8] 1714 	ld	a, (hl)
    00000750 92               [ 4] 1715 	sub	a, d
    00000751 28 0F            [12] 1716 	jr	Z, 00110$
    00000753                       1717 00155$:
                                   1718 ;src/scripts/enemy.c:301: if (other->x == tx && other->y == ty) {
    00000753 1A               [ 8] 1719 	ld	a, (de)
    00000754 F8 00            [12] 1720 	ldhl	sp,	#0
    00000756 96               [ 8] 1721 	sub	a, (hl)
    00000757 20 09            [12] 1722 	jr	NZ, 00110$
    00000759 13               [ 8] 1723 	inc	de
    0000075A 1A               [ 8] 1724 	ld	a, (de)
    0000075B 91               [ 4] 1725 	sub	a, c
    0000075C 20 04            [12] 1726 	jr	NZ, 00110$
                                   1727 ;src/scripts/enemy.c:302: return 1;
    0000075E 3E 01            [ 8] 1728 	ld	a, #0x01
    00000760 18 04            [12] 1729 	jr	00111$
    00000762                       1730 00110$:
                                   1731 ;src/scripts/enemy.c:298: for (uint8_t i = 0; i < 2; i++) {
    00000762 04               [ 4] 1732 	inc	b
    00000763 18 C7            [12] 1733 	jr	00109$
    00000765                       1734 00107$:
                                   1735 ;src/scripts/enemy.c:306: return 0;
    00000765 AF               [ 4] 1736 	xor	a, a
    00000766                       1737 00111$:
                                   1738 ;src/scripts/enemy.c:307: }
    00000766 33               [ 8] 1739 	inc	sp
    00000767 E1               [12] 1740 	pop	hl
    00000768 C1               [12] 1741 	pop	bc
    00000769 E9               [ 4] 1742 	jp	(hl)
                                   1743 	.area _CODE
                                   1744 	.area _INITIALIZER
                                   1745 	.area _CABS (ABS)
