                                      1 ;--------------------------------------------------------
                                      2 ; File Created by SDCC : free open source ISO C Compiler
                                      3 ; Version 4.5.1 #15267 (MINGW64)
                                      4 ;--------------------------------------------------------
                                      5 	.module generate_dungeon
                                      6 	
                                      7 ;--------------------------------------------------------
                                      8 ; Public variables in this module
                                      9 ;--------------------------------------------------------
                                     10 	.globl b_generate_enemies
                                     11 	.globl _generate_enemies
                                     12 	.globl b_get_num_enemies
                                     13 	.globl _get_num_enemies
                                     14 	.globl _arand
                                     15 	.globl _display_off
                                     16 	.globl _wait_vbl_done
                                     17 	.globl _locked_door
                                     18 	.globl _obstacles
                                     19 	.globl _doors
                                     20 	.globl _dungeon
                                     21 	.globl _max_length
                                     22 	.globl _min_length
                                     23 	.globl b_generate_dungeon
                                     24 	.globl _generate_dungeon
                                     25 	.globl _empty_array
                                     26 	.globl _create_layout
                                     27 	.globl _append
                                     28 	.globl _add_branch
                                     29 	.globl _find_near_void_cell
                                     30 	.globl _shuffle_starts
                                     31 	.globl _create_doors
                                     32 	.globl _add_obstacles
                                     33 ;--------------------------------------------------------
                                     34 ; special function registers
                                     35 ;--------------------------------------------------------
                                     36 	.area _HRAM
                                     37 ;--------------------------------------------------------
                                     38 ; ram data
                                     39 ;--------------------------------------------------------
                                     40 	.area _DATA
    00000000                         41 _dungeon::
    00000000                         42 	.ds 16
    00000010                         43 _doors::
    00000010                         44 	.ds 16
    00000020                         45 _obstacles::
    00000020                         46 	.ds 16
    00000030                         47 _locked_door::
    00000030                         48 	.ds 1
                                     49 ;--------------------------------------------------------
                                     50 ; ram data
                                     51 ;--------------------------------------------------------
                                     52 	.area _INITIALIZED
                                     53 ;--------------------------------------------------------
                                     54 ; absolute external ram data
                                     55 ;--------------------------------------------------------
                                     56 	.area _DABS (ABS)
                                     57 ;--------------------------------------------------------
                                     58 ; global & static initialisations
                                     59 ;--------------------------------------------------------
                                     60 	.area _HOME
                                     61 	.area _GSINIT
                                     62 	.area _GSFINAL
                                     63 	.area _GSINIT
                                     64 ;--------------------------------------------------------
                                     65 ; Home
                                     66 ;--------------------------------------------------------
                                     67 	.area _HOME
                                     68 	.area _HOME
                                     69 ;--------------------------------------------------------
                                     70 ; code
                                     71 ;--------------------------------------------------------
                                     72 	.area _CODE_1
                                     73 ;src/scripts/generate_dungeon.c:23: void generate_dungeon(uint8_t current_floor) BANKED {
                                     74 ;	---------------------------------
                                     75 ; Function generate_dungeon
                                     76 ; ---------------------------------
                         00000001    77 	b_generate_dungeon	= 1
    00000000                         78 _generate_dungeon::
    00000000 E8 FD            [16]   79 	add	sp, #-3
                                     80 ;src/scripts/generate_dungeon.c:24: wait_vbl_done();
    00000002 CDr00r00         [24]   81 	call	_wait_vbl_done
                                     82 ;src/scripts/generate_dungeon.c:25: DISPLAY_OFF;
    00000005 CDr00r00         [24]   83 	call	_display_off
                                     84 ;src/scripts/generate_dungeon.c:26: uint8_t dungeon_complete = 0;
    00000008 F8 00            [12]   85 	ldhl	sp,	#0
    0000000A 36 00            [12]   86 	ld	(hl), #0x00
                                     87 ;src/scripts/generate_dungeon.c:27: uint8_t floor = current_floor;
                                     88 ;src/scripts/generate_dungeon.c:28: uint8_t num_enemies = get_num_enemies(floor);
    0000000C F8 09            [12]   89 	ldhl	sp,	#9
    0000000E 7E               [ 8]   90 	ld	a, (hl)
    0000000F F5               [16]   91 	push	af
    00000010 33               [ 8]   92 	inc	sp
    00000011 1Er00            [ 8]   93 	ld	e, #b_get_num_enemies
    00000013 21r00r00         [12]   94 	ld	hl, #_get_num_enemies
    00000016 CDr00r00         [24]   95 	call	___sdcc_bcall_ehl
    00000019 33               [ 8]   96 	inc	sp
    0000001A F8 01            [12]   97 	ldhl	sp,	#1
    0000001C 77               [ 8]   98 	ld	(hl), a
                                     99 ;src/scripts/generate_dungeon.c:29: while (!dungeon_complete){
    0000001D F8 02            [12]  100 	ldhl	sp,	#2
    0000001F 36 00            [12]  101 	ld	(hl), #0x00
    00000021                        102 00111$:
    00000021 F8 00            [12]  103 	ldhl	sp,	#0
    00000023 7E               [ 8]  104 	ld	a, (hl)
    00000024 B7               [ 4]  105 	or	a, a
    00000025 C2rA5r00         [16]  106 	jp	NZ, 00113$
                                    107 ;src/scripts/generate_dungeon.c:30: empty_array();
    00000028 CDrC5r00         [24]  108 	call	_empty_array
                                    109 ;src/scripts/generate_dungeon.c:31: uint8_t start_x = DIV_REG & 3;
    0000002B F0r00            [12]  110 	ldh	a, (_DIV_REG + 0)
    0000002D E6 03            [ 8]  111 	and	a, #0x03
    0000002F 4F               [ 4]  112 	ld	c, a
                                    113 ;src/scripts/generate_dungeon.c:32: uint8_t start_y = DIV_REG & 3;
    00000030 F0r00            [12]  114 	ldh	a, (_DIV_REG + 0)
    00000032 E6 03            [ 8]  115 	and	a, #0x03
    00000034 47               [ 4]  116 	ld	b, a
                                    117 ;src/scripts/generate_dungeon.c:35: switch (current_floor % 5) {
    00000035 F8 09            [12]  118 	ldhl	sp,	#9
    00000037 7E               [ 8]  119 	ld	a, (hl)
    00000038 C5               [16]  120 	push	bc
    00000039 1E 05            [ 8]  121 	ld	e, #0x05
    0000003B CDr00r00         [24]  122 	call	__moduchar
    0000003E 79               [ 4]  123 	ld	a, c
    0000003F C1               [12]  124 	pop	bc
    00000040 B7               [ 4]  125 	or	a, a
    00000041 28 2A            [12]  126 	jr	Z, 00105$
    00000043 FE 01            [ 8]  127 	cp	a, #0x01
    00000045 28 0E            [12]  128 	jr	Z, 00101$
    00000047 FE 02            [ 8]  129 	cp	a, #0x02
    00000049 28 10            [12]  130 	jr	Z, 00102$
    0000004B FE 03            [ 8]  131 	cp	a, #0x03
    0000004D 28 12            [12]  132 	jr	Z, 00103$
    0000004F D6 04            [ 8]  133 	sub	a, #0x04
    00000051 28 14            [12]  134 	jr	Z, 00104$
    00000053 18 1C            [12]  135 	jr	00106$
                                    136 ;src/scripts/generate_dungeon.c:36: case 1:
    00000055                        137 00101$:
                                    138 ;src/scripts/generate_dungeon.c:37: length = 6;
    00000055 F8 02            [12]  139 	ldhl	sp,	#2
    00000057 36 06            [12]  140 	ld	(hl), #0x06
                                    141 ;src/scripts/generate_dungeon.c:38: break;
    00000059 18 16            [12]  142 	jr	00106$
                                    143 ;src/scripts/generate_dungeon.c:39: case 2:
    0000005B                        144 00102$:
                                    145 ;src/scripts/generate_dungeon.c:40: length = 7;
    0000005B F8 02            [12]  146 	ldhl	sp,	#2
    0000005D 36 07            [12]  147 	ld	(hl), #0x07
                                    148 ;src/scripts/generate_dungeon.c:41: break;
    0000005F 18 10            [12]  149 	jr	00106$
                                    150 ;src/scripts/generate_dungeon.c:42: case 3:
    00000061                        151 00103$:
                                    152 ;src/scripts/generate_dungeon.c:43: length = 8;
    00000061 F8 02            [12]  153 	ldhl	sp,	#2
    00000063 36 08            [12]  154 	ld	(hl), #0x08
                                    155 ;src/scripts/generate_dungeon.c:44: break;
    00000065 18 0A            [12]  156 	jr	00106$
                                    157 ;src/scripts/generate_dungeon.c:45: case 4:
    00000067                        158 00104$:
                                    159 ;src/scripts/generate_dungeon.c:46: length = 9;
    00000067 F8 02            [12]  160 	ldhl	sp,	#2
    00000069 36 09            [12]  161 	ld	(hl), #0x09
                                    162 ;src/scripts/generate_dungeon.c:47: break;
    0000006B 18 04            [12]  163 	jr	00106$
                                    164 ;src/scripts/generate_dungeon.c:48: case 0:
    0000006D                        165 00105$:
                                    166 ;src/scripts/generate_dungeon.c:49: length = 10;
    0000006D F8 02            [12]  167 	ldhl	sp,	#2
    0000006F 36 0A            [12]  168 	ld	(hl), #0x0a
                                    169 ;src/scripts/generate_dungeon.c:51: };
    00000071                        170 00106$:
                                    171 ;src/scripts/generate_dungeon.c:53: dungeon[start_x][start_y] = 'S';
    00000071 69               [ 4]  172 	ld	l, c
    00000072 AF               [ 4]  173 	xor	a, a
    00000073 67               [ 4]  174 	ld	h, a
    00000074 29               [ 8]  175 	add	hl, hl
    00000075 29               [ 8]  176 	add	hl, hl
    00000076 11r00r00         [12]  177 	ld	de, #_dungeon
    00000079 19               [ 8]  178 	add	hl, de
    0000007A 58               [ 4]  179 	ld	e, b
    0000007B 16 00            [ 8]  180 	ld	d, #0x00
    0000007D 19               [ 8]  181 	add	hl, de
    0000007E 36 53            [12]  182 	ld	(hl), #0x53
                                    183 ;src/scripts/generate_dungeon.c:54: if (create_layout(start_x, start_y, length)) {
    00000080 F8 02            [12]  184 	ldhl	sp,	#2
    00000082 7E               [ 8]  185 	ld	a, (hl)
    00000083 F5               [16]  186 	push	af
    00000084 33               [ 8]  187 	inc	sp
    00000085 58               [ 4]  188 	ld	e, b
    00000086 79               [ 4]  189 	ld	a, c
    00000087 CDr1Ar01         [24]  190 	call	_create_layout
    0000008A B7               [ 4]  191 	or	a, a
    0000008B 28 94            [12]  192 	jr	Z, 00111$
                                    193 ;src/scripts/generate_dungeon.c:55: uint8_t key = add_branch('A', 'K');
    0000008D 1E 4B            [ 8]  194 	ld	e, #0x4b
    0000008F 3E 41            [ 8]  195 	ld	a, #0x41
    00000091 CDr6Fr04         [24]  196 	call	_add_branch
                                    197 ;src/scripts/generate_dungeon.c:56: if (key) {
    00000094 B7               [ 4]  198 	or	a, a
    00000095 28 8A            [12]  199 	jr	Z, 00111$
                                    200 ;src/scripts/generate_dungeon.c:57: dungeon_complete = 1;
    00000097 F8 00            [12]  201 	ldhl	sp,	#0
    00000099 36 01            [12]  202 	ld	(hl), #0x01
                                    203 ;src/scripts/generate_dungeon.c:58: add_branch('B', 'T');
    0000009B 1E 54            [ 8]  204 	ld	e, #0x54
    0000009D 3E 42            [ 8]  205 	ld	a, #0x42
    0000009F CDr6Fr04         [24]  206 	call	_add_branch
    000000A2 C3r21r00         [16]  207 	jp	00111$
    000000A5                        208 00113$:
                                    209 ;src/scripts/generate_dungeon.c:62: generate_enemies(num_enemies, dungeon, floor);
    000000A5 01r00r00         [12]  210 	ld	bc, #_dungeon
    000000A8 F8 09            [12]  211 	ldhl	sp,	#9
    000000AA 7E               [ 8]  212 	ld	a, (hl)
    000000AB F5               [16]  213 	push	af
    000000AC 33               [ 8]  214 	inc	sp
    000000AD C5               [16]  215 	push	bc
    000000AE F8 04            [12]  216 	ldhl	sp,	#4
    000000B0 7E               [ 8]  217 	ld	a, (hl)
    000000B1 F5               [16]  218 	push	af
    000000B2 33               [ 8]  219 	inc	sp
    000000B3 1Er00            [ 8]  220 	ld	e, #b_generate_enemies
    000000B5 21r00r00         [12]  221 	ld	hl, #_generate_enemies
    000000B8 CDr00r00         [24]  222 	call	___sdcc_bcall_ehl
    000000BB E8 04            [16]  223 	add	sp, #4
                                    224 ;src/scripts/generate_dungeon.c:63: wait_vbl_done();
    000000BD CDr00r00         [24]  225 	call	_wait_vbl_done
                                    226 ;src/scripts/generate_dungeon.c:64: }
    000000C0 E8 03            [16]  227 	add	sp, #3
    000000C2 C9               [16]  228 	ret
    000000C3                        229 _min_length:
    000000C3 06                     230 	.db #0x06	; 6
    000000C4                        231 _max_length:
    000000C4 0A                     232 	.db #0x0a	; 10
                                    233 ;src/scripts/generate_dungeon.c:66: void empty_array(){
                                    234 ;	---------------------------------
                                    235 ; Function empty_array
                                    236 ; ---------------------------------
    000000C5                        237 _empty_array::
    000000C5 E8 FB            [16]  238 	add	sp, #-5
                                    239 ;src/scripts/generate_dungeon.c:67: for (int i=0; i<4; i++) {
    000000C7 01 00 00         [12]  240 	ld	bc, #0x0000
    000000CA                        241 00107$:
    000000CA 79               [ 4]  242 	ld	a, c
    000000CB D6 04            [ 8]  243 	sub	a, #0x04
    000000CD 30 48            [12]  244 	jr	NC, 00109$
                                    245 ;src/scripts/generate_dungeon.c:68: for (int j=0; j<4; j++) {
    000000CF 59               [ 4]  246 	ld	e, c
    000000D0 50               [ 4]  247 	ld	d, b
    000000D1 CB 23            [ 8]  248 	sla	e
    000000D3 CB 12            [ 8]  249 	rl	d
    000000D5 CB 23            [ 8]  250 	sla	e
    000000D7 CB 12            [ 8]  251 	rl	d
    000000D9 D5               [16]  252 	push	de
    000000DA 21r00r00         [12]  253 	ld	hl, #_dungeon
    000000DD 19               [ 8]  254 	add	hl, de
    000000DE D1               [12]  255 	pop	de
    000000DF 33               [ 8]  256 	inc	sp
    000000E0 33               [ 8]  257 	inc	sp
    000000E1 E5               [16]  258 	push	hl
    000000E2 21r10r00         [12]  259 	ld	hl, #_doors
    000000E5 19               [ 8]  260 	add	hl, de
    000000E6 E5               [16]  261 	push	hl
    000000E7 7D               [ 4]  262 	ld	a, l
    000000E8 F8 04            [12]  263 	ldhl	sp,	#4
    000000EA 77               [ 8]  264 	ld	(hl), a
    000000EB E1               [12]  265 	pop	hl
    000000EC 7C               [ 4]  266 	ld	a, h
    000000ED F8 03            [12]  267 	ldhl	sp,	#3
    000000EF 22               [ 8]  268 	ld	(hl+), a
    000000F0 36 00            [12]  269 	ld	(hl), #0x00
    000000F2                        270 00104$:
    000000F2 F8 04            [12]  271 	ldhl	sp,	#4
    000000F4 7E               [ 8]  272 	ld	a, (hl)
    000000F5 D6 04            [ 8]  273 	sub	a, #0x04
    000000F7 30 1B            [12]  274 	jr	NC, 00108$
                                    275 ;src/scripts/generate_dungeon.c:69: dungeon[i][j] = '0';
    000000F9 D1               [12]  276 	pop	de
    000000FA D5               [16]  277 	push	de
    000000FB 6E               [ 8]  278 	ld	l, (hl)
    000000FC 26 00            [ 8]  279 	ld	h, #0x00
    000000FE 19               [ 8]  280 	add	hl, de
    000000FF 36 30            [12]  281 	ld	(hl), #0x30
                                    282 ;src/scripts/generate_dungeon.c:70: doors[i][j] = 0;
    00000101 F8 02            [12]  283 	ldhl	sp,#2
    00000103 2A               [ 8]  284 	ld	a, (hl+)
    00000104 5F               [ 4]  285 	ld	e, a
    00000105 2A               [ 8]  286 	ld	a, (hl+)
    00000106 57               [ 4]  287 	ld	d, a
    00000107 6E               [ 8]  288 	ld	l, (hl)
    00000108 26 00            [ 8]  289 	ld	h, #0x00
    0000010A 19               [ 8]  290 	add	hl, de
    0000010B 5D               [ 4]  291 	ld	e, l
    0000010C 54               [ 4]  292 	ld	d, h
    0000010D AF               [ 4]  293 	xor	a, a
    0000010E 12               [ 8]  294 	ld	(de), a
                                    295 ;src/scripts/generate_dungeon.c:68: for (int j=0; j<4; j++) {
    0000010F F8 04            [12]  296 	ldhl	sp,	#4
    00000111 34               [12]  297 	inc	(hl)
    00000112 18 DE            [12]  298 	jr	00104$
    00000114                        299 00108$:
                                    300 ;src/scripts/generate_dungeon.c:67: for (int i=0; i<4; i++) {
    00000114 03               [ 8]  301 	inc	bc
    00000115 18 B3            [12]  302 	jr	00107$
    00000117                        303 00109$:
                                    304 ;src/scripts/generate_dungeon.c:73: }
    00000117 E8 05            [16]  305 	add	sp, #5
    00000119 C9               [16]  306 	ret
                                    307 ;src/scripts/generate_dungeon.c:75: uint8_t create_layout(uint8_t curr_x, uint8_t curr_y, uint8_t target_rooms) {
                                    308 ;	---------------------------------
                                    309 ; Function create_layout
                                    310 ; ---------------------------------
    0000011A                        311 _create_layout::
    0000011A E8 F1            [16]  312 	add	sp, #-15
    0000011C F8 0D            [12]  313 	ldhl	sp,	#13
    0000011E 32               [ 8]  314 	ld	(hl-), a
                                    315 ;src/scripts/generate_dungeon.c:78: while (curr_room < target_rooms) {
    0000011F 7B               [ 4]  316 	ld	a, e
    00000120 22               [ 8]  317 	ld	(hl+), a
    00000121 23               [ 8]  318 	inc	hl
    00000122 36 01            [12]  319 	ld	(hl), #0x01
    00000124 F8 05            [12]  320 	ldhl	sp,	#5
    00000126 36 00            [12]  321 	ld	(hl), #0x00
    00000128                        322 00134$:
    00000128 F8 0E            [12]  323 	ldhl	sp,	#14
    0000012A 7E               [ 8]  324 	ld	a, (hl)
    0000012B F8 11            [12]  325 	ldhl	sp,	#17
    0000012D 96               [ 8]  326 	sub	a, (hl)
    0000012E D2r49r04         [16]  327 	jp	NC, 00136$
                                    328 ;src/scripts/generate_dungeon.c:80: uint8_t num_dirs = 0;
    00000131 F8 04            [12]  329 	ldhl	sp,	#4
    00000133 36 00            [12]  330 	ld	(hl), #0x00
                                    331 ;src/scripts/generate_dungeon.c:82: if (curr_y > 0 && dungeon[curr_x][curr_y - 1] == '0') {
    00000135 F8 0D            [12]  332 	ldhl	sp,	#13
    00000137 3A               [ 8]  333 	ld	a, (hl-)
    00000138 4F               [ 4]  334 	ld	c, a
    00000139 AF               [ 4]  335 	xor	a, a
    0000013A F5               [16]  336 	push	af
    0000013B 7E               [ 8]  337 	ld	a, (hl)
    0000013C F8 0B            [12]  338 	ldhl	sp,	#11
    0000013E 77               [ 8]  339 	ld	(hl), a
    0000013F F1               [12]  340 	pop	af
    00000140 CB 21            [ 8]  341 	sla	c
    00000142 8F               [ 4]  342 	adc	a, a
    00000143 CB 21            [ 8]  343 	sla	c
    00000145 8F               [ 4]  344 	adc	a, a
    00000146 F8 06            [12]  345 	ldhl	sp,	#6
    00000148 71               [ 8]  346 	ld	(hl), c
    00000149 23               [ 8]  347 	inc	hl
    0000014A 77               [ 8]  348 	ld	(hl), a
    0000014B F8 0C            [12]  349 	ldhl	sp,	#12
    0000014D 7E               [ 8]  350 	ld	a, (hl)
    0000014E B7               [ 4]  351 	or	a, a
    0000014F 28 32            [12]  352 	jr	Z, 00102$
    00000151 11r00r00         [12]  353 	ld	de, #_dungeon
    00000154 F8 06            [12]  354 	ldhl	sp,	#6
    00000156 2A               [ 8]  355 	ld	a,	(hl+)
    00000157 66               [ 8]  356 	ld	h, (hl)
    00000158 6F               [ 4]  357 	ld	l, a
    00000159 19               [ 8]  358 	add	hl, de
    0000015A E5               [16]  359 	push	hl
    0000015B 7D               [ 4]  360 	ld	a, l
    0000015C F8 0C            [12]  361 	ldhl	sp,	#12
    0000015E 77               [ 8]  362 	ld	(hl), a
    0000015F E1               [12]  363 	pop	hl
    00000160 7C               [ 4]  364 	ld	a, h
    00000161 F8 0B            [12]  365 	ldhl	sp,	#11
    00000163 32               [ 8]  366 	ld	(hl-), a
    00000164 2B               [ 8]  367 	dec	hl
    00000165 2A               [ 8]  368 	ld	a, (hl+)
    00000166 5F               [ 4]  369 	ld	e, a
    00000167 1D               [ 4]  370 	dec	e
    00000168 16 00            [ 8]  371 	ld	d, #0x00
    0000016A 2A               [ 8]  372 	ld	a,	(hl+)
    0000016B 66               [ 8]  373 	ld	h, (hl)
    0000016C 6F               [ 4]  374 	ld	l, a
    0000016D 19               [ 8]  375 	add	hl, de
    0000016E 4D               [ 4]  376 	ld	c, l
    0000016F 44               [ 4]  377 	ld	b, h
    00000170 0A               [ 8]  378 	ld	a, (bc)
    00000171 D6 30            [ 8]  379 	sub	a, #0x30
    00000173 20 0E            [12]  380 	jr	NZ, 00102$
                                    381 ;src/scripts/generate_dungeon.c:83: append(directions, '1', &num_dirs);
    00000175 F8 04            [12]  382 	ldhl	sp,	#4
    00000177 E5               [16]  383 	push	hl
    00000178 3E 31            [ 8]  384 	ld	a, #0x31
    0000017A 21 02 00         [12]  385 	ld	hl, #2
    0000017D 39               [ 8]  386 	add	hl, sp
    0000017E 5D               [ 4]  387 	ld	e, l
    0000017F 54               [ 4]  388 	ld	d, h
    00000180 CDr50r04         [24]  389 	call	_append
    00000183                        390 00102$:
                                    391 ;src/scripts/generate_dungeon.c:85: if (curr_x < 3 && dungeon[curr_x+1][curr_y] == '0') {
    00000183 F8 0D            [12]  392 	ldhl	sp,	#13
    00000185 7E               [ 8]  393 	ld	a,(hl)
    00000186 4F               [ 4]  394 	ld	c,a
    00000187 D6 03            [ 8]  395 	sub	a, #0x03
    00000189 30 2F            [12]  396 	jr	NC, 00105$
    0000018B 79               [ 4]  397 	ld	a, c
    0000018C 3C               [ 4]  398 	inc	a
    0000018D 6F               [ 4]  399 	ld	l, a
    0000018E 07               [ 4]  400 	rlca
    0000018F 9F               [ 4]  401 	sbc	a, a
    00000190 67               [ 4]  402 	ld	h, a
    00000191 29               [ 8]  403 	add	hl, hl
    00000192 29               [ 8]  404 	add	hl, hl
    00000193 7D               [ 4]  405 	ld	a, l
    00000194 C6r00            [ 8]  406 	add	a, #<(_dungeon)
    00000196 5F               [ 4]  407 	ld	e, a
    00000197 7C               [ 4]  408 	ld	a, h
    00000198 CEs00            [ 8]  409 	adc	a, #>(_dungeon)
    0000019A 57               [ 4]  410 	ld	d, a
    0000019B F8 0C            [12]  411 	ldhl	sp,	#12
    0000019D 6E               [ 8]  412 	ld	l, (hl)
    0000019E 26 00            [ 8]  413 	ld	h, #0x00
    000001A0 19               [ 8]  414 	add	hl, de
    000001A1 5D               [ 4]  415 	ld	e, l
    000001A2 54               [ 4]  416 	ld	d, h
    000001A3 1A               [ 8]  417 	ld	a, (de)
    000001A4 D6 30            [ 8]  418 	sub	a, #0x30
    000001A6 20 12            [12]  419 	jr	NZ, 00105$
                                    420 ;src/scripts/generate_dungeon.c:86: append(directions, '2', &num_dirs);
    000001A8 F8 04            [12]  421 	ldhl	sp,	#4
    000001AA 5D               [ 4]  422 	ld	e, l
    000001AB 54               [ 4]  423 	ld	d, h
    000001AC C5               [16]  424 	push	bc
    000001AD D5               [16]  425 	push	de
    000001AE 3E 32            [ 8]  426 	ld	a, #0x32
    000001B0 21 04 00         [12]  427 	ld	hl, #4
    000001B3 39               [ 8]  428 	add	hl, sp
    000001B4 5D               [ 4]  429 	ld	e, l
    000001B5 54               [ 4]  430 	ld	d, h
    000001B6 CDr50r04         [24]  431 	call	_append
    000001B9 C1               [12]  432 	pop	bc
    000001BA                        433 00105$:
                                    434 ;src/scripts/generate_dungeon.c:88: if (curr_y < 3 && dungeon[curr_x][curr_y+1] == '0') {
    000001BA F8 0C            [12]  435 	ldhl	sp,	#12
    000001BC 7E               [ 8]  436 	ld	a, (hl)
    000001BD D6 03            [ 8]  437 	sub	a, #0x03
    000001BF 30 29            [12]  438 	jr	NC, 00108$
    000001C1 11r00r00         [12]  439 	ld	de, #_dungeon
    000001C4 F8 06            [12]  440 	ldhl	sp,	#6
    000001C6 2A               [ 8]  441 	ld	a,	(hl+)
    000001C7 66               [ 8]  442 	ld	h, (hl)
    000001C8 6F               [ 4]  443 	ld	l, a
    000001C9 19               [ 8]  444 	add	hl, de
    000001CA 5D               [ 4]  445 	ld	e, l
    000001CB 54               [ 4]  446 	ld	d, h
    000001CC F8 09            [12]  447 	ldhl	sp,	#9
    000001CE 6E               [ 8]  448 	ld	l, (hl)
    000001CF 2C               [ 4]  449 	inc	l
    000001D0 26 00            [ 8]  450 	ld	h, #0x00
    000001D2 19               [ 8]  451 	add	hl, de
    000001D3 7E               [ 8]  452 	ld	a, (hl)
    000001D4 D6 30            [ 8]  453 	sub	a, #0x30
    000001D6 20 12            [12]  454 	jr	NZ, 00108$
                                    455 ;src/scripts/generate_dungeon.c:89: append(directions, '3', &num_dirs);
    000001D8 F8 04            [12]  456 	ldhl	sp,	#4
    000001DA 5D               [ 4]  457 	ld	e, l
    000001DB 54               [ 4]  458 	ld	d, h
    000001DC C5               [16]  459 	push	bc
    000001DD D5               [16]  460 	push	de
    000001DE 3E 33            [ 8]  461 	ld	a, #0x33
    000001E0 21 04 00         [12]  462 	ld	hl, #4
    000001E3 39               [ 8]  463 	add	hl, sp
    000001E4 5D               [ 4]  464 	ld	e, l
    000001E5 54               [ 4]  465 	ld	d, h
    000001E6 CDr50r04         [24]  466 	call	_append
    000001E9 C1               [12]  467 	pop	bc
    000001EA                        468 00108$:
                                    469 ;src/scripts/generate_dungeon.c:91: if (curr_x > 0 && dungeon[curr_x-1][curr_y] == '0') {
    000001EA F8 0D            [12]  470 	ldhl	sp,	#13
    000001EC 7E               [ 8]  471 	ld	a, (hl)
    000001ED B7               [ 4]  472 	or	a, a
    000001EE 28 2B            [12]  473 	jr	Z, 00111$
    000001F0 79               [ 4]  474 	ld	a, c
    000001F1 3D               [ 4]  475 	dec	a
    000001F2 6F               [ 4]  476 	ld	l, a
    000001F3 07               [ 4]  477 	rlca
    000001F4 9F               [ 4]  478 	sbc	a, a
    000001F5 67               [ 4]  479 	ld	h, a
    000001F6 29               [ 8]  480 	add	hl, hl
    000001F7 29               [ 8]  481 	add	hl, hl
    000001F8 7D               [ 4]  482 	ld	a, l
    000001F9 C6r00            [ 8]  483 	add	a, #<(_dungeon)
    000001FB 4F               [ 4]  484 	ld	c, a
    000001FC 7C               [ 4]  485 	ld	a, h
    000001FD CEs00            [ 8]  486 	adc	a, #>(_dungeon)
    000001FF 47               [ 4]  487 	ld	b, a
    00000200 F8 0C            [12]  488 	ldhl	sp,	#12
    00000202 6E               [ 8]  489 	ld	l, (hl)
    00000203 26 00            [ 8]  490 	ld	h, #0x00
    00000205 09               [ 8]  491 	add	hl, bc
    00000206 4D               [ 4]  492 	ld	c, l
    00000207 44               [ 4]  493 	ld	b, h
    00000208 0A               [ 8]  494 	ld	a, (bc)
    00000209 D6 30            [ 8]  495 	sub	a, #0x30
    0000020B 20 0E            [12]  496 	jr	NZ, 00111$
                                    497 ;src/scripts/generate_dungeon.c:92: append(directions, '4', &num_dirs);
    0000020D F8 04            [12]  498 	ldhl	sp,	#4
    0000020F E5               [16]  499 	push	hl
    00000210 3E 34            [ 8]  500 	ld	a, #0x34
    00000212 21 02 00         [12]  501 	ld	hl, #2
    00000215 39               [ 8]  502 	add	hl, sp
    00000216 5D               [ 4]  503 	ld	e, l
    00000217 54               [ 4]  504 	ld	d, h
    00000218 CDr50r04         [24]  505 	call	_append
    0000021B                        506 00111$:
                                    507 ;src/scripts/generate_dungeon.c:95: if (num_dirs == 0) {
    0000021B F8 04            [12]  508 	ldhl	sp,	#4
    0000021D 7E               [ 8]  509 	ld	a, (hl)
    0000021E B7               [ 4]  510 	or	a, a
    0000021F 20 04            [12]  511 	jr	NZ, 00114$
                                    512 ;src/scripts/generate_dungeon.c:96: return 0;
    00000221 AF               [ 4]  513 	xor	a, a
    00000222 C3r4Br04         [16]  514 	jp	00137$
    00000225                        515 00114$:
                                    516 ;src/scripts/generate_dungeon.c:100: uint8_t vx = curr_x;
    00000225 F8 0D            [12]  517 	ldhl	sp,	#13
    00000227 7E               [ 8]  518 	ld	a, (hl)
    00000228 F8 0A            [12]  519 	ldhl	sp,	#10
                                    520 ;src/scripts/generate_dungeon.c:101: uint8_t vy = curr_y;
    0000022A 22               [ 8]  521 	ld	(hl+), a
    0000022B 23               [ 8]  522 	inc	hl
    0000022C 3A               [ 8]  523 	ld	a, (hl-)
    0000022D 77               [ 8]  524 	ld	(hl), a
                                    525 ;src/scripts/generate_dungeon.c:104: uint8_t dir = directions[arand() % num_dirs];
    0000022E CDr00r00         [24]  526 	call	_arand
    00000231 7B               [ 4]  527 	ld	a, e
    00000232 F8 04            [12]  528 	ldhl	sp,	#4
    00000234 5E               [ 8]  529 	ld	e, (hl)
    00000235 CDr00r00         [24]  530 	call	__moduchar
    00000238 59               [ 4]  531 	ld	e, c
    00000239 16 00            [ 8]  532 	ld	d, #0x00
    0000023B 21 00 00         [12]  533 	ld	hl, #0
    0000023E 39               [ 8]  534 	add	hl, sp
    0000023F 19               [ 8]  535 	add	hl, de
    00000240 7E               [ 8]  536 	ld	a, (hl)
                                    537 ;src/scripts/generate_dungeon.c:108: switch (dir) {
    00000241 FE 31            [ 8]  538 	cp	a, #0x31
    00000243 28 1D            [12]  539 	jr	Z, 00115$
                                    540 ;src/scripts/generate_dungeon.c:117: doors[vx][vy] |= EST;
    00000245 F8 0A            [12]  541 	ldhl	sp,	#10
    00000247 4E               [ 8]  542 	ld	c, (hl)
    00000248 06 00            [ 8]  543 	ld	b, #0x00
    0000024A CB 21            [ 8]  544 	sla	c
    0000024C CB 10            [ 8]  545 	rl	b
    0000024E CB 21            [ 8]  546 	sla	c
    00000250 CB 10            [ 8]  547 	rl	b
                                    548 ;src/scripts/generate_dungeon.c:108: switch (dir) {
    00000252 FE 32            [ 8]  549 	cp	a, #0x32
    00000254 28 39            [12]  550 	jr	Z, 00116$
    00000256 FE 33            [ 8]  551 	cp	a, #0x33
    00000258 28 74            [12]  552 	jr	Z, 00117$
    0000025A D6 34            [ 8]  553 	sub	a, #0x34
    0000025C CArFAr02         [16]  554 	jp	Z, 00118$
    0000025F C3r37r03         [16]  555 	jp	00119$
                                    556 ;src/scripts/generate_dungeon.c:109: case '1':
    00000262                        557 00115$:
                                    558 ;src/scripts/generate_dungeon.c:110: curr_y--;
    00000262 F8 0C            [12]  559 	ldhl	sp,	#12
    00000264 35               [12]  560 	dec	(hl)
                                    561 ;src/scripts/generate_dungeon.c:111: doors[vx][vy] |= NORD;
    00000265 11r10r00         [12]  562 	ld	de, #_doors
    00000268 F8 06            [12]  563 	ldhl	sp,	#6
    0000026A 2A               [ 8]  564 	ld	a,	(hl+)
    0000026B 66               [ 8]  565 	ld	h, (hl)
    0000026C 6F               [ 4]  566 	ld	l, a
    0000026D 19               [ 8]  567 	add	hl, de
    0000026E 4D               [ 4]  568 	ld	c, l
    0000026F 44               [ 4]  569 	ld	b, h
    00000270 F8 0B            [12]  570 	ldhl	sp,	#11
    00000272 6E               [ 8]  571 	ld	l, (hl)
    00000273 26 00            [ 8]  572 	ld	h, #0x00
    00000275 09               [ 8]  573 	add	hl, bc
    00000276 5D               [ 4]  574 	ld	e, l
    00000277 54               [ 4]  575 	ld	d, h
    00000278 1A               [ 8]  576 	ld	a, (de)
    00000279 CB C7            [ 8]  577 	set	0, a
    0000027B 12               [ 8]  578 	ld	(de), a
                                    579 ;src/scripts/generate_dungeon.c:112: current_door = NORD;
    0000027C F8 05            [12]  580 	ldhl	sp,	#5
    0000027E 36 01            [12]  581 	ld	(hl), #0x01
                                    582 ;src/scripts/generate_dungeon.c:113: doors[curr_x][curr_y] |= SUD;
    00000280 F8 0C            [12]  583 	ldhl	sp,	#12
    00000282 6E               [ 8]  584 	ld	l, (hl)
    00000283 26 00            [ 8]  585 	ld	h, #0x00
    00000285 09               [ 8]  586 	add	hl, bc
    00000286 4D               [ 4]  587 	ld	c, l
    00000287 44               [ 4]  588 	ld	b, h
    00000288 0A               [ 8]  589 	ld	a, (bc)
    00000289 CB D7            [ 8]  590 	set	2, a
    0000028B 02               [ 8]  591 	ld	(bc), a
                                    592 ;src/scripts/generate_dungeon.c:114: break;
    0000028C C3r37r03         [16]  593 	jp	00119$
                                    594 ;src/scripts/generate_dungeon.c:115: case '2':
    0000028F                        595 00116$:
                                    596 ;src/scripts/generate_dungeon.c:116: curr_x++;
    0000028F F8 0D            [12]  597 	ldhl	sp,	#13
    00000291 34               [12]  598 	inc	(hl)
                                    599 ;src/scripts/generate_dungeon.c:117: doors[vx][vy] |= EST;
    00000292 21r10r00         [12]  600 	ld	hl, #_doors
    00000295 09               [ 8]  601 	add	hl, bc
    00000296 4D               [ 4]  602 	ld	c, l
    00000297 44               [ 4]  603 	ld	b, h
    00000298 F8 0C            [12]  604 	ldhl	sp,	#12
    0000029A 6E               [ 8]  605 	ld	l, (hl)
    0000029B 26 00            [ 8]  606 	ld	h, #0x00
    0000029D 09               [ 8]  607 	add	hl, bc
    0000029E 4D               [ 4]  608 	ld	c, l
    0000029F 44               [ 4]  609 	ld	b, h
    000002A0 0A               [ 8]  610 	ld	a, (bc)
    000002A1 CB CF            [ 8]  611 	set	1, a
    000002A3 02               [ 8]  612 	ld	(bc), a
                                    613 ;src/scripts/generate_dungeon.c:118: current_door = EST;
    000002A4 F8 05            [12]  614 	ldhl	sp,	#5
    000002A6 36 02            [12]  615 	ld	(hl), #0x02
                                    616 ;src/scripts/generate_dungeon.c:82: if (curr_y > 0 && dungeon[curr_x][curr_y - 1] == '0') {
    000002A8 F8 0D            [12]  617 	ldhl	sp,	#13
    000002AA 4E               [ 8]  618 	ld	c, (hl)
    000002AB AF               [ 4]  619 	xor	a, a
    000002AC CB 21            [ 8]  620 	sla	c
    000002AE 8F               [ 4]  621 	adc	a, a
    000002AF CB 21            [ 8]  622 	sla	c
    000002B1 8F               [ 4]  623 	adc	a, a
    000002B2 F8 06            [12]  624 	ldhl	sp,	#6
    000002B4 71               [ 8]  625 	ld	(hl), c
    000002B5 23               [ 8]  626 	inc	hl
    000002B6 77               [ 8]  627 	ld	(hl), a
                                    628 ;src/scripts/generate_dungeon.c:119: doors[curr_x][curr_y] |= OVEST;
    000002B7 11r10r00         [12]  629 	ld	de, #_doors
    000002BA 3A               [ 8]  630 	ld	a, (hl-)
    000002BB 6E               [ 8]  631 	ld	l, (hl)
    000002BC 67               [ 4]  632 	ld	h, a
    000002BD 19               [ 8]  633 	add	hl, de
    000002BE 4D               [ 4]  634 	ld	c, l
    000002BF 44               [ 4]  635 	ld	b, h
    000002C0 F8 0C            [12]  636 	ldhl	sp,	#12
    000002C2 6E               [ 8]  637 	ld	l, (hl)
    000002C3 26 00            [ 8]  638 	ld	h, #0x00
    000002C5 09               [ 8]  639 	add	hl, bc
    000002C6 4D               [ 4]  640 	ld	c, l
    000002C7 44               [ 4]  641 	ld	b, h
    000002C8 0A               [ 8]  642 	ld	a, (bc)
    000002C9 CB DF            [ 8]  643 	set	3, a
    000002CB 02               [ 8]  644 	ld	(bc), a
                                    645 ;src/scripts/generate_dungeon.c:120: break;
    000002CC 18 69            [12]  646 	jr	00119$
                                    647 ;src/scripts/generate_dungeon.c:121: case '3':
    000002CE                        648 00117$:
                                    649 ;src/scripts/generate_dungeon.c:122: curr_y++;
    000002CE F8 0C            [12]  650 	ldhl	sp,	#12
    000002D0 34               [12]  651 	inc	(hl)
                                    652 ;src/scripts/generate_dungeon.c:123: doors[vx][vy] |= SUD;
    000002D1 11r10r00         [12]  653 	ld	de, #_doors
    000002D4 F8 06            [12]  654 	ldhl	sp,	#6
    000002D6 2A               [ 8]  655 	ld	a,	(hl+)
    000002D7 66               [ 8]  656 	ld	h, (hl)
    000002D8 6F               [ 4]  657 	ld	l, a
    000002D9 19               [ 8]  658 	add	hl, de
    000002DA 4D               [ 4]  659 	ld	c, l
    000002DB 44               [ 4]  660 	ld	b, h
    000002DC F8 0B            [12]  661 	ldhl	sp,	#11
    000002DE 6E               [ 8]  662 	ld	l, (hl)
    000002DF 26 00            [ 8]  663 	ld	h, #0x00
    000002E1 09               [ 8]  664 	add	hl, bc
    000002E2 5D               [ 4]  665 	ld	e, l
    000002E3 54               [ 4]  666 	ld	d, h
    000002E4 1A               [ 8]  667 	ld	a, (de)
    000002E5 CB D7            [ 8]  668 	set	2, a
    000002E7 12               [ 8]  669 	ld	(de), a
                                    670 ;src/scripts/generate_dungeon.c:124: current_door = SUD;
    000002E8 F8 05            [12]  671 	ldhl	sp,	#5
    000002EA 36 04            [12]  672 	ld	(hl), #0x04
                                    673 ;src/scripts/generate_dungeon.c:125: doors[curr_x][curr_y] |= NORD;
    000002EC F8 0C            [12]  674 	ldhl	sp,	#12
    000002EE 6E               [ 8]  675 	ld	l, (hl)
    000002EF 26 00            [ 8]  676 	ld	h, #0x00
    000002F1 09               [ 8]  677 	add	hl, bc
    000002F2 4D               [ 4]  678 	ld	c, l
    000002F3 44               [ 4]  679 	ld	b, h
    000002F4 0A               [ 8]  680 	ld	a, (bc)
    000002F5 CB C7            [ 8]  681 	set	0, a
    000002F7 02               [ 8]  682 	ld	(bc), a
                                    683 ;src/scripts/generate_dungeon.c:126: break;
    000002F8 18 3D            [12]  684 	jr	00119$
                                    685 ;src/scripts/generate_dungeon.c:127: case '4':
    000002FA                        686 00118$:
                                    687 ;src/scripts/generate_dungeon.c:128: curr_x--;
    000002FA F8 0D            [12]  688 	ldhl	sp,	#13
    000002FC 35               [12]  689 	dec	(hl)
                                    690 ;src/scripts/generate_dungeon.c:129: doors[vx][vy] |= OVEST;
    000002FD 21r10r00         [12]  691 	ld	hl, #_doors
    00000300 09               [ 8]  692 	add	hl, bc
    00000301 4D               [ 4]  693 	ld	c, l
    00000302 44               [ 4]  694 	ld	b, h
    00000303 F8 0C            [12]  695 	ldhl	sp,	#12
    00000305 6E               [ 8]  696 	ld	l, (hl)
    00000306 26 00            [ 8]  697 	ld	h, #0x00
    00000308 09               [ 8]  698 	add	hl, bc
    00000309 4D               [ 4]  699 	ld	c, l
    0000030A 44               [ 4]  700 	ld	b, h
    0000030B 0A               [ 8]  701 	ld	a, (bc)
    0000030C CB DF            [ 8]  702 	set	3, a
    0000030E 02               [ 8]  703 	ld	(bc), a
                                    704 ;src/scripts/generate_dungeon.c:130: current_door = OVEST;
    0000030F F8 05            [12]  705 	ldhl	sp,	#5
    00000311 36 08            [12]  706 	ld	(hl), #0x08
                                    707 ;src/scripts/generate_dungeon.c:82: if (curr_y > 0 && dungeon[curr_x][curr_y - 1] == '0') {
    00000313 F8 0D            [12]  708 	ldhl	sp,	#13
    00000315 4E               [ 8]  709 	ld	c, (hl)
    00000316 AF               [ 4]  710 	xor	a, a
    00000317 CB 21            [ 8]  711 	sla	c
    00000319 8F               [ 4]  712 	adc	a, a
    0000031A CB 21            [ 8]  713 	sla	c
    0000031C 8F               [ 4]  714 	adc	a, a
    0000031D F8 06            [12]  715 	ldhl	sp,	#6
    0000031F 71               [ 8]  716 	ld	(hl), c
    00000320 23               [ 8]  717 	inc	hl
    00000321 77               [ 8]  718 	ld	(hl), a
                                    719 ;src/scripts/generate_dungeon.c:131: doors[curr_x][curr_y] |= EST;
    00000322 11r10r00         [12]  720 	ld	de, #_doors
    00000325 3A               [ 8]  721 	ld	a, (hl-)
    00000326 6E               [ 8]  722 	ld	l, (hl)
    00000327 67               [ 4]  723 	ld	h, a
    00000328 19               [ 8]  724 	add	hl, de
    00000329 4D               [ 4]  725 	ld	c, l
    0000032A 44               [ 4]  726 	ld	b, h
    0000032B F8 0C            [12]  727 	ldhl	sp,	#12
    0000032D 6E               [ 8]  728 	ld	l, (hl)
    0000032E 26 00            [ 8]  729 	ld	h, #0x00
    00000330 09               [ 8]  730 	add	hl, bc
    00000331 4D               [ 4]  731 	ld	c, l
    00000332 44               [ 4]  732 	ld	b, h
    00000333 0A               [ 8]  733 	ld	a, (bc)
    00000334 CB CF            [ 8]  734 	set	1, a
    00000336 02               [ 8]  735 	ld	(bc), a
                                    736 ;src/scripts/generate_dungeon.c:133: }
    00000337                        737 00119$:
                                    738 ;src/scripts/generate_dungeon.c:135: curr_room++;
    00000337 F8 0E            [12]  739 	ldhl	sp,	#14
    00000339 34               [12]  740 	inc	(hl)
                                    741 ;src/scripts/generate_dungeon.c:138: if (curr_room == target_rooms) {
    0000033A 7E               [ 8]  742 	ld	a, (hl)
    0000033B F8 11            [12]  743 	ldhl	sp,	#17
    0000033D 96               [ 8]  744 	sub	a, (hl)
    0000033E 20 18            [12]  745 	jr	NZ, 00132$
                                    746 ;src/scripts/generate_dungeon.c:139: dungeon[curr_x][curr_y] = 'E';
    00000340 F8 06            [12]  747 	ldhl	sp,#6
    00000342 2A               [ 8]  748 	ld	a, (hl+)
    00000343 5F               [ 4]  749 	ld	e, a
    00000344 56               [ 8]  750 	ld	d, (hl)
    00000345 21r00r00         [12]  751 	ld	hl, #_dungeon
    00000348 19               [ 8]  752 	add	hl, de
    00000349 4D               [ 4]  753 	ld	c, l
    0000034A 44               [ 4]  754 	ld	b, h
    0000034B F8 0C            [12]  755 	ldhl	sp,	#12
    0000034D 6E               [ 8]  756 	ld	l, (hl)
    0000034E 26 00            [ 8]  757 	ld	h, #0x00
    00000350 09               [ 8]  758 	add	hl, bc
    00000351 4D               [ 4]  759 	ld	c, l
    00000352 44               [ 4]  760 	ld	b, h
    00000353 36 45            [12]  761 	ld	(hl), #0x45
    00000355 C3r28r01         [16]  762 	jp	00134$
    00000358                        763 00132$:
                                    764 ;src/scripts/generate_dungeon.c:141: else if (curr_room == (int)(target_rooms / 2) + 1) {
    00000358 F8 11            [12]  765 	ldhl	sp,	#17
    0000035A 7E               [ 8]  766 	ld	a, (hl)
    0000035B F8 08            [12]  767 	ldhl	sp,	#8
    0000035D 22               [ 8]  768 	ld	(hl+), a
    0000035E AF               [ 4]  769 	xor	a, a
    0000035F 32               [ 8]  770 	ld	(hl-), a
    00000360 4E               [ 8]  771 	ld	c, (hl)
    00000361 06 00            [ 8]  772 	ld	b, #0x00
    00000363 CB 28            [ 8]  773 	sra	b
    00000365 CB 19            [ 8]  774 	rr	c
    00000367 03               [ 8]  775 	inc	bc
    00000368 F8 0E            [12]  776 	ldhl	sp,	#14
    0000036A 7E               [ 8]  777 	ld	a, (hl)
    0000036B F8 0A            [12]  778 	ldhl	sp,	#10
    0000036D 22               [ 8]  779 	ld	(hl+), a
    0000036E AF               [ 4]  780 	xor	a, a
    0000036F 32               [ 8]  781 	ld	(hl-), a
    00000370 7E               [ 8]  782 	ld	a, (hl)
    00000371 91               [ 4]  783 	sub	a, c
    00000372 20 23            [12]  784 	jr	NZ, 00129$
    00000374 AF               [ 4]  785 	xor	a, a
    00000375 90               [ 4]  786 	sub	a, b
    00000376 20 1F            [12]  787 	jr	NZ, 00129$
                                    788 ;src/scripts/generate_dungeon.c:142: dungeon[curr_x][curr_y] = 'L';
    00000378 F8 06            [12]  789 	ldhl	sp,#6
    0000037A 2A               [ 8]  790 	ld	a, (hl+)
    0000037B 5F               [ 4]  791 	ld	e, a
    0000037C 56               [ 8]  792 	ld	d, (hl)
    0000037D 21r00r00         [12]  793 	ld	hl, #_dungeon
    00000380 19               [ 8]  794 	add	hl, de
    00000381 4D               [ 4]  795 	ld	c, l
    00000382 44               [ 4]  796 	ld	b, h
    00000383 F8 0C            [12]  797 	ldhl	sp,	#12
    00000385 6E               [ 8]  798 	ld	l, (hl)
    00000386 26 00            [ 8]  799 	ld	h, #0x00
    00000388 09               [ 8]  800 	add	hl, bc
    00000389 4D               [ 4]  801 	ld	c, l
    0000038A 36 4C            [12]  802 	ld	(hl), #0x4c
                                    803 ;src/scripts/generate_dungeon.c:143: add_obstacles(curr_x, curr_y);
    0000038C F8 0C            [12]  804 	ldhl	sp,	#12
    0000038E 2A               [ 8]  805 	ld	a, (hl+)
    0000038F 5F               [ 4]  806 	ld	e, a
    00000390 7E               [ 8]  807 	ld	a, (hl)
    00000391 CDr90r09         [24]  808 	call	_add_obstacles
    00000394 C3r28r01         [16]  809 	jp	00134$
    00000397                        810 00129$:
                                    811 ;src/scripts/generate_dungeon.c:145: else if (curr_room == (int)(target_rooms / 2) + 2) {
    00000397 F8 08            [12]  812 	ldhl	sp,	#8
    00000399 2A               [ 8]  813 	ld	a, (hl+)
    0000039A 23               [ 8]  814 	inc	hl
    0000039B 4F               [ 4]  815 	ld	c, a
    0000039C 06 00            [ 8]  816 	ld	b, #0x00
    0000039E CB 28            [ 8]  817 	sra	b
    000003A0 CB 19            [ 8]  818 	rr	c
    000003A2 03               [ 8]  819 	inc	bc
    000003A3 03               [ 8]  820 	inc	bc
    000003A4 7E               [ 8]  821 	ld	a, (hl)
    000003A5 91               [ 4]  822 	sub	a, c
    000003A6 20 28            [12]  823 	jr	NZ, 00126$
    000003A8 AF               [ 4]  824 	xor	a, a
    000003A9 90               [ 4]  825 	sub	a, b
    000003AA 20 24            [12]  826 	jr	NZ, 00126$
                                    827 ;src/scripts/generate_dungeon.c:146: locked_door = current_door;
    000003AC F8 05            [12]  828 	ldhl	sp,	#5
    000003AE 7E               [ 8]  829 	ld	a, (hl)
    000003AF EAr30r00         [16]  830 	ld	(#_locked_door),a
                                    831 ;src/scripts/generate_dungeon.c:147: dungeon[curr_x][curr_y] = 'B';
    000003B2 11r00r00         [12]  832 	ld	de, #_dungeon
    000003B5 F8 06            [12]  833 	ldhl	sp,	#6
    000003B7 2A               [ 8]  834 	ld	a,	(hl+)
    000003B8 66               [ 8]  835 	ld	h, (hl)
    000003B9 6F               [ 4]  836 	ld	l, a
    000003BA 19               [ 8]  837 	add	hl, de
    000003BB 4D               [ 4]  838 	ld	c, l
    000003BC 44               [ 4]  839 	ld	b, h
    000003BD F8 0C            [12]  840 	ldhl	sp,	#12
    000003BF 6E               [ 8]  841 	ld	l, (hl)
    000003C0 26 00            [ 8]  842 	ld	h, #0x00
    000003C2 09               [ 8]  843 	add	hl, bc
    000003C3 36 42            [12]  844 	ld	(hl), #0x42
                                    845 ;src/scripts/generate_dungeon.c:148: add_obstacles(curr_x, curr_y);
    000003C5 F8 0C            [12]  846 	ldhl	sp,	#12
    000003C7 2A               [ 8]  847 	ld	a, (hl+)
    000003C8 5F               [ 4]  848 	ld	e, a
    000003C9 7E               [ 8]  849 	ld	a, (hl)
    000003CA CDr90r09         [24]  850 	call	_add_obstacles
    000003CD C3r28r01         [16]  851 	jp	00134$
    000003D0                        852 00126$:
                                    853 ;src/scripts/generate_dungeon.c:150: else if (curr_room < (int)(target_rooms / 2) + 1) {
    000003D0 F8 08            [12]  854 	ldhl	sp,	#8
    000003D2 2A               [ 8]  855 	ld	a, (hl+)
    000003D3 23               [ 8]  856 	inc	hl
    000003D4 4F               [ 4]  857 	ld	c, a
    000003D5 06 00            [ 8]  858 	ld	b, #0x00
    000003D7 CB 28            [ 8]  859 	sra	b
    000003D9 CB 19            [ 8]  860 	rr	c
    000003DB 03               [ 8]  861 	inc	bc
    000003DC 2A               [ 8]  862 	ld	a, (hl+)
    000003DD 91               [ 4]  863 	sub	a, c
    000003DE 7E               [ 8]  864 	ld	a, (hl)
    000003DF 98               [ 4]  865 	sbc	a, b
    000003E0 30 35            [12]  866 	jr	NC, 00123$
                                    867 ;src/scripts/generate_dungeon.c:151: dungeon[curr_x][curr_y] = 'A';
    000003E2 F8 06            [12]  868 	ldhl	sp,#6
    000003E4 2A               [ 8]  869 	ld	a, (hl+)
    000003E5 5F               [ 4]  870 	ld	e, a
    000003E6 56               [ 8]  871 	ld	d, (hl)
    000003E7 21r00r00         [12]  872 	ld	hl, #_dungeon
    000003EA 19               [ 8]  873 	add	hl, de
    000003EB E5               [16]  874 	push	hl
    000003EC 7D               [ 4]  875 	ld	a, l
    000003ED F8 0C            [12]  876 	ldhl	sp,	#12
    000003EF 77               [ 8]  877 	ld	(hl), a
    000003F0 E1               [12]  878 	pop	hl
    000003F1 7C               [ 4]  879 	ld	a, h
    000003F2 F8 0B            [12]  880 	ldhl	sp,	#11
    000003F4 32               [ 8]  881 	ld	(hl-), a
    000003F5 2A               [ 8]  882 	ld	a, (hl+)
    000003F6 5F               [ 4]  883 	ld	e, a
    000003F7 2A               [ 8]  884 	ld	a, (hl+)
    000003F8 57               [ 4]  885 	ld	d, a
    000003F9 6E               [ 8]  886 	ld	l, (hl)
    000003FA 26 00            [ 8]  887 	ld	h, #0x00
    000003FC 19               [ 8]  888 	add	hl, de
    000003FD E5               [16]  889 	push	hl
    000003FE 7D               [ 4]  890 	ld	a, l
    000003FF F8 0A            [12]  891 	ldhl	sp,	#10
    00000401 77               [ 8]  892 	ld	(hl), a
    00000402 E1               [12]  893 	pop	hl
    00000403 7C               [ 4]  894 	ld	a, h
    00000404 F8 09            [12]  895 	ldhl	sp,	#9
    00000406 32               [ 8]  896 	ld	(hl-), a
    00000407 2A               [ 8]  897 	ld	a, (hl+)
    00000408 66               [ 8]  898 	ld	h, (hl)
    00000409 6F               [ 4]  899 	ld	l, a
    0000040A 36 41            [12]  900 	ld	(hl), #0x41
                                    901 ;src/scripts/generate_dungeon.c:152: add_obstacles(curr_x, curr_y);
    0000040C F8 0C            [12]  902 	ldhl	sp,	#12
    0000040E 2A               [ 8]  903 	ld	a, (hl+)
    0000040F 5F               [ 4]  904 	ld	e, a
    00000410 7E               [ 8]  905 	ld	a, (hl)
    00000411 CDr90r09         [24]  906 	call	_add_obstacles
    00000414 C3r28r01         [16]  907 	jp	00134$
    00000417                        908 00123$:
                                    909 ;src/scripts/generate_dungeon.c:154: else if (curr_room > (int) (target_rooms / 2) + 1) {
    00000417 F8 08            [12]  910 	ldhl	sp,	#8
    00000419 2A               [ 8]  911 	ld	a, (hl+)
    0000041A 23               [ 8]  912 	inc	hl
    0000041B 4F               [ 4]  913 	ld	c, a
    0000041C 06 00            [ 8]  914 	ld	b, #0x00
    0000041E CB 28            [ 8]  915 	sra	b
    00000420 CB 19            [ 8]  916 	rr	c
    00000422 03               [ 8]  917 	inc	bc
    00000423 79               [ 4]  918 	ld	a, c
    00000424 96               [ 8]  919 	sub	a, (hl)
    00000425 23               [ 8]  920 	inc	hl
    00000426 78               [ 4]  921 	ld	a, b
    00000427 9E               [ 8]  922 	sbc	a, (hl)
    00000428 D2r28r01         [16]  923 	jp	NC, 00134$
                                    924 ;src/scripts/generate_dungeon.c:155: dungeon[curr_x][curr_y] = 'B';
    0000042B F8 06            [12]  925 	ldhl	sp,#6
    0000042D 2A               [ 8]  926 	ld	a, (hl+)
    0000042E 5F               [ 4]  927 	ld	e, a
    0000042F 56               [ 8]  928 	ld	d, (hl)
    00000430 21r00r00         [12]  929 	ld	hl, #_dungeon
    00000433 19               [ 8]  930 	add	hl, de
    00000434 4D               [ 4]  931 	ld	c, l
    00000435 44               [ 4]  932 	ld	b, h
    00000436 F8 0C            [12]  933 	ldhl	sp,	#12
    00000438 6E               [ 8]  934 	ld	l, (hl)
    00000439 26 00            [ 8]  935 	ld	h, #0x00
    0000043B 09               [ 8]  936 	add	hl, bc
    0000043C 36 42            [12]  937 	ld	(hl), #0x42
                                    938 ;src/scripts/generate_dungeon.c:156: add_obstacles(curr_x, curr_y);
    0000043E F8 0C            [12]  939 	ldhl	sp,	#12
    00000440 2A               [ 8]  940 	ld	a, (hl+)
    00000441 5F               [ 4]  941 	ld	e, a
    00000442 7E               [ 8]  942 	ld	a, (hl)
    00000443 CDr90r09         [24]  943 	call	_add_obstacles
    00000446 C3r28r01         [16]  944 	jp	00134$
    00000449                        945 00136$:
                                    946 ;src/scripts/generate_dungeon.c:160: return 1;
    00000449 3E 01            [ 8]  947 	ld	a, #0x01
    0000044B                        948 00137$:
                                    949 ;src/scripts/generate_dungeon.c:161: }
    0000044B E8 0F            [16]  950 	add	sp, #15
    0000044D E1               [12]  951 	pop	hl
    0000044E 33               [ 8]  952 	inc	sp
    0000044F E9               [ 4]  953 	jp	(hl)
                                    954 ;src/scripts/generate_dungeon.c:164: void append(char directions[], char value, uint8_t *num_dirs) {
                                    955 ;	---------------------------------
                                    956 ; Function append
                                    957 ; ---------------------------------
    00000450                        958 _append::
    00000450 3B               [ 8]  959 	dec	sp
    00000451 F8 00            [12]  960 	ldhl	sp,	#0
    00000453 77               [ 8]  961 	ld	(hl), a
                                    962 ;src/scripts/generate_dungeon.c:165: if (*num_dirs < 4) {
    00000454 F8 03            [12]  963 	ldhl	sp,	#3
    00000456 2A               [ 8]  964 	ld	a, (hl+)
    00000457 4F               [ 4]  965 	ld	c, a
    00000458 46               [ 8]  966 	ld	b, (hl)
    00000459 0A               [ 8]  967 	ld	a, (bc)
    0000045A FE 04            [ 8]  968 	cp	a, #0x04
    0000045C 30 0D            [12]  969 	jr	NC, 00103$
                                    970 ;src/scripts/generate_dungeon.c:166: directions[*num_dirs] = value;
    0000045E 83               [ 4]  971 	add	a, e
    0000045F 5F               [ 4]  972 	ld	e, a
    00000460 3E 00            [ 8]  973 	ld	a, #0x00
    00000462 8A               [ 4]  974 	adc	a, d
    00000463 57               [ 4]  975 	ld	d, a
    00000464 F8 00            [12]  976 	ldhl	sp,	#0
    00000466 7E               [ 8]  977 	ld	a, (hl)
    00000467 12               [ 8]  978 	ld	(de), a
                                    979 ;src/scripts/generate_dungeon.c:167: (*num_dirs)++;
    00000468 0A               [ 8]  980 	ld	a, (bc)
    00000469 3C               [ 4]  981 	inc	a
    0000046A 02               [ 8]  982 	ld	(bc), a
    0000046B                        983 00103$:
                                    984 ;src/scripts/generate_dungeon.c:169: }
    0000046B 33               [ 8]  985 	inc	sp
    0000046C E1               [12]  986 	pop	hl
    0000046D F1               [12]  987 	pop	af
    0000046E E9               [ 4]  988 	jp	(hl)
                                    989 ;src/scripts/generate_dungeon.c:171: uint8_t add_branch(char zone, char item) {
                                    990 ;	---------------------------------
                                    991 ; Function add_branch
                                    992 ; ---------------------------------
    0000046F                        993 _add_branch::
    0000046F E8 C3            [16]  994 	add	sp, #-61
    00000471 F8 39            [12]  995 	ldhl	sp,	#57
    00000473 32               [ 8]  996 	ld	(hl-), a
    00000474 73               [ 8]  997 	ld	(hl), e
                                    998 ;src/scripts/generate_dungeon.c:173: uint8_t starts_count = 0;
    00000475 F8 2C            [12]  999 	ldhl	sp,	#44
    00000477 36 00            [12] 1000 	ld	(hl), #0x00
                                   1001 ;src/scripts/generate_dungeon.c:176: for (int i=0; i<4; i++) {
    00000479 F8 38            [12] 1002 	ldhl	sp,	#56
    0000047B 7E               [ 8] 1003 	ld	a, (hl)
    0000047C D6 4B            [ 8] 1004 	sub	a, #0x4b
    0000047E 3E 01            [ 8] 1005 	ld	a, #0x01
    00000480 28 01            [12] 1006 	jr	Z, 00219$
    00000482 AF               [ 4] 1007 	xor	a, a
    00000483                       1008 00219$:
    00000483 F8 2D            [12] 1009 	ldhl	sp,	#45
    00000485 77               [ 8] 1010 	ld	(hl), a
    00000486 F8 38            [12] 1011 	ldhl	sp,	#56
    00000488 7E               [ 8] 1012 	ld	a, (hl)
    00000489 D6 54            [ 8] 1013 	sub	a, #0x54
    0000048B 3E 01            [ 8] 1014 	ld	a, #0x01
    0000048D 28 01            [12] 1015 	jr	Z, 00221$
    0000048F AF               [ 4] 1016 	xor	a, a
    00000490                       1017 00221$:
    00000490 F8 2E            [12] 1018 	ldhl	sp,	#46
    00000492 77               [ 8] 1019 	ld	(hl), a
    00000493 AF               [ 4] 1020 	xor	a, a
    00000494 F8 3A            [12] 1021 	ldhl	sp,	#58
    00000496 22               [ 8] 1022 	ld	(hl+), a
    00000497 77               [ 8] 1023 	ld	(hl), a
    00000498                       1024 00125$:
    00000498 F8 3A            [12] 1025 	ldhl	sp,	#58
    0000049A 2A               [ 8] 1026 	ld	a, (hl+)
    0000049B D6 04            [ 8] 1027 	sub	a, #0x04
    0000049D 7E               [ 8] 1028 	ld	a, (hl)
    0000049E DE 00            [ 8] 1029 	sbc	a, #0x00
    000004A0 D2r77r05         [16] 1030 	jp	NC, 00113$
                                   1031 ;src/scripts/generate_dungeon.c:177: for (int j=0; j<4; j++) {
    000004A3 2B               [ 8] 1032 	dec	hl
    000004A4 4E               [ 8] 1033 	ld	c, (hl)
    000004A5 06 00            [ 8] 1034 	ld	b, #0x00
    000004A7 CB 21            [ 8] 1035 	sla	c
    000004A9 CB 10            [ 8] 1036 	rl	b
    000004AB CB 21            [ 8] 1037 	sla	c
    000004AD CB 10            [ 8] 1038 	rl	b
    000004AF 21r00r00         [12] 1039 	ld	hl, #_dungeon
    000004B2 09               [ 8] 1040 	add	hl, bc
    000004B3 E5               [16] 1041 	push	hl
    000004B4 7D               [ 4] 1042 	ld	a, l
    000004B5 F8 31            [12] 1043 	ldhl	sp,	#49
    000004B7 77               [ 8] 1044 	ld	(hl), a
    000004B8 E1               [12] 1045 	pop	hl
    000004B9 7C               [ 4] 1046 	ld	a, h
    000004BA F8 30            [12] 1047 	ldhl	sp,	#48
    000004BC 77               [ 8] 1048 	ld	(hl), a
    000004BD 21r00r00         [12] 1049 	ld	hl, #_dungeon
    000004C0 09               [ 8] 1050 	add	hl, bc
    000004C1 E5               [16] 1051 	push	hl
    000004C2 7D               [ 4] 1052 	ld	a, l
    000004C3 F8 33            [12] 1053 	ldhl	sp,	#51
    000004C5 77               [ 8] 1054 	ld	(hl), a
    000004C6 E1               [12] 1055 	pop	hl
    000004C7 7C               [ 4] 1056 	ld	a, h
    000004C8 F8 32            [12] 1057 	ldhl	sp,	#50
    000004CA 77               [ 8] 1058 	ld	(hl), a
    000004CB F8 3C            [12] 1059 	ldhl	sp,	#60
    000004CD 36 00            [12] 1060 	ld	(hl), #0x00
    000004CF                       1061 00122$:
    000004CF F8 3C            [12] 1062 	ldhl	sp,	#60
    000004D1 7E               [ 8] 1063 	ld	a, (hl)
    000004D2 D6 04            [ 8] 1064 	sub	a, #0x04
    000004D4 D2r71r05         [16] 1065 	jp	NC, 00126$
                                   1066 ;src/scripts/generate_dungeon.c:180: possible_starts[starts_count].x = i;
    000004D7 F8 2C            [12] 1067 	ldhl	sp,	#44
    000004D9 4E               [ 8] 1068 	ld	c, (hl)
    000004DA 06 00            [ 8] 1069 	ld	b, #0x00
    000004DC F8 3A            [12] 1070 	ldhl	sp,	#58
    000004DE 7E               [ 8] 1071 	ld	a, (hl)
    000004DF F8 33            [12] 1072 	ldhl	sp,	#51
    000004E1 77               [ 8] 1073 	ld	(hl), a
                                   1074 ;src/scripts/generate_dungeon.c:181: possible_starts[starts_count].y = j;
    000004E2 F8 3C            [12] 1075 	ldhl	sp,	#60
    000004E4 7E               [ 8] 1076 	ld	a, (hl)
    000004E5 F8 34            [12] 1077 	ldhl	sp,	#52
    000004E7 77               [ 8] 1078 	ld	(hl), a
                                   1079 ;src/scripts/generate_dungeon.c:182: starts_count++;
    000004E8 F8 2C            [12] 1080 	ldhl	sp,	#44
    000004EA 7E               [ 8] 1081 	ld	a, (hl)
    000004EB 3C               [ 4] 1082 	inc	a
    000004EC F8 35            [12] 1083 	ldhl	sp,	#53
                                   1084 ;src/scripts/generate_dungeon.c:180: possible_starts[starts_count].x = i;
    000004EE 22               [ 8] 1085 	ld	(hl+), a
    000004EF CB 21            [ 8] 1086 	sla	c
    000004F1 CB 10            [ 8] 1087 	rl	b
    000004F3 79               [ 4] 1088 	ld	a, c
    000004F4 22               [ 8] 1089 	ld	(hl+), a
    000004F5 70               [ 8] 1090 	ld	(hl), b
                                   1091 ;src/scripts/generate_dungeon.c:178: if (item == 'K') {
    000004F6 F8 2D            [12] 1092 	ldhl	sp,	#45
    000004F8 7E               [ 8] 1093 	ld	a, (hl)
    000004F9 B7               [ 4] 1094 	or	a, a
    000004FA 28 37            [12] 1095 	jr	Z, 00110$
                                   1096 ;src/scripts/generate_dungeon.c:179: if (dungeon[i][j] == zone || dungeon[i][j] == 'S') {
    000004FC F8 2F            [12] 1097 	ldhl	sp,#47
    000004FE 2A               [ 8] 1098 	ld	a, (hl+)
    000004FF 5F               [ 4] 1099 	ld	e, a
    00000500 56               [ 8] 1100 	ld	d, (hl)
    00000501 F8 3C            [12] 1101 	ldhl	sp,	#60
    00000503 6E               [ 8] 1102 	ld	l, (hl)
    00000504 26 00            [ 8] 1103 	ld	h, #0x00
    00000506 19               [ 8] 1104 	add	hl, de
    00000507 4D               [ 4] 1105 	ld	c, l
    00000508 44               [ 4] 1106 	ld	b, h
    00000509 0A               [ 8] 1107 	ld	a, (bc)
    0000050A 4F               [ 4] 1108 	ld	c, a
    0000050B F8 39            [12] 1109 	ldhl	sp,	#57
    0000050D 7E               [ 8] 1110 	ld	a, (hl)
    0000050E 91               [ 4] 1111 	sub	a, c
    0000050F 28 05            [12] 1112 	jr	Z, 00101$
    00000511 79               [ 4] 1113 	ld	a, c
    00000512 D6 53            [ 8] 1114 	sub	a, #0x53
    00000514 20 55            [12] 1115 	jr	NZ, 00123$
    00000516                       1116 00101$:
                                   1117 ;src/scripts/generate_dungeon.c:180: possible_starts[starts_count].x = i;
    00000516 E5               [16] 1118 	push	hl
    00000517 21 02 00         [12] 1119 	ld	hl, #2
    0000051A 39               [ 8] 1120 	add	hl, sp
    0000051B 5D               [ 4] 1121 	ld	e, l
    0000051C 54               [ 4] 1122 	ld	d, h
    0000051D E1               [12] 1123 	pop	hl
    0000051E F8 36            [12] 1124 	ldhl	sp,	#54
    00000520 2A               [ 8] 1125 	ld	a,	(hl+)
    00000521 66               [ 8] 1126 	ld	h, (hl)
    00000522 6F               [ 4] 1127 	ld	l, a
    00000523 19               [ 8] 1128 	add	hl, de
    00000524 4D               [ 4] 1129 	ld	c, l
    00000525 44               [ 4] 1130 	ld	b, h
    00000526 F8 33            [12] 1131 	ldhl	sp,	#51
                                   1132 ;src/scripts/generate_dungeon.c:181: possible_starts[starts_count].y = j;
    00000528 2A               [ 8] 1133 	ld	a, (hl+)
    00000529 02               [ 8] 1134 	ld	(bc), a
    0000052A 03               [ 8] 1135 	inc	bc
                                   1136 ;src/scripts/generate_dungeon.c:182: starts_count++;
    0000052B 2A               [ 8] 1137 	ld	a, (hl+)
    0000052C 02               [ 8] 1138 	ld	(bc), a
    0000052D 7E               [ 8] 1139 	ld	a, (hl)
    0000052E F8 2C            [12] 1140 	ldhl	sp,	#44
    00000530 77               [ 8] 1141 	ld	(hl), a
    00000531 18 38            [12] 1142 	jr	00123$
    00000533                       1143 00110$:
                                   1144 ;src/scripts/generate_dungeon.c:185: else if (item == 'T') {
    00000533 F8 2E            [12] 1145 	ldhl	sp,	#46
    00000535 7E               [ 8] 1146 	ld	a, (hl)
    00000536 B7               [ 4] 1147 	or	a, a
    00000537 28 32            [12] 1148 	jr	Z, 00123$
                                   1149 ;src/scripts/generate_dungeon.c:186: if (dungeon[i][j] == zone || dungeon[i][j] == 'G') {
    00000539 F8 31            [12] 1150 	ldhl	sp,#49
    0000053B 2A               [ 8] 1151 	ld	a, (hl+)
    0000053C 5F               [ 4] 1152 	ld	e, a
    0000053D 56               [ 8] 1153 	ld	d, (hl)
    0000053E F8 3C            [12] 1154 	ldhl	sp,	#60
    00000540 6E               [ 8] 1155 	ld	l, (hl)
    00000541 26 00            [ 8] 1156 	ld	h, #0x00
    00000543 19               [ 8] 1157 	add	hl, de
    00000544 4D               [ 4] 1158 	ld	c, l
    00000545 44               [ 4] 1159 	ld	b, h
    00000546 0A               [ 8] 1160 	ld	a, (bc)
    00000547 F8 39            [12] 1161 	ldhl	sp,	#57
    00000549 BE               [ 8] 1162 	cp	a, (hl)
    0000054A 28 04            [12] 1163 	jr	Z, 00104$
    0000054C D6 47            [ 8] 1164 	sub	a, #0x47
    0000054E 20 1B            [12] 1165 	jr	NZ, 00123$
    00000550                       1166 00104$:
                                   1167 ;src/scripts/generate_dungeon.c:187: possible_starts[starts_count].x = i;
    00000550 E5               [16] 1168 	push	hl
    00000551 21 02 00         [12] 1169 	ld	hl, #2
    00000554 39               [ 8] 1170 	add	hl, sp
    00000555 5D               [ 4] 1171 	ld	e, l
    00000556 54               [ 4] 1172 	ld	d, h
    00000557 E1               [12] 1173 	pop	hl
    00000558 F8 36            [12] 1174 	ldhl	sp,	#54
    0000055A 2A               [ 8] 1175 	ld	a,	(hl+)
    0000055B 66               [ 8] 1176 	ld	h, (hl)
    0000055C 6F               [ 4] 1177 	ld	l, a
    0000055D 19               [ 8] 1178 	add	hl, de
    0000055E 4D               [ 4] 1179 	ld	c, l
    0000055F 44               [ 4] 1180 	ld	b, h
    00000560 F8 33            [12] 1181 	ldhl	sp,	#51
                                   1182 ;src/scripts/generate_dungeon.c:188: possible_starts[starts_count].y = j;
    00000562 2A               [ 8] 1183 	ld	a, (hl+)
    00000563 02               [ 8] 1184 	ld	(bc), a
    00000564 03               [ 8] 1185 	inc	bc
                                   1186 ;src/scripts/generate_dungeon.c:189: starts_count++;
    00000565 2A               [ 8] 1187 	ld	a, (hl+)
    00000566 02               [ 8] 1188 	ld	(bc), a
    00000567 7E               [ 8] 1189 	ld	a, (hl)
    00000568 F8 2C            [12] 1190 	ldhl	sp,	#44
    0000056A 77               [ 8] 1191 	ld	(hl), a
    0000056B                       1192 00123$:
                                   1193 ;src/scripts/generate_dungeon.c:177: for (int j=0; j<4; j++) {
    0000056B F8 3C            [12] 1194 	ldhl	sp,	#60
    0000056D 34               [12] 1195 	inc	(hl)
    0000056E C3rCFr04         [16] 1196 	jp	00122$
    00000571                       1197 00126$:
                                   1198 ;src/scripts/generate_dungeon.c:176: for (int i=0; i<4; i++) {
    00000571 F8 3A            [12] 1199 	ldhl	sp,	#58
    00000573 34               [12] 1200 	inc	(hl)
    00000574 C3r98r04         [16] 1201 	jp	00125$
    00000577                       1202 00113$:
                                   1203 ;src/scripts/generate_dungeon.c:195: shuffle_starts(possible_starts, starts_count);
    00000577 F8 2C            [12] 1204 	ldhl	sp,	#44
    00000579 7E               [ 8] 1205 	ld	a, (hl)
    0000057A 21 00 00         [12] 1206 	ld	hl, #0
    0000057D 39               [ 8] 1207 	add	hl, sp
    0000057E 5D               [ 4] 1208 	ld	e, l
    0000057F 54               [ 4] 1209 	ld	d, h
    00000580 CDrFAr07         [24] 1210 	call	_shuffle_starts
                                   1211 ;src/scripts/generate_dungeon.c:197: for (uint8_t i=0; i<starts_count; i++) {
    00000583 F8 3C            [12] 1212 	ldhl	sp,	#60
    00000585 36 00            [12] 1213 	ld	(hl), #0x00
    00000587                       1214 00128$:
    00000587 F8 3C            [12] 1215 	ldhl	sp,	#60
    00000589 7E               [ 8] 1216 	ld	a, (hl)
    0000058A F8 2C            [12] 1217 	ldhl	sp,	#44
    0000058C 96               [ 8] 1218 	sub	a, (hl)
    0000058D D2rC0r06         [16] 1219 	jp	NC, 00120$
                                   1220 ;src/scripts/generate_dungeon.c:198: Coords start = possible_starts[i];
    00000590 F8 3C            [12] 1221 	ldhl	sp,	#60
    00000592 4E               [ 8] 1222 	ld	c, (hl)
    00000593 06 00            [ 8] 1223 	ld	b, #0x00
    00000595 CB 21            [ 8] 1224 	sla	c
    00000597 CB 10            [ 8] 1225 	rl	b
    00000599 21 00 00         [12] 1226 	ld	hl, #0
    0000059C 39               [ 8] 1227 	add	hl, sp
    0000059D 09               [ 8] 1228 	add	hl, bc
    0000059E 4D               [ 4] 1229 	ld	c, l
    0000059F 44               [ 4] 1230 	ld	b, h
    000005A0 11 02 00         [12] 1231 	ld	de, #0x0002
    000005A3 D5               [16] 1232 	push	de
    000005A4 21 22 00         [12] 1233 	ld	hl, #34
    000005A7 39               [ 8] 1234 	add	hl, sp
    000005A8 5D               [ 4] 1235 	ld	e, l
    000005A9 54               [ 4] 1236 	ld	d, h
    000005AA CDr00r00         [24] 1237 	call	___memcpy
                                   1238 ;src/scripts/generate_dungeon.c:199: Coords dir_branch = find_near_void_cell(start);
    000005AD 21 21 00         [12] 1239 	ld	hl,#0x21
    000005B0 39               [ 8] 1240 	add	hl,sp
    000005B1 3A               [ 8] 1241 	ld	a, (hl-)
    000005B2 47               [ 4] 1242 	ld	b, a
    000005B3 4E               [ 8] 1243 	ld	c, (hl)
    000005B4 C5               [16] 1244 	push	bc
    000005B5 F8 2A            [12] 1245 	ldhl	sp,	#42
    000005B7 E5               [16] 1246 	push	hl
    000005B8 CDrC4r06         [24] 1247 	call	_find_near_void_cell
    000005BB 11 02 00         [12] 1248 	ld	de, #0x0002
    000005BE D5               [16] 1249 	push	de
    000005BF 21 2A 00         [12] 1250 	ld	hl, #42
    000005C2 39               [ 8] 1251 	add	hl, sp
    000005C3 4D               [ 4] 1252 	ld	c, l
    000005C4 44               [ 4] 1253 	ld	b, h
    000005C5 21 24 00         [12] 1254 	ld	hl, #36
    000005C8 39               [ 8] 1255 	add	hl, sp
    000005C9 5D               [ 4] 1256 	ld	e, l
    000005CA 54               [ 4] 1257 	ld	d, h
    000005CB CDr00r00         [24] 1258 	call	___memcpy
                                   1259 ;src/scripts/generate_dungeon.c:200: if (dir_branch.x != 0 || dir_branch.y != 0) {
    000005CE F8 22            [12] 1260 	ldhl	sp,	#34
    000005D0 7E               [ 8] 1261 	ld	a, (hl)
    000005D1 B7               [ 4] 1262 	or	a, a
    000005D2 20 07            [12] 1263 	jr	NZ, 00117$
    000005D4 23               [ 8] 1264 	inc	hl
    000005D5 4E               [ 8] 1265 	ld	c, (hl)
    000005D6 0C               [ 4] 1266 	inc	c
    000005D7 0D               [ 4] 1267 	dec	c
    000005D8 CArBAr06         [16] 1268 	jp	Z, 00129$
    000005DB                       1269 00117$:
                                   1270 ;src/scripts/generate_dungeon.c:201: uint8_t br_x = start.x + dir_branch.x;
    000005DB F8 20            [12] 1271 	ldhl	sp,	#32
    000005DD 4E               [ 8] 1272 	ld	c, (hl)
    000005DE 81               [ 4] 1273 	add	a, c
    000005DF F8 36            [12] 1274 	ldhl	sp,	#54
    000005E1 77               [ 8] 1275 	ld	(hl), a
                                   1276 ;src/scripts/generate_dungeon.c:202: uint8_t br_y = start.y + dir_branch.y;
    000005E2 F8 21            [12] 1277 	ldhl	sp,	#33
    000005E4 2A               [ 8] 1278 	ld	a, (hl+)
    000005E5 23               [ 8] 1279 	inc	hl
    000005E6 4E               [ 8] 1280 	ld	c, (hl)
    000005E7 81               [ 4] 1281 	add	a, c
    000005E8 F8 37            [12] 1282 	ldhl	sp,	#55
                                   1283 ;src/scripts/generate_dungeon.c:203: dungeon[br_x][br_y] = zone;
    000005EA 32               [ 8] 1284 	ld	(hl-), a
    000005EB 4E               [ 8] 1285 	ld	c, (hl)
    000005EC AF               [ 4] 1286 	xor	a, a
    000005ED 69               [ 4] 1287 	ld	l, c
    000005EE 67               [ 4] 1288 	ld	h, a
    000005EF 29               [ 8] 1289 	add	hl, hl
    000005F0 29               [ 8] 1290 	add	hl, hl
    000005F1 7D               [ 4] 1291 	ld	a, l
    000005F2 C6r00            [ 8] 1292 	add	a, #<(_dungeon)
    000005F4 4F               [ 4] 1293 	ld	c, a
    000005F5 7C               [ 4] 1294 	ld	a, h
    000005F6 CEs00            [ 8] 1295 	adc	a, #>(_dungeon)
    000005F8 47               [ 4] 1296 	ld	b, a
    000005F9 F8 37            [12] 1297 	ldhl	sp,	#55
    000005FB 6E               [ 8] 1298 	ld	l, (hl)
    000005FC 26 00            [ 8] 1299 	ld	h, #0x00
    000005FE 09               [ 8] 1300 	add	hl, bc
    000005FF 4D               [ 4] 1301 	ld	c, l
    00000600 44               [ 4] 1302 	ld	b, h
    00000601 F8 39            [12] 1303 	ldhl	sp,	#57
                                   1304 ;src/scripts/generate_dungeon.c:204: add_obstacles(br_x, br_y);
    00000603 3A               [ 8] 1305 	ld	a, (hl-)
    00000604 2B               [ 8] 1306 	dec	hl
    00000605 02               [ 8] 1307 	ld	(bc), a
    00000606 3A               [ 8] 1308 	ld	a, (hl-)
    00000607 5F               [ 4] 1309 	ld	e, a
    00000608 7E               [ 8] 1310 	ld	a, (hl)
    00000609 CDr90r09         [24] 1311 	call	_add_obstacles
                                   1312 ;src/scripts/generate_dungeon.c:205: create_doors(start.x, start.y, br_x, br_y, dir_branch);
    0000060C F8 21            [12] 1313 	ldhl	sp,	#33
    0000060E 3A               [ 8] 1314 	ld	a, (hl-)
    0000060F 4F               [ 4] 1315 	ld	c, a
    00000610 46               [ 8] 1316 	ld	b, (hl)
    00000611 21 23 00         [12] 1317 	ld	hl,#0x23
    00000614 39               [ 8] 1318 	add	hl,sp
    00000615 3A               [ 8] 1319 	ld	a, (hl-)
    00000616 57               [ 4] 1320 	ld	d, a
    00000617 5E               [ 8] 1321 	ld	e, (hl)
    00000618 D5               [16] 1322 	push	de
    00000619 F8 39            [12] 1323 	ldhl	sp,	#57
    0000061B 3A               [ 8] 1324 	ld	a, (hl-)
    0000061C 57               [ 4] 1325 	ld	d, a
    0000061D 5E               [ 8] 1326 	ld	e, (hl)
    0000061E D5               [16] 1327 	push	de
    0000061F 59               [ 4] 1328 	ld	e, c
    00000620 78               [ 4] 1329 	ld	a, b
    00000621 CDr87r08         [24] 1330 	call	_create_doors
                                   1331 ;src/scripts/generate_dungeon.c:206: Coords br = {br_x, br_y};
    00000624 F8 36            [12] 1332 	ldhl	sp,	#54
    00000626 7E               [ 8] 1333 	ld	a, (hl)
    00000627 F8 24            [12] 1334 	ldhl	sp,	#36
    00000629 77               [ 8] 1335 	ld	(hl), a
    0000062A F8 37            [12] 1336 	ldhl	sp,	#55
    0000062C 7E               [ 8] 1337 	ld	a, (hl)
    0000062D F8 25            [12] 1338 	ldhl	sp,	#37
    0000062F 77               [ 8] 1339 	ld	(hl), a
                                   1340 ;src/scripts/generate_dungeon.c:207: Coords final_dir = find_near_void_cell(br);
    00000630 21 25 00         [12] 1341 	ld	hl,#0x25
    00000633 39               [ 8] 1342 	add	hl,sp
    00000634 3A               [ 8] 1343 	ld	a, (hl-)
    00000635 47               [ 4] 1344 	ld	b, a
    00000636 4E               [ 8] 1345 	ld	c, (hl)
    00000637 C5               [16] 1346 	push	bc
    00000638 F8 2C            [12] 1347 	ldhl	sp,	#44
    0000063A E5               [16] 1348 	push	hl
    0000063B CDrC4r06         [24] 1349 	call	_find_near_void_cell
    0000063E 11 02 00         [12] 1350 	ld	de, #0x0002
    00000641 D5               [16] 1351 	push	de
    00000642 21 2C 00         [12] 1352 	ld	hl, #44
    00000645 39               [ 8] 1353 	add	hl, sp
    00000646 4D               [ 4] 1354 	ld	c, l
    00000647 44               [ 4] 1355 	ld	b, h
    00000648 21 28 00         [12] 1356 	ld	hl, #40
    0000064B 39               [ 8] 1357 	add	hl, sp
    0000064C 5D               [ 4] 1358 	ld	e, l
    0000064D 54               [ 4] 1359 	ld	d, h
    0000064E CDr00r00         [24] 1360 	call	___memcpy
                                   1361 ;src/scripts/generate_dungeon.c:208: if (final_dir.x != 0 || final_dir.y != 0) {
    00000651 F8 26            [12] 1362 	ldhl	sp,	#38
    00000653 7E               [ 8] 1363 	ld	a, (hl)
    00000654 F8 3A            [12] 1364 	ldhl	sp,	#58
    00000656 77               [ 8] 1365 	ld	(hl), a
    00000657 F8 27            [12] 1366 	ldhl	sp,	#39
    00000659 7E               [ 8] 1367 	ld	a, (hl)
    0000065A F8 3B            [12] 1368 	ldhl	sp,	#59
    0000065C 32               [ 8] 1369 	ld	(hl-), a
    0000065D 7E               [ 8] 1370 	ld	a, (hl)
    0000065E B7               [ 4] 1371 	or	a, a
    0000065F 20 05            [12] 1372 	jr	NZ, 00114$
    00000661 23               [ 8] 1373 	inc	hl
    00000662 7E               [ 8] 1374 	ld	a, (hl)
    00000663 B7               [ 4] 1375 	or	a, a
    00000664 28 54            [12] 1376 	jr	Z, 00129$
    00000666                       1377 00114$:
                                   1378 ;src/scripts/generate_dungeon.c:209: uint8_t obj_x = br_x + final_dir.x;
    00000666 F8 36            [12] 1379 	ldhl	sp,	#54
    00000668 7E               [ 8] 1380 	ld	a, (hl)
    00000669 F8 3A            [12] 1381 	ldhl	sp,	#58
    0000066B 86               [ 8] 1382 	add	a, (hl)
    0000066C 23               [ 8] 1383 	inc	hl
    0000066D 23               [ 8] 1384 	inc	hl
    0000066E 77               [ 8] 1385 	ld	(hl), a
                                   1386 ;src/scripts/generate_dungeon.c:210: uint8_t obj_y = br_y + final_dir.y;
    0000066F F8 37            [12] 1387 	ldhl	sp,	#55
    00000671 3A               [ 8] 1388 	ld	a, (hl-)
    00000672 2B               [ 8] 1389 	dec	hl
    00000673 77               [ 8] 1390 	ld	(hl), a
    00000674 F8 3B            [12] 1391 	ldhl	sp,	#59
    00000676 86               [ 8] 1392 	add	a, (hl)
                                   1393 ;src/scripts/generate_dungeon.c:211: dungeon[obj_x][obj_y] = item;
    00000677 22               [ 8] 1394 	ld	(hl+), a
    00000678 7E               [ 8] 1395 	ld	a, (hl)
    00000679 F8 34            [12] 1396 	ldhl	sp,	#52
    0000067B 22               [ 8] 1397 	ld	(hl+), a
    0000067C 36 00            [12] 1398 	ld	(hl), #0x00
    0000067E 3E 02            [ 8] 1399 	ld	a, #0x02
    00000680                       1400 00232$:
    00000680 F8 34            [12] 1401 	ldhl	sp,	#52
    00000682 CB 26            [16] 1402 	sla	(hl)
    00000684 23               [ 8] 1403 	inc	hl
    00000685 CB 16            [16] 1404 	rl	(hl)
    00000687 3D               [ 4] 1405 	dec	a
    00000688 20 F6            [12] 1406 	jr	NZ, 00232$
    0000068A 2B               [ 8] 1407 	dec	hl
    0000068B 2A               [ 8] 1408 	ld	a, (hl+)
    0000068C 5F               [ 4] 1409 	ld	e, a
    0000068D 56               [ 8] 1410 	ld	d, (hl)
    0000068E 21r00r00         [12] 1411 	ld	hl, #_dungeon
    00000691 19               [ 8] 1412 	add	hl, de
    00000692 4D               [ 4] 1413 	ld	c, l
    00000693 44               [ 4] 1414 	ld	b, h
    00000694 F8 3B            [12] 1415 	ldhl	sp,	#59
    00000696 6E               [ 8] 1416 	ld	l, (hl)
    00000697 26 00            [ 8] 1417 	ld	h, #0x00
    00000699 09               [ 8] 1418 	add	hl, bc
    0000069A 4D               [ 4] 1419 	ld	c, l
    0000069B 44               [ 4] 1420 	ld	b, h
    0000069C F8 38            [12] 1421 	ldhl	sp,	#56
    0000069E 7E               [ 8] 1422 	ld	a, (hl)
    0000069F 02               [ 8] 1423 	ld	(bc), a
                                   1424 ;src/scripts/generate_dungeon.c:212: create_doors(br_x, br_y, obj_x, obj_y, final_dir);
    000006A0 21 27 00         [12] 1425 	ld	hl,#0x27
    000006A3 39               [ 8] 1426 	add	hl,sp
    000006A4 3A               [ 8] 1427 	ld	a, (hl-)
    000006A5 47               [ 4] 1428 	ld	b, a
    000006A6 4E               [ 8] 1429 	ld	c, (hl)
    000006A7 C5               [16] 1430 	push	bc
    000006A8 F8 3D            [12] 1431 	ldhl	sp,	#61
    000006AA 2A               [ 8] 1432 	ld	a, (hl+)
    000006AB 57               [ 4] 1433 	ld	d, a
    000006AC 5E               [ 8] 1434 	ld	e, (hl)
    000006AD D5               [16] 1435 	push	de
    000006AE F8 3B            [12] 1436 	ldhl	sp,	#59
    000006B0 3A               [ 8] 1437 	ld	a, (hl-)
    000006B1 5F               [ 4] 1438 	ld	e, a
    000006B2 7E               [ 8] 1439 	ld	a, (hl)
    000006B3 CDr87r08         [24] 1440 	call	_create_doors
                                   1441 ;src/scripts/generate_dungeon.c:213: return 1;
    000006B6 3E 01            [ 8] 1442 	ld	a, #0x01
    000006B8 18 07            [12] 1443 	jr	00130$
    000006BA                       1444 00129$:
                                   1445 ;src/scripts/generate_dungeon.c:197: for (uint8_t i=0; i<starts_count; i++) {
    000006BA F8 3C            [12] 1446 	ldhl	sp,	#60
    000006BC 34               [12] 1447 	inc	(hl)
    000006BD C3r87r05         [16] 1448 	jp	00128$
    000006C0                       1449 00120$:
                                   1450 ;src/scripts/generate_dungeon.c:217: return 0;
    000006C0 AF               [ 4] 1451 	xor	a, a
    000006C1                       1452 00130$:
                                   1453 ;src/scripts/generate_dungeon.c:218: }
    000006C1 E8 3D            [16] 1454 	add	sp, #61
    000006C3 C9               [16] 1455 	ret
                                   1456 ;src/scripts/generate_dungeon.c:220: Coords find_near_void_cell(Coords start) {
                                   1457 ;	---------------------------------
                                   1458 ; Function find_near_void_cell
                                   1459 ; ---------------------------------
    000006C4                       1460 _find_near_void_cell::
    000006C4 E8 ED            [16] 1461 	add	sp, #-19
                                   1462 ;src/scripts/generate_dungeon.c:221: Coords dirs[4] = {{0 , -1}, {1 , 0}, {0 , 1}, {-1 , 0}};
    000006C6 F8 02            [12] 1463 	ldhl	sp,	#2
    000006C8 AF               [ 4] 1464 	xor	a, a
    000006C9 22               [ 8] 1465 	ld	(hl+), a
    000006CA 3E FF            [ 8] 1466 	ld	a, #0xff
    000006CC 22               [ 8] 1467 	ld	(hl+), a
    000006CD 3E 01            [ 8] 1468 	ld	a, #0x01
    000006CF 22               [ 8] 1469 	ld	(hl+), a
    000006D0 AF               [ 4] 1470 	xor	a, a
    000006D1 22               [ 8] 1471 	ld	(hl+), a
    000006D2 22               [ 8] 1472 	ld	(hl+), a
    000006D3 3E 01            [ 8] 1473 	ld	a, #0x01
    000006D5 22               [ 8] 1474 	ld	(hl+), a
    000006D6 3E FF            [ 8] 1475 	ld	a, #0xff
    000006D8 22               [ 8] 1476 	ld	(hl+), a
                                   1477 ;src/scripts/generate_dungeon.c:222: Coords fail = {0 , 0};
    000006D9 AF               [ 4] 1478 	xor	a, a
    000006DA 22               [ 8] 1479 	ld	(hl+), a
    000006DB 22               [ 8] 1480 	ld	(hl+), a
    000006DC 36 00            [12] 1481 	ld	(hl), #0x00
                                   1482 ;src/scripts/generate_dungeon.c:225: for (uint8_t i = 3; i > 0; i--) {
    000006DE F8 12            [12] 1483 	ldhl	sp,	#18
    000006E0 36 03            [12] 1484 	ld	(hl), #0x03
    000006E2                       1485 00111$:
    000006E2 F8 12            [12] 1486 	ldhl	sp,	#18
    000006E4 7E               [ 8] 1487 	ld	a, (hl)
    000006E5 B7               [ 4] 1488 	or	a, a
    000006E6 28 65            [12] 1489 	jr	Z, 00126$
                                   1490 ;src/scripts/generate_dungeon.c:226: uint8_t j = arand() % (i+1);
    000006E8 CDr00r00         [24] 1491 	call	_arand
    000006EB F8 12            [12] 1492 	ldhl	sp,	#18
    000006ED 7E               [ 8] 1493 	ld	a, (hl)
    000006EE F8 0F            [12] 1494 	ldhl	sp,	#15
    000006F0 22               [ 8] 1495 	ld	(hl+), a
    000006F1 AF               [ 4] 1496 	xor	a, a
    000006F2 32               [ 8] 1497 	ld	(hl-), a
    000006F3 4E               [ 8] 1498 	ld	c, (hl)
    000006F4 06 00            [ 8] 1499 	ld	b, #0x00
    000006F6 03               [ 8] 1500 	inc	bc
    000006F7 AF               [ 4] 1501 	xor	a, a
    000006F8 57               [ 4] 1502 	ld	d, a
    000006F9 CDr00r00         [24] 1503 	call	__modsint
    000006FC F8 11            [12] 1504 	ldhl	sp,	#17
                                   1505 ;src/scripts/generate_dungeon.c:227: Coords temp = dirs[i];
    000006FE 79               [ 4] 1506 	ld	a, c
    000006FF 32               [ 8] 1507 	ld	(hl-), a
    00000700 2B               [ 8] 1508 	dec	hl
    00000701 4E               [ 8] 1509 	ld	c, (hl)
    00000702 06 00            [ 8] 1510 	ld	b, #0x00
    00000704 CB 21            [ 8] 1511 	sla	c
    00000706 CB 10            [ 8] 1512 	rl	b
    00000708 21 02 00         [12] 1513 	ld	hl, #2
    0000070B 39               [ 8] 1514 	add	hl, sp
    0000070C 09               [ 8] 1515 	add	hl, bc
    0000070D 5D               [ 4] 1516 	ld	e, l
    0000070E 54               [ 4] 1517 	ld	d, h
    0000070F D5               [16] 1518 	push	de
    00000710 01 02 00         [12] 1519 	ld	bc, #0x0002
    00000713 C5               [16] 1520 	push	bc
    00000714 4B               [ 4] 1521 	ld	c, e
    00000715 42               [ 4] 1522 	ld	b, d
    00000716 21 10 00         [12] 1523 	ld	hl, #16
    00000719 39               [ 8] 1524 	add	hl, sp
    0000071A 5D               [ 4] 1525 	ld	e, l
    0000071B 54               [ 4] 1526 	ld	d, h
    0000071C CDr00r00         [24] 1527 	call	___memcpy
    0000071F D1               [12] 1528 	pop	de
                                   1529 ;src/scripts/generate_dungeon.c:228: dirs[i] = dirs[j];
    00000720 F8 11            [12] 1530 	ldhl	sp,	#17
    00000722 4E               [ 8] 1531 	ld	c, (hl)
    00000723 AF               [ 4] 1532 	xor	a, a
    00000724 47               [ 4] 1533 	ld	b, a
    00000725 CB 21            [ 8] 1534 	sla	c
    00000727 CB 10            [ 8] 1535 	rl	b
    00000729 21 02 00         [12] 1536 	ld	hl, #2
    0000072C 39               [ 8] 1537 	add	hl, sp
    0000072D 09               [ 8] 1538 	add	hl, bc
    0000072E E5               [16] 1539 	push	hl
    0000072F 01 02 00         [12] 1540 	ld	bc, #0x0002
    00000732 C5               [16] 1541 	push	bc
    00000733 4D               [ 4] 1542 	ld	c, l
    00000734 44               [ 4] 1543 	ld	b, h
    00000735 CDr00r00         [24] 1544 	call	___memcpy
    00000738 E1               [12] 1545 	pop	hl
                                   1546 ;src/scripts/generate_dungeon.c:229: dirs[j] = temp;
    00000739 11 02 00         [12] 1547 	ld	de, #0x0002
    0000073C D5               [16] 1548 	push	de
    0000073D E5               [16] 1549 	push	hl
    0000073E 21 10 00         [12] 1550 	ld	hl, #16
    00000741 39               [ 8] 1551 	add	hl, sp
    00000742 4D               [ 4] 1552 	ld	c, l
    00000743 44               [ 4] 1553 	ld	b, h
    00000744 D1               [12] 1554 	pop	de
    00000745 CDr00r00         [24] 1555 	call	___memcpy
                                   1556 ;src/scripts/generate_dungeon.c:225: for (uint8_t i = 3; i > 0; i--) {
    00000748 F8 12            [12] 1557 	ldhl	sp,	#18
    0000074A 35               [12] 1558 	dec	(hl)
    0000074B 18 95            [12] 1559 	jr	00111$
                                   1560 ;src/scripts/generate_dungeon.c:232: for (uint8_t i = 0; i < 4; i++) {
    0000074D                       1561 00126$:
    0000074D F8 12            [12] 1562 	ldhl	sp,	#18
    0000074F 36 00            [12] 1563 	ld	(hl), #0x00
    00000751                       1564 00114$:
    00000751 F8 12            [12] 1565 	ldhl	sp,	#18
    00000753 7E               [ 8] 1566 	ld	a, (hl)
    00000754 D6 04            [ 8] 1567 	sub	a, #0x04
    00000756 D2rE8r07         [16] 1568 	jp	NC, 00109$
                                   1569 ;src/scripts/generate_dungeon.c:233: Coords dir = dirs[i];
    00000759 4E               [ 8] 1570 	ld	c, (hl)
    0000075A AF               [ 4] 1571 	xor	a, a
    0000075B 47               [ 4] 1572 	ld	b, a
    0000075C CB 21            [ 8] 1573 	sla	c
    0000075E CB 10            [ 8] 1574 	rl	b
    00000760 21 02 00         [12] 1575 	ld	hl, #2
    00000763 39               [ 8] 1576 	add	hl, sp
    00000764 09               [ 8] 1577 	add	hl, bc
    00000765 4D               [ 4] 1578 	ld	c, l
    00000766 44               [ 4] 1579 	ld	b, h
    00000767 11 02 00         [12] 1580 	ld	de, #0x0002
    0000076A D5               [16] 1581 	push	de
    0000076B 21 0E 00         [12] 1582 	ld	hl, #14
    0000076E 39               [ 8] 1583 	add	hl, sp
    0000076F 5D               [ 4] 1584 	ld	e, l
    00000770 54               [ 4] 1585 	ld	d, h
    00000771 CDr00r00         [24] 1586 	call	___memcpy
                                   1587 ;src/scripts/generate_dungeon.c:234: uint8_t nx = start.x + dir.x;
    00000774 F8 17            [12] 1588 	ldhl	sp,	#23
    00000776 7E               [ 8] 1589 	ld	a, (hl)
    00000777 F8 0C            [12] 1590 	ldhl	sp,	#12
    00000779 4E               [ 8] 1591 	ld	c, (hl)
    0000077A 81               [ 4] 1592 	add	a, c
    0000077B 4F               [ 4] 1593 	ld	c, a
                                   1594 ;src/scripts/generate_dungeon.c:235: uint8_t ny = start.y + dir.y;
    0000077C F8 18            [12] 1595 	ldhl	sp,	#24
    0000077E 7E               [ 8] 1596 	ld	a, (hl)
    0000077F F8 0D            [12] 1597 	ldhl	sp,	#13
    00000781 46               [ 8] 1598 	ld	b, (hl)
    00000782 80               [ 4] 1599 	add	a, b
    00000783 F8 11            [12] 1600 	ldhl	sp,	#17
    00000785 77               [ 8] 1601 	ld	(hl), a
                                   1602 ;src/scripts/generate_dungeon.c:236: if (nx >= 0 && nx < 4 && ny >= 0 && ny < 4) {
    00000786 79               [ 4] 1603 	ld	a, c
    00000787 D6 04            [ 8] 1604 	sub	a, #0x04
    00000789 30 57            [12] 1605 	jr	NC, 00115$
    0000078B 7E               [ 8] 1606 	ld	a, (hl)
    0000078C D6 04            [ 8] 1607 	sub	a, #0x04
    0000078E 30 52            [12] 1608 	jr	NC, 00115$
                                   1609 ;src/scripts/generate_dungeon.c:237: if (dungeon[nx][ny] == '0') {
    00000790 2B               [ 8] 1610 	dec	hl
    00000791 2B               [ 8] 1611 	dec	hl
    00000792 79               [ 4] 1612 	ld	a, c
    00000793 22               [ 8] 1613 	ld	(hl+), a
    00000794 AF               [ 4] 1614 	xor	a, a
    00000795 32               [ 8] 1615 	ld	(hl-), a
    00000796 7E               [ 8] 1616 	ld	a, (hl)
    00000797 F8 00            [12] 1617 	ldhl	sp,	#0
    00000799 22               [ 8] 1618 	ld	(hl+), a
    0000079A 36 00            [12] 1619 	ld	(hl), #0x00
    0000079C 3E 02            [ 8] 1620 	ld	a, #0x02
    0000079E                       1621 00173$:
    0000079E F8 00            [12] 1622 	ldhl	sp,	#0
    000007A0 CB 26            [16] 1623 	sla	(hl)
    000007A2 23               [ 8] 1624 	inc	hl
    000007A3 CB 16            [16] 1625 	rl	(hl)
    000007A5 3D               [ 4] 1626 	dec	a
    000007A6 20 F6            [12] 1627 	jr	NZ, 00173$
    000007A8 D1               [12] 1628 	pop	de
    000007A9 D5               [16] 1629 	push	de
    000007AA 21r00r00         [12] 1630 	ld	hl, #_dungeon
    000007AD 19               [ 8] 1631 	add	hl, de
    000007AE E5               [16] 1632 	push	hl
    000007AF 7D               [ 4] 1633 	ld	a, l
    000007B0 F8 10            [12] 1634 	ldhl	sp,	#16
    000007B2 77               [ 8] 1635 	ld	(hl), a
    000007B3 E1               [12] 1636 	pop	hl
    000007B4 7C               [ 4] 1637 	ld	a, h
    000007B5 F8 0F            [12] 1638 	ldhl	sp,	#15
    000007B7 32               [ 8] 1639 	ld	(hl-), a
    000007B8 2A               [ 8] 1640 	ld	a, (hl+)
    000007B9 5F               [ 4] 1641 	ld	e, a
    000007BA 2A               [ 8] 1642 	ld	a, (hl+)
    000007BB 23               [ 8] 1643 	inc	hl
    000007BC 57               [ 4] 1644 	ld	d, a
    000007BD 6E               [ 8] 1645 	ld	l, (hl)
    000007BE 26 00            [ 8] 1646 	ld	h, #0x00
    000007C0 19               [ 8] 1647 	add	hl, de
    000007C1 E5               [16] 1648 	push	hl
    000007C2 7D               [ 4] 1649 	ld	a, l
    000007C3 F8 12            [12] 1650 	ldhl	sp,	#18
    000007C5 77               [ 8] 1651 	ld	(hl), a
    000007C6 E1               [12] 1652 	pop	hl
    000007C7 7C               [ 4] 1653 	ld	a, h
    000007C8 F8 11            [12] 1654 	ldhl	sp,	#17
    000007CA 32               [ 8] 1655 	ld	(hl-), a
    000007CB 2A               [ 8] 1656 	ld	a, (hl+)
    000007CC 5F               [ 4] 1657 	ld	e, a
    000007CD 56               [ 8] 1658 	ld	d, (hl)
    000007CE 1A               [ 8] 1659 	ld	a, (de)
    000007CF 77               [ 8] 1660 	ld	(hl), a
    000007D0 D6 30            [ 8] 1661 	sub	a, #0x30
    000007D2 20 0E            [12] 1662 	jr	NZ, 00115$
                                   1663 ;src/scripts/generate_dungeon.c:238: return dir;
    000007D4 F8 15            [12] 1664 	ldhl	sp,	#21
    000007D6 2A               [ 8] 1665 	ld	a, (hl+)
    000007D7 4F               [ 4] 1666 	ld	c, a
    000007D8 46               [ 8] 1667 	ld	b, (hl)
    000007D9 F8 0C            [12] 1668 	ldhl	sp,	#12
    000007DB 2A               [ 8] 1669 	ld	a, (hl+)
    000007DC 02               [ 8] 1670 	ld	(bc), a
    000007DD 03               [ 8] 1671 	inc	bc
    000007DE 7E               [ 8] 1672 	ld	a, (hl)
    000007DF 02               [ 8] 1673 	ld	(bc), a
    000007E0 18 12            [12] 1674 	jr	00116$
    000007E2                       1675 00115$:
                                   1676 ;src/scripts/generate_dungeon.c:232: for (uint8_t i = 0; i < 4; i++) {
    000007E2 F8 12            [12] 1677 	ldhl	sp,	#18
    000007E4 34               [12] 1678 	inc	(hl)
    000007E5 C3r51r07         [16] 1679 	jp	00114$
    000007E8                       1680 00109$:
                                   1681 ;src/scripts/generate_dungeon.c:242: return fail;
    000007E8 F8 15            [12] 1682 	ldhl	sp,	#21
    000007EA 2A               [ 8] 1683 	ld	a, (hl+)
    000007EB 4F               [ 4] 1684 	ld	c, a
    000007EC 46               [ 8] 1685 	ld	b, (hl)
    000007ED F8 0A            [12] 1686 	ldhl	sp,	#10
    000007EF 2A               [ 8] 1687 	ld	a, (hl+)
    000007F0 02               [ 8] 1688 	ld	(bc), a
    000007F1 03               [ 8] 1689 	inc	bc
    000007F2 7E               [ 8] 1690 	ld	a, (hl)
    000007F3 02               [ 8] 1691 	ld	(bc), a
    000007F4                       1692 00116$:
                                   1693 ;src/scripts/generate_dungeon.c:243: }
    000007F4 E8 13            [16] 1694 	add	sp, #19
    000007F6 E1               [12] 1695 	pop	hl
    000007F7 E8 04            [16] 1696 	add	sp, #4
    000007F9 E9               [ 4] 1697 	jp	(hl)
                                   1698 ;src/scripts/generate_dungeon.c:246: void shuffle_starts(Coords possible_starts[], uint8_t starts_count) {
                                   1699 ;	---------------------------------
                                   1700 ; Function shuffle_starts
                                   1701 ; ---------------------------------
    000007FA                       1702 _shuffle_starts::
    000007FA E8 F8            [16] 1703 	add	sp, #-8
    000007FC F8 05            [12] 1704 	ldhl	sp,	#5
    000007FE 73               [ 8] 1705 	ld	(hl), e
    000007FF 23               [ 8] 1706 	inc	hl
    00000800 72               [ 8] 1707 	ld	(hl), d
    00000801 2B               [ 8] 1708 	dec	hl
    00000802 2B               [ 8] 1709 	dec	hl
                                   1710 ;src/scripts/generate_dungeon.c:247: if (starts_count < 2) {
    00000803 77               [ 8] 1711 	ld	(hl), a
    00000804 D6 02            [ 8] 1712 	sub	a, #0x02
                                   1713 ;src/scripts/generate_dungeon.c:248: return;
    00000806 38 7C            [12] 1714 	jr	C, 00107$
                                   1715 ;src/scripts/generate_dungeon.c:250: for (uint8_t i = starts_count - 1; i > 0; i--) {
    00000808 F8 04            [12] 1716 	ldhl	sp,	#4
    0000080A 7E               [ 8] 1717 	ld	a, (hl)
    0000080B 3D               [ 4] 1718 	dec	a
    0000080C F8 07            [12] 1719 	ldhl	sp,	#7
    0000080E 77               [ 8] 1720 	ld	(hl), a
    0000080F                       1721 00105$:
    0000080F F8 07            [12] 1722 	ldhl	sp,	#7
    00000811 7E               [ 8] 1723 	ld	a, (hl)
    00000812 B7               [ 4] 1724 	or	a, a
    00000813 28 6F            [12] 1725 	jr	Z, 00107$
                                   1726 ;src/scripts/generate_dungeon.c:251: uint8_t j = arand() % (i+1);
    00000815 CDr00r00         [24] 1727 	call	_arand
    00000818 7B               [ 4] 1728 	ld	a, e
    00000819 F8 07            [12] 1729 	ldhl	sp,	#7
    0000081B 5E               [ 8] 1730 	ld	e, (hl)
    0000081C 16 00            [ 8] 1731 	ld	d, #0x00
    0000081E 4B               [ 4] 1732 	ld	c, e
    0000081F 42               [ 4] 1733 	ld	b, d
    00000820 03               [ 8] 1734 	inc	bc
    00000821 2E 00            [ 8] 1735 	ld	l, #0x00
    00000823 D5               [16] 1736 	push	de
    00000824 5F               [ 4] 1737 	ld	e, a
    00000825 55               [ 4] 1738 	ld	d, l
    00000826 CDr00r00         [24] 1739 	call	__modsint
    00000829 D1               [12] 1740 	pop	de
    0000082A F8 03            [12] 1741 	ldhl	sp,	#3
                                   1742 ;src/scripts/generate_dungeon.c:252: Coords temp = possible_starts[i];
    0000082C 79               [ 4] 1743 	ld	a, c
    0000082D 22               [ 8] 1744 	ld	(hl+), a
    0000082E 23               [ 8] 1745 	inc	hl
    0000082F CB 23            [ 8] 1746 	sla	e
    00000831 CB 12            [ 8] 1747 	rl	d
    00000833 2A               [ 8] 1748 	ld	a,	(hl+)
    00000834 66               [ 8] 1749 	ld	h, (hl)
    00000835 6F               [ 4] 1750 	ld	l, a
    00000836 19               [ 8] 1751 	add	hl, de
    00000837 5D               [ 4] 1752 	ld	e, l
    00000838 54               [ 4] 1753 	ld	d, h
    00000839 D5               [16] 1754 	push	de
    0000083A 01 02 00         [12] 1755 	ld	bc, #0x0002
    0000083D C5               [16] 1756 	push	bc
    0000083E 4B               [ 4] 1757 	ld	c, e
    0000083F 42               [ 4] 1758 	ld	b, d
    00000840 21 04 00         [12] 1759 	ld	hl, #4
    00000843 39               [ 8] 1760 	add	hl, sp
    00000844 5D               [ 4] 1761 	ld	e, l
    00000845 54               [ 4] 1762 	ld	d, h
    00000846 CDr00r00         [24] 1763 	call	___memcpy
    00000849 D1               [12] 1764 	pop	de
                                   1765 ;src/scripts/generate_dungeon.c:253: possible_starts[i] = possible_starts[j];
    0000084A F8 03            [12] 1766 	ldhl	sp,	#3
    0000084C 2A               [ 8] 1767 	ld	a, (hl+)
    0000084D 23               [ 8] 1768 	inc	hl
    0000084E 4F               [ 4] 1769 	ld	c, a
    0000084F AF               [ 4] 1770 	xor	a, a
    00000850 47               [ 4] 1771 	ld	b, a
    00000851 CB 21            [ 8] 1772 	sla	c
    00000853 CB 10            [ 8] 1773 	rl	b
    00000855 2A               [ 8] 1774 	ld	a,	(hl+)
    00000856 66               [ 8] 1775 	ld	h, (hl)
    00000857 6F               [ 4] 1776 	ld	l, a
    00000858 09               [ 8] 1777 	add	hl, bc
    00000859 E5               [16] 1778 	push	hl
    0000085A 7D               [ 4] 1779 	ld	a, l
    0000085B F8 04            [12] 1780 	ldhl	sp,	#4
    0000085D 77               [ 8] 1781 	ld	(hl), a
    0000085E E1               [12] 1782 	pop	hl
    0000085F 7C               [ 4] 1783 	ld	a, h
    00000860 F8 03            [12] 1784 	ldhl	sp,	#3
    00000862 32               [ 8] 1785 	ld	(hl-), a
    00000863 01 02 00         [12] 1786 	ld	bc, #0x0002
    00000866 C5               [16] 1787 	push	bc
    00000867 2A               [ 8] 1788 	ld	a, (hl+)
    00000868 4F               [ 4] 1789 	ld	c, a
    00000869 46               [ 8] 1790 	ld	b, (hl)
    0000086A CDr00r00         [24] 1791 	call	___memcpy
                                   1792 ;src/scripts/generate_dungeon.c:254: possible_starts[j] = temp;
    0000086D 11 02 00         [12] 1793 	ld	de, #0x0002
    00000870 D5               [16] 1794 	push	de
    00000871 21 02 00         [12] 1795 	ld	hl, #2
    00000874 39               [ 8] 1796 	add	hl, sp
    00000875 4D               [ 4] 1797 	ld	c, l
    00000876 44               [ 4] 1798 	ld	b, h
    00000877 F8 04            [12] 1799 	ldhl	sp,	#4
    00000879 2A               [ 8] 1800 	ld	a, (hl+)
    0000087A 5F               [ 4] 1801 	ld	e, a
    0000087B 56               [ 8] 1802 	ld	d, (hl)
    0000087C CDr00r00         [24] 1803 	call	___memcpy
                                   1804 ;src/scripts/generate_dungeon.c:250: for (uint8_t i = starts_count - 1; i > 0; i--) {
    0000087F F8 07            [12] 1805 	ldhl	sp,	#7
    00000881 35               [12] 1806 	dec	(hl)
    00000882 18 8B            [12] 1807 	jr	00105$
    00000884                       1808 00107$:
                                   1809 ;src/scripts/generate_dungeon.c:256: }
    00000884 E8 08            [16] 1810 	add	sp, #8
    00000886 C9               [16] 1811 	ret
                                   1812 ;src/scripts/generate_dungeon.c:258: void create_doors(uint8_t x1, uint8_t y1, uint8_t x2, uint8_t y2, Coords dir) {
                                   1813 ;	---------------------------------
                                   1814 ; Function create_doors
                                   1815 ; ---------------------------------
    00000887                       1816 _create_doors::
    00000887 E8 FC            [16] 1817 	add	sp, #-4
    00000889 4F               [ 4] 1818 	ld	c, a
    0000088A F8 03            [12] 1819 	ldhl	sp,	#3
    0000088C 73               [ 8] 1820 	ld	(hl), e
                                   1821 ;src/scripts/generate_dungeon.c:259: if (dir.x == 0 && dir.y == -1) {
    0000088D F8 08            [12] 1822 	ldhl	sp,	#8
    0000088F 7E               [ 8] 1823 	ld	a, (hl)
    00000890 F8 00            [12] 1824 	ldhl	sp,	#0
    00000892 77               [ 8] 1825 	ld	(hl), a
                                   1826 ;src/scripts/generate_dungeon.c:260: doors[x1][y1] |= NORD;
    00000893 06 00            [ 8] 1827 	ld	b, #0x00
                                   1828 ;src/scripts/generate_dungeon.c:261: doors[x2][y2] |= SUD;
    00000895 F8 06            [12] 1829 	ldhl	sp,	#6
    00000897 5E               [ 8] 1830 	ld	e, (hl)
    00000898 16 00            [ 8] 1831 	ld	d, #0x00
                                   1832 ;src/scripts/generate_dungeon.c:260: doors[x1][y1] |= NORD;
    0000089A CB 21            [ 8] 1833 	sla	c
    0000089C CB 10            [ 8] 1834 	rl	b
    0000089E CB 21            [ 8] 1835 	sla	c
    000008A0 CB 10            [ 8] 1836 	rl	b
                                   1837 ;src/scripts/generate_dungeon.c:261: doors[x2][y2] |= SUD;
    000008A2 CB 23            [ 8] 1838 	sla	e
    000008A4 CB 12            [ 8] 1839 	rl	d
    000008A6 CB 23            [ 8] 1840 	sla	e
    000008A8 CB 12            [ 8] 1841 	rl	d
    000008AA F8 01            [12] 1842 	ldhl	sp,	#1
    000008AC 7B               [ 4] 1843 	ld	a, e
    000008AD 22               [ 8] 1844 	ld	(hl+), a
                                   1845 ;src/scripts/generate_dungeon.c:259: if (dir.x == 0 && dir.y == -1) {
    000008AE 7A               [ 4] 1846 	ld	a, d
    000008AF 32               [ 8] 1847 	ld	(hl-), a
    000008B0 2B               [ 8] 1848 	dec	hl
    000008B1 7E               [ 8] 1849 	ld	a, (hl)
    000008B2 B7               [ 4] 1850 	or	a, a
    000008B3 20 32            [12] 1851 	jr	NZ, 00113$
    000008B5 F8 09            [12] 1852 	ldhl	sp,	#9
    000008B7 7E               [ 8] 1853 	ld	a, (hl)
    000008B8 3C               [ 4] 1854 	inc	a
    000008B9 20 2C            [12] 1855 	jr	NZ, 00113$
                                   1856 ;src/scripts/generate_dungeon.c:260: doors[x1][y1] |= NORD;
    000008BB 11r10r00         [12] 1857 	ld	de, #_doors+0
    000008BE 7B               [ 4] 1858 	ld	a, e
    000008BF 81               [ 4] 1859 	add	a, c
    000008C0 4F               [ 4] 1860 	ld	c, a
    000008C1 7A               [ 4] 1861 	ld	a, d
    000008C2 88               [ 4] 1862 	adc	a, b
    000008C3 47               [ 4] 1863 	ld	b, a
    000008C4 F8 03            [12] 1864 	ldhl	sp,	#3
    000008C6 6E               [ 8] 1865 	ld	l, (hl)
    000008C7 26 00            [ 8] 1866 	ld	h, #0x00
    000008C9 09               [ 8] 1867 	add	hl, bc
    000008CA 4D               [ 4] 1868 	ld	c, l
    000008CB 44               [ 4] 1869 	ld	b, h
    000008CC 0A               [ 8] 1870 	ld	a, (bc)
    000008CD CB C7            [ 8] 1871 	set	0, a
    000008CF 02               [ 8] 1872 	ld	(bc), a
                                   1873 ;src/scripts/generate_dungeon.c:261: doors[x2][y2] |= SUD;
    000008D0 F8 01            [12] 1874 	ldhl	sp,	#1
    000008D2 2A               [ 8] 1875 	ld	a,	(hl+)
    000008D3 66               [ 8] 1876 	ld	h, (hl)
    000008D4 6F               [ 4] 1877 	ld	l, a
    000008D5 19               [ 8] 1878 	add	hl, de
    000008D6 4D               [ 4] 1879 	ld	c, l
    000008D7 44               [ 4] 1880 	ld	b, h
    000008D8 F8 07            [12] 1881 	ldhl	sp,	#7
    000008DA 6E               [ 8] 1882 	ld	l, (hl)
    000008DB 26 00            [ 8] 1883 	ld	h, #0x00
    000008DD 09               [ 8] 1884 	add	hl, bc
    000008DE 4D               [ 4] 1885 	ld	c, l
    000008DF 44               [ 4] 1886 	ld	b, h
    000008E0 0A               [ 8] 1887 	ld	a, (bc)
    000008E1 CB D7            [ 8] 1888 	set	2, a
    000008E3 02               [ 8] 1889 	ld	(bc), a
    000008E4 C3r8Ar09         [16] 1890 	jp	00116$
    000008E7                       1891 00113$:
                                   1892 ;src/scripts/generate_dungeon.c:263: else if (dir.x == 1 && dir.y == 0) {
    000008E7 F8 00            [12] 1893 	ldhl	sp,	#0
    000008E9 7E               [ 8] 1894 	ld	a, (hl)
    000008EA 3D               [ 4] 1895 	dec	a
    000008EB 20 31            [12] 1896 	jr	NZ, 00109$
    000008ED F8 09            [12] 1897 	ldhl	sp,	#9
    000008EF 7E               [ 8] 1898 	ld	a, (hl)
    000008F0 B7               [ 4] 1899 	or	a, a
    000008F1 20 2B            [12] 1900 	jr	NZ, 00109$
                                   1901 ;src/scripts/generate_dungeon.c:264: doors[x1][y1] |= EST;
    000008F3 11r10r00         [12] 1902 	ld	de, #_doors+0
    000008F6 7B               [ 4] 1903 	ld	a, e
    000008F7 81               [ 4] 1904 	add	a, c
    000008F8 4F               [ 4] 1905 	ld	c, a
    000008F9 7A               [ 4] 1906 	ld	a, d
    000008FA 88               [ 4] 1907 	adc	a, b
    000008FB 47               [ 4] 1908 	ld	b, a
    000008FC F8 03            [12] 1909 	ldhl	sp,	#3
    000008FE 6E               [ 8] 1910 	ld	l, (hl)
    000008FF 26 00            [ 8] 1911 	ld	h, #0x00
    00000901 09               [ 8] 1912 	add	hl, bc
    00000902 4D               [ 4] 1913 	ld	c, l
    00000903 44               [ 4] 1914 	ld	b, h
    00000904 0A               [ 8] 1915 	ld	a, (bc)
    00000905 CB CF            [ 8] 1916 	set	1, a
    00000907 02               [ 8] 1917 	ld	(bc), a
                                   1918 ;src/scripts/generate_dungeon.c:265: doors[x2][y2] |= OVEST;
    00000908 F8 01            [12] 1919 	ldhl	sp,	#1
    0000090A 2A               [ 8] 1920 	ld	a,	(hl+)
    0000090B 66               [ 8] 1921 	ld	h, (hl)
    0000090C 6F               [ 4] 1922 	ld	l, a
    0000090D 19               [ 8] 1923 	add	hl, de
    0000090E 4D               [ 4] 1924 	ld	c, l
    0000090F 44               [ 4] 1925 	ld	b, h
    00000910 F8 07            [12] 1926 	ldhl	sp,	#7
    00000912 6E               [ 8] 1927 	ld	l, (hl)
    00000913 26 00            [ 8] 1928 	ld	h, #0x00
    00000915 09               [ 8] 1929 	add	hl, bc
    00000916 4D               [ 4] 1930 	ld	c, l
    00000917 44               [ 4] 1931 	ld	b, h
    00000918 0A               [ 8] 1932 	ld	a, (bc)
    00000919 CB DF            [ 8] 1933 	set	3, a
    0000091B 02               [ 8] 1934 	ld	(bc), a
    0000091C 18 6C            [12] 1935 	jr	00116$
    0000091E                       1936 00109$:
                                   1937 ;src/scripts/generate_dungeon.c:267: else if (dir.x == 0 && dir.y == 1) {
    0000091E F8 00            [12] 1938 	ldhl	sp,	#0
    00000920 7E               [ 8] 1939 	ld	a, (hl)
    00000921 B7               [ 4] 1940 	or	a, a
    00000922 20 31            [12] 1941 	jr	NZ, 00105$
    00000924 F8 09            [12] 1942 	ldhl	sp,	#9
    00000926 7E               [ 8] 1943 	ld	a, (hl)
    00000927 3D               [ 4] 1944 	dec	a
    00000928 20 2B            [12] 1945 	jr	NZ, 00105$
                                   1946 ;src/scripts/generate_dungeon.c:268: doors[x1][y1] |= SUD;
    0000092A 11r10r00         [12] 1947 	ld	de, #_doors+0
    0000092D 7B               [ 4] 1948 	ld	a, e
    0000092E 81               [ 4] 1949 	add	a, c
    0000092F 4F               [ 4] 1950 	ld	c, a
    00000930 7A               [ 4] 1951 	ld	a, d
    00000931 88               [ 4] 1952 	adc	a, b
    00000932 47               [ 4] 1953 	ld	b, a
    00000933 F8 03            [12] 1954 	ldhl	sp,	#3
    00000935 6E               [ 8] 1955 	ld	l, (hl)
    00000936 26 00            [ 8] 1956 	ld	h, #0x00
    00000938 09               [ 8] 1957 	add	hl, bc
    00000939 4D               [ 4] 1958 	ld	c, l
    0000093A 44               [ 4] 1959 	ld	b, h
    0000093B 0A               [ 8] 1960 	ld	a, (bc)
    0000093C CB D7            [ 8] 1961 	set	2, a
    0000093E 02               [ 8] 1962 	ld	(bc), a
                                   1963 ;src/scripts/generate_dungeon.c:269: doors[x2][y2] |= NORD;
    0000093F F8 01            [12] 1964 	ldhl	sp,	#1
    00000941 2A               [ 8] 1965 	ld	a,	(hl+)
    00000942 66               [ 8] 1966 	ld	h, (hl)
    00000943 6F               [ 4] 1967 	ld	l, a
    00000944 19               [ 8] 1968 	add	hl, de
    00000945 4D               [ 4] 1969 	ld	c, l
    00000946 44               [ 4] 1970 	ld	b, h
    00000947 F8 07            [12] 1971 	ldhl	sp,	#7
    00000949 6E               [ 8] 1972 	ld	l, (hl)
    0000094A 26 00            [ 8] 1973 	ld	h, #0x00
    0000094C 09               [ 8] 1974 	add	hl, bc
    0000094D 4D               [ 4] 1975 	ld	c, l
    0000094E 44               [ 4] 1976 	ld	b, h
    0000094F 0A               [ 8] 1977 	ld	a, (bc)
    00000950 CB C7            [ 8] 1978 	set	0, a
    00000952 02               [ 8] 1979 	ld	(bc), a
    00000953 18 35            [12] 1980 	jr	00116$
    00000955                       1981 00105$:
                                   1982 ;src/scripts/generate_dungeon.c:271: else if (dir.x == -1 && dir.y == 0) {
    00000955 F8 00            [12] 1983 	ldhl	sp,	#0
    00000957 7E               [ 8] 1984 	ld	a, (hl)
    00000958 3C               [ 4] 1985 	inc	a
    00000959 20 2F            [12] 1986 	jr	NZ, 00116$
    0000095B F8 09            [12] 1987 	ldhl	sp,	#9
    0000095D 7E               [ 8] 1988 	ld	a, (hl)
    0000095E B7               [ 4] 1989 	or	a, a
    0000095F 20 29            [12] 1990 	jr	NZ, 00116$
                                   1991 ;src/scripts/generate_dungeon.c:272: doors[x1][y1] |= OVEST;
    00000961 11r10r00         [12] 1992 	ld	de, #_doors+0
    00000964 7B               [ 4] 1993 	ld	a, e
    00000965 81               [ 4] 1994 	add	a, c
    00000966 4F               [ 4] 1995 	ld	c, a
    00000967 7A               [ 4] 1996 	ld	a, d
    00000968 88               [ 4] 1997 	adc	a, b
    00000969 47               [ 4] 1998 	ld	b, a
    0000096A F8 03            [12] 1999 	ldhl	sp,	#3
    0000096C 6E               [ 8] 2000 	ld	l, (hl)
    0000096D 26 00            [ 8] 2001 	ld	h, #0x00
    0000096F 09               [ 8] 2002 	add	hl, bc
    00000970 4D               [ 4] 2003 	ld	c, l
    00000971 44               [ 4] 2004 	ld	b, h
    00000972 0A               [ 8] 2005 	ld	a, (bc)
    00000973 CB DF            [ 8] 2006 	set	3, a
    00000975 02               [ 8] 2007 	ld	(bc), a
                                   2008 ;src/scripts/generate_dungeon.c:273: doors[x2][y2] |= EST;
    00000976 F8 01            [12] 2009 	ldhl	sp,	#1
    00000978 2A               [ 8] 2010 	ld	a,	(hl+)
    00000979 66               [ 8] 2011 	ld	h, (hl)
    0000097A 6F               [ 4] 2012 	ld	l, a
    0000097B 19               [ 8] 2013 	add	hl, de
    0000097C 4D               [ 4] 2014 	ld	c, l
    0000097D 44               [ 4] 2015 	ld	b, h
    0000097E F8 07            [12] 2016 	ldhl	sp,	#7
    00000980 6E               [ 8] 2017 	ld	l, (hl)
    00000981 26 00            [ 8] 2018 	ld	h, #0x00
    00000983 09               [ 8] 2019 	add	hl, bc
    00000984 4D               [ 4] 2020 	ld	c, l
    00000985 44               [ 4] 2021 	ld	b, h
    00000986 0A               [ 8] 2022 	ld	a, (bc)
    00000987 CB CF            [ 8] 2023 	set	1, a
    00000989 02               [ 8] 2024 	ld	(bc), a
    0000098A                       2025 00116$:
                                   2026 ;src/scripts/generate_dungeon.c:275: }
    0000098A E8 04            [16] 2027 	add	sp, #4
    0000098C E1               [12] 2028 	pop	hl
    0000098D E8 04            [16] 2029 	add	sp, #4
    0000098F E9               [ 4] 2030 	jp	(hl)
                                   2031 ;src/scripts/generate_dungeon.c:277: void add_obstacles(uint8_t x, uint8_t y) {
                                   2032 ;	---------------------------------
                                   2033 ; Function add_obstacles
                                   2034 ; ---------------------------------
    00000990                       2035 _add_obstacles::
    00000990 47               [ 4] 2036 	ld	b, a
    00000991 4B               [ 4] 2037 	ld	c, e
                                   2038 ;src/scripts/generate_dungeon.c:280: high_obs = arand() & 7;
    00000992 CDr00r00         [24] 2039 	call	_arand
    00000995 7B               [ 4] 2040 	ld	a, e
    00000996 E6 07            [ 8] 2041 	and	a, #0x07
    00000998 5F               [ 4] 2042 	ld	e, a
                                   2043 ;src/scripts/generate_dungeon.c:281: obstacles[x][y] = (high_obs << 4);
    00000999 AF               [ 4] 2044 	xor	a, a
    0000099A 68               [ 4] 2045 	ld	l, b
    0000099B 67               [ 4] 2046 	ld	h, a
    0000099C 29               [ 8] 2047 	add	hl, hl
    0000099D 29               [ 8] 2048 	add	hl, hl
    0000099E D5               [16] 2049 	push	de
    0000099F 11r20r00         [12] 2050 	ld	de, #_obstacles
    000009A2 19               [ 8] 2051 	add	hl, de
    000009A3 D1               [12] 2052 	pop	de
    000009A4 06 00            [ 8] 2053 	ld	b, #0x00
    000009A6 09               [ 8] 2054 	add	hl, bc
    000009A7 7B               [ 4] 2055 	ld	a, e
    000009A8 CB 37            [ 8] 2056 	swap	a
    000009AA E6 F0            [ 8] 2057 	and	a, #0xf0
    000009AC 77               [ 8] 2058 	ld	(hl), a
                                   2059 ;src/scripts/generate_dungeon.c:282: low_obs = arand() & 7;
    000009AD E5               [16] 2060 	push	hl
    000009AE CDr00r00         [24] 2061 	call	_arand
    000009B1 7B               [ 4] 2062 	ld	a, e
    000009B2 E1               [12] 2063 	pop	hl
    000009B3 E6 07            [ 8] 2064 	and	a, #0x07
                                   2065 ;src/scripts/generate_dungeon.c:283: obstacles[x][y] |= low_obs;
    000009B5 4E               [ 8] 2066 	ld	c, (hl)
    000009B6 B1               [ 4] 2067 	or	a, c
    000009B7 77               [ 8] 2068 	ld	(hl), a
                                   2069 ;src/scripts/generate_dungeon.c:284: }
    000009B8 C9               [16] 2070 	ret
                                   2071 	.area _CODE_1
                                   2072 	.area _INITIALIZER
                                   2073 	.area _CABS (ABS)
