                                      1 ;--------------------------------------------------------
                                      2 ; File Created by SDCC : free open source ISO C Compiler
                                      3 ; Version 4.5.1 #15267 (MINGW64)
                                      4 ;--------------------------------------------------------
                                      5 	.module gui
                                      6 	
                                      7 ;--------------------------------------------------------
                                      8 ; Public variables in this module
                                      9 ;--------------------------------------------------------
                                     10 	.globl b_set_map_menu
                                     11 	.globl _set_map_menu
                                     12 	.globl b_set_mini_menu
                                     13 	.globl _set_mini_menu
                                     14 	.globl b_set_stats
                                     15 	.globl _set_stats
                                     16 	.globl _set_win_tiles
                                     17 	.globl _display_off
                                     18 	.globl _wait_vbl_done
                                     19 	.globl _joypad
                                     20 	.globl _game_saved
                                     21 	.globl _boss_defeated
                                     22 	.globl _obtained_mythril
                                     23 	.globl _obtained_key
                                     24 	.globl _safy_menu
                                     25 	.globl _hector_menu
                                     26 	.globl _mini_gui
                                     27 	.globl _gui_map
                                     28 	.globl _check_open_menu
                                     29 	.globl _set_textbox
                                     30 	.globl _set_tutorial
                                     31 ;--------------------------------------------------------
                                     32 ; special function registers
                                     33 ;--------------------------------------------------------
                                     34 	.area _HRAM
                                     35 ;--------------------------------------------------------
                                     36 ; ram data
                                     37 ;--------------------------------------------------------
                                     38 	.area _DATA
                                     39 ;--------------------------------------------------------
                                     40 ; ram data
                                     41 ;--------------------------------------------------------
                                     42 	.area _INITIALIZED
                                     43 ;--------------------------------------------------------
                                     44 ; absolute external ram data
                                     45 ;--------------------------------------------------------
                                     46 	.area _DABS (ABS)
                                     47 ;--------------------------------------------------------
                                     48 ; global & static initialisations
                                     49 ;--------------------------------------------------------
                                     50 	.area _HOME
                                     51 	.area _GSINIT
                                     52 	.area _GSFINAL
                                     53 	.area _GSINIT
                                     54 ;--------------------------------------------------------
                                     55 ; Home
                                     56 ;--------------------------------------------------------
                                     57 	.area _HOME
                                     58 	.area _HOME
                                     59 ;--------------------------------------------------------
                                     60 ; code
                                     61 ;--------------------------------------------------------
                                     62 	.area _CODE
                                     63 ;src/scripts/gui.c:119: void check_open_menu() {
                                     64 ;	---------------------------------
                                     65 ; Function check_open_menu
                                     66 ; ---------------------------------
    00000000                         67 _check_open_menu::
                                     68 ;src/scripts/gui.c:120: current_joypad = joypad();
    00000000 CDr00r00         [24]   69 	call	_joypad
    00000003 21r00r00         [12]   70 	ld	hl, #_current_joypad
    00000006 77               [ 8]   71 	ld	(hl), a
                                     72 ;src/scripts/gui.c:121: if ((current_joypad & J_START) && !(last_joypad & J_START)) {
    00000007 7E               [ 8]   73 	ld	a, (hl)
    00000008 07               [ 4]   74 	rlca
    00000009 30 6A            [12]   75 	jr	NC, 00107$
    0000000B FAr00r00         [16]   76 	ld	a, (_last_joypad)
    0000000E 07               [ 4]   77 	rlca
    0000000F 38 64            [12]   78 	jr	C, 00107$
                                     79 ;src/scripts/gui.c:122: if (menu_opened == 0){
    00000011 FAr00r00         [16]   80 	ld	a, (#_menu_opened)
    00000014 B7               [ 4]   81 	or	a, a
    00000015 20 35            [12]   82 	jr	NZ, 00104$
                                     83 ;src/scripts/gui.c:123: DISPLAY_OFF;
    00000017 CDr00r00         [24]   84 	call	_display_off
                                     85 ;c:\users\utente\desktop\tirocinio\gbdk-win64\gbdk\include\gb\gb.h:1739: WX_REG=x, WY_REG=y;
    0000001A 3E 07            [ 8]   86 	ld	a, #0x07
    0000001C E0r00            [12]   87 	ldh	(_WX_REG + 0), a
    0000001E AF               [ 4]   88 	xor	a, a
    0000001F E0r00            [12]   89 	ldh	(_WY_REG + 0), a
                                     90 ;src/scripts/gui.c:125: set_win_tiles(0, 0, 20, 18, gui_map);
    00000021 11r18r01         [12]   91 	ld	de, #_gui_map
    00000024 D5               [16]   92 	push	de
    00000025 21 14 12         [12]   93 	ld	hl, #0x1214
    00000028 E5               [16]   94 	push	hl
    00000029 AF               [ 4]   95 	xor	a, a
    0000002A 0F               [ 4]   96 	rrca
    0000002B F5               [16]   97 	push	af
    0000002C CDr00r00         [24]   98 	call	_set_win_tiles
    0000002F E8 06            [16]   99 	add	sp, #6
                                    100 ;src/scripts/gui.c:126: set_stats();
    00000031 1Er00            [ 8]  101 	ld	e, #b_set_stats
    00000033 21r00r00         [12]  102 	ld	hl, #_set_stats
    00000036 CDr00r00         [24]  103 	call	___sdcc_bcall_ehl
                                    104 ;src/scripts/gui.c:127: HIDE_SPRITES;
    00000039 F0r00            [12]  105 	ldh	a, (_LCDC_REG + 0)
    0000003B E6 FD            [ 8]  106 	and	a, #0xfd
    0000003D E0r00            [12]  107 	ldh	(_LCDC_REG + 0), a
                                    108 ;src/scripts/gui.c:128: DISPLAY_ON;
    0000003F F0r00            [12]  109 	ldh	a, (_LCDC_REG + 0)
    00000041 F6 80            [ 8]  110 	or	a, #0x80
    00000043 E0r00            [12]  111 	ldh	(_LCDC_REG + 0), a
                                    112 ;src/scripts/gui.c:129: menu_opened = 1;
    00000045 21r00r00         [12]  113 	ld	hl, #_menu_opened
    00000048 36 01            [12]  114 	ld	(hl), #0x01
    0000004A 18 29            [12]  115 	jr	00107$
    0000004C                        116 00104$:
                                    117 ;src/scripts/gui.c:131: else if (menu_opened == 1) {
    0000004C FAr00r00         [16]  118 	ld	a, (#_menu_opened)
    0000004F 3D               [ 4]  119 	dec	a
    00000050 20 23            [12]  120 	jr	NZ, 00107$
                                    121 ;src/scripts/gui.c:132: DISPLAY_OFF;
    00000052 CDr00r00         [24]  122 	call	_display_off
                                    123 ;c:\users\utente\desktop\tirocinio\gbdk-win64\gbdk\include\gb\gb.h:1739: WX_REG=x, WY_REG=y;
    00000055 3E 07            [ 8]  124 	ld	a, #0x07
    00000057 E0r00            [12]  125 	ldh	(_WX_REG + 0), a
    00000059 3E 88            [ 8]  126 	ld	a, #0x88
    0000005B E0r00            [12]  127 	ldh	(_WY_REG + 0), a
                                    128 ;src/scripts/gui.c:134: set_mini_menu();
    0000005D 1Er00            [ 8]  129 	ld	e, #b_set_mini_menu
    0000005F 21r00r00         [12]  130 	ld	hl, #_set_mini_menu
    00000062 CDr00r00         [24]  131 	call	___sdcc_bcall_ehl
                                    132 ;src/scripts/gui.c:136: SHOW_SPRITES;
    00000065 F0r00            [12]  133 	ldh	a, (_LCDC_REG + 0)
    00000067 F6 02            [ 8]  134 	or	a, #0x02
    00000069 E0r00            [12]  135 	ldh	(_LCDC_REG + 0), a
                                    136 ;src/scripts/gui.c:137: menu_opened = 0;
    0000006B AF               [ 4]  137 	xor	a, a
    0000006C EAr00r00         [16]  138 	ld	(#_menu_opened),a
                                    139 ;src/scripts/gui.c:138: DISPLAY_ON;
    0000006F F0r00            [12]  140 	ldh	a, (_LCDC_REG + 0)
    00000071 F6 80            [ 8]  141 	or	a, #0x80
    00000073 E0r00            [12]  142 	ldh	(_LCDC_REG + 0), a
    00000075                        143 00107$:
                                    144 ;src/scripts/gui.c:141: if ((current_joypad & J_SELECT) && !(last_joypad & J_SELECT)) {
    00000075 FAr00r00         [16]  145 	ld	a, (_current_joypad)
    00000078 CB 77            [ 8]  146 	bit	6, a
    0000007A CAr11r01         [16]  147 	jp	Z, 00115$
    0000007D FAr00r00         [16]  148 	ld	a, (_last_joypad)
    00000080 CB 77            [ 8]  149 	bit	6, a
    00000082 C2r11r01         [16]  150 	jp	NZ, 00115$
                                    151 ;src/scripts/gui.c:142: if (menu_opened == 0){
    00000085 FAr00r00         [16]  152 	ld	a, (#_menu_opened)
    00000088 B7               [ 4]  153 	or	a, a
    00000089 20 5C            [12]  154 	jr	NZ, 00112$
                                    155 ;src/scripts/gui.c:143: DISPLAY_OFF;
    0000008B CDr00r00         [24]  156 	call	_display_off
                                    157 ;c:\users\utente\desktop\tirocinio\gbdk-win64\gbdk\include\gb\gb.h:1739: WX_REG=x, WY_REG=y;
    0000008E 3E 07            [ 8]  158 	ld	a, #0x07
    00000090 E0r00            [12]  159 	ldh	(_WX_REG + 0), a
    00000092 AF               [ 4]  160 	xor	a, a
    00000093 E0r00            [12]  161 	ldh	(_WY_REG + 0), a
                                    162 ;src/scripts/gui.c:145: SWITCH_ROM(3);
    00000095 3E 03            [ 8]  163 	ld	a, #0x03
    00000097 E0r00            [12]  164 	ldh	(__current_bank + 0), a
    00000099 21r00r00         [12]  165 	ld	hl, #_rROMB0
    0000009C 36 03            [12]  166 	ld	(hl), #0x03
                                    167 ;src/scripts/gui.c:146: set_win_tiles(0, 0, 20, 18, map_menu);
    0000009E 11r00r00         [12]  168 	ld	de, #_map_menu
    000000A1 D5               [16]  169 	push	de
    000000A2 21 14 12         [12]  170 	ld	hl, #0x1214
    000000A5 E5               [16]  171 	push	hl
    000000A6 AF               [ 4]  172 	xor	a, a
    000000A7 0F               [ 4]  173 	rrca
    000000A8 F5               [16]  174 	push	af
    000000A9 CDr00r00         [24]  175 	call	_set_win_tiles
    000000AC E8 06            [16]  176 	add	sp, #6
                                    177 ;src/scripts/gui.c:147: SWITCH_ROM(1);
    000000AE 3E 01            [ 8]  178 	ld	a, #0x01
    000000B0 E0r00            [12]  179 	ldh	(__current_bank + 0), a
    000000B2 21r00r00         [12]  180 	ld	hl, #_rROMB0
    000000B5 36 01            [12]  181 	ld	(hl), #0x01
                                    182 ;src/scripts/gui.c:148: set_map_menu();
    000000B7 1Er00            [ 8]  183 	ld	e, #b_set_map_menu
    000000B9 21r00r00         [12]  184 	ld	hl, #_set_map_menu
    000000BC CDr00r00         [24]  185 	call	___sdcc_bcall_ehl
                                    186 ;src/scripts/gui.c:149: map_option = 0;
    000000BF AF               [ 4]  187 	xor	a, a
    000000C0 EAr00r00         [16]  188 	ld	(#_map_option),a
                                    189 ;src/scripts/gui.c:150: set_win_tiles(2, 4, 1, 1, &arrow_tile);
    000000C3 11r00r00         [12]  190 	ld	de, #_arrow_tile
    000000C6 D5               [16]  191 	push	de
    000000C7 21 01 01         [12]  192 	ld	hl, #0x101
    000000CA E5               [16]  193 	push	hl
    000000CB 21 02 04         [12]  194 	ld	hl, #0x402
    000000CE E5               [16]  195 	push	hl
    000000CF CDr00r00         [24]  196 	call	_set_win_tiles
    000000D2 E8 06            [16]  197 	add	sp, #6
                                    198 ;src/scripts/gui.c:151: HIDE_SPRITES;
    000000D4 F0r00            [12]  199 	ldh	a, (_LCDC_REG + 0)
    000000D6 E6 FD            [ 8]  200 	and	a, #0xfd
    000000D8 E0r00            [12]  201 	ldh	(_LCDC_REG + 0), a
                                    202 ;src/scripts/gui.c:152: menu_opened = 5;
    000000DA 21r00r00         [12]  203 	ld	hl, #_menu_opened
    000000DD 36 05            [12]  204 	ld	(hl), #0x05
                                    205 ;src/scripts/gui.c:153: DISPLAY_ON;
    000000DF F0r00            [12]  206 	ldh	a, (_LCDC_REG + 0)
    000000E1 F6 80            [ 8]  207 	or	a, #0x80
    000000E3 E0r00            [12]  208 	ldh	(_LCDC_REG + 0), a
    000000E5 18 2A            [12]  209 	jr	00115$
    000000E7                        210 00112$:
                                    211 ;src/scripts/gui.c:155: else if (menu_opened == 5) {
    000000E7 FAr00r00         [16]  212 	ld	a, (#_menu_opened)
    000000EA D6 05            [ 8]  213 	sub	a, #0x05
    000000EC 20 23            [12]  214 	jr	NZ, 00115$
                                    215 ;src/scripts/gui.c:156: DISPLAY_OFF;
    000000EE CDr00r00         [24]  216 	call	_display_off
                                    217 ;c:\users\utente\desktop\tirocinio\gbdk-win64\gbdk\include\gb\gb.h:1739: WX_REG=x, WY_REG=y;
    000000F1 3E 07            [ 8]  218 	ld	a, #0x07
    000000F3 E0r00            [12]  219 	ldh	(_WX_REG + 0), a
    000000F5 3E 88            [ 8]  220 	ld	a, #0x88
    000000F7 E0r00            [12]  221 	ldh	(_WY_REG + 0), a
                                    222 ;src/scripts/gui.c:158: set_mini_menu();
    000000F9 1Er00            [ 8]  223 	ld	e, #b_set_mini_menu
    000000FB 21r00r00         [12]  224 	ld	hl, #_set_mini_menu
    000000FE CDr00r00         [24]  225 	call	___sdcc_bcall_ehl
                                    226 ;src/scripts/gui.c:160: SHOW_SPRITES;
    00000101 F0r00            [12]  227 	ldh	a, (_LCDC_REG + 0)
    00000103 F6 02            [ 8]  228 	or	a, #0x02
    00000105 E0r00            [12]  229 	ldh	(_LCDC_REG + 0), a
                                    230 ;src/scripts/gui.c:161: menu_opened = 0;
    00000107 AF               [ 4]  231 	xor	a, a
    00000108 EAr00r00         [16]  232 	ld	(#_menu_opened),a
                                    233 ;src/scripts/gui.c:162: DISPLAY_ON;
    0000010B F0r00            [12]  234 	ldh	a, (_LCDC_REG + 0)
    0000010D F6 80            [ 8]  235 	or	a, #0x80
    0000010F E0r00            [12]  236 	ldh	(_LCDC_REG + 0), a
    00000111                        237 00115$:
                                    238 ;src/scripts/gui.c:165: last_joypad = current_joypad;
    00000111 FAr00r00         [16]  239 	ld	a, (#_current_joypad)
    00000114 EAr00r00         [16]  240 	ld	(#_last_joypad),a
                                    241 ;src/scripts/gui.c:166: }
    00000117 C9               [16]  242 	ret
    00000118                        243 _gui_map:
    00000118 B3                     244 	.db #0xb3	; 179
    00000119 B4                     245 	.db #0xb4	; 180
    0000011A B4                     246 	.db #0xb4	; 180
    0000011B B4                     247 	.db #0xb4	; 180
    0000011C B4                     248 	.db #0xb4	; 180
    0000011D B4                     249 	.db #0xb4	; 180
    0000011E B4                     250 	.db #0xb4	; 180
    0000011F B4                     251 	.db #0xb4	; 180
    00000120 B4                     252 	.db #0xb4	; 180
    00000121 B4                     253 	.db #0xb4	; 180
    00000122 B4                     254 	.db #0xb4	; 180
    00000123 B4                     255 	.db #0xb4	; 180
    00000124 B4                     256 	.db #0xb4	; 180
    00000125 B4                     257 	.db #0xb4	; 180
    00000126 B4                     258 	.db #0xb4	; 180
    00000127 B4                     259 	.db #0xb4	; 180
    00000128 B4                     260 	.db #0xb4	; 180
    00000129 B4                     261 	.db #0xb4	; 180
    0000012A B4                     262 	.db #0xb4	; 180
    0000012B B5                     263 	.db #0xb5	; 181
    0000012C BA                     264 	.db #0xba	; 186
    0000012D BB                     265 	.db #0xbb	; 187
    0000012E BB                     266 	.db #0xbb	; 187
    0000012F BB                     267 	.db #0xbb	; 187
    00000130 BB                     268 	.db #0xbb	; 187
    00000131 BB                     269 	.db #0xbb	; 187
    00000132 A4                     270 	.db #0xa4	; 164
    00000133 A4                     271 	.db #0xa4	; 164
    00000134 8C                     272 	.db #0x8c	; 140
    00000135 84                     273 	.db #0x84	; 132
    00000136 8D                     274 	.db #0x8d	; 141
    00000137 94                     275 	.db #0x94	; 148
    00000138 A4                     276 	.db #0xa4	; 164
    00000139 A4                     277 	.db #0xa4	; 164
    0000013A BB                     278 	.db #0xbb	; 187
    0000013B BB                     279 	.db #0xbb	; 187
    0000013C BB                     280 	.db #0xbb	; 187
    0000013D BB                     281 	.db #0xbb	; 187
    0000013E BB                     282 	.db #0xbb	; 187
    0000013F B6                     283 	.db #0xb6	; 182
    00000140 BA                     284 	.db #0xba	; 186
    00000141 BB                     285 	.db #0xbb	; 187
    00000142 BB                     286 	.db #0xbb	; 187
    00000143 BB                     287 	.db #0xbb	; 187
    00000144 BB                     288 	.db #0xbb	; 187
    00000145 BB                     289 	.db #0xbb	; 187
    00000146 BB                     290 	.db #0xbb	; 187
    00000147 BB                     291 	.db #0xbb	; 187
    00000148 BB                     292 	.db #0xbb	; 187
    00000149 BB                     293 	.db #0xbb	; 187
    0000014A BB                     294 	.db #0xbb	; 187
    0000014B BB                     295 	.db #0xbb	; 187
    0000014C BB                     296 	.db #0xbb	; 187
    0000014D BB                     297 	.db #0xbb	; 187
    0000014E BB                     298 	.db #0xbb	; 187
    0000014F BB                     299 	.db #0xbb	; 187
    00000150 BB                     300 	.db #0xbb	; 187
    00000151 BB                     301 	.db #0xbb	; 187
    00000152 BB                     302 	.db #0xbb	; 187
    00000153 B6                     303 	.db #0xb6	; 182
    00000154 BA                     304 	.db #0xba	; 186
    00000155 BB                     305 	.db #0xbb	; 187
    00000156 BB                     306 	.db #0xbb	; 187
    00000157 BC                     307 	.db #0xbc	; 188
    00000158 BD                     308 	.db #0xbd	; 189
    00000159 BE                     309 	.db #0xbe	; 190
    0000015A BF                     310 	.db #0xbf	; 191
    0000015B BB                     311 	.db #0xbb	; 187
    0000015C BB                     312 	.db #0xbb	; 187
    0000015D BB                     313 	.db #0xbb	; 187
    0000015E BB                     314 	.db #0xbb	; 187
    0000015F BB                     315 	.db #0xbb	; 187
    00000160 BB                     316 	.db #0xbb	; 187
    00000161 BB                     317 	.db #0xbb	; 187
    00000162 BB                     318 	.db #0xbb	; 187
    00000163 BB                     319 	.db #0xbb	; 187
    00000164 BB                     320 	.db #0xbb	; 187
    00000165 BB                     321 	.db #0xbb	; 187
    00000166 BB                     322 	.db #0xbb	; 187
    00000167 B6                     323 	.db #0xb6	; 182
    00000168 BA                     324 	.db #0xba	; 186
    00000169 BB                     325 	.db #0xbb	; 187
    0000016A BB                     326 	.db #0xbb	; 187
    0000016B C0                     327 	.db #0xc0	; 192
    0000016C C1                     328 	.db #0xc1	; 193
    0000016D C2                     329 	.db #0xc2	; 194
    0000016E C3                     330 	.db #0xc3	; 195
    0000016F BB                     331 	.db #0xbb	; 187
    00000170 8D                     332 	.db #0x8d	; 141
    00000171 80                     333 	.db #0x80	; 128
    00000172 8C                     334 	.db #0x8c	; 140
    00000173 84                     335 	.db #0x84	; 132
    00000174 B1                     336 	.db #0xb1	; 177
    00000175 BB                     337 	.db #0xbb	; 187
    00000176 BB                     338 	.db #0xbb	; 187
    00000177 BB                     339 	.db #0xbb	; 187
    00000178 BB                     340 	.db #0xbb	; 187
    00000179 BB                     341 	.db #0xbb	; 187
    0000017A BB                     342 	.db #0xbb	; 187
    0000017B B6                     343 	.db #0xb6	; 182
    0000017C BA                     344 	.db #0xba	; 186
    0000017D BB                     345 	.db #0xbb	; 187
    0000017E BB                     346 	.db #0xbb	; 187
    0000017F C4                     347 	.db #0xc4	; 196
    00000180 C5                     348 	.db #0xc5	; 197
    00000181 C6                     349 	.db #0xc6	; 198
    00000182 C7                     350 	.db #0xc7	; 199
    00000183 BB                     351 	.db #0xbb	; 187
    00000184 BB                     352 	.db #0xbb	; 187
    00000185 BB                     353 	.db #0xbb	; 187
    00000186 BB                     354 	.db #0xbb	; 187
    00000187 BB                     355 	.db #0xbb	; 187
    00000188 BB                     356 	.db #0xbb	; 187
    00000189 BB                     357 	.db #0xbb	; 187
    0000018A BB                     358 	.db #0xbb	; 187
    0000018B BB                     359 	.db #0xbb	; 187
    0000018C BB                     360 	.db #0xbb	; 187
    0000018D BB                     361 	.db #0xbb	; 187
    0000018E BB                     362 	.db #0xbb	; 187
    0000018F B6                     363 	.db #0xb6	; 182
    00000190 BA                     364 	.db #0xba	; 186
    00000191 BB                     365 	.db #0xbb	; 187
    00000192 BB                     366 	.db #0xbb	; 187
    00000193 C8                     367 	.db #0xc8	; 200
    00000194 C9                     368 	.db #0xc9	; 201
    00000195 CA                     369 	.db #0xca	; 202
    00000196 CB                     370 	.db #0xcb	; 203
    00000197 BB                     371 	.db #0xbb	; 187
    00000198 87                     372 	.db #0x87	; 135
    00000199 8F                     373 	.db #0x8f	; 143
    0000019A B1                     374 	.db #0xb1	; 177
    0000019B BB                     375 	.db #0xbb	; 187
    0000019C BB                     376 	.db #0xbb	; 187
    0000019D BB                     377 	.db #0xbb	; 187
    0000019E BB                     378 	.db #0xbb	; 187
    0000019F BB                     379 	.db #0xbb	; 187
    000001A0 BB                     380 	.db #0xbb	; 187
    000001A1 BB                     381 	.db #0xbb	; 187
    000001A2 BB                     382 	.db #0xbb	; 187
    000001A3 B6                     383 	.db #0xb6	; 182
    000001A4 BA                     384 	.db #0xba	; 186
    000001A5 BB                     385 	.db #0xbb	; 187
    000001A6 BB                     386 	.db #0xbb	; 187
    000001A7 BB                     387 	.db #0xbb	; 187
    000001A8 BB                     388 	.db #0xbb	; 187
    000001A9 BB                     389 	.db #0xbb	; 187
    000001AA BB                     390 	.db #0xbb	; 187
    000001AB BB                     391 	.db #0xbb	; 187
    000001AC BB                     392 	.db #0xbb	; 187
    000001AD BB                     393 	.db #0xbb	; 187
    000001AE BB                     394 	.db #0xbb	; 187
    000001AF BB                     395 	.db #0xbb	; 187
    000001B0 BB                     396 	.db #0xbb	; 187
    000001B1 BB                     397 	.db #0xbb	; 187
    000001B2 BB                     398 	.db #0xbb	; 187
    000001B3 BB                     399 	.db #0xbb	; 187
    000001B4 BB                     400 	.db #0xbb	; 187
    000001B5 BB                     401 	.db #0xbb	; 187
    000001B6 BB                     402 	.db #0xbb	; 187
    000001B7 B6                     403 	.db #0xb6	; 182
    000001B8 BA                     404 	.db #0xba	; 186
    000001B9 BB                     405 	.db #0xbb	; 187
    000001BA 80                     406 	.db #0x80	; 128
    000001BB 93                     407 	.db #0x93	; 147
    000001BC 93                     408 	.db #0x93	; 147
    000001BD 80                     409 	.db #0x80	; 128
    000001BE 82                     410 	.db #0x82	; 130
    000001BF 8A                     411 	.db #0x8a	; 138
    000001C0 B1                     412 	.db #0xb1	; 177
    000001C1 BB                     413 	.db #0xbb	; 187
    000001C2 BB                     414 	.db #0xbb	; 187
    000001C3 BB                     415 	.db #0xbb	; 187
    000001C4 BB                     416 	.db #0xbb	; 187
    000001C5 BB                     417 	.db #0xbb	; 187
    000001C6 BB                     418 	.db #0xbb	; 187
    000001C7 BB                     419 	.db #0xbb	; 187
    000001C8 BB                     420 	.db #0xbb	; 187
    000001C9 BB                     421 	.db #0xbb	; 187
    000001CA BB                     422 	.db #0xbb	; 187
    000001CB B6                     423 	.db #0xb6	; 182
    000001CC BA                     424 	.db #0xba	; 186
    000001CD BB                     425 	.db #0xbb	; 187
    000001CE BB                     426 	.db #0xbb	; 187
    000001CF BB                     427 	.db #0xbb	; 187
    000001D0 BB                     428 	.db #0xbb	; 187
    000001D1 BB                     429 	.db #0xbb	; 187
    000001D2 BB                     430 	.db #0xbb	; 187
    000001D3 BB                     431 	.db #0xbb	; 187
    000001D4 BB                     432 	.db #0xbb	; 187
    000001D5 BB                     433 	.db #0xbb	; 187
    000001D6 BB                     434 	.db #0xbb	; 187
    000001D7 BB                     435 	.db #0xbb	; 187
    000001D8 BB                     436 	.db #0xbb	; 187
    000001D9 BB                     437 	.db #0xbb	; 187
    000001DA BB                     438 	.db #0xbb	; 187
    000001DB BB                     439 	.db #0xbb	; 187
    000001DC BB                     440 	.db #0xbb	; 187
    000001DD BB                     441 	.db #0xbb	; 187
    000001DE BB                     442 	.db #0xbb	; 187
    000001DF B6                     443 	.db #0xb6	; 182
    000001E0 BA                     444 	.db #0xba	; 186
    000001E1 BB                     445 	.db #0xbb	; 187
    000001E2 83                     446 	.db #0x83	; 131
    000001E3 84                     447 	.db #0x84	; 132
    000001E4 85                     448 	.db #0x85	; 133
    000001E5 84                     449 	.db #0x84	; 132
    000001E6 8D                     450 	.db #0x8d	; 141
    000001E7 92                     451 	.db #0x92	; 146
    000001E8 84                     452 	.db #0x84	; 132
    000001E9 B1                     453 	.db #0xb1	; 177
    000001EA BB                     454 	.db #0xbb	; 187
    000001EB BB                     455 	.db #0xbb	; 187
    000001EC BB                     456 	.db #0xbb	; 187
    000001ED BB                     457 	.db #0xbb	; 187
    000001EE BB                     458 	.db #0xbb	; 187
    000001EF BB                     459 	.db #0xbb	; 187
    000001F0 BB                     460 	.db #0xbb	; 187
    000001F1 BB                     461 	.db #0xbb	; 187
    000001F2 BB                     462 	.db #0xbb	; 187
    000001F3 B6                     463 	.db #0xb6	; 182
    000001F4 BA                     464 	.db #0xba	; 186
    000001F5 BB                     465 	.db #0xbb	; 187
    000001F6 BB                     466 	.db #0xbb	; 187
    000001F7 BB                     467 	.db #0xbb	; 187
    000001F8 BB                     468 	.db #0xbb	; 187
    000001F9 BB                     469 	.db #0xbb	; 187
    000001FA BB                     470 	.db #0xbb	; 187
    000001FB BB                     471 	.db #0xbb	; 187
    000001FC BB                     472 	.db #0xbb	; 187
    000001FD BB                     473 	.db #0xbb	; 187
    000001FE BB                     474 	.db #0xbb	; 187
    000001FF BB                     475 	.db #0xbb	; 187
    00000200 BB                     476 	.db #0xbb	; 187
    00000201 BB                     477 	.db #0xbb	; 187
    00000202 BB                     478 	.db #0xbb	; 187
    00000203 BB                     479 	.db #0xbb	; 187
    00000204 BB                     480 	.db #0xbb	; 187
    00000205 BB                     481 	.db #0xbb	; 187
    00000206 BB                     482 	.db #0xbb	; 187
    00000207 B6                     483 	.db #0xb6	; 182
    00000208 BA                     484 	.db #0xba	; 186
    00000209 BB                     485 	.db #0xbb	; 187
    0000020A A9                     486 	.db #0xa9	; 169
    0000020B BB                     487 	.db #0xbb	; 187
    0000020C BB                     488 	.db #0xbb	; 187
    0000020D BB                     489 	.db #0xbb	; 187
    0000020E BB                     490 	.db #0xbb	; 187
    0000020F AC                     491 	.db #0xac	; 172
    00000210 BB                     492 	.db #0xbb	; 187
    00000211 BB                     493 	.db #0xbb	; 187
    00000212 BB                     494 	.db #0xbb	; 187
    00000213 BB                     495 	.db #0xbb	; 187
    00000214 8B                     496 	.db #0x8b	; 139
    00000215 95                     497 	.db #0x95	; 149
    00000216 A6                     498 	.db #0xa6	; 166
    00000217 BB                     499 	.db #0xbb	; 187
    00000218 BB                     500 	.db #0xbb	; 187
    00000219 BB                     501 	.db #0xbb	; 187
    0000021A BB                     502 	.db #0xbb	; 187
    0000021B B6                     503 	.db #0xb6	; 182
    0000021C BA                     504 	.db #0xba	; 186
    0000021D BB                     505 	.db #0xbb	; 187
    0000021E BB                     506 	.db #0xbb	; 187
    0000021F BB                     507 	.db #0xbb	; 187
    00000220 BB                     508 	.db #0xbb	; 187
    00000221 BB                     509 	.db #0xbb	; 187
    00000222 BB                     510 	.db #0xbb	; 187
    00000223 BB                     511 	.db #0xbb	; 187
    00000224 BB                     512 	.db #0xbb	; 187
    00000225 BB                     513 	.db #0xbb	; 187
    00000226 BB                     514 	.db #0xbb	; 187
    00000227 BB                     515 	.db #0xbb	; 187
    00000228 BB                     516 	.db #0xbb	; 187
    00000229 BB                     517 	.db #0xbb	; 187
    0000022A BB                     518 	.db #0xbb	; 187
    0000022B BB                     519 	.db #0xbb	; 187
    0000022C BB                     520 	.db #0xbb	; 187
    0000022D BB                     521 	.db #0xbb	; 187
    0000022E BB                     522 	.db #0xbb	; 187
    0000022F B6                     523 	.db #0xb6	; 182
    00000230 BA                     524 	.db #0xba	; 186
    00000231 BB                     525 	.db #0xbb	; 187
    00000232 AA                     526 	.db #0xaa	; 170
    00000233 BB                     527 	.db #0xbb	; 187
    00000234 BB                     528 	.db #0xbb	; 187
    00000235 BB                     529 	.db #0xbb	; 187
    00000236 BB                     530 	.db #0xbb	; 187
    00000237 AD                     531 	.db #0xad	; 173
    00000238 BB                     532 	.db #0xbb	; 187
    00000239 BB                     533 	.db #0xbb	; 187
    0000023A BB                     534 	.db #0xbb	; 187
    0000023B BB                     535 	.db #0xbb	; 187
    0000023C 84                     536 	.db #0x84	; 132
    0000023D 92                     537 	.db #0x92	; 146
    0000023E A6                     538 	.db #0xa6	; 166
    0000023F BB                     539 	.db #0xbb	; 187
    00000240 BB                     540 	.db #0xbb	; 187
    00000241 BB                     541 	.db #0xbb	; 187
    00000242 BB                     542 	.db #0xbb	; 187
    00000243 B6                     543 	.db #0xb6	; 182
    00000244 BA                     544 	.db #0xba	; 186
    00000245 BB                     545 	.db #0xbb	; 187
    00000246 BB                     546 	.db #0xbb	; 187
    00000247 BB                     547 	.db #0xbb	; 187
    00000248 BB                     548 	.db #0xbb	; 187
    00000249 BB                     549 	.db #0xbb	; 187
    0000024A BB                     550 	.db #0xbb	; 187
    0000024B BB                     551 	.db #0xbb	; 187
    0000024C BB                     552 	.db #0xbb	; 187
    0000024D BB                     553 	.db #0xbb	; 187
    0000024E BB                     554 	.db #0xbb	; 187
    0000024F BB                     555 	.db #0xbb	; 187
    00000250 BB                     556 	.db #0xbb	; 187
    00000251 BB                     557 	.db #0xbb	; 187
    00000252 BB                     558 	.db #0xbb	; 187
    00000253 BB                     559 	.db #0xbb	; 187
    00000254 BB                     560 	.db #0xbb	; 187
    00000255 BB                     561 	.db #0xbb	; 187
    00000256 BB                     562 	.db #0xbb	; 187
    00000257 B6                     563 	.db #0xb6	; 182
    00000258 BA                     564 	.db #0xba	; 186
    00000259 BB                     565 	.db #0xbb	; 187
    0000025A AB                     566 	.db #0xab	; 171
    0000025B BB                     567 	.db #0xbb	; 187
    0000025C BB                     568 	.db #0xbb	; 187
    0000025D BB                     569 	.db #0xbb	; 187
    0000025E BB                     570 	.db #0xbb	; 187
    0000025F AE                     571 	.db #0xae	; 174
    00000260 BB                     572 	.db #0xbb	; 187
    00000261 BB                     573 	.db #0xbb	; 187
    00000262 BB                     574 	.db #0xbb	; 187
    00000263 BB                     575 	.db #0xbb	; 187
    00000264 B2                     576 	.db #0xb2	; 178
    00000265 BB                     577 	.db #0xbb	; 187
    00000266 BB                     578 	.db #0xbb	; 187
    00000267 BB                     579 	.db #0xbb	; 187
    00000268 BB                     580 	.db #0xbb	; 187
    00000269 BB                     581 	.db #0xbb	; 187
    0000026A BB                     582 	.db #0xbb	; 187
    0000026B B6                     583 	.db #0xb6	; 182
    0000026C B9                     584 	.db #0xb9	; 185
    0000026D B8                     585 	.db #0xb8	; 184
    0000026E B8                     586 	.db #0xb8	; 184
    0000026F B8                     587 	.db #0xb8	; 184
    00000270 B8                     588 	.db #0xb8	; 184
    00000271 B8                     589 	.db #0xb8	; 184
    00000272 B8                     590 	.db #0xb8	; 184
    00000273 B8                     591 	.db #0xb8	; 184
    00000274 B8                     592 	.db #0xb8	; 184
    00000275 B8                     593 	.db #0xb8	; 184
    00000276 B8                     594 	.db #0xb8	; 184
    00000277 B8                     595 	.db #0xb8	; 184
    00000278 B8                     596 	.db #0xb8	; 184
    00000279 B8                     597 	.db #0xb8	; 184
    0000027A B8                     598 	.db #0xb8	; 184
    0000027B B8                     599 	.db #0xb8	; 184
    0000027C B8                     600 	.db #0xb8	; 184
    0000027D B8                     601 	.db #0xb8	; 184
    0000027E B8                     602 	.db #0xb8	; 184
    0000027F B7                     603 	.db #0xb7	; 183
    00000280                        604 _mini_gui:
    00000280 87                     605 	.db #0x87	; 135
    00000281 8F                     606 	.db #0x8f	; 143
    00000282 BB                     607 	.db #0xbb	; 187
    00000283 BB                     608 	.db #0xbb	; 187
    00000284 BB                     609 	.db #0xbb	; 187
    00000285 BB                     610 	.db #0xbb	; 187
    00000286 BB                     611 	.db #0xbb	; 187
    00000287 BB                     612 	.db #0xbb	; 187
    00000288 BB                     613 	.db #0xbb	; 187
    00000289 DC                     614 	.db #0xdc	; 220
    0000028A BB                     615 	.db #0xbb	; 187
    0000028B BB                     616 	.db #0xbb	; 187
    0000028C DD                     617 	.db #0xdd	; 221
    0000028D BB                     618 	.db #0xbb	; 187
    0000028E BB                     619 	.db #0xbb	; 187
    0000028F BB                     620 	.db #0xbb	; 187
    00000290 DE                     621 	.db #0xde	; 222
    00000291 A4                     622 	.db #0xa4	; 164
    00000292 BB                     623 	.db #0xbb	; 187
    00000293 BB                     624 	.db #0xbb	; 187
    00000294                        625 _hector_menu:
    00000294 B3                     626 	.db #0xb3	; 179
    00000295 B4                     627 	.db #0xb4	; 180
    00000296 B4                     628 	.db #0xb4	; 180
    00000297 B4                     629 	.db #0xb4	; 180
    00000298 B4                     630 	.db #0xb4	; 180
    00000299 B4                     631 	.db #0xb4	; 180
    0000029A B4                     632 	.db #0xb4	; 180
    0000029B B4                     633 	.db #0xb4	; 180
    0000029C B4                     634 	.db #0xb4	; 180
    0000029D B4                     635 	.db #0xb4	; 180
    0000029E B4                     636 	.db #0xb4	; 180
    0000029F B4                     637 	.db #0xb4	; 180
    000002A0 B4                     638 	.db #0xb4	; 180
    000002A1 B4                     639 	.db #0xb4	; 180
    000002A2 B4                     640 	.db #0xb4	; 180
    000002A3 B4                     641 	.db #0xb4	; 180
    000002A4 B4                     642 	.db #0xb4	; 180
    000002A5 B4                     643 	.db #0xb4	; 180
    000002A6 B4                     644 	.db #0xb4	; 180
    000002A7 B5                     645 	.db #0xb5	; 181
    000002A8 BA                     646 	.db #0xba	; 186
    000002A9 BB                     647 	.db #0xbb	; 187
    000002AA 8F                     648 	.db #0x8f	; 143
    000002AB 8E                     649 	.db #0x8e	; 142
    000002AC 93                     650 	.db #0x93	; 147
    000002AD 84                     651 	.db #0x84	; 132
    000002AE 8D                     652 	.db #0x8d	; 141
    000002AF 99                     653 	.db #0x99	; 153
    000002B0 88                     654 	.db #0x88	; 136
    000002B1 80                     655 	.db #0x80	; 128
    000002B2 AF                     656 	.db #0xaf	; 175
    000002B3 92                     657 	.db #0x92	; 146
    000002B4 8F                     658 	.db #0x8f	; 143
    000002B5 80                     659 	.db #0x80	; 128
    000002B6 83                     660 	.db #0x83	; 131
    000002B7 80                     661 	.db #0x80	; 128
    000002B8 BB                     662 	.db #0xbb	; 187
    000002B9 BB                     663 	.db #0xbb	; 187
    000002BA BB                     664 	.db #0xbb	; 187
    000002BB B6                     665 	.db #0xb6	; 182
    000002BC BA                     666 	.db #0xba	; 186
    000002BD BB                     667 	.db #0xbb	; 187
    000002BE BB                     668 	.db #0xbb	; 187
    000002BF BB                     669 	.db #0xbb	; 187
    000002C0 BB                     670 	.db #0xbb	; 187
    000002C1 BB                     671 	.db #0xbb	; 187
    000002C2 BB                     672 	.db #0xbb	; 187
    000002C3 BB                     673 	.db #0xbb	; 187
    000002C4 BB                     674 	.db #0xbb	; 187
    000002C5 BB                     675 	.db #0xbb	; 187
    000002C6 BB                     676 	.db #0xbb	; 187
    000002C7 BB                     677 	.db #0xbb	; 187
    000002C8 BB                     678 	.db #0xbb	; 187
    000002C9 BB                     679 	.db #0xbb	; 187
    000002CA BB                     680 	.db #0xbb	; 187
    000002CB BB                     681 	.db #0xbb	; 187
    000002CC BB                     682 	.db #0xbb	; 187
    000002CD BB                     683 	.db #0xbb	; 187
    000002CE BB                     684 	.db #0xbb	; 187
    000002CF B6                     685 	.db #0xb6	; 182
    000002D0 BA                     686 	.db #0xba	; 186
    000002D1 BB                     687 	.db #0xbb	; 187
    000002D2 8F                     688 	.db #0x8f	; 143
    000002D3 8E                     689 	.db #0x8e	; 142
    000002D4 93                     690 	.db #0x93	; 147
    000002D5 84                     691 	.db #0x84	; 132
    000002D6 8D                     692 	.db #0x8d	; 141
    000002D7 99                     693 	.db #0x99	; 153
    000002D8 88                     694 	.db #0x88	; 136
    000002D9 80                     695 	.db #0x80	; 128
    000002DA AF                     696 	.db #0xaf	; 175
    000002DB 92                     697 	.db #0x92	; 146
    000002DC 82                     698 	.db #0x82	; 130
    000002DD 94                     699 	.db #0x94	; 148
    000002DE 83                     700 	.db #0x83	; 131
    000002DF 8E                     701 	.db #0x8e	; 142
    000002E0 BB                     702 	.db #0xbb	; 187
    000002E1 BB                     703 	.db #0xbb	; 187
    000002E2 BB                     704 	.db #0xbb	; 187
    000002E3 B6                     705 	.db #0xb6	; 182
    000002E4 BA                     706 	.db #0xba	; 186
    000002E5 BB                     707 	.db #0xbb	; 187
    000002E6 BB                     708 	.db #0xbb	; 187
    000002E7 BB                     709 	.db #0xbb	; 187
    000002E8 BB                     710 	.db #0xbb	; 187
    000002E9 BB                     711 	.db #0xbb	; 187
    000002EA BB                     712 	.db #0xbb	; 187
    000002EB BB                     713 	.db #0xbb	; 187
    000002EC BB                     714 	.db #0xbb	; 187
    000002ED BB                     715 	.db #0xbb	; 187
    000002EE BB                     716 	.db #0xbb	; 187
    000002EF BB                     717 	.db #0xbb	; 187
    000002F0 BB                     718 	.db #0xbb	; 187
    000002F1 BB                     719 	.db #0xbb	; 187
    000002F2 BB                     720 	.db #0xbb	; 187
    000002F3 BB                     721 	.db #0xbb	; 187
    000002F4 BB                     722 	.db #0xbb	; 187
    000002F5 BB                     723 	.db #0xbb	; 187
    000002F6 BB                     724 	.db #0xbb	; 187
    000002F7 B6                     725 	.db #0xb6	; 182
    000002F8 BA                     726 	.db #0xba	; 186
    000002F9 BB                     727 	.db #0xbb	; 187
    000002FA 8F                     728 	.db #0x8f	; 143
    000002FB 8E                     729 	.db #0x8e	; 142
    000002FC 93                     730 	.db #0x93	; 147
    000002FD 84                     731 	.db #0x84	; 132
    000002FE 8D                     732 	.db #0x8d	; 141
    000002FF 99                     733 	.db #0x99	; 153
    00000300 88                     734 	.db #0x88	; 136
    00000301 80                     735 	.db #0x80	; 128
    00000302 AF                     736 	.db #0xaf	; 175
    00000303 85                     737 	.db #0x85	; 133
    00000304 91                     738 	.db #0x91	; 145
    00000305 84                     739 	.db #0x84	; 132
    00000306 82                     740 	.db #0x82	; 130
    00000307 82                     741 	.db #0x82	; 130
    00000308 84                     742 	.db #0x84	; 132
    00000309 BB                     743 	.db #0xbb	; 187
    0000030A BB                     744 	.db #0xbb	; 187
    0000030B B6                     745 	.db #0xb6	; 182
    0000030C BA                     746 	.db #0xba	; 186
    0000030D BB                     747 	.db #0xbb	; 187
    0000030E BB                     748 	.db #0xbb	; 187
    0000030F BB                     749 	.db #0xbb	; 187
    00000310 BB                     750 	.db #0xbb	; 187
    00000311 BB                     751 	.db #0xbb	; 187
    00000312 BB                     752 	.db #0xbb	; 187
    00000313 BB                     753 	.db #0xbb	; 187
    00000314 BB                     754 	.db #0xbb	; 187
    00000315 BB                     755 	.db #0xbb	; 187
    00000316 BB                     756 	.db #0xbb	; 187
    00000317 BB                     757 	.db #0xbb	; 187
    00000318 BB                     758 	.db #0xbb	; 187
    00000319 BB                     759 	.db #0xbb	; 187
    0000031A BB                     760 	.db #0xbb	; 187
    0000031B BB                     761 	.db #0xbb	; 187
    0000031C BB                     762 	.db #0xbb	; 187
    0000031D BB                     763 	.db #0xbb	; 187
    0000031E BB                     764 	.db #0xbb	; 187
    0000031F B6                     765 	.db #0xb6	; 182
    00000320 BA                     766 	.db #0xba	; 186
    00000321 BB                     767 	.db #0xbb	; 187
    00000322 8F                     768 	.db #0x8f	; 143
    00000323 8E                     769 	.db #0x8e	; 142
    00000324 93                     770 	.db #0x93	; 147
    00000325 84                     771 	.db #0x84	; 132
    00000326 8D                     772 	.db #0x8d	; 141
    00000327 99                     773 	.db #0x99	; 153
    00000328 88                     774 	.db #0x88	; 136
    00000329 80                     775 	.db #0x80	; 128
    0000032A AF                     776 	.db #0xaf	; 175
    0000032B 85                     777 	.db #0x85	; 133
    0000032C 80                     778 	.db #0x80	; 128
    0000032D 91                     779 	.db #0x91	; 145
    0000032E 84                     780 	.db #0x84	; 132
    0000032F 93                     781 	.db #0x93	; 147
    00000330 91                     782 	.db #0x91	; 145
    00000331 80                     783 	.db #0x80	; 128
    00000332 BB                     784 	.db #0xbb	; 187
    00000333 B6                     785 	.db #0xb6	; 182
    00000334 B9                     786 	.db #0xb9	; 185
    00000335 B8                     787 	.db #0xb8	; 184
    00000336 B8                     788 	.db #0xb8	; 184
    00000337 B8                     789 	.db #0xb8	; 184
    00000338 B8                     790 	.db #0xb8	; 184
    00000339 B8                     791 	.db #0xb8	; 184
    0000033A B8                     792 	.db #0xb8	; 184
    0000033B B8                     793 	.db #0xb8	; 184
    0000033C B8                     794 	.db #0xb8	; 184
    0000033D B8                     795 	.db #0xb8	; 184
    0000033E B8                     796 	.db #0xb8	; 184
    0000033F B8                     797 	.db #0xb8	; 184
    00000340 B8                     798 	.db #0xb8	; 184
    00000341 B8                     799 	.db #0xb8	; 184
    00000342 B8                     800 	.db #0xb8	; 184
    00000343 B8                     801 	.db #0xb8	; 184
    00000344 B8                     802 	.db #0xb8	; 184
    00000345 B8                     803 	.db #0xb8	; 184
    00000346 B8                     804 	.db #0xb8	; 184
    00000347 B7                     805 	.db #0xb7	; 183
    00000348 B3                     806 	.db #0xb3	; 179
    00000349 B4                     807 	.db #0xb4	; 180
    0000034A B4                     808 	.db #0xb4	; 180
    0000034B B4                     809 	.db #0xb4	; 180
    0000034C B4                     810 	.db #0xb4	; 180
    0000034D B4                     811 	.db #0xb4	; 180
    0000034E B4                     812 	.db #0xb4	; 180
    0000034F B4                     813 	.db #0xb4	; 180
    00000350 B4                     814 	.db #0xb4	; 180
    00000351 B4                     815 	.db #0xb4	; 180
    00000352 B4                     816 	.db #0xb4	; 180
    00000353 B4                     817 	.db #0xb4	; 180
    00000354 B4                     818 	.db #0xb4	; 180
    00000355 B4                     819 	.db #0xb4	; 180
    00000356 B4                     820 	.db #0xb4	; 180
    00000357 B4                     821 	.db #0xb4	; 180
    00000358 B4                     822 	.db #0xb4	; 180
    00000359 B4                     823 	.db #0xb4	; 180
    0000035A B4                     824 	.db #0xb4	; 180
    0000035B B5                     825 	.db #0xb5	; 181
    0000035C BA                     826 	.db #0xba	; 186
    0000035D BB                     827 	.db #0xbb	; 187
    0000035E 82                     828 	.db #0x82	; 130
    0000035F 8E                     829 	.db #0x8e	; 142
    00000360 92                     830 	.db #0x92	; 146
    00000361 93                     831 	.db #0x93	; 147
    00000362 8E                     832 	.db #0x8e	; 142
    00000363 B1                     833 	.db #0xb1	; 177
    00000364 BB                     834 	.db #0xbb	; 187
    00000365 BB                     835 	.db #0xbb	; 187
    00000366 BB                     836 	.db #0xbb	; 187
    00000367 BB                     837 	.db #0xbb	; 187
    00000368 BB                     838 	.db #0xbb	; 187
    00000369 BB                     839 	.db #0xbb	; 187
    0000036A BB                     840 	.db #0xbb	; 187
    0000036B BB                     841 	.db #0xbb	; 187
    0000036C BB                     842 	.db #0xbb	; 187
    0000036D BB                     843 	.db #0xbb	; 187
    0000036E BB                     844 	.db #0xbb	; 187
    0000036F B6                     845 	.db #0xb6	; 182
    00000370 BA                     846 	.db #0xba	; 186
    00000371 BB                     847 	.db #0xbb	; 187
    00000372 BB                     848 	.db #0xbb	; 187
    00000373 BB                     849 	.db #0xbb	; 187
    00000374 BB                     850 	.db #0xbb	; 187
    00000375 BB                     851 	.db #0xbb	; 187
    00000376 BB                     852 	.db #0xbb	; 187
    00000377 BB                     853 	.db #0xbb	; 187
    00000378 BB                     854 	.db #0xbb	; 187
    00000379 BB                     855 	.db #0xbb	; 187
    0000037A BB                     856 	.db #0xbb	; 187
    0000037B BB                     857 	.db #0xbb	; 187
    0000037C BB                     858 	.db #0xbb	; 187
    0000037D BB                     859 	.db #0xbb	; 187
    0000037E BB                     860 	.db #0xbb	; 187
    0000037F BB                     861 	.db #0xbb	; 187
    00000380 BB                     862 	.db #0xbb	; 187
    00000381 BB                     863 	.db #0xbb	; 187
    00000382 BB                     864 	.db #0xbb	; 187
    00000383 B6                     865 	.db #0xb6	; 182
    00000384 BA                     866 	.db #0xba	; 186
    00000385 BB                     867 	.db #0xbb	; 187
    00000386 8E                     868 	.db #0x8e	; 142
    00000387 93                     869 	.db #0x93	; 147
    00000388 93                     870 	.db #0x93	; 147
    00000389 84                     871 	.db #0x84	; 132
    0000038A 8D                     872 	.db #0x8d	; 141
    0000038B 94                     873 	.db #0x94	; 148
    0000038C 93                     874 	.db #0x93	; 147
    0000038D 88                     875 	.db #0x88	; 136
    0000038E B1                     876 	.db #0xb1	; 177
    0000038F BB                     877 	.db #0xbb	; 187
    00000390 BB                     878 	.db #0xbb	; 187
    00000391 BB                     879 	.db #0xbb	; 187
    00000392 BB                     880 	.db #0xbb	; 187
    00000393 BB                     881 	.db #0xbb	; 187
    00000394 BB                     882 	.db #0xbb	; 187
    00000395 BB                     883 	.db #0xbb	; 187
    00000396 BB                     884 	.db #0xbb	; 187
    00000397 B6                     885 	.db #0xb6	; 182
    00000398 B9                     886 	.db #0xb9	; 185
    00000399 B8                     887 	.db #0xb8	; 184
    0000039A B8                     888 	.db #0xb8	; 184
    0000039B B8                     889 	.db #0xb8	; 184
    0000039C B8                     890 	.db #0xb8	; 184
    0000039D B8                     891 	.db #0xb8	; 184
    0000039E B8                     892 	.db #0xb8	; 184
    0000039F B8                     893 	.db #0xb8	; 184
    000003A0 B8                     894 	.db #0xb8	; 184
    000003A1 B8                     895 	.db #0xb8	; 184
    000003A2 B8                     896 	.db #0xb8	; 184
    000003A3 B8                     897 	.db #0xb8	; 184
    000003A4 B8                     898 	.db #0xb8	; 184
    000003A5 B8                     899 	.db #0xb8	; 184
    000003A6 B8                     900 	.db #0xb8	; 184
    000003A7 B8                     901 	.db #0xb8	; 184
    000003A8 B8                     902 	.db #0xb8	; 184
    000003A9 B8                     903 	.db #0xb8	; 184
    000003AA B8                     904 	.db #0xb8	; 184
    000003AB B7                     905 	.db #0xb7	; 183
    000003AC                        906 _safy_menu:
    000003AC B3                     907 	.db #0xb3	; 179
    000003AD B4                     908 	.db #0xb4	; 180
    000003AE B4                     909 	.db #0xb4	; 180
    000003AF B4                     910 	.db #0xb4	; 180
    000003B0 B4                     911 	.db #0xb4	; 180
    000003B1 B4                     912 	.db #0xb4	; 180
    000003B2 B4                     913 	.db #0xb4	; 180
    000003B3 B4                     914 	.db #0xb4	; 180
    000003B4 B4                     915 	.db #0xb4	; 180
    000003B5 B4                     916 	.db #0xb4	; 180
    000003B6 B4                     917 	.db #0xb4	; 180
    000003B7 B4                     918 	.db #0xb4	; 180
    000003B8 B4                     919 	.db #0xb4	; 180
    000003B9 B4                     920 	.db #0xb4	; 180
    000003BA B4                     921 	.db #0xb4	; 180
    000003BB B4                     922 	.db #0xb4	; 180
    000003BC B4                     923 	.db #0xb4	; 180
    000003BD B4                     924 	.db #0xb4	; 180
    000003BE B4                     925 	.db #0xb4	; 180
    000003BF B5                     926 	.db #0xb5	; 181
    000003C0 BA                     927 	.db #0xba	; 186
    000003C1 BB                     928 	.db #0xbb	; 187
    000003C2 8F                     929 	.db #0x8f	; 143
    000003C3 8E                     930 	.db #0x8e	; 142
    000003C4 93                     931 	.db #0x93	; 147
    000003C5 84                     932 	.db #0x84	; 132
    000003C6 8D                     933 	.db #0x8d	; 141
    000003C7 99                     934 	.db #0x99	; 153
    000003C8 88                     935 	.db #0x88	; 136
    000003C9 80                     936 	.db #0x80	; 128
    000003CA AF                     937 	.db #0xaf	; 175
    000003CB 90                     938 	.db #0x90	; 144
    000003CC 94                     939 	.db #0x94	; 148
    000003CD 80                     940 	.db #0x80	; 128
    000003CE 8D                     941 	.db #0x8d	; 141
    000003CF 93                     942 	.db #0x93	; 147
    000003D0 A6                     943 	.db #0xa6	; 166
    000003D1 BB                     944 	.db #0xbb	; 187
    000003D2 BB                     945 	.db #0xbb	; 187
    000003D3 B6                     946 	.db #0xb6	; 182
    000003D4 BA                     947 	.db #0xba	; 186
    000003D5 BB                     948 	.db #0xbb	; 187
    000003D6 BB                     949 	.db #0xbb	; 187
    000003D7 BB                     950 	.db #0xbb	; 187
    000003D8 BB                     951 	.db #0xbb	; 187
    000003D9 BB                     952 	.db #0xbb	; 187
    000003DA BB                     953 	.db #0xbb	; 187
    000003DB BB                     954 	.db #0xbb	; 187
    000003DC BB                     955 	.db #0xbb	; 187
    000003DD BB                     956 	.db #0xbb	; 187
    000003DE BB                     957 	.db #0xbb	; 187
    000003DF BB                     958 	.db #0xbb	; 187
    000003E0 BB                     959 	.db #0xbb	; 187
    000003E1 BB                     960 	.db #0xbb	; 187
    000003E2 BB                     961 	.db #0xbb	; 187
    000003E3 BB                     962 	.db #0xbb	; 187
    000003E4 BB                     963 	.db #0xbb	; 187
    000003E5 BB                     964 	.db #0xbb	; 187
    000003E6 BB                     965 	.db #0xbb	; 187
    000003E7 B6                     966 	.db #0xb6	; 182
    000003E8 BA                     967 	.db #0xba	; 186
    000003E9 BB                     968 	.db #0xbb	; 187
    000003EA 8F                     969 	.db #0x8f	; 143
    000003EB 8E                     970 	.db #0x8e	; 142
    000003EC 93                     971 	.db #0x93	; 147
    000003ED 84                     972 	.db #0x84	; 132
    000003EE 8D                     973 	.db #0x8d	; 141
    000003EF 99                     974 	.db #0x99	; 153
    000003F0 88                     975 	.db #0x88	; 136
    000003F1 80                     976 	.db #0x80	; 128
    000003F2 AF                     977 	.db #0xaf	; 175
    000003F3 82                     978 	.db #0x82	; 130
    000003F4 94                     979 	.db #0x94	; 148
    000003F5 91                     980 	.db #0x91	; 145
    000003F6 80                     981 	.db #0x80	; 128
    000003F7 BB                     982 	.db #0xbb	; 187
    000003F8 BB                     983 	.db #0xbb	; 187
    000003F9 BB                     984 	.db #0xbb	; 187
    000003FA BB                     985 	.db #0xbb	; 187
    000003FB B6                     986 	.db #0xb6	; 182
    000003FC BA                     987 	.db #0xba	; 186
    000003FD BB                     988 	.db #0xbb	; 187
    000003FE BB                     989 	.db #0xbb	; 187
    000003FF BB                     990 	.db #0xbb	; 187
    00000400 BB                     991 	.db #0xbb	; 187
    00000401 BB                     992 	.db #0xbb	; 187
    00000402 BB                     993 	.db #0xbb	; 187
    00000403 BB                     994 	.db #0xbb	; 187
    00000404 BB                     995 	.db #0xbb	; 187
    00000405 BB                     996 	.db #0xbb	; 187
    00000406 BB                     997 	.db #0xbb	; 187
    00000407 BB                     998 	.db #0xbb	; 187
    00000408 BB                     999 	.db #0xbb	; 187
    00000409 BB                    1000 	.db #0xbb	; 187
    0000040A BB                    1001 	.db #0xbb	; 187
    0000040B BB                    1002 	.db #0xbb	; 187
    0000040C BB                    1003 	.db #0xbb	; 187
    0000040D BB                    1004 	.db #0xbb	; 187
    0000040E BB                    1005 	.db #0xbb	; 187
    0000040F B6                    1006 	.db #0xb6	; 182
    00000410 BA                    1007 	.db #0xba	; 186
    00000411 BB                    1008 	.db #0xbb	; 187
    00000412 80                    1009 	.db #0x80	; 128
    00000413 94                    1010 	.db #0x94	; 148
    00000414 8C                    1011 	.db #0x8c	; 140
    00000415 84                    1012 	.db #0x84	; 132
    00000416 8D                    1013 	.db #0x8d	; 141
    00000417 93                    1014 	.db #0x93	; 147
    00000418 80                    1015 	.db #0x80	; 128
    00000419 AF                    1016 	.db #0xaf	; 175
    0000041A 8B                    1017 	.db #0x8b	; 139
    0000041B 88                    1018 	.db #0x88	; 136
    0000041C 95                    1019 	.db #0x95	; 149
    0000041D 84                    1020 	.db #0x84	; 132
    0000041E 8B                    1021 	.db #0x8b	; 139
    0000041F 8B                    1022 	.db #0x8b	; 139
    00000420 8E                    1023 	.db #0x8e	; 142
    00000421 BB                    1024 	.db #0xbb	; 187
    00000422 BB                    1025 	.db #0xbb	; 187
    00000423 B6                    1026 	.db #0xb6	; 182
    00000424 BA                    1027 	.db #0xba	; 186
    00000425 BB                    1028 	.db #0xbb	; 187
    00000426 BB                    1029 	.db #0xbb	; 187
    00000427 BB                    1030 	.db #0xbb	; 187
    00000428 BB                    1031 	.db #0xbb	; 187
    00000429 BB                    1032 	.db #0xbb	; 187
    0000042A BB                    1033 	.db #0xbb	; 187
    0000042B BB                    1034 	.db #0xbb	; 187
    0000042C BB                    1035 	.db #0xbb	; 187
    0000042D BB                    1036 	.db #0xbb	; 187
    0000042E BB                    1037 	.db #0xbb	; 187
    0000042F BB                    1038 	.db #0xbb	; 187
    00000430 BB                    1039 	.db #0xbb	; 187
    00000431 BB                    1040 	.db #0xbb	; 187
    00000432 BB                    1041 	.db #0xbb	; 187
    00000433 BB                    1042 	.db #0xbb	; 187
    00000434 BB                    1043 	.db #0xbb	; 187
    00000435 BB                    1044 	.db #0xbb	; 187
    00000436 BB                    1045 	.db #0xbb	; 187
    00000437 B6                    1046 	.db #0xb6	; 182
    00000438 BA                    1047 	.db #0xba	; 186
    00000439 BB                    1048 	.db #0xbb	; 187
    0000043A BB                    1049 	.db #0xbb	; 187
    0000043B BB                    1050 	.db #0xbb	; 187
    0000043C BB                    1051 	.db #0xbb	; 187
    0000043D BB                    1052 	.db #0xbb	; 187
    0000043E BB                    1053 	.db #0xbb	; 187
    0000043F BB                    1054 	.db #0xbb	; 187
    00000440 BB                    1055 	.db #0xbb	; 187
    00000441 BB                    1056 	.db #0xbb	; 187
    00000442 BB                    1057 	.db #0xbb	; 187
    00000443 BB                    1058 	.db #0xbb	; 187
    00000444 BB                    1059 	.db #0xbb	; 187
    00000445 BB                    1060 	.db #0xbb	; 187
    00000446 BB                    1061 	.db #0xbb	; 187
    00000447 BB                    1062 	.db #0xbb	; 187
    00000448 BB                    1063 	.db #0xbb	; 187
    00000449 BB                    1064 	.db #0xbb	; 187
    0000044A BB                    1065 	.db #0xbb	; 187
    0000044B B6                    1066 	.db #0xb6	; 182
    0000044C B9                    1067 	.db #0xb9	; 185
    0000044D B8                    1068 	.db #0xb8	; 184
    0000044E B8                    1069 	.db #0xb8	; 184
    0000044F B8                    1070 	.db #0xb8	; 184
    00000450 B8                    1071 	.db #0xb8	; 184
    00000451 B8                    1072 	.db #0xb8	; 184
    00000452 B8                    1073 	.db #0xb8	; 184
    00000453 B8                    1074 	.db #0xb8	; 184
    00000454 B8                    1075 	.db #0xb8	; 184
    00000455 B8                    1076 	.db #0xb8	; 184
    00000456 B8                    1077 	.db #0xb8	; 184
    00000457 B8                    1078 	.db #0xb8	; 184
    00000458 B8                    1079 	.db #0xb8	; 184
    00000459 B8                    1080 	.db #0xb8	; 184
    0000045A B8                    1081 	.db #0xb8	; 184
    0000045B B8                    1082 	.db #0xb8	; 184
    0000045C B8                    1083 	.db #0xb8	; 184
    0000045D B8                    1084 	.db #0xb8	; 184
    0000045E B8                    1085 	.db #0xb8	; 184
    0000045F B7                    1086 	.db #0xb7	; 183
    00000460 B3                    1087 	.db #0xb3	; 179
    00000461 B4                    1088 	.db #0xb4	; 180
    00000462 B4                    1089 	.db #0xb4	; 180
    00000463 B4                    1090 	.db #0xb4	; 180
    00000464 B4                    1091 	.db #0xb4	; 180
    00000465 B4                    1092 	.db #0xb4	; 180
    00000466 B4                    1093 	.db #0xb4	; 180
    00000467 B4                    1094 	.db #0xb4	; 180
    00000468 B4                    1095 	.db #0xb4	; 180
    00000469 B4                    1096 	.db #0xb4	; 180
    0000046A B4                    1097 	.db #0xb4	; 180
    0000046B B4                    1098 	.db #0xb4	; 180
    0000046C B4                    1099 	.db #0xb4	; 180
    0000046D B4                    1100 	.db #0xb4	; 180
    0000046E B4                    1101 	.db #0xb4	; 180
    0000046F B4                    1102 	.db #0xb4	; 180
    00000470 B4                    1103 	.db #0xb4	; 180
    00000471 B4                    1104 	.db #0xb4	; 180
    00000472 B4                    1105 	.db #0xb4	; 180
    00000473 B5                    1106 	.db #0xb5	; 181
    00000474 BA                    1107 	.db #0xba	; 186
    00000475 BB                    1108 	.db #0xbb	; 187
    00000476 82                    1109 	.db #0x82	; 130
    00000477 8E                    1110 	.db #0x8e	; 142
    00000478 92                    1111 	.db #0x92	; 146
    00000479 93                    1112 	.db #0x93	; 147
    0000047A 8E                    1113 	.db #0x8e	; 142
    0000047B B1                    1114 	.db #0xb1	; 177
    0000047C BB                    1115 	.db #0xbb	; 187
    0000047D BB                    1116 	.db #0xbb	; 187
    0000047E BB                    1117 	.db #0xbb	; 187
    0000047F BB                    1118 	.db #0xbb	; 187
    00000480 BB                    1119 	.db #0xbb	; 187
    00000481 BB                    1120 	.db #0xbb	; 187
    00000482 BB                    1121 	.db #0xbb	; 187
    00000483 BB                    1122 	.db #0xbb	; 187
    00000484 BB                    1123 	.db #0xbb	; 187
    00000485 BB                    1124 	.db #0xbb	; 187
    00000486 BB                    1125 	.db #0xbb	; 187
    00000487 B6                    1126 	.db #0xb6	; 182
    00000488 BA                    1127 	.db #0xba	; 186
    00000489 BB                    1128 	.db #0xbb	; 187
    0000048A BB                    1129 	.db #0xbb	; 187
    0000048B BB                    1130 	.db #0xbb	; 187
    0000048C BB                    1131 	.db #0xbb	; 187
    0000048D BB                    1132 	.db #0xbb	; 187
    0000048E BB                    1133 	.db #0xbb	; 187
    0000048F BB                    1134 	.db #0xbb	; 187
    00000490 BB                    1135 	.db #0xbb	; 187
    00000491 BB                    1136 	.db #0xbb	; 187
    00000492 BB                    1137 	.db #0xbb	; 187
    00000493 BB                    1138 	.db #0xbb	; 187
    00000494 BB                    1139 	.db #0xbb	; 187
    00000495 BB                    1140 	.db #0xbb	; 187
    00000496 BB                    1141 	.db #0xbb	; 187
    00000497 BB                    1142 	.db #0xbb	; 187
    00000498 BB                    1143 	.db #0xbb	; 187
    00000499 BB                    1144 	.db #0xbb	; 187
    0000049A BB                    1145 	.db #0xbb	; 187
    0000049B B6                    1146 	.db #0xb6	; 182
    0000049C BA                    1147 	.db #0xba	; 186
    0000049D BB                    1148 	.db #0xbb	; 187
    0000049E 8E                    1149 	.db #0x8e	; 142
    0000049F 93                    1150 	.db #0x93	; 147
    000004A0 93                    1151 	.db #0x93	; 147
    000004A1 84                    1152 	.db #0x84	; 132
    000004A2 8D                    1153 	.db #0x8d	; 141
    000004A3 94                    1154 	.db #0x94	; 148
    000004A4 93                    1155 	.db #0x93	; 147
    000004A5 88                    1156 	.db #0x88	; 136
    000004A6 B1                    1157 	.db #0xb1	; 177
    000004A7 BB                    1158 	.db #0xbb	; 187
    000004A8 BB                    1159 	.db #0xbb	; 187
    000004A9 BB                    1160 	.db #0xbb	; 187
    000004AA BB                    1161 	.db #0xbb	; 187
    000004AB BB                    1162 	.db #0xbb	; 187
    000004AC BB                    1163 	.db #0xbb	; 187
    000004AD BB                    1164 	.db #0xbb	; 187
    000004AE BB                    1165 	.db #0xbb	; 187
    000004AF B6                    1166 	.db #0xb6	; 182
    000004B0 B9                    1167 	.db #0xb9	; 185
    000004B1 B8                    1168 	.db #0xb8	; 184
    000004B2 B8                    1169 	.db #0xb8	; 184
    000004B3 B8                    1170 	.db #0xb8	; 184
    000004B4 B8                    1171 	.db #0xb8	; 184
    000004B5 B8                    1172 	.db #0xb8	; 184
    000004B6 B8                    1173 	.db #0xb8	; 184
    000004B7 B8                    1174 	.db #0xb8	; 184
    000004B8 B8                    1175 	.db #0xb8	; 184
    000004B9 B8                    1176 	.db #0xb8	; 184
    000004BA B8                    1177 	.db #0xb8	; 184
    000004BB B8                    1178 	.db #0xb8	; 184
    000004BC B8                    1179 	.db #0xb8	; 184
    000004BD B8                    1180 	.db #0xb8	; 184
    000004BE B8                    1181 	.db #0xb8	; 184
    000004BF B8                    1182 	.db #0xb8	; 184
    000004C0 B8                    1183 	.db #0xb8	; 184
    000004C1 B8                    1184 	.db #0xb8	; 184
    000004C2 B8                    1185 	.db #0xb8	; 184
    000004C3 B7                    1186 	.db #0xb7	; 183
    000004C4                       1187 _obtained_key:
    000004C4 B3                    1188 	.db #0xb3	; 179
    000004C5 B4                    1189 	.db #0xb4	; 180
    000004C6 B4                    1190 	.db #0xb4	; 180
    000004C7 B4                    1191 	.db #0xb4	; 180
    000004C8 B4                    1192 	.db #0xb4	; 180
    000004C9 B4                    1193 	.db #0xb4	; 180
    000004CA B4                    1194 	.db #0xb4	; 180
    000004CB B4                    1195 	.db #0xb4	; 180
    000004CC B4                    1196 	.db #0xb4	; 180
    000004CD B4                    1197 	.db #0xb4	; 180
    000004CE B4                    1198 	.db #0xb4	; 180
    000004CF B4                    1199 	.db #0xb4	; 180
    000004D0 B4                    1200 	.db #0xb4	; 180
    000004D1 B4                    1201 	.db #0xb4	; 180
    000004D2 B4                    1202 	.db #0xb4	; 180
    000004D3 B4                    1203 	.db #0xb4	; 180
    000004D4 B4                    1204 	.db #0xb4	; 180
    000004D5 B4                    1205 	.db #0xb4	; 180
    000004D6 B4                    1206 	.db #0xb4	; 180
    000004D7 B5                    1207 	.db #0xb5	; 181
    000004D8 BA                    1208 	.db #0xba	; 186
    000004D9 82                    1209 	.db #0x82	; 130
    000004DA 87                    1210 	.db #0x87	; 135
    000004DB 88                    1211 	.db #0x88	; 136
    000004DC 80                    1212 	.db #0x80	; 128
    000004DD 95                    1213 	.db #0x95	; 149
    000004DE 84                    1214 	.db #0x84	; 132
    000004DF BB                    1215 	.db #0xbb	; 187
    000004E0 83                    1216 	.db #0x83	; 131
    000004E1 84                    1217 	.db #0x84	; 132
    000004E2 8B                    1218 	.db #0x8b	; 139
    000004E3 BB                    1219 	.db #0xbb	; 187
    000004E4 8F                    1220 	.db #0x8f	; 143
    000004E5 88                    1221 	.db #0x88	; 136
    000004E6 80                    1222 	.db #0x80	; 128
    000004E7 8D                    1223 	.db #0x8d	; 141
    000004E8 8E                    1224 	.db #0x8e	; 142
    000004E9 BB                    1225 	.db #0xbb	; 187
    000004EA BB                    1226 	.db #0xbb	; 187
    000004EB B6                    1227 	.db #0xb6	; 182
    000004EC BA                    1228 	.db #0xba	; 186
    000004ED BB                    1229 	.db #0xbb	; 187
    000004EE BB                    1230 	.db #0xbb	; 187
    000004EF BB                    1231 	.db #0xbb	; 187
    000004F0 BB                    1232 	.db #0xbb	; 187
    000004F1 BB                    1233 	.db #0xbb	; 187
    000004F2 BB                    1234 	.db #0xbb	; 187
    000004F3 BB                    1235 	.db #0xbb	; 187
    000004F4 BB                    1236 	.db #0xbb	; 187
    000004F5 BB                    1237 	.db #0xbb	; 187
    000004F6 BB                    1238 	.db #0xbb	; 187
    000004F7 BB                    1239 	.db #0xbb	; 187
    000004F8 BB                    1240 	.db #0xbb	; 187
    000004F9 BB                    1241 	.db #0xbb	; 187
    000004FA BB                    1242 	.db #0xbb	; 187
    000004FB BB                    1243 	.db #0xbb	; 187
    000004FC BB                    1244 	.db #0xbb	; 187
    000004FD BB                    1245 	.db #0xbb	; 187
    000004FE BB                    1246 	.db #0xbb	; 187
    000004FF B6                    1247 	.db #0xb6	; 182
    00000500 BA                    1248 	.db #0xba	; 186
    00000501 8E                    1249 	.db #0x8e	; 142
    00000502 93                    1250 	.db #0x93	; 147
    00000503 93                    1251 	.db #0x93	; 147
    00000504 84                    1252 	.db #0x84	; 132
    00000505 8D                    1253 	.db #0x8d	; 141
    00000506 94                    1254 	.db #0x94	; 148
    00000507 93                    1255 	.db #0x93	; 147
    00000508 80                    1256 	.db #0x80	; 128
    00000509 A7                    1257 	.db #0xa7	; 167
    0000050A BB                    1258 	.db #0xbb	; 187
    0000050B BB                    1259 	.db #0xbb	; 187
    0000050C BB                    1260 	.db #0xbb	; 187
    0000050D BB                    1261 	.db #0xbb	; 187
    0000050E BB                    1262 	.db #0xbb	; 187
    0000050F BB                    1263 	.db #0xbb	; 187
    00000510 BB                    1264 	.db #0xbb	; 187
    00000511 BB                    1265 	.db #0xbb	; 187
    00000512 BB                    1266 	.db #0xbb	; 187
    00000513 B6                    1267 	.db #0xb6	; 182
    00000514 B9                    1268 	.db #0xb9	; 185
    00000515 B8                    1269 	.db #0xb8	; 184
    00000516 B8                    1270 	.db #0xb8	; 184
    00000517 B8                    1271 	.db #0xb8	; 184
    00000518 B8                    1272 	.db #0xb8	; 184
    00000519 B8                    1273 	.db #0xb8	; 184
    0000051A B8                    1274 	.db #0xb8	; 184
    0000051B B8                    1275 	.db #0xb8	; 184
    0000051C B8                    1276 	.db #0xb8	; 184
    0000051D B8                    1277 	.db #0xb8	; 184
    0000051E B8                    1278 	.db #0xb8	; 184
    0000051F B8                    1279 	.db #0xb8	; 184
    00000520 B8                    1280 	.db #0xb8	; 184
    00000521 B8                    1281 	.db #0xb8	; 184
    00000522 B8                    1282 	.db #0xb8	; 184
    00000523 B8                    1283 	.db #0xb8	; 184
    00000524 B8                    1284 	.db #0xb8	; 184
    00000525 B8                    1285 	.db #0xb8	; 184
    00000526 B8                    1286 	.db #0xb8	; 184
    00000527 B7                    1287 	.db #0xb7	; 183
    00000528                       1288 _obtained_mythril:
    00000528 B3                    1289 	.db #0xb3	; 179
    00000529 B4                    1290 	.db #0xb4	; 180
    0000052A B4                    1291 	.db #0xb4	; 180
    0000052B B4                    1292 	.db #0xb4	; 180
    0000052C B4                    1293 	.db #0xb4	; 180
    0000052D B4                    1294 	.db #0xb4	; 180
    0000052E B4                    1295 	.db #0xb4	; 180
    0000052F B4                    1296 	.db #0xb4	; 180
    00000530 B4                    1297 	.db #0xb4	; 180
    00000531 B4                    1298 	.db #0xb4	; 180
    00000532 B4                    1299 	.db #0xb4	; 180
    00000533 B4                    1300 	.db #0xb4	; 180
    00000534 B4                    1301 	.db #0xb4	; 180
    00000535 B4                    1302 	.db #0xb4	; 180
    00000536 B4                    1303 	.db #0xb4	; 180
    00000537 B4                    1304 	.db #0xb4	; 180
    00000538 B4                    1305 	.db #0xb4	; 180
    00000539 B4                    1306 	.db #0xb4	; 180
    0000053A B4                    1307 	.db #0xb4	; 180
    0000053B B5                    1308 	.db #0xb5	; 181
    0000053C BA                    1309 	.db #0xba	; 186
    0000053D 8C                    1310 	.db #0x8c	; 140
    0000053E 98                    1311 	.db #0x98	; 152
    0000053F 93                    1312 	.db #0x93	; 147
    00000540 87                    1313 	.db #0x87	; 135
    00000541 91                    1314 	.db #0x91	; 145
    00000542 88                    1315 	.db #0x88	; 136
    00000543 8B                    1316 	.db #0x8b	; 139
    00000544 BB                    1317 	.db #0xbb	; 187
    00000545 8E                    1318 	.db #0x8e	; 142
    00000546 93                    1319 	.db #0x93	; 147
    00000547 93                    1320 	.db #0x93	; 147
    00000548 84                    1321 	.db #0x84	; 132
    00000549 8D                    1322 	.db #0x8d	; 141
    0000054A 94                    1323 	.db #0x94	; 148
    0000054B 93                    1324 	.db #0x93	; 147
    0000054C 8E                    1325 	.db #0x8e	; 142
    0000054D A7                    1326 	.db #0xa7	; 167
    0000054E BB                    1327 	.db #0xbb	; 187
    0000054F B6                    1328 	.db #0xb6	; 182
    00000550 BA                    1329 	.db #0xba	; 186
    00000551 BB                    1330 	.db #0xbb	; 187
    00000552 BB                    1331 	.db #0xbb	; 187
    00000553 BB                    1332 	.db #0xbb	; 187
    00000554 BB                    1333 	.db #0xbb	; 187
    00000555 BB                    1334 	.db #0xbb	; 187
    00000556 BB                    1335 	.db #0xbb	; 187
    00000557 BB                    1336 	.db #0xbb	; 187
    00000558 BB                    1337 	.db #0xbb	; 187
    00000559 BB                    1338 	.db #0xbb	; 187
    0000055A BB                    1339 	.db #0xbb	; 187
    0000055B BB                    1340 	.db #0xbb	; 187
    0000055C BB                    1341 	.db #0xbb	; 187
    0000055D BB                    1342 	.db #0xbb	; 187
    0000055E BB                    1343 	.db #0xbb	; 187
    0000055F BB                    1344 	.db #0xbb	; 187
    00000560 BB                    1345 	.db #0xbb	; 187
    00000561 BB                    1346 	.db #0xbb	; 187
    00000562 BB                    1347 	.db #0xbb	; 187
    00000563 B6                    1348 	.db #0xb6	; 182
    00000564 BA                    1349 	.db #0xba	; 186
    00000565 BB                    1350 	.db #0xbb	; 187
    00000566 BB                    1351 	.db #0xbb	; 187
    00000567 BB                    1352 	.db #0xbb	; 187
    00000568 BB                    1353 	.db #0xbb	; 187
    00000569 BB                    1354 	.db #0xbb	; 187
    0000056A BB                    1355 	.db #0xbb	; 187
    0000056B BB                    1356 	.db #0xbb	; 187
    0000056C BB                    1357 	.db #0xbb	; 187
    0000056D BB                    1358 	.db #0xbb	; 187
    0000056E BB                    1359 	.db #0xbb	; 187
    0000056F BB                    1360 	.db #0xbb	; 187
    00000570 BB                    1361 	.db #0xbb	; 187
    00000571 BB                    1362 	.db #0xbb	; 187
    00000572 BB                    1363 	.db #0xbb	; 187
    00000573 BB                    1364 	.db #0xbb	; 187
    00000574 BB                    1365 	.db #0xbb	; 187
    00000575 BB                    1366 	.db #0xbb	; 187
    00000576 BB                    1367 	.db #0xbb	; 187
    00000577 B6                    1368 	.db #0xb6	; 182
    00000578 B9                    1369 	.db #0xb9	; 185
    00000579 B8                    1370 	.db #0xb8	; 184
    0000057A B8                    1371 	.db #0xb8	; 184
    0000057B B8                    1372 	.db #0xb8	; 184
    0000057C B8                    1373 	.db #0xb8	; 184
    0000057D B8                    1374 	.db #0xb8	; 184
    0000057E B8                    1375 	.db #0xb8	; 184
    0000057F B8                    1376 	.db #0xb8	; 184
    00000580 B8                    1377 	.db #0xb8	; 184
    00000581 B8                    1378 	.db #0xb8	; 184
    00000582 B8                    1379 	.db #0xb8	; 184
    00000583 B8                    1380 	.db #0xb8	; 184
    00000584 B8                    1381 	.db #0xb8	; 184
    00000585 B8                    1382 	.db #0xb8	; 184
    00000586 B8                    1383 	.db #0xb8	; 184
    00000587 B8                    1384 	.db #0xb8	; 184
    00000588 B8                    1385 	.db #0xb8	; 184
    00000589 B8                    1386 	.db #0xb8	; 184
    0000058A B8                    1387 	.db #0xb8	; 184
    0000058B B7                    1388 	.db #0xb7	; 183
    0000058C                       1389 _boss_defeated:
    0000058C B3                    1390 	.db #0xb3	; 179
    0000058D B4                    1391 	.db #0xb4	; 180
    0000058E B4                    1392 	.db #0xb4	; 180
    0000058F B4                    1393 	.db #0xb4	; 180
    00000590 B4                    1394 	.db #0xb4	; 180
    00000591 B4                    1395 	.db #0xb4	; 180
    00000592 B4                    1396 	.db #0xb4	; 180
    00000593 B4                    1397 	.db #0xb4	; 180
    00000594 B4                    1398 	.db #0xb4	; 180
    00000595 B4                    1399 	.db #0xb4	; 180
    00000596 B4                    1400 	.db #0xb4	; 180
    00000597 B4                    1401 	.db #0xb4	; 180
    00000598 B4                    1402 	.db #0xb4	; 180
    00000599 B4                    1403 	.db #0xb4	; 180
    0000059A B4                    1404 	.db #0xb4	; 180
    0000059B B4                    1405 	.db #0xb4	; 180
    0000059C B4                    1406 	.db #0xb4	; 180
    0000059D B4                    1407 	.db #0xb4	; 180
    0000059E B4                    1408 	.db #0xb4	; 180
    0000059F B5                    1409 	.db #0xb5	; 181
    000005A0 BA                    1410 	.db #0xba	; 186
    000005A1 81                    1411 	.db #0x81	; 129
    000005A2 8E                    1412 	.db #0x8e	; 142
    000005A3 92                    1413 	.db #0x92	; 146
    000005A4 92                    1414 	.db #0x92	; 146
    000005A5 AF                    1415 	.db #0xaf	; 175
    000005A6 92                    1416 	.db #0x92	; 146
    000005A7 82                    1417 	.db #0x82	; 130
    000005A8 8E                    1418 	.db #0x8e	; 142
    000005A9 8D                    1419 	.db #0x8d	; 141
    000005AA 85                    1420 	.db #0x85	; 133
    000005AB 88                    1421 	.db #0x88	; 136
    000005AC 93                    1422 	.db #0x93	; 147
    000005AD 93                    1423 	.db #0x93	; 147
    000005AE 8E                    1424 	.db #0x8e	; 142
    000005AF A7                    1425 	.db #0xa7	; 167
    000005B0 AF                    1426 	.db #0xaf	; 175
    000005B1 9C                    1427 	.db #0x9c	; 156
    000005B2 BB                    1428 	.db #0xbb	; 187
    000005B3 B6                    1429 	.db #0xb6	; 182
    000005B4 BA                    1430 	.db #0xba	; 186
    000005B5 BB                    1431 	.db #0xbb	; 187
    000005B6 BB                    1432 	.db #0xbb	; 187
    000005B7 BB                    1433 	.db #0xbb	; 187
    000005B8 BB                    1434 	.db #0xbb	; 187
    000005B9 BB                    1435 	.db #0xbb	; 187
    000005BA BB                    1436 	.db #0xbb	; 187
    000005BB BB                    1437 	.db #0xbb	; 187
    000005BC BB                    1438 	.db #0xbb	; 187
    000005BD BB                    1439 	.db #0xbb	; 187
    000005BE BB                    1440 	.db #0xbb	; 187
    000005BF BB                    1441 	.db #0xbb	; 187
    000005C0 BB                    1442 	.db #0xbb	; 187
    000005C1 BB                    1443 	.db #0xbb	; 187
    000005C2 BB                    1444 	.db #0xbb	; 187
    000005C3 BB                    1445 	.db #0xbb	; 187
    000005C4 BB                    1446 	.db #0xbb	; 187
    000005C5 BB                    1447 	.db #0xbb	; 187
    000005C6 BB                    1448 	.db #0xbb	; 187
    000005C7 B6                    1449 	.db #0xb6	; 182
    000005C8 BA                    1450 	.db #0xba	; 186
    000005C9 8C                    1451 	.db #0x8c	; 140
    000005CA 98                    1452 	.db #0x98	; 152
    000005CB 93                    1453 	.db #0x93	; 147
    000005CC 87                    1454 	.db #0x87	; 135
    000005CD 91                    1455 	.db #0x91	; 145
    000005CE 88                    1456 	.db #0x88	; 136
    000005CF 8B                    1457 	.db #0x8b	; 139
    000005D0 BB                    1458 	.db #0xbb	; 187
    000005D1 8E                    1459 	.db #0x8e	; 142
    000005D2 93                    1460 	.db #0x93	; 147
    000005D3 93                    1461 	.db #0x93	; 147
    000005D4 84                    1462 	.db #0x84	; 132
    000005D5 8D                    1463 	.db #0x8d	; 141
    000005D6 94                    1464 	.db #0x94	; 148
    000005D7 93                    1465 	.db #0x93	; 147
    000005D8 8E                    1466 	.db #0x8e	; 142
    000005D9 A7                    1467 	.db #0xa7	; 167
    000005DA BB                    1468 	.db #0xbb	; 187
    000005DB B6                    1469 	.db #0xb6	; 182
    000005DC B9                    1470 	.db #0xb9	; 185
    000005DD B8                    1471 	.db #0xb8	; 184
    000005DE B8                    1472 	.db #0xb8	; 184
    000005DF B8                    1473 	.db #0xb8	; 184
    000005E0 B8                    1474 	.db #0xb8	; 184
    000005E1 B8                    1475 	.db #0xb8	; 184
    000005E2 B8                    1476 	.db #0xb8	; 184
    000005E3 B8                    1477 	.db #0xb8	; 184
    000005E4 B8                    1478 	.db #0xb8	; 184
    000005E5 B8                    1479 	.db #0xb8	; 184
    000005E6 B8                    1480 	.db #0xb8	; 184
    000005E7 B8                    1481 	.db #0xb8	; 184
    000005E8 B8                    1482 	.db #0xb8	; 184
    000005E9 B8                    1483 	.db #0xb8	; 184
    000005EA B8                    1484 	.db #0xb8	; 184
    000005EB B8                    1485 	.db #0xb8	; 184
    000005EC B8                    1486 	.db #0xb8	; 184
    000005ED B8                    1487 	.db #0xb8	; 184
    000005EE B8                    1488 	.db #0xb8	; 184
    000005EF B7                    1489 	.db #0xb7	; 183
    000005F0                       1490 _game_saved:
    000005F0 B3                    1491 	.db #0xb3	; 179
    000005F1 B4                    1492 	.db #0xb4	; 180
    000005F2 B4                    1493 	.db #0xb4	; 180
    000005F3 B4                    1494 	.db #0xb4	; 180
    000005F4 B4                    1495 	.db #0xb4	; 180
    000005F5 B4                    1496 	.db #0xb4	; 180
    000005F6 B4                    1497 	.db #0xb4	; 180
    000005F7 B4                    1498 	.db #0xb4	; 180
    000005F8 B4                    1499 	.db #0xb4	; 180
    000005F9 B4                    1500 	.db #0xb4	; 180
    000005FA B4                    1501 	.db #0xb4	; 180
    000005FB B4                    1502 	.db #0xb4	; 180
    000005FC B4                    1503 	.db #0xb4	; 180
    000005FD B4                    1504 	.db #0xb4	; 180
    000005FE B4                    1505 	.db #0xb4	; 180
    000005FF B4                    1506 	.db #0xb4	; 180
    00000600 B4                    1507 	.db #0xb4	; 180
    00000601 B4                    1508 	.db #0xb4	; 180
    00000602 B4                    1509 	.db #0xb4	; 180
    00000603 B5                    1510 	.db #0xb5	; 181
    00000604 BA                    1511 	.db #0xba	; 186
    00000605 8F                    1512 	.db #0x8f	; 143
    00000606 80                    1513 	.db #0x80	; 128
    00000607 91                    1514 	.db #0x91	; 145
    00000608 93                    1515 	.db #0x93	; 147
    00000609 88                    1516 	.db #0x88	; 136
    0000060A 93                    1517 	.db #0x93	; 147
    0000060B 80                    1518 	.db #0x80	; 128
    0000060C AF                    1519 	.db #0xaf	; 175
    0000060D 92                    1520 	.db #0x92	; 146
    0000060E 80                    1521 	.db #0x80	; 128
    0000060F 8B                    1522 	.db #0x8b	; 139
    00000610 95                    1523 	.db #0x95	; 149
    00000611 80                    1524 	.db #0x80	; 128
    00000612 93                    1525 	.db #0x93	; 147
    00000613 80                    1526 	.db #0x80	; 128
    00000614 A7                    1527 	.db #0xa7	; 167
    00000615 BB                    1528 	.db #0xbb	; 187
    00000616 BB                    1529 	.db #0xbb	; 187
    00000617 B6                    1530 	.db #0xb6	; 182
    00000618 BA                    1531 	.db #0xba	; 186
    00000619 BB                    1532 	.db #0xbb	; 187
    0000061A BB                    1533 	.db #0xbb	; 187
    0000061B BB                    1534 	.db #0xbb	; 187
    0000061C BB                    1535 	.db #0xbb	; 187
    0000061D BB                    1536 	.db #0xbb	; 187
    0000061E BB                    1537 	.db #0xbb	; 187
    0000061F BB                    1538 	.db #0xbb	; 187
    00000620 BB                    1539 	.db #0xbb	; 187
    00000621 BB                    1540 	.db #0xbb	; 187
    00000622 BB                    1541 	.db #0xbb	; 187
    00000623 BB                    1542 	.db #0xbb	; 187
    00000624 BB                    1543 	.db #0xbb	; 187
    00000625 BB                    1544 	.db #0xbb	; 187
    00000626 BB                    1545 	.db #0xbb	; 187
    00000627 BB                    1546 	.db #0xbb	; 187
    00000628 BB                    1547 	.db #0xbb	; 187
    00000629 BB                    1548 	.db #0xbb	; 187
    0000062A BB                    1549 	.db #0xbb	; 187
    0000062B B6                    1550 	.db #0xb6	; 182
    0000062C BA                    1551 	.db #0xba	; 186
    0000062D BB                    1552 	.db #0xbb	; 187
    0000062E BB                    1553 	.db #0xbb	; 187
    0000062F BB                    1554 	.db #0xbb	; 187
    00000630 BB                    1555 	.db #0xbb	; 187
    00000631 BB                    1556 	.db #0xbb	; 187
    00000632 BB                    1557 	.db #0xbb	; 187
    00000633 BB                    1558 	.db #0xbb	; 187
    00000634 BB                    1559 	.db #0xbb	; 187
    00000635 BB                    1560 	.db #0xbb	; 187
    00000636 BB                    1561 	.db #0xbb	; 187
    00000637 BB                    1562 	.db #0xbb	; 187
    00000638 BB                    1563 	.db #0xbb	; 187
    00000639 BB                    1564 	.db #0xbb	; 187
    0000063A BB                    1565 	.db #0xbb	; 187
    0000063B BB                    1566 	.db #0xbb	; 187
    0000063C BB                    1567 	.db #0xbb	; 187
    0000063D BB                    1568 	.db #0xbb	; 187
    0000063E BB                    1569 	.db #0xbb	; 187
    0000063F B6                    1570 	.db #0xb6	; 182
    00000640 B9                    1571 	.db #0xb9	; 185
    00000641 B8                    1572 	.db #0xb8	; 184
    00000642 B8                    1573 	.db #0xb8	; 184
    00000643 B8                    1574 	.db #0xb8	; 184
    00000644 B8                    1575 	.db #0xb8	; 184
    00000645 B8                    1576 	.db #0xb8	; 184
    00000646 B8                    1577 	.db #0xb8	; 184
    00000647 B8                    1578 	.db #0xb8	; 184
    00000648 B8                    1579 	.db #0xb8	; 184
    00000649 B8                    1580 	.db #0xb8	; 184
    0000064A B8                    1581 	.db #0xb8	; 184
    0000064B B8                    1582 	.db #0xb8	; 184
    0000064C B8                    1583 	.db #0xb8	; 184
    0000064D B8                    1584 	.db #0xb8	; 184
    0000064E B8                    1585 	.db #0xb8	; 184
    0000064F B8                    1586 	.db #0xb8	; 184
    00000650 B8                    1587 	.db #0xb8	; 184
    00000651 B8                    1588 	.db #0xb8	; 184
    00000652 B8                    1589 	.db #0xb8	; 184
    00000653 B7                    1590 	.db #0xb7	; 183
                                   1591 ;src/scripts/gui.c:169: void set_textbox(uint8_t item) {
                                   1592 ;	---------------------------------
                                   1593 ; Function set_textbox
                                   1594 ; ---------------------------------
    00000654                       1595 _set_textbox::
    00000654 4F               [ 4] 1596 	ld	c, a
                                   1597 ;src/scripts/gui.c:170: menu_opened = 4;
    00000655 21r00r00         [12] 1598 	ld	hl, #_menu_opened
    00000658 36 04            [12] 1599 	ld	(hl), #0x04
                                   1600 ;c:\users\utente\desktop\tirocinio\gbdk-win64\gbdk\include\gb\gb.h:1739: WX_REG=x, WY_REG=y;
    0000065A 3E 07            [ 8] 1601 	ld	a, #0x07
    0000065C E0r00            [12] 1602 	ldh	(_WX_REG + 0), a
    0000065E 3E 68            [ 8] 1603 	ld	a, #0x68
    00000660 E0r00            [12] 1604 	ldh	(_WY_REG + 0), a
                                   1605 ;src/scripts/gui.c:172: if (item == 0) {
    00000662 79               [ 4] 1606 	ld	a, c
    00000663 B7               [ 4] 1607 	or	a, a
    00000664 20 13            [12] 1608 	jr	NZ, 00110$
                                   1609 ;src/scripts/gui.c:173: set_win_tiles(0, 0, 20, 5, game_saved);
    00000666 11rF0r05         [12] 1610 	ld	de, #_game_saved
    00000669 D5               [16] 1611 	push	de
    0000066A 21 14 05         [12] 1612 	ld	hl, #0x514
    0000066D E5               [16] 1613 	push	hl
    0000066E AF               [ 4] 1614 	xor	a, a
    0000066F 0F               [ 4] 1615 	rrca
    00000670 F5               [16] 1616 	push	af
    00000671 CDr00r00         [24] 1617 	call	_set_win_tiles
    00000674 E8 06            [16] 1618 	add	sp, #6
    00000676 C3r1Fr07         [16] 1619 	jp	00111$
    00000679                       1620 00110$:
                                   1621 ;src/scripts/gui.c:176: move_sprite(33, x, y-32);
    00000679 FAr00r00         [16] 1622 	ld	a, (_y)
    0000067C 21r00r00         [12] 1623 	ld	hl, #_x
    0000067F 6E               [ 8] 1624 	ld	l, (hl)
    00000680 C6 E0            [ 8] 1625 	add	a, #0xe0
    00000682 5F               [ 4] 1626 	ld	e, a
                                   1627 ;src/scripts/gui.c:175: else if (item == 1) {
    00000683 79               [ 4] 1628 	ld	a, c
    00000684 3D               [ 4] 1629 	dec	a
    00000685 20 2B            [12] 1630 	jr	NZ, 00107$
                                   1631 ;src/scripts/gui.c:176: move_sprite(33, x, y-32);
    00000687 4D               [ 4] 1632 	ld	c, l
                                   1633 ;c:\users\utente\desktop\tirocinio\gbdk-win64\gbdk\include\gb\gb.h:1973: OAM_item_t * itm = &shadow_OAM[nb];
    00000688 21r84r00         [12] 1634 	ld	hl, #(_shadow_OAM + 132)
                                   1635 ;c:\users\utente\desktop\tirocinio\gbdk-win64\gbdk\include\gb\gb.h:1974: itm->y=y, itm->x=x;
    0000068B 7B               [ 4] 1636 	ld	a, e
    0000068C 22               [ 8] 1637 	ld	(hl+), a
    0000068D 71               [ 8] 1638 	ld	(hl), c
                                   1639 ;src/scripts/gui.c:177: move_sprite(34, x+8, y-32);
    0000068E FAr00r00         [16] 1640 	ld	a, (_y)
    00000691 C6 E0            [ 8] 1641 	add	a, #0xe0
    00000693 5F               [ 4] 1642 	ld	e, a
    00000694 FAr00r00         [16] 1643 	ld	a, (_x)
    00000697 C6 08            [ 8] 1644 	add	a, #0x08
    00000699 4F               [ 4] 1645 	ld	c, a
                                   1646 ;c:\users\utente\desktop\tirocinio\gbdk-win64\gbdk\include\gb\gb.h:1973: OAM_item_t * itm = &shadow_OAM[nb];
    0000069A 21r88r00         [12] 1647 	ld	hl, #(_shadow_OAM + 136)
                                   1648 ;c:\users\utente\desktop\tirocinio\gbdk-win64\gbdk\include\gb\gb.h:1974: itm->y=y, itm->x=x;
    0000069D 7B               [ 4] 1649 	ld	a, e
    0000069E 22               [ 8] 1650 	ld	(hl+), a
    0000069F 71               [ 8] 1651 	ld	(hl), c
                                   1652 ;src/scripts/gui.c:178: set_win_tiles(0, 0, 20, 5, obtained_key);
    000006A0 11rC4r04         [12] 1653 	ld	de, #_obtained_key
    000006A3 D5               [16] 1654 	push	de
    000006A4 21 14 05         [12] 1655 	ld	hl, #0x514
    000006A7 E5               [16] 1656 	push	hl
    000006A8 AF               [ 4] 1657 	xor	a, a
    000006A9 0F               [ 4] 1658 	rrca
    000006AA F5               [16] 1659 	push	af
    000006AB CDr00r00         [24] 1660 	call	_set_win_tiles
    000006AE E8 06            [16] 1661 	add	sp, #6
    000006B0 18 6D            [12] 1662 	jr	00111$
    000006B2                       1663 00107$:
                                   1664 ;src/scripts/gui.c:180: else if (item == 2) {
    000006B2 79               [ 4] 1665 	ld	a, c
    000006B3 D6 02            [ 8] 1666 	sub	a, #0x02
    000006B5 20 4D            [12] 1667 	jr	NZ, 00104$
                                   1668 ;src/scripts/gui.c:181: move_sprite(35, x, y-32);
    000006B7 4D               [ 4] 1669 	ld	c, l
                                   1670 ;c:\users\utente\desktop\tirocinio\gbdk-win64\gbdk\include\gb\gb.h:1973: OAM_item_t * itm = &shadow_OAM[nb];
    000006B8 21r8Cr00         [12] 1671 	ld	hl, #(_shadow_OAM + 140)
                                   1672 ;c:\users\utente\desktop\tirocinio\gbdk-win64\gbdk\include\gb\gb.h:1974: itm->y=y, itm->x=x;
    000006BB 7B               [ 4] 1673 	ld	a, e
    000006BC 22               [ 8] 1674 	ld	(hl+), a
    000006BD 71               [ 8] 1675 	ld	(hl), c
                                   1676 ;src/scripts/gui.c:182: move_sprite(36, x+8, y-32);
    000006BE FAr00r00         [16] 1677 	ld	a, (_y)
    000006C1 C6 E0            [ 8] 1678 	add	a, #0xe0
    000006C3 5F               [ 4] 1679 	ld	e, a
    000006C4 FAr00r00         [16] 1680 	ld	a, (_x)
    000006C7 C6 08            [ 8] 1681 	add	a, #0x08
    000006C9 4F               [ 4] 1682 	ld	c, a
                                   1683 ;c:\users\utente\desktop\tirocinio\gbdk-win64\gbdk\include\gb\gb.h:1973: OAM_item_t * itm = &shadow_OAM[nb];
    000006CA 21r90r00         [12] 1684 	ld	hl, #(_shadow_OAM + 144)
                                   1685 ;c:\users\utente\desktop\tirocinio\gbdk-win64\gbdk\include\gb\gb.h:1974: itm->y=y, itm->x=x;
    000006CD 7B               [ 4] 1686 	ld	a, e
    000006CE 22               [ 8] 1687 	ld	(hl+), a
    000006CF 71               [ 8] 1688 	ld	(hl), c
                                   1689 ;src/scripts/gui.c:183: move_sprite(37, x, y-24);
    000006D0 FAr00r00         [16] 1690 	ld	a, (_y)
    000006D3 C6 E8            [ 8] 1691 	add	a, #0xe8
    000006D5 47               [ 4] 1692 	ld	b, a
    000006D6 FAr00r00         [16] 1693 	ld	a, (_x)
    000006D9 4F               [ 4] 1694 	ld	c, a
                                   1695 ;c:\users\utente\desktop\tirocinio\gbdk-win64\gbdk\include\gb\gb.h:1973: OAM_item_t * itm = &shadow_OAM[nb];
    000006DA 21r94r00         [12] 1696 	ld	hl, #(_shadow_OAM + 148)
                                   1697 ;c:\users\utente\desktop\tirocinio\gbdk-win64\gbdk\include\gb\gb.h:1974: itm->y=y, itm->x=x;
    000006DD 78               [ 4] 1698 	ld	a, b
    000006DE 22               [ 8] 1699 	ld	(hl+), a
    000006DF 71               [ 8] 1700 	ld	(hl), c
                                   1701 ;src/scripts/gui.c:184: move_sprite(38, x+8, y-24);
    000006E0 FAr00r00         [16] 1702 	ld	a, (_y)
    000006E3 C6 E8            [ 8] 1703 	add	a, #0xe8
    000006E5 5F               [ 4] 1704 	ld	e, a
    000006E6 FAr00r00         [16] 1705 	ld	a, (_x)
    000006E9 C6 08            [ 8] 1706 	add	a, #0x08
    000006EB 4F               [ 4] 1707 	ld	c, a
                                   1708 ;c:\users\utente\desktop\tirocinio\gbdk-win64\gbdk\include\gb\gb.h:1973: OAM_item_t * itm = &shadow_OAM[nb];
    000006EC 21r98r00         [12] 1709 	ld	hl, #(_shadow_OAM + 152)
                                   1710 ;c:\users\utente\desktop\tirocinio\gbdk-win64\gbdk\include\gb\gb.h:1974: itm->y=y, itm->x=x;
    000006EF 7B               [ 4] 1711 	ld	a, e
    000006F0 22               [ 8] 1712 	ld	(hl+), a
    000006F1 71               [ 8] 1713 	ld	(hl), c
                                   1714 ;src/scripts/gui.c:185: set_win_tiles(0, 0, 20, 5, obtained_mythril);
    000006F2 11r28r05         [12] 1715 	ld	de, #_obtained_mythril
    000006F5 D5               [16] 1716 	push	de
    000006F6 21 14 05         [12] 1717 	ld	hl, #0x514
    000006F9 E5               [16] 1718 	push	hl
    000006FA AF               [ 4] 1719 	xor	a, a
    000006FB 0F               [ 4] 1720 	rrca
    000006FC F5               [16] 1721 	push	af
    000006FD CDr00r00         [24] 1722 	call	_set_win_tiles
    00000700 E8 06            [16] 1723 	add	sp, #6
    00000702 18 1B            [12] 1724 	jr	00111$
    00000704                       1725 00104$:
                                   1726 ;src/scripts/gui.c:187: else if (item == 3) {
    00000704 79               [ 4] 1727 	ld	a, c
    00000705 D6 03            [ 8] 1728 	sub	a, #0x03
    00000707 20 16            [12] 1729 	jr	NZ, 00111$
                                   1730 ;src/scripts/gui.c:188: HIDE_SPRITES;
    00000709 F0r00            [12] 1731 	ldh	a, (_LCDC_REG + 0)
    0000070B E6 FD            [ 8] 1732 	and	a, #0xfd
    0000070D E0r00            [12] 1733 	ldh	(_LCDC_REG + 0), a
                                   1734 ;src/scripts/gui.c:189: set_win_tiles(0, 0, 20, 5, boss_defeated);
    0000070F 11r8Cr05         [12] 1735 	ld	de, #_boss_defeated
    00000712 D5               [16] 1736 	push	de
    00000713 21 14 05         [12] 1737 	ld	hl, #0x514
    00000716 E5               [16] 1738 	push	hl
    00000717 AF               [ 4] 1739 	xor	a, a
    00000718 0F               [ 4] 1740 	rrca
    00000719 F5               [16] 1741 	push	af
    0000071A CDr00r00         [24] 1742 	call	_set_win_tiles
    0000071D E8 06            [16] 1743 	add	sp, #6
    0000071F                       1744 00111$:
                                   1745 ;src/scripts/gui.c:192: wait_vbl_done();
    0000071F CDr00r00         [24] 1746 	call	_wait_vbl_done
                                   1747 ;src/scripts/gui.c:194: while(!(joypad() & (J_A))) {
    00000722                       1748 00112$:
    00000722 CDr00r00         [24] 1749 	call	_joypad
    00000725 CB 67            [ 8] 1750 	bit	4, a
    00000727 20 05            [12] 1751 	jr	NZ, 00115$
                                   1752 ;src/scripts/gui.c:195: wait_vbl_done();
    00000729 CDr00r00         [24] 1753 	call	_wait_vbl_done
    0000072C 18 F4            [12] 1754 	jr	00112$
                                   1755 ;src/scripts/gui.c:198: while(joypad() & (J_A)) {
    0000072E                       1756 00115$:
    0000072E CDr00r00         [24] 1757 	call	_joypad
    00000731 CB 67            [ 8] 1758 	bit	4, a
    00000733 28 05            [12] 1759 	jr	Z, 00117$
                                   1760 ;src/scripts/gui.c:199: wait_vbl_done();
    00000735 CDr00r00         [24] 1761 	call	_wait_vbl_done
    00000738 18 F4            [12] 1762 	jr	00115$
    0000073A                       1763 00117$:
                                   1764 ;c:\users\utente\desktop\tirocinio\gbdk-win64\gbdk\include\gb\gb.h:1973: OAM_item_t * itm = &shadow_OAM[nb];
    0000073A 21r84r00         [12] 1765 	ld	hl, #(_shadow_OAM + 132)
                                   1766 ;c:\users\utente\desktop\tirocinio\gbdk-win64\gbdk\include\gb\gb.h:1974: itm->y=y, itm->x=x;
    0000073D AF               [ 4] 1767 	xor	a, a
    0000073E 22               [ 8] 1768 	ld	(hl+), a
    0000073F 77               [ 8] 1769 	ld	(hl), a
                                   1770 ;c:\users\utente\desktop\tirocinio\gbdk-win64\gbdk\include\gb\gb.h:1973: OAM_item_t * itm = &shadow_OAM[nb];
    00000740 21r88r00         [12] 1771 	ld	hl, #(_shadow_OAM + 136)
                                   1772 ;c:\users\utente\desktop\tirocinio\gbdk-win64\gbdk\include\gb\gb.h:1974: itm->y=y, itm->x=x;
    00000743 AF               [ 4] 1773 	xor	a, a
    00000744 22               [ 8] 1774 	ld	(hl+), a
    00000745 77               [ 8] 1775 	ld	(hl), a
                                   1776 ;c:\users\utente\desktop\tirocinio\gbdk-win64\gbdk\include\gb\gb.h:1973: OAM_item_t * itm = &shadow_OAM[nb];
    00000746 21r8Cr00         [12] 1777 	ld	hl, #(_shadow_OAM + 140)
                                   1778 ;c:\users\utente\desktop\tirocinio\gbdk-win64\gbdk\include\gb\gb.h:1974: itm->y=y, itm->x=x;
    00000749 AF               [ 4] 1779 	xor	a, a
    0000074A 22               [ 8] 1780 	ld	(hl+), a
    0000074B 77               [ 8] 1781 	ld	(hl), a
                                   1782 ;c:\users\utente\desktop\tirocinio\gbdk-win64\gbdk\include\gb\gb.h:1973: OAM_item_t * itm = &shadow_OAM[nb];
    0000074C 21r90r00         [12] 1783 	ld	hl, #(_shadow_OAM + 144)
                                   1784 ;c:\users\utente\desktop\tirocinio\gbdk-win64\gbdk\include\gb\gb.h:1974: itm->y=y, itm->x=x;
    0000074F AF               [ 4] 1785 	xor	a, a
    00000750 22               [ 8] 1786 	ld	(hl+), a
    00000751 77               [ 8] 1787 	ld	(hl), a
                                   1788 ;c:\users\utente\desktop\tirocinio\gbdk-win64\gbdk\include\gb\gb.h:1973: OAM_item_t * itm = &shadow_OAM[nb];
    00000752 21r94r00         [12] 1789 	ld	hl, #(_shadow_OAM + 148)
                                   1790 ;c:\users\utente\desktop\tirocinio\gbdk-win64\gbdk\include\gb\gb.h:1974: itm->y=y, itm->x=x;
    00000755 AF               [ 4] 1791 	xor	a, a
    00000756 22               [ 8] 1792 	ld	(hl+), a
    00000757 77               [ 8] 1793 	ld	(hl), a
                                   1794 ;c:\users\utente\desktop\tirocinio\gbdk-win64\gbdk\include\gb\gb.h:1973: OAM_item_t * itm = &shadow_OAM[nb];
    00000758 21r98r00         [12] 1795 	ld	hl, #(_shadow_OAM + 152)
                                   1796 ;c:\users\utente\desktop\tirocinio\gbdk-win64\gbdk\include\gb\gb.h:1974: itm->y=y, itm->x=x;
    0000075B AF               [ 4] 1797 	xor	a, a
    0000075C 22               [ 8] 1798 	ld	(hl+), a
    0000075D 77               [ 8] 1799 	ld	(hl), a
                                   1800 ;src/scripts/gui.c:208: menu_opened = 0;
    0000075E AF               [ 4] 1801 	xor	a, a
    0000075F EAr00r00         [16] 1802 	ld	(#_menu_opened),a
                                   1803 ;src/scripts/gui.c:209: SHOW_SPRITES;
    00000762 F0r00            [12] 1804 	ldh	a, (_LCDC_REG + 0)
    00000764 F6 02            [ 8] 1805 	or	a, #0x02
    00000766 E0r00            [12] 1806 	ldh	(_LCDC_REG + 0), a
                                   1807 ;src/scripts/gui.c:210: set_mini_menu();
    00000768 1Er00            [ 8] 1808 	ld	e, #b_set_mini_menu
    0000076A 21r00r00         [12] 1809 	ld	hl, #_set_mini_menu
                                   1810 ;src/scripts/gui.c:211: }
    0000076D C3r00r00         [16] 1811 	jp  ___sdcc_bcall_ehl
                                   1812 ;src/scripts/gui.c:213: void set_tutorial() {
                                   1813 ;	---------------------------------
                                   1814 ; Function set_tutorial
                                   1815 ; ---------------------------------
    00000770                       1816 _set_tutorial::
                                   1817 ;c:\users\utente\desktop\tirocinio\gbdk-win64\gbdk\include\gb\gb.h:1739: WX_REG=x, WY_REG=y;
    00000770 3E 07            [ 8] 1818 	ld	a, #0x07
    00000772 E0r00            [12] 1819 	ldh	(_WX_REG + 0), a
    00000774 AF               [ 4] 1820 	xor	a, a
    00000775 E0r00            [12] 1821 	ldh	(_WY_REG + 0), a
                                   1822 ;c:\users\utente\desktop\tirocinio\gbdk-win64\gbdk\include\gb\gb.h:1973: OAM_item_t * itm = &shadow_OAM[nb];
    00000777 21r10r00         [12] 1823 	ld	hl, #(_shadow_OAM + 16)
                                   1824 ;c:\users\utente\desktop\tirocinio\gbdk-win64\gbdk\include\gb\gb.h:1974: itm->y=y, itm->x=x;
    0000077A AF               [ 4] 1825 	xor	a, a
    0000077B 22               [ 8] 1826 	ld	(hl+), a
    0000077C 77               [ 8] 1827 	ld	(hl), a
                                   1828 ;c:\users\utente\desktop\tirocinio\gbdk-win64\gbdk\include\gb\gb.h:1973: OAM_item_t * itm = &shadow_OAM[nb];
    0000077D 21r20r00         [12] 1829 	ld	hl, #(_shadow_OAM + 32)
                                   1830 ;c:\users\utente\desktop\tirocinio\gbdk-win64\gbdk\include\gb\gb.h:1974: itm->y=y, itm->x=x;
    00000780 3E 28            [ 8] 1831 	ld	a, #0x28
    00000782 22               [ 8] 1832 	ld	(hl+), a
    00000783 36 18            [12] 1833 	ld	(hl), #0x18
                                   1834 ;c:\users\utente\desktop\tirocinio\gbdk-win64\gbdk\include\gb\gb.h:1973: OAM_item_t * itm = &shadow_OAM[nb];
    00000785 21r24r00         [12] 1835 	ld	hl, #(_shadow_OAM + 36)
                                   1836 ;c:\users\utente\desktop\tirocinio\gbdk-win64\gbdk\include\gb\gb.h:1974: itm->y=y, itm->x=x;
    00000788 3E 28            [ 8] 1837 	ld	a, #0x28
    0000078A 22               [ 8] 1838 	ld	(hl+), a
    0000078B 36 20            [12] 1839 	ld	(hl), #0x20
                                   1840 ;c:\users\utente\desktop\tirocinio\gbdk-win64\gbdk\include\gb\gb.h:1973: OAM_item_t * itm = &shadow_OAM[nb];
    0000078D 21r28r00         [12] 1841 	ld	hl, #(_shadow_OAM + 40)
                                   1842 ;c:\users\utente\desktop\tirocinio\gbdk-win64\gbdk\include\gb\gb.h:1974: itm->y=y, itm->x=x;
    00000790 3E 30            [ 8] 1843 	ld	a, #0x30
    00000792 22               [ 8] 1844 	ld	(hl+), a
    00000793 36 18            [12] 1845 	ld	(hl), #0x18
                                   1846 ;c:\users\utente\desktop\tirocinio\gbdk-win64\gbdk\include\gb\gb.h:1973: OAM_item_t * itm = &shadow_OAM[nb];
    00000795 21r2Cr00         [12] 1847 	ld	hl, #(_shadow_OAM + 44)
                                   1848 ;c:\users\utente\desktop\tirocinio\gbdk-win64\gbdk\include\gb\gb.h:1974: itm->y=y, itm->x=x;
    00000798 3E 30            [ 8] 1849 	ld	a, #0x30
    0000079A 22               [ 8] 1850 	ld	(hl+), a
    0000079B 36 20            [12] 1851 	ld	(hl), #0x20
                                   1852 ;c:\users\utente\desktop\tirocinio\gbdk-win64\gbdk\include\gb\gb.h:1973: OAM_item_t * itm = &shadow_OAM[nb];
    0000079D 21r30r00         [12] 1853 	ld	hl, #(_shadow_OAM + 48)
                                   1854 ;c:\users\utente\desktop\tirocinio\gbdk-win64\gbdk\include\gb\gb.h:1974: itm->y=y, itm->x=x;
    000007A0 3E 50            [ 8] 1855 	ld	a, #0x50
    000007A2 22               [ 8] 1856 	ld	(hl+), a
    000007A3 36 18            [12] 1857 	ld	(hl), #0x18
                                   1858 ;c:\users\utente\desktop\tirocinio\gbdk-win64\gbdk\include\gb\gb.h:1973: OAM_item_t * itm = &shadow_OAM[nb];
    000007A5 21r34r00         [12] 1859 	ld	hl, #(_shadow_OAM + 52)
                                   1860 ;c:\users\utente\desktop\tirocinio\gbdk-win64\gbdk\include\gb\gb.h:1974: itm->y=y, itm->x=x;
    000007A8 3E 50            [ 8] 1861 	ld	a, #0x50
    000007AA 22               [ 8] 1862 	ld	(hl+), a
    000007AB 36 20            [12] 1863 	ld	(hl), #0x20
                                   1864 ;c:\users\utente\desktop\tirocinio\gbdk-win64\gbdk\include\gb\gb.h:1973: OAM_item_t * itm = &shadow_OAM[nb];
    000007AD 21r38r00         [12] 1865 	ld	hl, #(_shadow_OAM + 56)
                                   1866 ;c:\users\utente\desktop\tirocinio\gbdk-win64\gbdk\include\gb\gb.h:1974: itm->y=y, itm->x=x;
    000007B0 3E 58            [ 8] 1867 	ld	a, #0x58
    000007B2 22               [ 8] 1868 	ld	(hl+), a
    000007B3 36 18            [12] 1869 	ld	(hl), #0x18
                                   1870 ;c:\users\utente\desktop\tirocinio\gbdk-win64\gbdk\include\gb\gb.h:1973: OAM_item_t * itm = &shadow_OAM[nb];
    000007B5 21r3Cr00         [12] 1871 	ld	hl, #(_shadow_OAM + 60)
                                   1872 ;c:\users\utente\desktop\tirocinio\gbdk-win64\gbdk\include\gb\gb.h:1974: itm->y=y, itm->x=x;
    000007B8 3E 58            [ 8] 1873 	ld	a, #0x58
    000007BA 22               [ 8] 1874 	ld	(hl+), a
    000007BB 36 20            [12] 1875 	ld	(hl), #0x20
                                   1876 ;src/scripts/gui.c:224: SWITCH_ROM(3);
    000007BD 3E 03            [ 8] 1877 	ld	a, #0x03
    000007BF E0r00            [12] 1878 	ldh	(__current_bank + 0), a
    000007C1 21r00r00         [12] 1879 	ld	hl, #_rROMB0
    000007C4 36 03            [12] 1880 	ld	(hl), #0x03
                                   1881 ;src/scripts/gui.c:225: set_win_tiles(0, 0, 20, 18, TutorialMap);
    000007C6 11r00r00         [12] 1882 	ld	de, #_TutorialMap
    000007C9 D5               [16] 1883 	push	de
    000007CA 21 14 12         [12] 1884 	ld	hl, #0x1214
    000007CD E5               [16] 1885 	push	hl
    000007CE AF               [ 4] 1886 	xor	a, a
    000007CF 0F               [ 4] 1887 	rrca
    000007D0 F5               [16] 1888 	push	af
    000007D1 CDr00r00         [24] 1889 	call	_set_win_tiles
    000007D4 E8 06            [16] 1890 	add	sp, #6
                                   1891 ;src/scripts/gui.c:226: SHOW_SPRITES;
    000007D6 F0r00            [12] 1892 	ldh	a, (_LCDC_REG + 0)
    000007D8 F6 02            [ 8] 1893 	or	a, #0x02
    000007DA E0r00            [12] 1894 	ldh	(_LCDC_REG + 0), a
                                   1895 ;src/scripts/gui.c:227: SHOW_WIN;
    000007DC F0r00            [12] 1896 	ldh	a, (_LCDC_REG + 0)
    000007DE F6 20            [ 8] 1897 	or	a, #0x20
    000007E0 E0r00            [12] 1898 	ldh	(_LCDC_REG + 0), a
                                   1899 ;src/scripts/gui.c:228: while (1) {
    000007E2                       1900 00104$:
                                   1901 ;src/scripts/gui.c:229: if (joypad() & J_A) {
    000007E2 CDr00r00         [24] 1902 	call	_joypad
    000007E5 CB 67            [ 8] 1903 	bit	4, a
    000007E7 28 F9            [12] 1904 	jr	Z, 00104$
                                   1905 ;c:\users\utente\desktop\tirocinio\gbdk-win64\gbdk\include\gb\gb.h:1973: OAM_item_t * itm = &shadow_OAM[nb];
    000007E9 21r20r00         [12] 1906 	ld	hl, #(_shadow_OAM + 32)
                                   1907 ;c:\users\utente\desktop\tirocinio\gbdk-win64\gbdk\include\gb\gb.h:1974: itm->y=y, itm->x=x;
    000007EC 3E 40            [ 8] 1908 	ld	a, #0x40
    000007EE 22               [ 8] 1909 	ld	(hl+), a
    000007EF 36 28            [12] 1910 	ld	(hl), #0x28
                                   1911 ;c:\users\utente\desktop\tirocinio\gbdk-win64\gbdk\include\gb\gb.h:1973: OAM_item_t * itm = &shadow_OAM[nb];
    000007F1 21r24r00         [12] 1912 	ld	hl, #(_shadow_OAM + 36)
                                   1913 ;c:\users\utente\desktop\tirocinio\gbdk-win64\gbdk\include\gb\gb.h:1974: itm->y=y, itm->x=x;
    000007F4 3E 40            [ 8] 1914 	ld	a, #0x40
    000007F6 22               [ 8] 1915 	ld	(hl+), a
    000007F7 36 30            [12] 1916 	ld	(hl), #0x30
                                   1917 ;c:\users\utente\desktop\tirocinio\gbdk-win64\gbdk\include\gb\gb.h:1973: OAM_item_t * itm = &shadow_OAM[nb];
    000007F9 21r28r00         [12] 1918 	ld	hl, #(_shadow_OAM + 40)
                                   1919 ;c:\users\utente\desktop\tirocinio\gbdk-win64\gbdk\include\gb\gb.h:1974: itm->y=y, itm->x=x;
    000007FC 3E 48            [ 8] 1920 	ld	a, #0x48
    000007FE 22               [ 8] 1921 	ld	(hl+), a
    000007FF 36 28            [12] 1922 	ld	(hl), #0x28
                                   1923 ;c:\users\utente\desktop\tirocinio\gbdk-win64\gbdk\include\gb\gb.h:1973: OAM_item_t * itm = &shadow_OAM[nb];
    00000801 21r2Cr00         [12] 1924 	ld	hl, #(_shadow_OAM + 44)
                                   1925 ;c:\users\utente\desktop\tirocinio\gbdk-win64\gbdk\include\gb\gb.h:1974: itm->y=y, itm->x=x;
    00000804 3E 48            [ 8] 1926 	ld	a, #0x48
    00000806 22               [ 8] 1927 	ld	(hl+), a
    00000807 36 30            [12] 1928 	ld	(hl), #0x30
                                   1929 ;c:\users\utente\desktop\tirocinio\gbdk-win64\gbdk\include\gb\gb.h:1973: OAM_item_t * itm = &shadow_OAM[nb];
    00000809 21r30r00         [12] 1930 	ld	hl, #(_shadow_OAM + 48)
                                   1931 ;c:\users\utente\desktop\tirocinio\gbdk-win64\gbdk\include\gb\gb.h:1974: itm->y=y, itm->x=x;
    0000080C 3E 40            [ 8] 1932 	ld	a, #0x40
    0000080E 22               [ 8] 1933 	ld	(hl+), a
    0000080F 36 78            [12] 1934 	ld	(hl), #0x78
                                   1935 ;c:\users\utente\desktop\tirocinio\gbdk-win64\gbdk\include\gb\gb.h:1973: OAM_item_t * itm = &shadow_OAM[nb];
    00000811 21r34r00         [12] 1936 	ld	hl, #(_shadow_OAM + 52)
                                   1937 ;c:\users\utente\desktop\tirocinio\gbdk-win64\gbdk\include\gb\gb.h:1974: itm->y=y, itm->x=x;
    00000814 3E 40            [ 8] 1938 	ld	a, #0x40
    00000816 22               [ 8] 1939 	ld	(hl+), a
    00000817 36 80            [12] 1940 	ld	(hl), #0x80
                                   1941 ;c:\users\utente\desktop\tirocinio\gbdk-win64\gbdk\include\gb\gb.h:1973: OAM_item_t * itm = &shadow_OAM[nb];
    00000819 21r38r00         [12] 1942 	ld	hl, #(_shadow_OAM + 56)
                                   1943 ;c:\users\utente\desktop\tirocinio\gbdk-win64\gbdk\include\gb\gb.h:1974: itm->y=y, itm->x=x;
    0000081C 3E 48            [ 8] 1944 	ld	a, #0x48
    0000081E 22               [ 8] 1945 	ld	(hl+), a
    0000081F 36 78            [12] 1946 	ld	(hl), #0x78
                                   1947 ;c:\users\utente\desktop\tirocinio\gbdk-win64\gbdk\include\gb\gb.h:1973: OAM_item_t * itm = &shadow_OAM[nb];
    00000821 21r3Cr00         [12] 1948 	ld	hl, #(_shadow_OAM + 60)
                                   1949 ;c:\users\utente\desktop\tirocinio\gbdk-win64\gbdk\include\gb\gb.h:1974: itm->y=y, itm->x=x;
    00000824 3E 48            [ 8] 1950 	ld	a, #0x48
    00000826 22               [ 8] 1951 	ld	(hl+), a
    00000827 36 80            [12] 1952 	ld	(hl), #0x80
                                   1953 ;src/scripts/gui.c:238: return;
                                   1954 ;src/scripts/gui.c:241: }
    00000829 C9               [16] 1955 	ret
                                   1956 	.area _CODE
                                   1957 	.area _INITIALIZER
                                   1958 	.area _CABS (ABS)
