                                      1 ;--------------------------------------------------------
                                      2 ; File Created by SDCC : free open source ISO C Compiler
                                      3 ; Version 4.5.1 #15267 (MINGW64)
                                      4 ;--------------------------------------------------------
                                      5 	.module gui_management
                                      6 	
                                      7 ;--------------------------------------------------------
                                      8 ; Public variables in this module
                                      9 ;--------------------------------------------------------
                                     10 	.globl _set_win_tiles
                                     11 	.globl _wait_vbl_done
                                     12 	.globl _joypad
                                     13 	.globl _delay
                                     14 	.globl b_check_map_options
                                     15 	.globl _check_map_options
                                     16 	.globl b_check_map_menu_input
                                     17 	.globl _check_map_menu_input
                                     18 	.globl b_show_time
                                     19 	.globl _show_time
                                     20 	.globl b_check_menu_options
                                     21 	.globl _check_menu_options
                                     22 	.globl _hector_upgrades
                                     23 	.globl _safy_upgrades
                                     24 	.globl b_set_stats
                                     25 	.globl _set_stats
                                     26 	.globl b_set_mini_menu
                                     27 	.globl _set_mini_menu
                                     28 	.globl b_show_number
                                     29 	.globl _show_number
                                     30 	.globl b_print_debug
                                     31 	.globl _print_debug
                                     32 	.globl b_check_time
                                     33 	.globl _check_time
                                     34 ;--------------------------------------------------------
                                     35 ; special function registers
                                     36 ;--------------------------------------------------------
                                     37 	.area _HRAM
                                     38 ;--------------------------------------------------------
                                     39 ; ram data
                                     40 ;--------------------------------------------------------
                                     41 	.area _DATA
                                     42 ;--------------------------------------------------------
                                     43 ; ram data
                                     44 ;--------------------------------------------------------
                                     45 	.area _INITIALIZED
                                     46 ;--------------------------------------------------------
                                     47 ; absolute external ram data
                                     48 ;--------------------------------------------------------
                                     49 	.area _DABS (ABS)
                                     50 ;--------------------------------------------------------
                                     51 ; global & static initialisations
                                     52 ;--------------------------------------------------------
                                     53 	.area _HOME
                                     54 	.area _GSINIT
                                     55 	.area _GSFINAL
                                     56 	.area _GSINIT
                                     57 ;--------------------------------------------------------
                                     58 ; Home
                                     59 ;--------------------------------------------------------
                                     60 	.area _HOME
                                     61 	.area _HOME
                                     62 ;--------------------------------------------------------
                                     63 ; code
                                     64 ;--------------------------------------------------------
                                     65 	.area _CODE_3
                                     66 ;src/scripts/gui_management.c:8: void check_map_options() BANKED {
                                     67 ;	---------------------------------
                                     68 ; Function check_map_options
                                     69 ; ---------------------------------
                         00000003    70 	b_check_map_options	= 3
    00000000                         71 _check_map_options::
                                     72 ;src/scripts/gui_management.c:9: if (joypad() & J_UP && map_option > 0) {
    00000000 CDr00r00         [24]   73 	call	_joypad
    00000003 CB 57            [ 8]   74 	bit	2, a
    00000005 28 47            [12]   75 	jr	Z, 00102$
    00000007 21r00r00         [12]   76 	ld	hl, #_map_option
    0000000A 7E               [ 8]   77 	ld	a, (hl)
    0000000B B7               [ 4]   78 	or	a, a
    0000000C 28 40            [12]   79 	jr	Z, 00102$
                                     80 ;src/scripts/gui_management.c:10: set_win_tiles(2, 4 + map_option*3, 1, 1, menu_body);
    0000000E 01r00r00         [12]   81 	ld	bc, #_menu_body+0
    00000011 7E               [ 8]   82 	ld	a, (hl)
    00000012 5F               [ 4]   83 	ld	e, a
    00000013 87               [ 4]   84 	add	a, a
    00000014 83               [ 4]   85 	add	a, e
    00000015 C6 04            [ 8]   86 	add	a, #0x04
    00000017 C5               [16]   87 	push	bc
    00000018 26 01            [ 8]   88 	ld	h, #0x01
    0000001A E5               [16]   89 	push	hl
    0000001B 33               [ 8]   90 	inc	sp
    0000001C 26 01            [ 8]   91 	ld	h, #0x01
    0000001E E5               [16]   92 	push	hl
    0000001F 33               [ 8]   93 	inc	sp
    00000020 67               [ 4]   94 	ld	h, a
    00000021 2E 02            [ 8]   95 	ld	l, #0x02
    00000023 E5               [16]   96 	push	hl
    00000024 CDr00r00         [24]   97 	call	_set_win_tiles
    00000027 E8 06            [16]   98 	add	sp, #6
                                     99 ;src/scripts/gui_management.c:11: map_option--;
    00000029 21r00r00         [12]  100 	ld	hl, #_map_option
    0000002C 35               [12]  101 	dec	(hl)
                                    102 ;src/scripts/gui_management.c:12: set_win_tiles(2, 4 + map_option*3, 1, 1, &arrow_tile);
    0000002D 01r00r00         [12]  103 	ld	bc, #_arrow_tile+0
    00000030 7E               [ 8]  104 	ld	a, (hl)
    00000031 5F               [ 4]  105 	ld	e, a
    00000032 87               [ 4]  106 	add	a, a
    00000033 83               [ 4]  107 	add	a, e
    00000034 C6 04            [ 8]  108 	add	a, #0x04
    00000036 C5               [16]  109 	push	bc
    00000037 26 01            [ 8]  110 	ld	h, #0x01
    00000039 E5               [16]  111 	push	hl
    0000003A 33               [ 8]  112 	inc	sp
    0000003B 26 01            [ 8]  113 	ld	h, #0x01
    0000003D E5               [16]  114 	push	hl
    0000003E 33               [ 8]  115 	inc	sp
    0000003F 67               [ 4]  116 	ld	h, a
    00000040 2E 02            [ 8]  117 	ld	l, #0x02
    00000042 E5               [16]  118 	push	hl
    00000043 CDr00r00         [24]  119 	call	_set_win_tiles
    00000046 E8 06            [16]  120 	add	sp, #6
                                    121 ;src/scripts/gui_management.c:13: delay(150);
    00000048 11 96 00         [12]  122 	ld	de, #0x0096
    0000004B CDr00r00         [24]  123 	call	_delay
    0000004E                        124 00102$:
                                    125 ;src/scripts/gui_management.c:15: if (joypad() & J_DOWN && map_option < 2) {
    0000004E CDr00r00         [24]  126 	call	_joypad
    00000051 CB 5F            [ 8]  127 	bit	3, a
    00000053 28 48            [12]  128 	jr	Z, 00105$
    00000055 21r00r00         [12]  129 	ld	hl, #_map_option
    00000058 7E               [ 8]  130 	ld	a, (hl)
    00000059 D6 02            [ 8]  131 	sub	a, #0x02
    0000005B 30 40            [12]  132 	jr	NC, 00105$
                                    133 ;src/scripts/gui_management.c:16: set_win_tiles(2, 4 + map_option*3, 1, 1, menu_body);
    0000005D 01r00r00         [12]  134 	ld	bc, #_menu_body+0
    00000060 7E               [ 8]  135 	ld	a, (hl)
    00000061 5F               [ 4]  136 	ld	e, a
    00000062 87               [ 4]  137 	add	a, a
    00000063 83               [ 4]  138 	add	a, e
    00000064 C6 04            [ 8]  139 	add	a, #0x04
    00000066 C5               [16]  140 	push	bc
    00000067 26 01            [ 8]  141 	ld	h, #0x01
    00000069 E5               [16]  142 	push	hl
    0000006A 33               [ 8]  143 	inc	sp
    0000006B 26 01            [ 8]  144 	ld	h, #0x01
    0000006D E5               [16]  145 	push	hl
    0000006E 33               [ 8]  146 	inc	sp
    0000006F 67               [ 4]  147 	ld	h, a
    00000070 2E 02            [ 8]  148 	ld	l, #0x02
    00000072 E5               [16]  149 	push	hl
    00000073 CDr00r00         [24]  150 	call	_set_win_tiles
    00000076 E8 06            [16]  151 	add	sp, #6
                                    152 ;src/scripts/gui_management.c:17: map_option++;
    00000078 21r00r00         [12]  153 	ld	hl, #_map_option
    0000007B 34               [12]  154 	inc	(hl)
                                    155 ;src/scripts/gui_management.c:18: set_win_tiles(2, 4 + map_option*3, 1, 1, &arrow_tile);
    0000007C 01r00r00         [12]  156 	ld	bc, #_arrow_tile+0
    0000007F 7E               [ 8]  157 	ld	a, (hl)
    00000080 5F               [ 4]  158 	ld	e, a
    00000081 87               [ 4]  159 	add	a, a
    00000082 83               [ 4]  160 	add	a, e
    00000083 C6 04            [ 8]  161 	add	a, #0x04
    00000085 C5               [16]  162 	push	bc
    00000086 26 01            [ 8]  163 	ld	h, #0x01
    00000088 E5               [16]  164 	push	hl
    00000089 33               [ 8]  165 	inc	sp
    0000008A 26 01            [ 8]  166 	ld	h, #0x01
    0000008C E5               [16]  167 	push	hl
    0000008D 33               [ 8]  168 	inc	sp
    0000008E 67               [ 4]  169 	ld	h, a
    0000008F 2E 02            [ 8]  170 	ld	l, #0x02
    00000091 E5               [16]  171 	push	hl
    00000092 CDr00r00         [24]  172 	call	_set_win_tiles
    00000095 E8 06            [16]  173 	add	sp, #6
                                    174 ;src/scripts/gui_management.c:19: delay(150);
    00000097 11 96 00         [12]  175 	ld	de, #0x0096
    0000009A CDr00r00         [24]  176 	call	_delay
    0000009D                        177 00105$:
                                    178 ;src/scripts/gui_management.c:21: check_map_menu_input();
    0000009D 1Er00            [ 8]  179 	ld	e, #b_check_map_menu_input
    0000009F 21rA5r00         [12]  180 	ld	hl, #_check_map_menu_input
                                    181 ;src/scripts/gui_management.c:22: }
    000000A2 C3r00r00         [16]  182 	jp  ___sdcc_bcall_ehl
                                    183 ;src/scripts/gui_management.c:24: void check_map_menu_input() BANKED {
                                    184 ;	---------------------------------
                                    185 ; Function check_map_menu_input
                                    186 ; ---------------------------------
                         00000003   187 	b_check_map_menu_input	= 3
    000000A5                        188 _check_map_menu_input::
    000000A5 E8 F9            [16]  189 	add	sp, #-7
                                    190 ;src/scripts/gui_management.c:25: if (joypad() & J_A) {
    000000A7 CDr00r00         [24]  191 	call	_joypad
    000000AA CB 67            [ 8]  192 	bit	4, a
    000000AC CArB1r01         [16]  193 	jp	Z, 00110$
                                    194 ;src/scripts/gui_management.c:26: switch (map_option) {
    000000AF FAr00r00         [16]  195 	ld	a, (#_map_option)
    000000B2 B7               [ 4]  196 	or	a, a
    000000B3 28 11            [12]  197 	jr	Z, 00101$
    000000B5 FAr00r00         [16]  198 	ld	a, (#_map_option)
    000000B8 3D               [ 4]  199 	dec	a
    000000B9 28 28            [12]  200 	jr	Z, 00102$
    000000BB FAr00r00         [16]  201 	ld	a, (#_map_option)
    000000BE D6 02            [ 8]  202 	sub	a, #0x02
    000000C0 CArA6r01         [16]  203 	jp	Z, 00103$
    000000C3 C3rB1r01         [16]  204 	jp	00110$
                                    205 ;src/scripts/gui_management.c:27: case 0:
    000000C6                        206 00101$:
                                    207 ;c:\users\utente\desktop\tirocinio\gbdk-win64\gbdk\include\gb\gb.h:1739: WX_REG=x, WY_REG=y;
    000000C6 3E 07            [ 8]  208 	ld	a, #0x07
    000000C8 E0r00            [12]  209 	ldh	(_WX_REG + 0), a
    000000CA 3E 88            [ 8]  210 	ld	a, #0x88
    000000CC E0r00            [12]  211 	ldh	(_WY_REG + 0), a
                                    212 ;src/scripts/gui_management.c:29: set_mini_menu();
    000000CE 1Er00            [ 8]  213 	ld	e, #b_set_mini_menu
    000000D0 21r21r0A         [12]  214 	ld	hl, #_set_mini_menu
    000000D3 CDr00r00         [24]  215 	call	___sdcc_bcall_ehl
                                    216 ;src/scripts/gui_management.c:30: SHOW_SPRITES;
    000000D6 F0r00            [12]  217 	ldh	a, (_LCDC_REG + 0)
    000000D8 F6 02            [ 8]  218 	or	a, #0x02
    000000DA E0r00            [12]  219 	ldh	(_LCDC_REG + 0), a
                                    220 ;src/scripts/gui_management.c:31: menu_opened = 0;
    000000DC AF               [ 4]  221 	xor	a, a
    000000DD EAr00r00         [16]  222 	ld	(#_menu_opened),a
                                    223 ;src/scripts/gui_management.c:32: break;
    000000E0 C3rB1r01         [16]  224 	jp	00110$
                                    225 ;src/scripts/gui_management.c:33: case 1:
    000000E3                        226 00102$:
                                    227 ;src/scripts/gui_management.c:34: menu_opened = 6;
    000000E3 21r00r00         [12]  228 	ld	hl, #_menu_opened
    000000E6 36 06            [12]  229 	ld	(hl), #0x06
                                    230 ;src/scripts/gui_management.c:35: set_win_tiles(0, 0, 20, 18, stats_menu);
    000000E8 11r00r00         [12]  231 	ld	de, #_stats_menu
    000000EB D5               [16]  232 	push	de
    000000EC 21 14 12         [12]  233 	ld	hl, #0x1214
    000000EF E5               [16]  234 	push	hl
    000000F0 AF               [ 4]  235 	xor	a, a
    000000F1 0F               [ 4]  236 	rrca
    000000F2 F5               [16]  237 	push	af
    000000F3 CDr00r00         [24]  238 	call	_set_win_tiles
    000000F6 E8 06            [16]  239 	add	sp, #6
                                    240 ;src/scripts/gui_management.c:40: def_en[0] = enemies_defeated / 100 + 154;
    000000F8 FAr00r00         [16]  241 	ld	a, (_enemies_defeated)
    000000FB 1E 64            [ 8]  242 	ld	e, #0x64
    000000FD CDr00r00         [24]  243 	call	__divuchar
    00000100 79               [ 4]  244 	ld	a, c
    00000101 C6 9A            [ 8]  245 	add	a, #0x9a
    00000103 F8 00            [12]  246 	ldhl	sp,	#0
    00000105 77               [ 8]  247 	ld	(hl), a
                                    248 ;src/scripts/gui_management.c:41: def_en[1] = enemies_defeated % 100 / 10 + 154;
    00000106 FAr00r00         [16]  249 	ld	a, (_enemies_defeated)
    00000109 1E 64            [ 8]  250 	ld	e, #0x64
    0000010B CDr00r00         [24]  251 	call	__moduchar
    0000010E 79               [ 4]  252 	ld	a, c
    0000010F 1E 0A            [ 8]  253 	ld	e, #0x0a
    00000111 CDr00r00         [24]  254 	call	__divuchar
    00000114 79               [ 4]  255 	ld	a, c
    00000115 C6 9A            [ 8]  256 	add	a, #0x9a
    00000117 F8 01            [12]  257 	ldhl	sp,	#1
    00000119 77               [ 8]  258 	ld	(hl), a
                                    259 ;src/scripts/gui_management.c:42: def_en[2] = enemies_defeated % 10 + 154;
    0000011A FAr00r00         [16]  260 	ld	a, (_enemies_defeated)
    0000011D 1E 0A            [ 8]  261 	ld	e, #0x0a
    0000011F CDr00r00         [24]  262 	call	__moduchar
    00000122 79               [ 4]  263 	ld	a, c
    00000123 C6 9A            [ 8]  264 	add	a, #0x9a
    00000125 F8 02            [12]  265 	ldhl	sp,	#2
    00000127 77               [ 8]  266 	ld	(hl), a
                                    267 ;src/scripts/gui_management.c:43: pups[0] = power_ups / 10 + 154;
    00000128 FAr00r00         [16]  268 	ld	a, (_power_ups)
    0000012B 1E 0A            [ 8]  269 	ld	e, #0x0a
    0000012D CDr00r00         [24]  270 	call	__divuchar
    00000130 79               [ 4]  271 	ld	a, c
    00000131 C6 9A            [ 8]  272 	add	a, #0x9a
    00000133 F8 03            [12]  273 	ldhl	sp,	#3
    00000135 77               [ 8]  274 	ld	(hl), a
                                    275 ;src/scripts/gui_management.c:44: pups[1] = power_ups % 10 + 154;
    00000136 FAr00r00         [16]  276 	ld	a, (_power_ups)
    00000139 1E 0A            [ 8]  277 	ld	e, #0x0a
    0000013B CDr00r00         [24]  278 	call	__moduchar
    0000013E 79               [ 4]  279 	ld	a, c
    0000013F C6 9A            [ 8]  280 	add	a, #0x9a
    00000141 F8 04            [12]  281 	ldhl	sp,	#4
    00000143 77               [ 8]  282 	ld	(hl), a
                                    283 ;src/scripts/gui_management.c:45: mfloor[0] = max_floor / 10 + 154;
    00000144 FAr00r00         [16]  284 	ld	a, (_max_floor)
    00000147 1E 0A            [ 8]  285 	ld	e, #0x0a
    00000149 CDr00r00         [24]  286 	call	__divuchar
    0000014C 79               [ 4]  287 	ld	a, c
    0000014D C6 9A            [ 8]  288 	add	a, #0x9a
    0000014F F8 05            [12]  289 	ldhl	sp,	#5
    00000151 77               [ 8]  290 	ld	(hl), a
                                    291 ;src/scripts/gui_management.c:46: mfloor[1] = max_floor % 10 + 154;
    00000152 FAr00r00         [16]  292 	ld	a, (_max_floor)
    00000155 1E 0A            [ 8]  293 	ld	e, #0x0a
    00000157 CDr00r00         [24]  294 	call	__moduchar
    0000015A 79               [ 4]  295 	ld	a, c
    0000015B C6 9A            [ 8]  296 	add	a, #0x9a
    0000015D F8 06            [12]  297 	ldhl	sp,	#6
    0000015F 77               [ 8]  298 	ld	(hl), a
                                    299 ;src/scripts/gui_management.c:47: set_win_tiles(16, 4, 3, 1, def_en);
    00000160 21 00 00         [12]  300 	ld	hl, #0
    00000163 39               [ 8]  301 	add	hl, sp
    00000164 E5               [16]  302 	push	hl
    00000165 21 03 01         [12]  303 	ld	hl, #0x103
    00000168 E5               [16]  304 	push	hl
    00000169 21 10 04         [12]  305 	ld	hl, #0x410
    0000016C E5               [16]  306 	push	hl
    0000016D CDr00r00         [24]  307 	call	_set_win_tiles
    00000170 E8 06            [16]  308 	add	sp, #6
                                    309 ;src/scripts/gui_management.c:48: set_win_tiles(17, 7, 2, 1, mfloor);
    00000172 21 05 00         [12]  310 	ld	hl, #5
    00000175 39               [ 8]  311 	add	hl, sp
    00000176 E5               [16]  312 	push	hl
    00000177 21 02 01         [12]  313 	ld	hl, #0x102
    0000017A E5               [16]  314 	push	hl
    0000017B 21 11 07         [12]  315 	ld	hl, #0x711
    0000017E E5               [16]  316 	push	hl
    0000017F CDr00r00         [24]  317 	call	_set_win_tiles
    00000182 E8 06            [16]  318 	add	sp, #6
                                    319 ;src/scripts/gui_management.c:49: set_win_tiles(17, 10, 2, 1, pups);
    00000184 21 03 00         [12]  320 	ld	hl, #3
    00000187 39               [ 8]  321 	add	hl, sp
    00000188 E5               [16]  322 	push	hl
    00000189 21 02 01         [12]  323 	ld	hl, #0x102
    0000018C E5               [16]  324 	push	hl
    0000018D 21 11 0A         [12]  325 	ld	hl, #0xa11
    00000190 E5               [16]  326 	push	hl
    00000191 CDr00r00         [24]  327 	call	_set_win_tiles
    00000194 E8 06            [16]  328 	add	sp, #6
                                    329 ;src/scripts/gui_management.c:50: show_time();
    00000196 1Er00            [ 8]  330 	ld	e, #b_show_time
    00000198 21rB4r01         [12]  331 	ld	hl, #_show_time
    0000019B CDr00r00         [24]  332 	call	___sdcc_bcall_ehl
                                    333 ;src/scripts/gui_management.c:51: delay(300);
    0000019E 11 2C 01         [12]  334 	ld	de, #0x012c
    000001A1 CDr00r00         [24]  335 	call	_delay
                                    336 ;src/scripts/gui_management.c:52: break;
    000001A4 18 0B            [12]  337 	jr	00110$
                                    338 ;src/scripts/gui_management.c:53: case 2:
    000001A6                        339 00103$:
                                    340 ;src/scripts/gui_management.c:54: if (current_location == 1) {
    000001A6 FAr00r00         [16]  341 	ld	a, (#_current_location)
    000001A9 3D               [ 4]  342 	dec	a
    000001AA 20 05            [12]  343 	jr	NZ, 00110$
                                    344 ;src/scripts/gui_management.c:55: returning_to_camp = 1;
    000001AC 21r00r00         [12]  345 	ld	hl, #_returning_to_camp
    000001AF 36 01            [12]  346 	ld	(hl), #0x01
                                    347 ;src/scripts/gui_management.c:56: return;
                                    348 ;src/scripts/gui_management.c:59: }
    000001B1                        349 00110$:
                                    350 ;src/scripts/gui_management.c:61: }
    000001B1 E8 07            [16]  351 	add	sp, #7
    000001B3 C9               [16]  352 	ret
                                    353 ;src/scripts/gui_management.c:63: void show_time() BANKED {
                                    354 ;	---------------------------------
                                    355 ; Function show_time
                                    356 ; ---------------------------------
                         00000003   357 	b_show_time	= 3
    000001B4                        358 _show_time::
    000001B4 E8 F8            [16]  359 	add	sp, #-8
                                    360 ;src/scripts/gui_management.c:65: t[0] = hours / 10 + 154;
    000001B6 FAr00r00         [16]  361 	ld	a, (_hours)
    000001B9 1E 0A            [ 8]  362 	ld	e, #0x0a
    000001BB CDr00r00         [24]  363 	call	__divuchar
    000001BE 79               [ 4]  364 	ld	a, c
    000001BF C6 9A            [ 8]  365 	add	a, #0x9a
    000001C1 F8 00            [12]  366 	ldhl	sp,	#0
    000001C3 77               [ 8]  367 	ld	(hl), a
                                    368 ;src/scripts/gui_management.c:66: t[1] = hours % 10 + 154;
    000001C4 FAr00r00         [16]  369 	ld	a, (_hours)
    000001C7 1E 0A            [ 8]  370 	ld	e, #0x0a
    000001C9 CDr00r00         [24]  371 	call	__moduchar
    000001CC 79               [ 4]  372 	ld	a, c
    000001CD C6 9A            [ 8]  373 	add	a, #0x9a
    000001CF F8 01            [12]  374 	ldhl	sp,	#1
                                    375 ;src/scripts/gui_management.c:67: t[2] = 177;
    000001D1 22               [ 8]  376 	ld	(hl+), a
    000001D2 36 B1            [12]  377 	ld	(hl), #0xb1
                                    378 ;src/scripts/gui_management.c:68: t[3] = minutes / 10 + 154;
    000001D4 FAr00r00         [16]  379 	ld	a, (_minutes)
    000001D7 1E 0A            [ 8]  380 	ld	e, #0x0a
    000001D9 CDr00r00         [24]  381 	call	__divuchar
    000001DC 79               [ 4]  382 	ld	a, c
    000001DD C6 9A            [ 8]  383 	add	a, #0x9a
    000001DF F8 03            [12]  384 	ldhl	sp,	#3
    000001E1 77               [ 8]  385 	ld	(hl), a
                                    386 ;src/scripts/gui_management.c:69: t[4] = minutes % 10 + 154;
    000001E2 FAr00r00         [16]  387 	ld	a, (_minutes)
    000001E5 1E 0A            [ 8]  388 	ld	e, #0x0a
    000001E7 CDr00r00         [24]  389 	call	__moduchar
    000001EA 79               [ 4]  390 	ld	a, c
    000001EB C6 9A            [ 8]  391 	add	a, #0x9a
    000001ED F8 04            [12]  392 	ldhl	sp,	#4
                                    393 ;src/scripts/gui_management.c:70: t[5] = 177;
    000001EF 22               [ 8]  394 	ld	(hl+), a
    000001F0 36 B1            [12]  395 	ld	(hl), #0xb1
                                    396 ;src/scripts/gui_management.c:71: t[6] = seconds / 10 + 154;
    000001F2 FAr00r00         [16]  397 	ld	a, (_seconds)
    000001F5 1E 0A            [ 8]  398 	ld	e, #0x0a
    000001F7 CDr00r00         [24]  399 	call	__divuchar
    000001FA 79               [ 4]  400 	ld	a, c
    000001FB C6 9A            [ 8]  401 	add	a, #0x9a
    000001FD F8 06            [12]  402 	ldhl	sp,	#6
    000001FF 77               [ 8]  403 	ld	(hl), a
                                    404 ;src/scripts/gui_management.c:72: t[7] = seconds % 10 + 154;
    00000200 FAr00r00         [16]  405 	ld	a, (_seconds)
    00000203 1E 0A            [ 8]  406 	ld	e, #0x0a
    00000205 CDr00r00         [24]  407 	call	__moduchar
    00000208 79               [ 4]  408 	ld	a, c
    00000209 C6 9A            [ 8]  409 	add	a, #0x9a
    0000020B F8 07            [12]  410 	ldhl	sp,	#7
    0000020D 77               [ 8]  411 	ld	(hl), a
                                    412 ;src/scripts/gui_management.c:73: set_win_tiles(11, 13, 8, 1, t);
    0000020E 21 00 00         [12]  413 	ld	hl, #0
    00000211 39               [ 8]  414 	add	hl, sp
    00000212 E5               [16]  415 	push	hl
    00000213 21 08 01         [12]  416 	ld	hl, #0x108
    00000216 E5               [16]  417 	push	hl
    00000217 21 0B 0D         [12]  418 	ld	hl, #0xd0b
    0000021A E5               [16]  419 	push	hl
    0000021B CDr00r00         [24]  420 	call	_set_win_tiles
                                    421 ;src/scripts/gui_management.c:74: }
    0000021E E8 0E            [16]  422 	add	sp, #14
    00000220 C9               [16]  423 	ret
                                    424 ;src/scripts/gui_management.c:76: void check_menu_options(uint8_t chara) BANKED {
                                    425 ;	---------------------------------
                                    426 ; Function check_menu_options
                                    427 ; ---------------------------------
                         00000003   428 	b_check_menu_options	= 3
    00000221                        429 _check_menu_options::
                                    430 ;src/scripts/gui_management.c:77: if (chara == 0) // Hector
    00000221 F8 06            [12]  431 	ldhl	sp,	#6
    00000223 7E               [ 8]  432 	ld	a, (hl)
    00000224 B7               [ 4]  433 	or	a, a
    00000225 C2rBFr02         [16]  434 	jp	NZ, 00109$
                                    435 ;src/scripts/gui_management.c:79: if (joypad() & J_UP && hector_option > 1) {
    00000228 CDr00r00         [24]  436 	call	_joypad
    0000022B CB 57            [ 8]  437 	bit	2, a
    0000022D 28 44            [12]  438 	jr	Z, 00105$
    0000022F 3E 01            [ 8]  439 	ld	a, #0x01
    00000231 21r00r00         [12]  440 	ld	hl, #_hector_option
    00000234 96               [ 8]  441 	sub	a, (hl)
    00000235 30 3C            [12]  442 	jr	NC, 00105$
                                    443 ;src/scripts/gui_management.c:80: set_win_tiles(1, hector_option*2 - 1, 1, 1, menu_body);
    00000237 01r00r00         [12]  444 	ld	bc, #_menu_body+0
    0000023A 7E               [ 8]  445 	ld	a, (hl)
    0000023B 87               [ 4]  446 	add	a, a
    0000023C 3D               [ 4]  447 	dec	a
    0000023D C5               [16]  448 	push	bc
    0000023E 26 01            [ 8]  449 	ld	h, #0x01
    00000240 E5               [16]  450 	push	hl
    00000241 33               [ 8]  451 	inc	sp
    00000242 26 01            [ 8]  452 	ld	h, #0x01
    00000244 E5               [16]  453 	push	hl
    00000245 33               [ 8]  454 	inc	sp
    00000246 67               [ 4]  455 	ld	h, a
    00000247 2E 01            [ 8]  456 	ld	l, #0x01
    00000249 E5               [16]  457 	push	hl
    0000024A CDr00r00         [24]  458 	call	_set_win_tiles
    0000024D E8 06            [16]  459 	add	sp, #6
                                    460 ;src/scripts/gui_management.c:81: hector_option--;
    0000024F 21r00r00         [12]  461 	ld	hl, #_hector_option
    00000252 35               [12]  462 	dec	(hl)
                                    463 ;src/scripts/gui_management.c:82: set_win_tiles(1, hector_option*2 - 1, 1, 1, &arrow_tile);
    00000253 01r00r00         [12]  464 	ld	bc, #_arrow_tile+0
    00000256 7E               [ 8]  465 	ld	a, (hl)
    00000257 87               [ 4]  466 	add	a, a
    00000258 3D               [ 4]  467 	dec	a
    00000259 C5               [16]  468 	push	bc
    0000025A 26 01            [ 8]  469 	ld	h, #0x01
    0000025C E5               [16]  470 	push	hl
    0000025D 33               [ 8]  471 	inc	sp
    0000025E 26 01            [ 8]  472 	ld	h, #0x01
    00000260 E5               [16]  473 	push	hl
    00000261 33               [ 8]  474 	inc	sp
    00000262 67               [ 4]  475 	ld	h, a
    00000263 2E 01            [ 8]  476 	ld	l, #0x01
    00000265 E5               [16]  477 	push	hl
    00000266 CDr00r00         [24]  478 	call	_set_win_tiles
    00000269 E8 06            [16]  479 	add	sp, #6
                                    480 ;src/scripts/gui_management.c:83: delay(150);
    0000026B 11 96 00         [12]  481 	ld	de, #0x0096
    0000026E CDr00r00         [24]  482 	call	_delay
    00000271 18 49            [12]  483 	jr	00106$
    00000273                        484 00105$:
                                    485 ;src/scripts/gui_management.c:85: else if (joypad() & J_DOWN && hector_option < 4) {
    00000273 CDr00r00         [24]  486 	call	_joypad
    00000276 CB 5F            [ 8]  487 	bit	3, a
    00000278 28 42            [12]  488 	jr	Z, 00106$
    0000027A 21r00r00         [12]  489 	ld	hl, #_hector_option
    0000027D 7E               [ 8]  490 	ld	a, (hl)
    0000027E D6 04            [ 8]  491 	sub	a, #0x04
    00000280 30 3A            [12]  492 	jr	NC, 00106$
                                    493 ;src/scripts/gui_management.c:86: set_win_tiles(1, hector_option*2 - 1, 1, 1, menu_body);
    00000282 01r00r00         [12]  494 	ld	bc, #_menu_body+0
    00000285 7E               [ 8]  495 	ld	a, (hl)
    00000286 87               [ 4]  496 	add	a, a
    00000287 3D               [ 4]  497 	dec	a
    00000288 C5               [16]  498 	push	bc
    00000289 26 01            [ 8]  499 	ld	h, #0x01
    0000028B E5               [16]  500 	push	hl
    0000028C 33               [ 8]  501 	inc	sp
    0000028D 26 01            [ 8]  502 	ld	h, #0x01
    0000028F E5               [16]  503 	push	hl
    00000290 33               [ 8]  504 	inc	sp
    00000291 67               [ 4]  505 	ld	h, a
    00000292 2E 01            [ 8]  506 	ld	l, #0x01
    00000294 E5               [16]  507 	push	hl
    00000295 CDr00r00         [24]  508 	call	_set_win_tiles
    00000298 E8 06            [16]  509 	add	sp, #6
                                    510 ;src/scripts/gui_management.c:87: hector_option++;
    0000029A 21r00r00         [12]  511 	ld	hl, #_hector_option
    0000029D 34               [12]  512 	inc	(hl)
                                    513 ;src/scripts/gui_management.c:88: set_win_tiles(1, hector_option*2 - 1, 1, 1, &arrow_tile);
    0000029E 01r00r00         [12]  514 	ld	bc, #_arrow_tile+0
    000002A1 7E               [ 8]  515 	ld	a, (hl)
    000002A2 87               [ 4]  516 	add	a, a
    000002A3 3D               [ 4]  517 	dec	a
    000002A4 C5               [16]  518 	push	bc
    000002A5 26 01            [ 8]  519 	ld	h, #0x01
    000002A7 E5               [16]  520 	push	hl
    000002A8 33               [ 8]  521 	inc	sp
    000002A9 26 01            [ 8]  522 	ld	h, #0x01
    000002AB E5               [16]  523 	push	hl
    000002AC 33               [ 8]  524 	inc	sp
    000002AD 67               [ 4]  525 	ld	h, a
    000002AE 2E 01            [ 8]  526 	ld	l, #0x01
    000002B0 E5               [16]  527 	push	hl
    000002B1 CDr00r00         [24]  528 	call	_set_win_tiles
    000002B4 E8 06            [16]  529 	add	sp, #6
                                    530 ;src/scripts/gui_management.c:89: delay(150);
    000002B6 11 96 00         [12]  531 	ld	de, #0x0096
    000002B9 CDr00r00         [24]  532 	call	_delay
    000002BC                        533 00106$:
                                    534 ;src/scripts/gui_management.c:91: hector_upgrades();
    000002BC CDr5Er03         [24]  535 	call	_hector_upgrades
    000002BF                        536 00109$:
                                    537 ;src/scripts/gui_management.c:93: if (chara == 1) {
    000002BF F8 06            [12]  538 	ldhl	sp,	#6
    000002C1 7E               [ 8]  539 	ld	a, (hl)
    000002C2 3D               [ 4]  540 	dec	a
    000002C3 C0               [20]  541 	ret	NZ
                                    542 ;src/scripts/gui_management.c:94: if (joypad() & J_UP && safy_option > 1) {
    000002C4 CDr00r00         [24]  543 	call	_joypad
    000002C7 CB 57            [ 8]  544 	bit	2, a
    000002C9 28 45            [12]  545 	jr	Z, 00114$
    000002CB 3E 01            [ 8]  546 	ld	a, #0x01
    000002CD 21r00r00         [12]  547 	ld	hl, #_safy_option
    000002D0 96               [ 8]  548 	sub	a, (hl)
    000002D1 30 3D            [12]  549 	jr	NC, 00114$
                                    550 ;src/scripts/gui_management.c:95: set_win_tiles(1, safy_option*2 - 1, 1, 1, menu_body);
    000002D3 7E               [ 8]  551 	ld	a, (hl)
    000002D4 87               [ 4]  552 	add	a, a
    000002D5 3D               [ 4]  553 	dec	a
    000002D6 11r00r00         [12]  554 	ld	de, #_menu_body
    000002D9 D5               [16]  555 	push	de
    000002DA 26 01            [ 8]  556 	ld	h, #0x01
    000002DC E5               [16]  557 	push	hl
    000002DD 33               [ 8]  558 	inc	sp
    000002DE 26 01            [ 8]  559 	ld	h, #0x01
    000002E0 E5               [16]  560 	push	hl
    000002E1 33               [ 8]  561 	inc	sp
    000002E2 67               [ 4]  562 	ld	h, a
    000002E3 2E 01            [ 8]  563 	ld	l, #0x01
    000002E5 E5               [16]  564 	push	hl
    000002E6 CDr00r00         [24]  565 	call	_set_win_tiles
    000002E9 E8 06            [16]  566 	add	sp, #6
                                    567 ;src/scripts/gui_management.c:96: safy_option--;
    000002EB 21r00r00         [12]  568 	ld	hl, #_safy_option
    000002EE 35               [12]  569 	dec	(hl)
                                    570 ;src/scripts/gui_management.c:97: set_win_tiles(1, safy_option*2 - 1, 1, 1, &arrow_tile);
    000002EF 7E               [ 8]  571 	ld	a, (hl)
    000002F0 87               [ 4]  572 	add	a, a
    000002F1 3D               [ 4]  573 	dec	a
    000002F2 11r00r00         [12]  574 	ld	de, #_arrow_tile
    000002F5 D5               [16]  575 	push	de
    000002F6 26 01            [ 8]  576 	ld	h, #0x01
    000002F8 E5               [16]  577 	push	hl
    000002F9 33               [ 8]  578 	inc	sp
    000002FA 26 01            [ 8]  579 	ld	h, #0x01
    000002FC E5               [16]  580 	push	hl
    000002FD 33               [ 8]  581 	inc	sp
    000002FE 67               [ 4]  582 	ld	h, a
    000002FF 2E 01            [ 8]  583 	ld	l, #0x01
    00000301 E5               [16]  584 	push	hl
    00000302 CDr00r00         [24]  585 	call	_set_win_tiles
    00000305 E8 06            [16]  586 	add	sp, #6
                                    587 ;src/scripts/gui_management.c:98: delay(150);
    00000307 11 96 00         [12]  588 	ld	de, #0x0096
    0000030A CDr00r00         [24]  589 	call	_delay
    0000030D C3r04r05         [16]  590 	jp	_safy_upgrades
    00000310                        591 00114$:
                                    592 ;src/scripts/gui_management.c:100: else if (joypad() & J_DOWN && safy_option < 3) {
    00000310 CDr00r00         [24]  593 	call	_joypad
    00000313 CB 5F            [ 8]  594 	bit	3, a
    00000315 CAr04r05         [16]  595 	jp	Z, _safy_upgrades
    00000318 21r00r00         [12]  596 	ld	hl, #_safy_option
    0000031B 7E               [ 8]  597 	ld	a, (hl)
    0000031C D6 03            [ 8]  598 	sub	a, #0x03
    0000031E D2r04r05         [16]  599 	jp	NC, _safy_upgrades
                                    600 ;src/scripts/gui_management.c:101: set_win_tiles(1, safy_option*2 - 1, 1, 1, menu_body);
    00000321 7E               [ 8]  601 	ld	a, (hl)
    00000322 87               [ 4]  602 	add	a, a
    00000323 3D               [ 4]  603 	dec	a
    00000324 11r00r00         [12]  604 	ld	de, #_menu_body
    00000327 D5               [16]  605 	push	de
    00000328 26 01            [ 8]  606 	ld	h, #0x01
    0000032A E5               [16]  607 	push	hl
    0000032B 33               [ 8]  608 	inc	sp
    0000032C 26 01            [ 8]  609 	ld	h, #0x01
    0000032E E5               [16]  610 	push	hl
    0000032F 33               [ 8]  611 	inc	sp
    00000330 67               [ 4]  612 	ld	h, a
    00000331 2E 01            [ 8]  613 	ld	l, #0x01
    00000333 E5               [16]  614 	push	hl
    00000334 CDr00r00         [24]  615 	call	_set_win_tiles
    00000337 E8 06            [16]  616 	add	sp, #6
                                    617 ;src/scripts/gui_management.c:102: safy_option++;
    00000339 21r00r00         [12]  618 	ld	hl, #_safy_option
    0000033C 34               [12]  619 	inc	(hl)
                                    620 ;src/scripts/gui_management.c:103: set_win_tiles(1, safy_option*2 - 1, 1, 1, &arrow_tile);
    0000033D 7E               [ 8]  621 	ld	a, (hl)
    0000033E 87               [ 4]  622 	add	a, a
    0000033F 3D               [ 4]  623 	dec	a
    00000340 11r00r00         [12]  624 	ld	de, #_arrow_tile
    00000343 D5               [16]  625 	push	de
    00000344 26 01            [ 8]  626 	ld	h, #0x01
    00000346 E5               [16]  627 	push	hl
    00000347 33               [ 8]  628 	inc	sp
    00000348 26 01            [ 8]  629 	ld	h, #0x01
    0000034A E5               [16]  630 	push	hl
    0000034B 33               [ 8]  631 	inc	sp
    0000034C 67               [ 4]  632 	ld	h, a
    0000034D 2E 01            [ 8]  633 	ld	l, #0x01
    0000034F E5               [16]  634 	push	hl
    00000350 CDr00r00         [24]  635 	call	_set_win_tiles
    00000353 E8 06            [16]  636 	add	sp, #6
                                    637 ;src/scripts/gui_management.c:104: delay(150);
    00000355 11 96 00         [12]  638 	ld	de, #0x0096
    00000358 CDr00r00         [24]  639 	call	_delay
                                    640 ;src/scripts/gui_management.c:106: safy_upgrades();
                                    641 ;src/scripts/gui_management.c:108: }
    0000035B C3r04r05         [16]  642 	jp	_safy_upgrades
                                    643 ;src/scripts/gui_management.c:110: void hector_upgrades() {
                                    644 ;	---------------------------------
                                    645 ; Function hector_upgrades
                                    646 ; ---------------------------------
    0000035E                        647 _hector_upgrades::
    0000035E E8 FC            [16]  648 	add	sp, #-4
                                    649 ;src/scripts/gui_management.c:111: uint8_t cost = upgrade_costs[sword_lvl-1];
    00000360 11r00r00         [12]  650 	ld	de, #_upgrade_costs+0
    00000363 FAr00r00         [16]  651 	ld	a, (_sword_lvl)
    00000366 26 00            [ 8]  652 	ld	h, #0x00
    00000368 6F               [ 4]  653 	ld	l, a
    00000369 2B               [ 8]  654 	dec	hl
    0000036A 19               [ 8]  655 	add	hl, de
    0000036B 46               [ 8]  656 	ld	b, (hl)
    0000036C 48               [ 4]  657 	ld	c, b
                                    658 ;src/scripts/gui_management.c:113: switch(hector_option) {
    0000036D FAr00r00         [16]  659 	ld	a, (#_hector_option)
    00000370 3D               [ 4]  660 	dec	a
    00000371 28 1A            [12]  661 	jr	Z, 00101$
    00000373 FAr00r00         [16]  662 	ld	a, (#_hector_option)
    00000376 D6 02            [ 8]  663 	sub	a, #0x02
    00000378 28 4C            [12]  664 	jr	Z, 00107$
    0000037A FAr00r00         [16]  665 	ld	a, (#_hector_option)
    0000037D D6 03            [ 8]  666 	sub	a, #0x03
    0000037F CAr05r04         [16]  667 	jp	Z, 00113$
    00000382 FAr00r00         [16]  668 	ld	a, (#_hector_option)
    00000385 D6 04            [ 8]  669 	sub	a, #0x04
    00000387 CAr41r04         [16]  670 	jp	Z, 00119$
    0000038A C3r7Br04         [16]  671 	jp	00125$
                                    672 ;src/scripts/gui_management.c:114: case 1:
    0000038D                        673 00101$:
                                    674 ;src/scripts/gui_management.c:115: if (sword_lvl < 9) {
    0000038D FAr00r00         [16]  675 	ld	a, (#_sword_lvl)
    00000390 D6 09            [ 8]  676 	sub	a, #0x09
    00000392 D2r7Br04         [16]  677 	jp	NC, 00125$
                                    678 ;src/scripts/gui_management.c:116: cost = upgrade_costs[sword_lvl-1];
    00000395 48               [ 4]  679 	ld	c, b
                                    680 ;src/scripts/gui_management.c:117: if (minerals >= cost && joypad() & J_A) {
    00000396 FAr00r00         [16]  681 	ld	a, (#_minerals)
    00000399 91               [ 4]  682 	sub	a, c
    0000039A DAr7Br04         [16]  683 	jp	C, 00125$
    0000039D CDr00r00         [24]  684 	call	_joypad
    000003A0 CB 67            [ 8]  685 	bit	4, a
    000003A2 CAr7Br04         [16]  686 	jp	Z, 00125$
                                    687 ;src/scripts/gui_management.c:118: minerals = minerals - cost;
    000003A5 21r00r00         [12]  688 	ld	hl, #_minerals
    000003A8 7E               [ 8]  689 	ld	a, (hl)
    000003A9 91               [ 4]  690 	sub	a, c
    000003AA 77               [ 8]  691 	ld	(hl), a
                                    692 ;src/scripts/gui_management.c:119: sword_lvl++;
    000003AB 21r00r00         [12]  693 	ld	hl, #_sword_lvl
    000003AE 34               [12]  694 	inc	(hl)
                                    695 ;src/scripts/gui_management.c:120: power_ups++;
    000003AF 21r00r00         [12]  696 	ld	hl, #_power_ups
    000003B2 34               [12]  697 	inc	(hl)
                                    698 ;src/scripts/gui_management.c:122: attack += 10;
    000003B3 FAr00r00         [16]  699 	ld	a, (_attack)
    000003B6 C6 0A            [ 8]  700 	add	a, #0x0a
    000003B8 EAr00r00         [16]  701 	ld	(#_attack),a
                                    702 ;src/scripts/gui_management.c:123: delay(300);
    000003BB C5               [16]  703 	push	bc
    000003BC 11 2C 01         [12]  704 	ld	de, #0x012c
    000003BF CDr00r00         [24]  705 	call	_delay
    000003C2 C1               [12]  706 	pop	bc
                                    707 ;src/scripts/gui_management.c:126: break;
    000003C3 C3r7Br04         [16]  708 	jp	00125$
                                    709 ;src/scripts/gui_management.c:127: case 2:
    000003C6                        710 00107$:
                                    711 ;src/scripts/gui_management.c:128: if (shield_lvl < 9) {
    000003C6 21r00r00         [12]  712 	ld	hl, #_shield_lvl
    000003C9 7E               [ 8]  713 	ld	a, (hl)
    000003CA D6 09            [ 8]  714 	sub	a, #0x09
    000003CC D2r7Br04         [16]  715 	jp	NC, 00125$
                                    716 ;src/scripts/gui_management.c:129: cost = upgrade_costs[shield_lvl-1];
    000003CF 7E               [ 8]  717 	ld	a, (hl)
    000003D0 26 00            [ 8]  718 	ld	h, #0x00
    000003D2 6F               [ 4]  719 	ld	l, a
    000003D3 2B               [ 8]  720 	dec	hl
    000003D4 19               [ 8]  721 	add	hl, de
    000003D5 4E               [ 8]  722 	ld	c, (hl)
                                    723 ;src/scripts/gui_management.c:130: if (minerals >= cost && joypad() & J_A) {
    000003D6 FAr00r00         [16]  724 	ld	a, (#_minerals)
    000003D9 91               [ 4]  725 	sub	a, c
    000003DA DAr7Br04         [16]  726 	jp	C, 00125$
    000003DD CDr00r00         [24]  727 	call	_joypad
    000003E0 CB 67            [ 8]  728 	bit	4, a
    000003E2 CAr7Br04         [16]  729 	jp	Z, 00125$
                                    730 ;src/scripts/gui_management.c:131: minerals = minerals - cost;
    000003E5 21r00r00         [12]  731 	ld	hl, #_minerals
    000003E8 7E               [ 8]  732 	ld	a, (hl)
    000003E9 91               [ 4]  733 	sub	a, c
    000003EA 77               [ 8]  734 	ld	(hl), a
                                    735 ;src/scripts/gui_management.c:132: shield_lvl++;
    000003EB 21r00r00         [12]  736 	ld	hl, #_shield_lvl
    000003EE 34               [12]  737 	inc	(hl)
                                    738 ;src/scripts/gui_management.c:133: power_ups++;
    000003EF 21r00r00         [12]  739 	ld	hl, #_power_ups
    000003F2 34               [12]  740 	inc	(hl)
                                    741 ;src/scripts/gui_management.c:135: defense += 8;
    000003F3 FAr00r00         [16]  742 	ld	a, (_defense)
    000003F6 C6 08            [ 8]  743 	add	a, #0x08
    000003F8 EAr00r00         [16]  744 	ld	(#_defense),a
                                    745 ;src/scripts/gui_management.c:136: delay(300);
    000003FB C5               [16]  746 	push	bc
    000003FC 11 2C 01         [12]  747 	ld	de, #0x012c
    000003FF CDr00r00         [24]  748 	call	_delay
    00000402 C1               [12]  749 	pop	bc
                                    750 ;src/scripts/gui_management.c:139: break;
    00000403 18 76            [12]  751 	jr	00125$
                                    752 ;src/scripts/gui_management.c:140: case 3:
    00000405                        753 00113$:
                                    754 ;src/scripts/gui_management.c:141: if (arrow_lvl < 9) {
    00000405 21r00r00         [12]  755 	ld	hl, #_arrow_lvl
    00000408 7E               [ 8]  756 	ld	a, (hl)
    00000409 D6 09            [ 8]  757 	sub	a, #0x09
    0000040B 30 6E            [12]  758 	jr	NC, 00125$
                                    759 ;src/scripts/gui_management.c:142: cost = upgrade_costs[arrow_lvl-1];
    0000040D 7E               [ 8]  760 	ld	a, (hl)
    0000040E 26 00            [ 8]  761 	ld	h, #0x00
    00000410 6F               [ 4]  762 	ld	l, a
    00000411 2B               [ 8]  763 	dec	hl
    00000412 19               [ 8]  764 	add	hl, de
    00000413 4E               [ 8]  765 	ld	c, (hl)
                                    766 ;src/scripts/gui_management.c:143: if (minerals >= cost && joypad() & J_A) {
    00000414 FAr00r00         [16]  767 	ld	a, (#_minerals)
    00000417 91               [ 4]  768 	sub	a, c
    00000418 38 61            [12]  769 	jr	C, 00125$
    0000041A CDr00r00         [24]  770 	call	_joypad
    0000041D CB 67            [ 8]  771 	bit	4, a
    0000041F 28 5A            [12]  772 	jr	Z, 00125$
                                    773 ;src/scripts/gui_management.c:144: minerals = minerals - cost;
    00000421 21r00r00         [12]  774 	ld	hl, #_minerals
    00000424 7E               [ 8]  775 	ld	a, (hl)
    00000425 91               [ 4]  776 	sub	a, c
    00000426 77               [ 8]  777 	ld	(hl), a
                                    778 ;src/scripts/gui_management.c:145: arrow_lvl++;
    00000427 21r00r00         [12]  779 	ld	hl, #_arrow_lvl
    0000042A 34               [12]  780 	inc	(hl)
                                    781 ;src/scripts/gui_management.c:146: power_ups++;
    0000042B 21r00r00         [12]  782 	ld	hl, #_power_ups
    0000042E 34               [12]  783 	inc	(hl)
                                    784 ;src/scripts/gui_management.c:148: arrow_damage += 17;
    0000042F FAr00r00         [16]  785 	ld	a, (_arrow_damage)
    00000432 C6 11            [ 8]  786 	add	a, #0x11
    00000434 EAr00r00         [16]  787 	ld	(#_arrow_damage),a
                                    788 ;src/scripts/gui_management.c:149: delay(300);
    00000437 C5               [16]  789 	push	bc
    00000438 11 2C 01         [12]  790 	ld	de, #0x012c
    0000043B CDr00r00         [24]  791 	call	_delay
    0000043E C1               [12]  792 	pop	bc
                                    793 ;src/scripts/gui_management.c:152: break;
    0000043F 18 3A            [12]  794 	jr	00125$
                                    795 ;src/scripts/gui_management.c:153: case 4:
    00000441                        796 00119$:
                                    797 ;src/scripts/gui_management.c:154: if (quiver_lvl < 9) {
    00000441 21r00r00         [12]  798 	ld	hl, #_quiver_lvl
    00000444 7E               [ 8]  799 	ld	a, (hl)
    00000445 D6 09            [ 8]  800 	sub	a, #0x09
    00000447 30 32            [12]  801 	jr	NC, 00125$
                                    802 ;src/scripts/gui_management.c:155: cost = upgrade_costs[quiver_lvl-1];
    00000449 7E               [ 8]  803 	ld	a, (hl)
    0000044A 26 00            [ 8]  804 	ld	h, #0x00
    0000044C 6F               [ 4]  805 	ld	l, a
    0000044D 2B               [ 8]  806 	dec	hl
    0000044E 19               [ 8]  807 	add	hl, de
    0000044F 4E               [ 8]  808 	ld	c, (hl)
                                    809 ;src/scripts/gui_management.c:156: if (minerals >= cost && joypad() & J_A) {
    00000450 FAr00r00         [16]  810 	ld	a, (#_minerals)
    00000453 91               [ 4]  811 	sub	a, c
    00000454 38 25            [12]  812 	jr	C, 00125$
    00000456 CDr00r00         [24]  813 	call	_joypad
    00000459 CB 67            [ 8]  814 	bit	4, a
    0000045B 28 1E            [12]  815 	jr	Z, 00125$
                                    816 ;src/scripts/gui_management.c:157: minerals = minerals - cost;
    0000045D 21r00r00         [12]  817 	ld	hl, #_minerals
    00000460 7E               [ 8]  818 	ld	a, (hl)
    00000461 91               [ 4]  819 	sub	a, c
    00000462 77               [ 8]  820 	ld	(hl), a
                                    821 ;src/scripts/gui_management.c:158: quiver_lvl++;
    00000463 21r00r00         [12]  822 	ld	hl, #_quiver_lvl
    00000466 34               [12]  823 	inc	(hl)
                                    824 ;src/scripts/gui_management.c:159: power_ups++;
    00000467 21r00r00         [12]  825 	ld	hl, #_power_ups
    0000046A 34               [12]  826 	inc	(hl)
                                    827 ;src/scripts/gui_management.c:161: max_num_arrows = max_num_arrows + 2;
    0000046B FAr00r00         [16]  828 	ld	a, (_max_num_arrows)
    0000046E C6 02            [ 8]  829 	add	a, #0x02
    00000470 EAr00r00         [16]  830 	ld	(#_max_num_arrows),a
                                    831 ;src/scripts/gui_management.c:162: delay(300);
    00000473 C5               [16]  832 	push	bc
    00000474 11 2C 01         [12]  833 	ld	de, #0x012c
    00000477 CDr00r00         [24]  834 	call	_delay
    0000047A C1               [12]  835 	pop	bc
                                    836 ;src/scripts/gui_management.c:166: }
    0000047B                        837 00125$:
                                    838 ;src/scripts/gui_management.c:169: costs[0] = cost / 10 + 154;
    0000047B C5               [16]  839 	push	bc
    0000047C 1E 0A            [ 8]  840 	ld	e, #0x0a
    0000047E 79               [ 4]  841 	ld	a, c
    0000047F CDr00r00         [24]  842 	call	__divuchar
    00000482 79               [ 4]  843 	ld	a, c
    00000483 C1               [12]  844 	pop	bc
    00000484 C6 9A            [ 8]  845 	add	a, #0x9a
    00000486 F8 00            [12]  846 	ldhl	sp,	#0
    00000488 77               [ 8]  847 	ld	(hl), a
                                    848 ;src/scripts/gui_management.c:170: costs[1] = cost % 10 + 154;
    00000489 1E 0A            [ 8]  849 	ld	e, #0x0a
    0000048B 79               [ 4]  850 	ld	a, c
    0000048C CDr00r00         [24]  851 	call	__moduchar
    0000048F 79               [ 4]  852 	ld	a, c
    00000490 C6 9A            [ 8]  853 	add	a, #0x9a
    00000492 F8 01            [12]  854 	ldhl	sp,	#1
    00000494 77               [ 8]  855 	ld	(hl), a
                                    856 ;src/scripts/gui_management.c:171: obt[0] = minerals / 10 + 154;
    00000495 FAr00r00         [16]  857 	ld	a, (_minerals)
    00000498 1E 0A            [ 8]  858 	ld	e, #0x0a
    0000049A CDr00r00         [24]  859 	call	__divuchar
    0000049D 79               [ 4]  860 	ld	a, c
    0000049E C6 9A            [ 8]  861 	add	a, #0x9a
    000004A0 F8 02            [12]  862 	ldhl	sp,	#2
    000004A2 77               [ 8]  863 	ld	(hl), a
                                    864 ;src/scripts/gui_management.c:172: obt[1] = minerals % 10 + 154;
    000004A3 FAr00r00         [16]  865 	ld	a, (_minerals)
    000004A6 1E 0A            [ 8]  866 	ld	e, #0x0a
    000004A8 CDr00r00         [24]  867 	call	__moduchar
    000004AB 79               [ 4]  868 	ld	a, c
    000004AC C6 9A            [ 8]  869 	add	a, #0x9a
    000004AE F8 03            [12]  870 	ldhl	sp,	#3
    000004B0 77               [ 8]  871 	ld	(hl), a
                                    872 ;src/scripts/gui_management.c:173: set_win_tiles(16, 10, 2, 1, costs);
    000004B1 21 00 00         [12]  873 	ld	hl, #0
    000004B4 39               [ 8]  874 	add	hl, sp
    000004B5 E5               [16]  875 	push	hl
    000004B6 21 02 01         [12]  876 	ld	hl, #0x102
    000004B9 E5               [16]  877 	push	hl
    000004BA 21 10 0A         [12]  878 	ld	hl, #0xa10
    000004BD E5               [16]  879 	push	hl
    000004BE CDr00r00         [24]  880 	call	_set_win_tiles
    000004C1 E8 06            [16]  881 	add	sp, #6
                                    882 ;src/scripts/gui_management.c:174: set_win_tiles(16, 12, 2, 1, obt);
    000004C3 21 02 00         [12]  883 	ld	hl, #2
    000004C6 39               [ 8]  884 	add	hl, sp
    000004C7 E5               [16]  885 	push	hl
    000004C8 21 02 01         [12]  886 	ld	hl, #0x102
    000004CB E5               [16]  887 	push	hl
    000004CC 21 10 0C         [12]  888 	ld	hl, #0xc10
    000004CF E5               [16]  889 	push	hl
    000004D0 CDr00r00         [24]  890 	call	_set_win_tiles
    000004D3 E8 06            [16]  891 	add	sp, #6
                                    892 ;src/scripts/gui_management.c:176: if (joypad() & J_B) {
    000004D5 CDr00r00         [24]  893 	call	_joypad
    000004D8 CB 6F            [ 8]  894 	bit	5, a
    000004DA 28 25            [12]  895 	jr	Z, 00128$
                                    896 ;src/scripts/gui_management.c:177: hector_option = 1;
    000004DC 21r00r00         [12]  897 	ld	hl, #_hector_option
    000004DF 36 01            [12]  898 	ld	(hl), #0x01
                                    899 ;src/scripts/gui_management.c:178: set_win_tiles(1, 1, 1, 1, &arrow_tile);
    000004E1 11r00r00         [12]  900 	ld	de, #_arrow_tile
    000004E4 D5               [16]  901 	push	de
    000004E5 21 01 01         [12]  902 	ld	hl, #0x101
    000004E8 E5               [16]  903 	push	hl
    000004E9 E5               [16]  904 	push	hl
    000004EA CDr00r00         [24]  905 	call	_set_win_tiles
    000004ED E8 06            [16]  906 	add	sp, #6
                                    907 ;src/scripts/gui_management.c:179: menu_opened = 0;
    000004EF AF               [ 4]  908 	xor	a, a
    000004F0 EAr00r00         [16]  909 	ld	(#_menu_opened),a
                                    910 ;src/scripts/gui_management.c:180: SHOW_SPRITES;
    000004F3 F0r00            [12]  911 	ldh	a, (_LCDC_REG + 0)
    000004F5 F6 02            [ 8]  912 	or	a, #0x02
    000004F7 E0r00            [12]  913 	ldh	(_LCDC_REG + 0), a
                                    914 ;src/scripts/gui_management.c:181: set_mini_menu();
    000004F9 1Er00            [ 8]  915 	ld	e, #b_set_mini_menu
    000004FB 21r21r0A         [12]  916 	ld	hl, #_set_mini_menu
    000004FE CDr00r00         [24]  917 	call	___sdcc_bcall_ehl
    00000501                        918 00128$:
                                    919 ;src/scripts/gui_management.c:183: }
    00000501 E8 04            [16]  920 	add	sp, #4
    00000503 C9               [16]  921 	ret
                                    922 ;src/scripts/gui_management.c:185: void safy_upgrades() {
                                    923 ;	---------------------------------
                                    924 ; Function safy_upgrades
                                    925 ; ---------------------------------
    00000504                        926 _safy_upgrades::
    00000504 E8 F5            [16]  927 	add	sp, #-11
                                    928 ;src/scripts/gui_management.c:186: uint8_t cost = cure_upgrade_costs[potion_quant_lvl-1];
    00000506 FAr00r00         [16]  929 	ld	a, (_potion_quant_lvl)
    00000509 26 00            [ 8]  930 	ld	h, #0x00
    0000050B 6F               [ 4]  931 	ld	l, a
    0000050C 2B               [ 8]  932 	dec	hl
    0000050D 29               [ 8]  933 	add	hl, hl
    0000050E 11r00r00         [12]  934 	ld	de, #_cure_upgrade_costs
    00000511 19               [ 8]  935 	add	hl, de
    00000512 5E               [ 8]  936 	ld	e, (hl)
    00000513 4B               [ 4]  937 	ld	c, e
                                    938 ;src/scripts/gui_management.c:187: switch(safy_option) {
    00000514 FAr00r00         [16]  939 	ld	a, (#_safy_option)
    00000517 3D               [ 4]  940 	dec	a
    00000518 28 12            [12]  941 	jr	Z, 00101$
    0000051A FAr00r00         [16]  942 	ld	a, (#_safy_option)
    0000051D D6 02            [ 8]  943 	sub	a, #0x02
    0000051F 28 5C            [12]  944 	jr	Z, 00107$
    00000521 FAr00r00         [16]  945 	ld	a, (#_safy_option)
    00000524 D6 03            [ 8]  946 	sub	a, #0x03
    00000526 CArD2r05         [16]  947 	jp	Z, 00113$
    00000529 C3r35r06         [16]  948 	jp	00119$
                                    949 ;src/scripts/gui_management.c:188: case 1:
    0000052C                        950 00101$:
                                    951 ;src/scripts/gui_management.c:189: if (potion_quant_lvl < 9) {
    0000052C FAr00r00         [16]  952 	ld	a, (#_potion_quant_lvl)
    0000052F D6 09            [ 8]  953 	sub	a, #0x09
    00000531 D2r35r06         [16]  954 	jp	NC, 00119$
                                    955 ;src/scripts/gui_management.c:190: cost = cure_upgrade_costs[potion_quant_lvl-1];
                                    956 ;src/scripts/gui_management.c:191: if (experience >= cost && joypad() & J_A) {
    00000534 4B               [ 4]  957 	ld	c,e
    00000535 06 00            [ 8]  958 	ld	b, #0x00
    00000537 21r00r00         [12]  959 	ld	hl, #_experience
    0000053A 2A               [ 8]  960 	ld	a, (hl+)
    0000053B 93               [ 4]  961 	sub	a, e
    0000053C 7E               [ 8]  962 	ld	a, (hl)
    0000053D 98               [ 4]  963 	sbc	a, b
    0000053E DAr35r06         [16]  964 	jp	C, 00119$
    00000541 CDr00r00         [24]  965 	call	_joypad
    00000544 CB 67            [ 8]  966 	bit	4, a
    00000546 CAr35r06         [16]  967 	jp	Z, 00119$
                                    968 ;src/scripts/gui_management.c:192: experience = experience - cost;
    00000549 59               [ 4]  969 	ld	e, c
    0000054A 16 00            [ 8]  970 	ld	d, #0x00
    0000054C FAr00r00         [16]  971 	ld	a, (_experience)
    0000054F 6F               [ 4]  972 	ld	l, a
    00000550 FAr01r00         [16]  973 	ld	a, (_experience + 1)
    00000553 67               [ 4]  974 	ld	h, a
    00000554 7D               [ 4]  975 	ld	a, l
    00000555 93               [ 4]  976 	sub	a, e
    00000556 5F               [ 4]  977 	ld	e, a
    00000557 7C               [ 4]  978 	ld	a, h
    00000558 9A               [ 4]  979 	sbc	a, d
    00000559 21r00r00         [12]  980 	ld	hl, #_experience
    0000055C 73               [ 8]  981 	ld	(hl), e
    0000055D 23               [ 8]  982 	inc	hl
    0000055E 77               [ 8]  983 	ld	(hl), a
                                    984 ;src/scripts/gui_management.c:193: potion_quant_lvl++;
    0000055F 21r00r00         [12]  985 	ld	hl, #_potion_quant_lvl
    00000562 34               [12]  986 	inc	(hl)
                                    987 ;src/scripts/gui_management.c:194: heals = heals + 1;
    00000563 FAr00r00         [16]  988 	ld	a, (_heals)
    00000566 3C               [ 4]  989 	inc	a
    00000567 EAr00r00         [16]  990 	ld	(#_heals),a
                                    991 ;src/scripts/gui_management.c:195: max_heals++;
    0000056A 21r00r00         [12]  992 	ld	hl, #_max_heals
    0000056D 34               [12]  993 	inc	(hl)
                                    994 ;src/scripts/gui_management.c:196: power_ups++;
    0000056E 21r00r00         [12]  995 	ld	hl, #_power_ups
    00000571 34               [12]  996 	inc	(hl)
                                    997 ;src/scripts/gui_management.c:197: delay(300);
    00000572 C5               [16]  998 	push	bc
    00000573 11 2C 01         [12]  999 	ld	de, #0x012c
    00000576 CDr00r00         [24] 1000 	call	_delay
    00000579 C1               [12] 1001 	pop	bc
                                   1002 ;src/scripts/gui_management.c:200: break;
    0000057A C3r35r06         [16] 1003 	jp	00119$
                                   1004 ;src/scripts/gui_management.c:201: case 2:
    0000057D                       1005 00107$:
                                   1006 ;src/scripts/gui_management.c:202: if (potion_heal_lvl < 9) {
    0000057D 21r00r00         [12] 1007 	ld	hl, #_potion_heal_lvl
    00000580 7E               [ 8] 1008 	ld	a, (hl)
    00000581 D6 09            [ 8] 1009 	sub	a, #0x09
    00000583 D2r35r06         [16] 1010 	jp	NC, 00119$
                                   1011 ;src/scripts/gui_management.c:203: cost = cure_upgrade_costs[potion_heal_lvl-1];
    00000586 7E               [ 8] 1012 	ld	a, (hl)
    00000587 26 00            [ 8] 1013 	ld	h, #0x00
    00000589 6F               [ 4] 1014 	ld	l, a
    0000058A 2B               [ 8] 1015 	dec	hl
    0000058B 29               [ 8] 1016 	add	hl, hl
    0000058C 11r00r00         [12] 1017 	ld	de, #_cure_upgrade_costs
    0000058F 19               [ 8] 1018 	add	hl, de
    00000590 4E               [ 8] 1019 	ld	c, (hl)
                                   1020 ;src/scripts/gui_management.c:204: if (experience >= cost && joypad() & J_A) {
    00000591 41               [ 4] 1021 	ld	b, c
    00000592 1E 00            [ 8] 1022 	ld	e, #0x00
    00000594 21r00r00         [12] 1023 	ld	hl, #_experience
    00000597 2A               [ 8] 1024 	ld	a, (hl+)
    00000598 90               [ 4] 1025 	sub	a, b
    00000599 7E               [ 8] 1026 	ld	a, (hl)
    0000059A 9B               [ 4] 1027 	sbc	a, e
    0000059B DAr35r06         [16] 1028 	jp	C, 00119$
    0000059E CDr00r00         [24] 1029 	call	_joypad
    000005A1 CB 67            [ 8] 1030 	bit	4, a
    000005A3 CAr35r06         [16] 1031 	jp	Z, 00119$
                                   1032 ;src/scripts/gui_management.c:205: experience = experience - cost;
    000005A6 59               [ 4] 1033 	ld	e, c
    000005A7 16 00            [ 8] 1034 	ld	d, #0x00
    000005A9 FAr00r00         [16] 1035 	ld	a, (_experience)
    000005AC 21r01r00         [12] 1036 	ld	hl, #_experience + 1
    000005AF 46               [ 8] 1037 	ld	b, (hl)
    000005B0 2B               [ 8] 1038 	dec	hl
    000005B1 93               [ 4] 1039 	sub	a, e
    000005B2 5F               [ 4] 1040 	ld	e, a
    000005B3 78               [ 4] 1041 	ld	a, b
    000005B4 9A               [ 4] 1042 	sbc	a, d
    000005B5 73               [ 8] 1043 	ld	(hl), e
    000005B6 23               [ 8] 1044 	inc	hl
    000005B7 77               [ 8] 1045 	ld	(hl), a
                                   1046 ;src/scripts/gui_management.c:206: potion_heal_lvl++;
    000005B8 21r00r00         [12] 1047 	ld	hl, #_potion_heal_lvl
    000005BB 34               [12] 1048 	inc	(hl)
                                   1049 ;src/scripts/gui_management.c:207: power_ups++;
    000005BC 21r00r00         [12] 1050 	ld	hl, #_power_ups
    000005BF 34               [12] 1051 	inc	(hl)
                                   1052 ;src/scripts/gui_management.c:208: heal_quantity = heal_quantity + 8;
    000005C0 FAr00r00         [16] 1053 	ld	a, (_heal_quantity)
    000005C3 C6 08            [ 8] 1054 	add	a, #0x08
    000005C5 EAr00r00         [16] 1055 	ld	(#_heal_quantity),a
                                   1056 ;src/scripts/gui_management.c:209: delay(300);
    000005C8 C5               [16] 1057 	push	bc
    000005C9 11 2C 01         [12] 1058 	ld	de, #0x012c
    000005CC CDr00r00         [24] 1059 	call	_delay
    000005CF C1               [12] 1060 	pop	bc
                                   1061 ;src/scripts/gui_management.c:212: break;
    000005D0 18 63            [12] 1062 	jr	00119$
                                   1063 ;src/scripts/gui_management.c:213: case 3:
    000005D2                       1064 00113$:
                                   1065 ;src/scripts/gui_management.c:214: if (level < 50) {
    000005D2 21r00r00         [12] 1066 	ld	hl, #_level
    000005D5 7E               [ 8] 1067 	ld	a, (hl)
    000005D6 D6 32            [ 8] 1068 	sub	a, #0x32
    000005D8 30 5B            [12] 1069 	jr	NC, 00119$
                                   1070 ;src/scripts/gui_management.c:215: cost = level_curve[level-1];
    000005DA 01r00r00         [12] 1071 	ld	bc, #_level_curve+0
    000005DD 6E               [ 8] 1072 	ld	l, (hl)
    000005DE 26 00            [ 8] 1073 	ld	h, #0x00
    000005E0 2B               [ 8] 1074 	dec	hl
    000005E1 29               [ 8] 1075 	add	hl, hl
    000005E2 09               [ 8] 1076 	add	hl, bc
    000005E3 4E               [ 8] 1077 	ld	c, (hl)
                                   1078 ;src/scripts/gui_management.c:216: if (experience >= cost && joypad() & J_A) {
    000005E4 41               [ 4] 1079 	ld	b, c
    000005E5 1E 00            [ 8] 1080 	ld	e, #0x00
    000005E7 21r00r00         [12] 1081 	ld	hl, #_experience
    000005EA 2A               [ 8] 1082 	ld	a, (hl+)
    000005EB 90               [ 4] 1083 	sub	a, b
    000005EC 7E               [ 8] 1084 	ld	a, (hl)
    000005ED 9B               [ 4] 1085 	sbc	a, e
    000005EE 38 45            [12] 1086 	jr	C, 00119$
    000005F0 CDr00r00         [24] 1087 	call	_joypad
    000005F3 CB 67            [ 8] 1088 	bit	4, a
    000005F5 28 3E            [12] 1089 	jr	Z, 00119$
                                   1090 ;src/scripts/gui_management.c:217: experience = experience - cost;
    000005F7 59               [ 4] 1091 	ld	e, c
    000005F8 16 00            [ 8] 1092 	ld	d, #0x00
    000005FA FAr00r00         [16] 1093 	ld	a, (_experience)
    000005FD 21r01r00         [12] 1094 	ld	hl, #_experience + 1
    00000600 46               [ 8] 1095 	ld	b, (hl)
    00000601 2B               [ 8] 1096 	dec	hl
    00000602 93               [ 4] 1097 	sub	a, e
    00000603 5F               [ 4] 1098 	ld	e, a
    00000604 78               [ 4] 1099 	ld	a, b
    00000605 9A               [ 4] 1100 	sbc	a, d
    00000606 73               [ 8] 1101 	ld	(hl), e
    00000607 23               [ 8] 1102 	inc	hl
    00000608 77               [ 8] 1103 	ld	(hl), a
                                   1104 ;src/scripts/gui_management.c:218: level++;
    00000609 21r00r00         [12] 1105 	ld	hl, #_level
    0000060C 34               [12] 1106 	inc	(hl)
                                   1107 ;src/scripts/gui_management.c:219: power_ups++;
    0000060D 21r00r00         [12] 1108 	ld	hl, #_power_ups
    00000610 34               [12] 1109 	inc	(hl)
                                   1110 ;src/scripts/gui_management.c:221: attack = attack + 2;
    00000611 FAr00r00         [16] 1111 	ld	a, (_attack)
    00000614 C6 02            [ 8] 1112 	add	a, #0x02
    00000616 EAr00r00         [16] 1113 	ld	(#_attack),a
                                   1114 ;src/scripts/gui_management.c:222: defense = defense + 1;
    00000619 FAr00r00         [16] 1115 	ld	a, (_defense)
    0000061C 3C               [ 4] 1116 	inc	a
    0000061D EAr00r00         [16] 1117 	ld	(#_defense),a
                                   1118 ;src/scripts/gui_management.c:223: max_hp = max_hp + 4;
    00000620 FAr00r00         [16] 1119 	ld	a, (_max_hp)
    00000623 C6 04            [ 8] 1120 	add	a, #0x04
    00000625 21r00r00         [12] 1121 	ld	hl, #_max_hp
    00000628 77               [ 8] 1122 	ld	(hl), a
                                   1123 ;src/scripts/gui_management.c:224: current_hp = max_hp;
    00000629 7E               [ 8] 1124 	ld	a, (hl)
    0000062A EAr00r00         [16] 1125 	ld	(#_current_hp),a
                                   1126 ;src/scripts/gui_management.c:225: delay(300);
    0000062D C5               [16] 1127 	push	bc
    0000062E 11 2C 01         [12] 1128 	ld	de, #0x012c
    00000631 CDr00r00         [24] 1129 	call	_delay
    00000634 C1               [12] 1130 	pop	bc
                                   1131 ;src/scripts/gui_management.c:229: }
    00000635                       1132 00119$:
                                   1133 ;src/scripts/gui_management.c:232: costs[0] = cost / 1000 + 154;
    00000635 F8 00            [12] 1134 	ldhl	sp,	#0
    00000637 71               [ 8] 1135 	ld	(hl), c
    00000638 23               [ 8] 1136 	inc	hl
    00000639 36 00            [12] 1137 	ld	(hl), #0x00
    0000063B 23               [ 8] 1138 	inc	hl
    0000063C 36 9A            [12] 1139 	ld	(hl), #0x9a
                                   1140 ;src/scripts/gui_management.c:233: costs[1] = cost % 1000 / 100 + 154;
    0000063E 01 E8 03         [12] 1141 	ld	bc, #0x03e8
    00000641 D1               [12] 1142 	pop	de
    00000642 D5               [16] 1143 	push	de
    00000643 CDr00r00         [24] 1144 	call	__modsint
    00000646 79               [ 4] 1145 	ld	a, c
    00000647 1E 64            [ 8] 1146 	ld	e, #0x64
    00000649 CDr00r00         [24] 1147 	call	__divuchar
    0000064C 79               [ 4] 1148 	ld	a, c
    0000064D C6 9A            [ 8] 1149 	add	a, #0x9a
    0000064F F8 03            [12] 1150 	ldhl	sp,	#3
    00000651 77               [ 8] 1151 	ld	(hl), a
                                   1152 ;src/scripts/gui_management.c:234: costs[2] = cost % 100 / 10 + 154;
    00000652 F8 00            [12] 1153 	ldhl	sp,	#0
    00000654 4E               [ 8] 1154 	ld	c, (hl)
    00000655 C5               [16] 1155 	push	bc
    00000656 1E 64            [ 8] 1156 	ld	e, #0x64
    00000658 79               [ 4] 1157 	ld	a, c
    00000659 CDr00r00         [24] 1158 	call	__moduchar
    0000065C 79               [ 4] 1159 	ld	a, c
    0000065D 1E 0A            [ 8] 1160 	ld	e, #0x0a
    0000065F CDr00r00         [24] 1161 	call	__divuchar
    00000662 79               [ 4] 1162 	ld	a, c
    00000663 C1               [12] 1163 	pop	bc
    00000664 C6 9A            [ 8] 1164 	add	a, #0x9a
    00000666 F8 04            [12] 1165 	ldhl	sp,	#4
    00000668 77               [ 8] 1166 	ld	(hl), a
                                   1167 ;src/scripts/gui_management.c:235: costs[3] = cost % 10 + 154;
    00000669 1E 0A            [ 8] 1168 	ld	e, #0x0a
    0000066B 79               [ 4] 1169 	ld	a, c
    0000066C CDr00r00         [24] 1170 	call	__moduchar
    0000066F 79               [ 4] 1171 	ld	a, c
    00000670 C6 9A            [ 8] 1172 	add	a, #0x9a
    00000672 F8 05            [12] 1173 	ldhl	sp,	#5
    00000674 77               [ 8] 1174 	ld	(hl), a
                                   1175 ;src/scripts/gui_management.c:236: if (experience > 9999) {
    00000675 FAr00r00         [16] 1176 	ld	a, (#_experience)
    00000678 F8 00            [12] 1177 	ldhl	sp,	#0
    0000067A 77               [ 8] 1178 	ld	(hl), a
    0000067B FAr01r00         [16] 1179 	ld	a, (#_experience + 1)
    0000067E F8 01            [12] 1180 	ldhl	sp,	#1
    00000680 32               [ 8] 1181 	ld	(hl-), a
    00000681 3E 0F            [ 8] 1182 	ld	a, #0x0f
    00000683 96               [ 8] 1183 	sub	a, (hl)
    00000684 23               [ 8] 1184 	inc	hl
    00000685 3E 27            [ 8] 1185 	ld	a, #0x27
    00000687 9E               [ 8] 1186 	sbc	a, (hl)
    00000688 30 0F            [12] 1187 	jr	NC, 00121$
                                   1188 ;src/scripts/gui_management.c:237: exp[0] = 163;
    0000068A F8 06            [12] 1189 	ldhl	sp,	#6
    0000068C 36 A3            [12] 1190 	ld	(hl), #0xa3
                                   1191 ;src/scripts/gui_management.c:238: exp[1] = 163;
    0000068E 23               [ 8] 1192 	inc	hl
    0000068F 36 A3            [12] 1193 	ld	(hl), #0xa3
                                   1194 ;src/scripts/gui_management.c:239: exp[2] = 163;
    00000691 23               [ 8] 1195 	inc	hl
    00000692 36 A3            [12] 1196 	ld	(hl), #0xa3
                                   1197 ;src/scripts/gui_management.c:240: exp[3] = 163;
    00000694 23               [ 8] 1198 	inc	hl
    00000695 36 A3            [12] 1199 	ld	(hl), #0xa3
    00000697 18 76            [12] 1200 	jr	00122$
    00000699                       1201 00121$:
                                   1202 ;src/scripts/gui_management.c:243: exp[0] = experience % 10000 / 1000 + 154;
    00000699 01 10 27         [12] 1203 	ld	bc, #0x2710
    0000069C D1               [12] 1204 	pop	de
    0000069D D5               [16] 1205 	push	de
    0000069E CDr00r00         [24] 1206 	call	__moduint
    000006A1 59               [ 4] 1207 	ld	e, c
    000006A2 50               [ 4] 1208 	ld	d, b
    000006A3 01 E8 03         [12] 1209 	ld	bc, #0x03e8
    000006A6 CDr00r00         [24] 1210 	call	__divuint
    000006A9 E1               [12] 1211 	pop	hl
    000006AA C5               [16] 1212 	push	bc
    000006AB F8 00            [12] 1213 	ldhl	sp,	#0
    000006AD 7E               [ 8] 1214 	ld	a, (hl)
    000006AE F8 0A            [12] 1215 	ldhl	sp,	#10
    000006B0 77               [ 8] 1216 	ld	(hl), a
    000006B1 7E               [ 8] 1217 	ld	a, (hl)
    000006B2 C6 9A            [ 8] 1218 	add	a, #0x9a
    000006B4 F8 06            [12] 1219 	ldhl	sp,	#6
    000006B6 77               [ 8] 1220 	ld	(hl), a
                                   1221 ;src/scripts/gui_management.c:244: exp[1] = experience % 1000 / 100 + 154;
    000006B7 FAr00r00         [16] 1222 	ld	a, (_experience)
    000006BA 21r01r00         [12] 1223 	ld	hl, #_experience + 1
    000006BD 56               [ 8] 1224 	ld	d, (hl)
    000006BE 01 E8 03         [12] 1225 	ld	bc, #0x03e8
    000006C1 5F               [ 4] 1226 	ld	e, a
    000006C2 CDr00r00         [24] 1227 	call	__moduint
    000006C5 59               [ 4] 1228 	ld	e, c
    000006C6 50               [ 4] 1229 	ld	d, b
    000006C7 01 64 00         [12] 1230 	ld	bc, #0x0064
    000006CA CDr00r00         [24] 1231 	call	__divuint
    000006CD E1               [12] 1232 	pop	hl
    000006CE C5               [16] 1233 	push	bc
    000006CF F8 00            [12] 1234 	ldhl	sp,	#0
    000006D1 7E               [ 8] 1235 	ld	a, (hl)
    000006D2 F8 0A            [12] 1236 	ldhl	sp,	#10
    000006D4 77               [ 8] 1237 	ld	(hl), a
    000006D5 7E               [ 8] 1238 	ld	a, (hl)
    000006D6 C6 9A            [ 8] 1239 	add	a, #0x9a
    000006D8 F8 07            [12] 1240 	ldhl	sp,	#7
    000006DA 77               [ 8] 1241 	ld	(hl), a
                                   1242 ;src/scripts/gui_management.c:245: exp[2] = experience % 100 / 10 + 154;
    000006DB FAr00r00         [16] 1243 	ld	a, (_experience)
    000006DE 21r01r00         [12] 1244 	ld	hl, #_experience + 1
    000006E1 56               [ 8] 1245 	ld	d, (hl)
    000006E2 01 64 00         [12] 1246 	ld	bc, #0x0064
    000006E5 5F               [ 4] 1247 	ld	e, a
    000006E6 CDr00r00         [24] 1248 	call	__moduint
    000006E9 79               [ 4] 1249 	ld	a, c
    000006EA 1E 0A            [ 8] 1250 	ld	e, #0x0a
    000006EC CDr00r00         [24] 1251 	call	__divuchar
    000006EF 79               [ 4] 1252 	ld	a, c
    000006F0 C6 9A            [ 8] 1253 	add	a, #0x9a
    000006F2 F8 08            [12] 1254 	ldhl	sp,	#8
    000006F4 77               [ 8] 1255 	ld	(hl), a
                                   1256 ;src/scripts/gui_management.c:246: exp[3] = experience % 10 + 154;
    000006F5 FAr00r00         [16] 1257 	ld	a, (_experience)
    000006F8 21r01r00         [12] 1258 	ld	hl, #_experience + 1
    000006FB 56               [ 8] 1259 	ld	d, (hl)
    000006FC 01 0A 00         [12] 1260 	ld	bc, #0x000a
    000006FF 5F               [ 4] 1261 	ld	e, a
    00000700 CDr00r00         [24] 1262 	call	__moduint
    00000703 E1               [12] 1263 	pop	hl
    00000704 C5               [16] 1264 	push	bc
    00000705 F8 00            [12] 1265 	ldhl	sp,	#0
    00000707 7E               [ 8] 1266 	ld	a, (hl)
    00000708 F8 0A            [12] 1267 	ldhl	sp,	#10
    0000070A 77               [ 8] 1268 	ld	(hl), a
    0000070B 3A               [ 8] 1269 	ld	a, (hl-)
    0000070C C6 9A            [ 8] 1270 	add	a, #0x9a
    0000070E 77               [ 8] 1271 	ld	(hl), a
    0000070F                       1272 00122$:
                                   1273 ;src/scripts/gui_management.c:248: set_win_tiles(14, 10, 4, 1, costs);
    0000070F 21 02 00         [12] 1274 	ld	hl, #2
    00000712 39               [ 8] 1275 	add	hl, sp
    00000713 E5               [16] 1276 	push	hl
    00000714 21 04 01         [12] 1277 	ld	hl, #0x104
    00000717 E5               [16] 1278 	push	hl
    00000718 21 0E 0A         [12] 1279 	ld	hl, #0xa0e
    0000071B E5               [16] 1280 	push	hl
    0000071C CDr00r00         [24] 1281 	call	_set_win_tiles
    0000071F E8 06            [16] 1282 	add	sp, #6
                                   1283 ;src/scripts/gui_management.c:249: set_win_tiles(14, 12, 4, 1, exp);
    00000721 21 06 00         [12] 1284 	ld	hl, #6
    00000724 39               [ 8] 1285 	add	hl, sp
    00000725 E5               [16] 1286 	push	hl
    00000726 21 04 01         [12] 1287 	ld	hl, #0x104
    00000729 E5               [16] 1288 	push	hl
    0000072A 21 0E 0C         [12] 1289 	ld	hl, #0xc0e
    0000072D E5               [16] 1290 	push	hl
    0000072E CDr00r00         [24] 1291 	call	_set_win_tiles
    00000731 E8 06            [16] 1292 	add	sp, #6
                                   1293 ;src/scripts/gui_management.c:251: if (joypad() & J_B) {
    00000733 CDr00r00         [24] 1294 	call	_joypad
    00000736 CB 6F            [ 8] 1295 	bit	5, a
    00000738 28 25            [12] 1296 	jr	Z, 00125$
                                   1297 ;src/scripts/gui_management.c:252: safy_option = 1;
    0000073A 21r00r00         [12] 1298 	ld	hl, #_safy_option
    0000073D 36 01            [12] 1299 	ld	(hl), #0x01
                                   1300 ;src/scripts/gui_management.c:253: set_win_tiles(1, 1, 1, 1, &arrow_tile);
    0000073F 11r00r00         [12] 1301 	ld	de, #_arrow_tile
    00000742 D5               [16] 1302 	push	de
    00000743 21 01 01         [12] 1303 	ld	hl, #0x101
    00000746 E5               [16] 1304 	push	hl
    00000747 E5               [16] 1305 	push	hl
    00000748 CDr00r00         [24] 1306 	call	_set_win_tiles
    0000074B E8 06            [16] 1307 	add	sp, #6
                                   1308 ;src/scripts/gui_management.c:254: menu_opened = 0;
    0000074D AF               [ 4] 1309 	xor	a, a
    0000074E EAr00r00         [16] 1310 	ld	(#_menu_opened),a
                                   1311 ;src/scripts/gui_management.c:255: SHOW_SPRITES;
    00000751 F0r00            [12] 1312 	ldh	a, (_LCDC_REG + 0)
    00000753 F6 02            [ 8] 1313 	or	a, #0x02
    00000755 E0r00            [12] 1314 	ldh	(_LCDC_REG + 0), a
                                   1315 ;src/scripts/gui_management.c:256: set_mini_menu();
    00000757 1Er00            [ 8] 1316 	ld	e, #b_set_mini_menu
    00000759 21r21r0A         [12] 1317 	ld	hl, #_set_mini_menu
    0000075C CDr00r00         [24] 1318 	call	___sdcc_bcall_ehl
    0000075F                       1319 00125$:
                                   1320 ;src/scripts/gui_management.c:258: }
    0000075F E8 0B            [16] 1321 	add	sp, #11
    00000761 C9               [16] 1322 	ret
                                   1323 ;src/scripts/gui_management.c:260: void set_stats() BANKED {
                                   1324 ;	---------------------------------
                                   1325 ; Function set_stats
                                   1326 ; ---------------------------------
                         00000003  1327 	b_set_stats	= 3
    00000762                       1328 _set_stats::
    00000762 E8 E7            [16] 1329 	add	sp, #-25
                                   1330 ;src/scripts/gui_management.c:267: if (current_hp < 100) {
    00000764 FAr00r00         [16] 1331 	ld	a, (#_current_hp)
    00000767 D6 64            [ 8] 1332 	sub	a, #0x64
    00000769 30 06            [12] 1333 	jr	NC, 00102$
                                   1334 ;src/scripts/gui_management.c:268: hp[0] = 187;
    0000076B F8 02            [12] 1335 	ldhl	sp,	#2
    0000076D 36 BB            [12] 1336 	ld	(hl), #0xbb
    0000076F 18 0E            [12] 1337 	jr	00103$
    00000771                       1338 00102$:
                                   1339 ;src/scripts/gui_management.c:271: hp[0] = current_hp / 100 + 154;
    00000771 FAr00r00         [16] 1340 	ld	a, (_current_hp)
    00000774 1E 64            [ 8] 1341 	ld	e, #0x64
    00000776 CDr00r00         [24] 1342 	call	__divuchar
    00000779 79               [ 4] 1343 	ld	a, c
    0000077A C6 9A            [ 8] 1344 	add	a, #0x9a
    0000077C F8 02            [12] 1345 	ldhl	sp,	#2
    0000077E 77               [ 8] 1346 	ld	(hl), a
    0000077F                       1347 00103$:
                                   1348 ;src/scripts/gui_management.c:273: hp[1] = current_hp % 100 / 10 + 154;
    0000077F FAr00r00         [16] 1349 	ld	a, (_current_hp)
    00000782 1E 64            [ 8] 1350 	ld	e, #0x64
    00000784 CDr00r00         [24] 1351 	call	__moduchar
    00000787 79               [ 4] 1352 	ld	a, c
    00000788 1E 0A            [ 8] 1353 	ld	e, #0x0a
    0000078A CDr00r00         [24] 1354 	call	__divuchar
    0000078D 79               [ 4] 1355 	ld	a, c
    0000078E C6 9A            [ 8] 1356 	add	a, #0x9a
    00000790 F8 03            [12] 1357 	ldhl	sp,	#3
    00000792 77               [ 8] 1358 	ld	(hl), a
                                   1359 ;src/scripts/gui_management.c:274: hp[2] = current_hp % 10 + 154;
    00000793 FAr00r00         [16] 1360 	ld	a, (_current_hp)
    00000796 1E 0A            [ 8] 1361 	ld	e, #0x0a
    00000798 CDr00r00         [24] 1362 	call	__moduchar
    0000079B 79               [ 4] 1363 	ld	a, c
    0000079C C6 9A            [ 8] 1364 	add	a, #0x9a
    0000079E F8 04            [12] 1365 	ldhl	sp,	#4
                                   1366 ;src/scripts/gui_management.c:275: hp[3] = 176;
    000007A0 22               [ 8] 1367 	ld	(hl+), a
    000007A1 36 B0            [12] 1368 	ld	(hl), #0xb0
                                   1369 ;src/scripts/gui_management.c:277: hp[4] = 187;
                                   1370 ;src/scripts/gui_management.c:276: if (max_hp < 100) {
    000007A3 FAr00r00         [16] 1371 	ld	a, (#_max_hp)
    000007A6 D6 64            [ 8] 1372 	sub	a, #0x64
    000007A8 30 06            [12] 1373 	jr	NC, 00105$
                                   1374 ;src/scripts/gui_management.c:277: hp[4] = 187;
    000007AA F8 06            [12] 1375 	ldhl	sp,	#6
    000007AC 36 BB            [12] 1376 	ld	(hl), #0xbb
    000007AE 18 0E            [12] 1377 	jr	00106$
    000007B0                       1378 00105$:
                                   1379 ;src/scripts/gui_management.c:280: hp[4] = max_hp / 100 + 154;
    000007B0 FAr00r00         [16] 1380 	ld	a, (_max_hp)
    000007B3 1E 64            [ 8] 1381 	ld	e, #0x64
    000007B5 CDr00r00         [24] 1382 	call	__divuchar
    000007B8 79               [ 4] 1383 	ld	a, c
    000007B9 C6 9A            [ 8] 1384 	add	a, #0x9a
    000007BB F8 06            [12] 1385 	ldhl	sp,	#6
    000007BD 77               [ 8] 1386 	ld	(hl), a
    000007BE                       1387 00106$:
                                   1388 ;src/scripts/gui_management.c:282: hp[5] = max_hp % 100 / 10 + 154;
    000007BE FAr00r00         [16] 1389 	ld	a, (_max_hp)
    000007C1 1E 64            [ 8] 1390 	ld	e, #0x64
    000007C3 CDr00r00         [24] 1391 	call	__moduchar
    000007C6 79               [ 4] 1392 	ld	a, c
    000007C7 1E 0A            [ 8] 1393 	ld	e, #0x0a
    000007C9 CDr00r00         [24] 1394 	call	__divuchar
    000007CC 79               [ 4] 1395 	ld	a, c
    000007CD C6 9A            [ 8] 1396 	add	a, #0x9a
    000007CF F8 07            [12] 1397 	ldhl	sp,	#7
    000007D1 77               [ 8] 1398 	ld	(hl), a
                                   1399 ;src/scripts/gui_management.c:283: hp[6] = max_hp % 10 + 154;
    000007D2 FAr00r00         [16] 1400 	ld	a, (_max_hp)
    000007D5 1E 0A            [ 8] 1401 	ld	e, #0x0a
    000007D7 CDr00r00         [24] 1402 	call	__moduchar
    000007DA 79               [ 4] 1403 	ld	a, c
    000007DB C6 9A            [ 8] 1404 	add	a, #0x9a
    000007DD F8 08            [12] 1405 	ldhl	sp,	#8
    000007DF 77               [ 8] 1406 	ld	(hl), a
                                   1407 ;src/scripts/gui_management.c:284: atk[0] = attack / 10 + 154;
    000007E0 FAr00r00         [16] 1408 	ld	a, (_attack)
    000007E3 1E 0A            [ 8] 1409 	ld	e, #0x0a
    000007E5 CDr00r00         [24] 1410 	call	__divuchar
    000007E8 79               [ 4] 1411 	ld	a, c
    000007E9 C6 9A            [ 8] 1412 	add	a, #0x9a
    000007EB F8 09            [12] 1413 	ldhl	sp,	#9
    000007ED 77               [ 8] 1414 	ld	(hl), a
                                   1415 ;src/scripts/gui_management.c:285: atk[1] = attack % 10 + 154;
    000007EE FAr00r00         [16] 1416 	ld	a, (_attack)
    000007F1 1E 0A            [ 8] 1417 	ld	e, #0x0a
    000007F3 CDr00r00         [24] 1418 	call	__moduchar
    000007F6 79               [ 4] 1419 	ld	a, c
    000007F7 C6 9A            [ 8] 1420 	add	a, #0x9a
    000007F9 F8 0A            [12] 1421 	ldhl	sp,	#10
    000007FB 77               [ 8] 1422 	ld	(hl), a
                                   1423 ;src/scripts/gui_management.c:286: def[0] = defense / 10 + 154;
    000007FC FAr00r00         [16] 1424 	ld	a, (_defense)
    000007FF 1E 0A            [ 8] 1425 	ld	e, #0x0a
    00000801 CDr00r00         [24] 1426 	call	__divuchar
    00000804 79               [ 4] 1427 	ld	a, c
    00000805 C6 9A            [ 8] 1428 	add	a, #0x9a
    00000807 F8 0B            [12] 1429 	ldhl	sp,	#11
    00000809 77               [ 8] 1430 	ld	(hl), a
                                   1431 ;src/scripts/gui_management.c:287: def[1] = defense % 10 + 154;
    0000080A FAr00r00         [16] 1432 	ld	a, (_defense)
    0000080D 1E 0A            [ 8] 1433 	ld	e, #0x0a
    0000080F CDr00r00         [24] 1434 	call	__moduchar
    00000812 79               [ 4] 1435 	ld	a, c
    00000813 C6 9A            [ 8] 1436 	add	a, #0x9a
    00000815 F8 0C            [12] 1437 	ldhl	sp,	#12
    00000817 77               [ 8] 1438 	ld	(hl), a
                                   1439 ;src/scripts/gui_management.c:289: uint8_t d3 = (experience% 10000 / 1000);
    00000818 FAr00r00         [16] 1440 	ld	a, (#_experience)
    0000081B F8 00            [12] 1441 	ldhl	sp,	#0
    0000081D 77               [ 8] 1442 	ld	(hl), a
    0000081E FAr01r00         [16] 1443 	ld	a, (#_experience + 1)
    00000821 F8 01            [12] 1444 	ldhl	sp,	#1
    00000823 77               [ 8] 1445 	ld	(hl), a
    00000824 01 10 27         [12] 1446 	ld	bc, #0x2710
    00000827 D1               [12] 1447 	pop	de
    00000828 D5               [16] 1448 	push	de
    00000829 CDr00r00         [24] 1449 	call	__moduint
    0000082C 59               [ 4] 1450 	ld	e, c
    0000082D 50               [ 4] 1451 	ld	d, b
    0000082E 01 E8 03         [12] 1452 	ld	bc, #0x03e8
    00000831 CDr00r00         [24] 1453 	call	__divuint
    00000834 F8 14            [12] 1454 	ldhl	sp,	#20
    00000836 71               [ 8] 1455 	ld	(hl), c
                                   1456 ;src/scripts/gui_management.c:290: uint8_t d2 = (experience % 1000) / 100;
    00000837 01 E8 03         [12] 1457 	ld	bc, #0x03e8
    0000083A D1               [12] 1458 	pop	de
    0000083B D5               [16] 1459 	push	de
    0000083C CDr00r00         [24] 1460 	call	__moduint
    0000083F 59               [ 4] 1461 	ld	e, c
    00000840 50               [ 4] 1462 	ld	d, b
    00000841 01 64 00         [12] 1463 	ld	bc, #0x0064
    00000844 CDr00r00         [24] 1464 	call	__divuint
    00000847 F8 15            [12] 1465 	ldhl	sp,	#21
    00000849 71               [ 8] 1466 	ld	(hl), c
                                   1467 ;src/scripts/gui_management.c:291: uint8_t d1 = (experience % 100) / 10;
    0000084A 01 64 00         [12] 1468 	ld	bc, #0x0064
    0000084D D1               [12] 1469 	pop	de
    0000084E D5               [16] 1470 	push	de
    0000084F CDr00r00         [24] 1471 	call	__moduint
    00000852 79               [ 4] 1472 	ld	a, c
    00000853 1E 0A            [ 8] 1473 	ld	e, #0x0a
    00000855 CDr00r00         [24] 1474 	call	__divuchar
    00000858 F8 16            [12] 1475 	ldhl	sp,	#22
    0000085A 71               [ 8] 1476 	ld	(hl), c
                                   1477 ;src/scripts/gui_management.c:292: uint8_t d0 = (experience % 10);
    0000085B 01 0A 00         [12] 1478 	ld	bc, #0x000a
    0000085E D1               [12] 1479 	pop	de
    0000085F D5               [16] 1480 	push	de
    00000860 CDr00r00         [24] 1481 	call	__moduint
    00000863 F8 17            [12] 1482 	ldhl	sp,	#23
    00000865 71               [ 8] 1483 	ld	(hl), c
                                   1484 ;src/scripts/gui_management.c:293: if (experience > 9999) {
    00000866 F8 00            [12] 1485 	ldhl	sp,	#0
    00000868 3E 0F            [ 8] 1486 	ld	a, #0x0f
    0000086A 96               [ 8] 1487 	sub	a, (hl)
    0000086B 23               [ 8] 1488 	inc	hl
    0000086C 3E 27            [ 8] 1489 	ld	a, #0x27
    0000086E 9E               [ 8] 1490 	sbc	a, (hl)
    0000086F 30 0F            [12] 1491 	jr	NC, 00108$
                                   1492 ;src/scripts/gui_management.c:294: exp[0] = 163;
    00000871 F8 0D            [12] 1493 	ldhl	sp,	#13
    00000873 36 A3            [12] 1494 	ld	(hl), #0xa3
                                   1495 ;src/scripts/gui_management.c:295: exp[1] = 163;
    00000875 23               [ 8] 1496 	inc	hl
    00000876 36 A3            [12] 1497 	ld	(hl), #0xa3
                                   1498 ;src/scripts/gui_management.c:296: exp[2] = 163;
    00000878 23               [ 8] 1499 	inc	hl
    00000879 36 A3            [12] 1500 	ld	(hl), #0xa3
                                   1501 ;src/scripts/gui_management.c:297: exp[3] = 163;
    0000087B 23               [ 8] 1502 	inc	hl
    0000087C 36 A3            [12] 1503 	ld	(hl), #0xa3
    0000087E 18 63            [12] 1504 	jr	00109$
    00000880                       1505 00108$:
                                   1506 ;src/scripts/gui_management.c:300: exp[0] = (d3 == 0) ? 187 : (d3 + 154);
    00000880 F8 14            [12] 1507 	ldhl	sp,	#20
    00000882 7E               [ 8] 1508 	ld	a, (hl)
    00000883 B7               [ 4] 1509 	or	a, a
    00000884 20 09            [12] 1510 	jr	NZ, 00112$
    00000886 F8 00            [12] 1511 	ldhl	sp,	#0
    00000888 3E BB            [ 8] 1512 	ld	a, #0xbb
    0000088A 22               [ 8] 1513 	ld	(hl+), a
    0000088B AF               [ 4] 1514 	xor	a, a
    0000088C 77               [ 8] 1515 	ld	(hl), a
    0000088D 18 0F            [12] 1516 	jr	00113$
    0000088F                       1517 00112$:
    0000088F F8 14            [12] 1518 	ldhl	sp,	#20
    00000891 7E               [ 8] 1519 	ld	a, (hl)
    00000892 F8 18            [12] 1520 	ldhl	sp,	#24
    00000894 77               [ 8] 1521 	ld	(hl), a
    00000895 C6 9A            [ 8] 1522 	add	a, #0x9a
    00000897 77               [ 8] 1523 	ld	(hl), a
    00000898 F8 00            [12] 1524 	ldhl	sp,	#0
    0000089A 22               [ 8] 1525 	ld	(hl+), a
    0000089B 07               [ 4] 1526 	rlca
    0000089C 9F               [ 4] 1527 	sbc	a, a
    0000089D 77               [ 8] 1528 	ld	(hl), a
    0000089E                       1529 00113$:
    0000089E F8 00            [12] 1530 	ldhl	sp,	#0
    000008A0 7E               [ 8] 1531 	ld	a, (hl)
    000008A1 F8 0D            [12] 1532 	ldhl	sp,	#13
    000008A3 77               [ 8] 1533 	ld	(hl), a
                                   1534 ;src/scripts/gui_management.c:301: exp[1] = (d2 == 0 && d3 == 0) ? 187 : (d2 + 154);
    000008A4 F8 15            [12] 1535 	ldhl	sp,	#21
    000008A6 7E               [ 8] 1536 	ld	a, (hl)
    000008A7 B7               [ 4] 1537 	or	a, a
    000008A8 20 09            [12] 1538 	jr	NZ, 00114$
    000008AA 2B               [ 8] 1539 	dec	hl
    000008AB 7E               [ 8] 1540 	ld	a, (hl)
    000008AC B7               [ 4] 1541 	or	a, a
    000008AD 20 04            [12] 1542 	jr	NZ, 00114$
    000008AF 0E BB            [ 8] 1543 	ld	c, #0xbb
    000008B1 18 06            [12] 1544 	jr	00115$
    000008B3                       1545 00114$:
    000008B3 F8 15            [12] 1546 	ldhl	sp,	#21
    000008B5 7E               [ 8] 1547 	ld	a, (hl)
    000008B6 C6 9A            [ 8] 1548 	add	a, #0x9a
    000008B8 4F               [ 4] 1549 	ld	c, a
    000008B9                       1550 00115$:
    000008B9 F8 0E            [12] 1551 	ldhl	sp,	#14
    000008BB 71               [ 8] 1552 	ld	(hl), c
                                   1553 ;src/scripts/gui_management.c:302: exp[2] = (d1 == 0 && d2 == 0 && d3 == 0) ? 187 : (d1 + 154);
    000008BC F8 16            [12] 1554 	ldhl	sp,	#22
    000008BE 7E               [ 8] 1555 	ld	a, (hl)
    000008BF B7               [ 4] 1556 	or	a, a
    000008C0 20 0F            [12] 1557 	jr	NZ, 00119$
    000008C2 2B               [ 8] 1558 	dec	hl
    000008C3 7E               [ 8] 1559 	ld	a, (hl)
    000008C4 B7               [ 4] 1560 	or	a, a
    000008C5 20 0A            [12] 1561 	jr	NZ, 00119$
    000008C7 2B               [ 8] 1562 	dec	hl
    000008C8 7E               [ 8] 1563 	ld	a, (hl)
    000008C9 B7               [ 4] 1564 	or	a, a
    000008CA 20 05            [12] 1565 	jr	NZ, 00119$
    000008CC 11 BB 00         [12] 1566 	ld	de, #0x00bb
    000008CF 18 06            [12] 1567 	jr	00120$
    000008D1                       1568 00119$:
    000008D1 F8 16            [12] 1569 	ldhl	sp,	#22
    000008D3 7E               [ 8] 1570 	ld	a, (hl)
    000008D4 C6 9A            [ 8] 1571 	add	a, #0x9a
    000008D6 5F               [ 4] 1572 	ld	e, a
    000008D7                       1573 00120$:
    000008D7 7B               [ 4] 1574 	ld	a, e
    000008D8 F8 0F            [12] 1575 	ldhl	sp,	#15
    000008DA 77               [ 8] 1576 	ld	(hl), a
                                   1577 ;src/scripts/gui_management.c:303: exp[3] = d0 + 154;
    000008DB F8 17            [12] 1578 	ldhl	sp,	#23
    000008DD 7E               [ 8] 1579 	ld	a, (hl)
    000008DE C6 9A            [ 8] 1580 	add	a, #0x9a
    000008E0 F8 10            [12] 1581 	ldhl	sp,	#16
    000008E2 77               [ 8] 1582 	ld	(hl), a
    000008E3                       1583 00109$:
                                   1584 ;src/scripts/gui_management.c:306: mythril[0] = minerals / 10 + 154;
    000008E3 FAr00r00         [16] 1585 	ld	a, (_minerals)
    000008E6 1E 0A            [ 8] 1586 	ld	e, #0x0a
    000008E8 CDr00r00         [24] 1587 	call	__divuchar
    000008EB 79               [ 4] 1588 	ld	a, c
    000008EC C6 9A            [ 8] 1589 	add	a, #0x9a
    000008EE F8 12            [12] 1590 	ldhl	sp,	#18
    000008F0 77               [ 8] 1591 	ld	(hl), a
                                   1592 ;src/scripts/gui_management.c:307: mythril[1] = minerals % 10 + 154;
    000008F1 FAr00r00         [16] 1593 	ld	a, (_minerals)
    000008F4 1E 0A            [ 8] 1594 	ld	e, #0x0a
    000008F6 CDr00r00         [24] 1595 	call	__moduchar
    000008F9 79               [ 4] 1596 	ld	a, c
    000008FA C6 9A            [ 8] 1597 	add	a, #0x9a
    000008FC F8 13            [12] 1598 	ldhl	sp,	#19
    000008FE 77               [ 8] 1599 	ld	(hl), a
                                   1600 ;src/scripts/gui_management.c:308: set_win_tiles(12, 6, 7, 1, hp);
    000008FF 21 02 00         [12] 1601 	ld	hl, #2
    00000902 39               [ 8] 1602 	add	hl, sp
    00000903 E5               [16] 1603 	push	hl
    00000904 21 07 01         [12] 1604 	ld	hl, #0x107
    00000907 E5               [16] 1605 	push	hl
    00000908 21 0C 06         [12] 1606 	ld	hl, #0x60c
    0000090B E5               [16] 1607 	push	hl
    0000090C CDr00r00         [24] 1608 	call	_set_win_tiles
    0000090F E8 06            [16] 1609 	add	sp, #6
                                   1610 ;src/scripts/gui_management.c:309: set_win_tiles(14, 4, 5, 1, player_name);
    00000911 11r00r00         [12] 1611 	ld	de, #_player_name
    00000914 D5               [16] 1612 	push	de
    00000915 21 05 01         [12] 1613 	ld	hl, #0x105
    00000918 E5               [16] 1614 	push	hl
    00000919 21 0E 04         [12] 1615 	ld	hl, #0x40e
    0000091C E5               [16] 1616 	push	hl
    0000091D CDr00r00         [24] 1617 	call	_set_win_tiles
    00000920 E8 06            [16] 1618 	add	sp, #6
                                   1619 ;src/scripts/gui_management.c:310: set_win_tiles(12, 8, 2, 1, atk);
    00000922 21 09 00         [12] 1620 	ld	hl, #9
    00000925 39               [ 8] 1621 	add	hl, sp
    00000926 E5               [16] 1622 	push	hl
    00000927 21 02 01         [12] 1623 	ld	hl, #0x102
    0000092A E5               [16] 1624 	push	hl
    0000092B 21 0C 08         [12] 1625 	ld	hl, #0x80c
    0000092E E5               [16] 1626 	push	hl
    0000092F CDr00r00         [24] 1627 	call	_set_win_tiles
    00000932 E8 06            [16] 1628 	add	sp, #6
                                   1629 ;src/scripts/gui_management.c:311: set_win_tiles(12, 10, 2, 1, def);
    00000934 21 0B 00         [12] 1630 	ld	hl, #11
    00000937 39               [ 8] 1631 	add	hl, sp
    00000938 E5               [16] 1632 	push	hl
    00000939 21 02 01         [12] 1633 	ld	hl, #0x102
    0000093C E5               [16] 1634 	push	hl
    0000093D 21 0C 0A         [12] 1635 	ld	hl, #0xa0c
    00000940 E5               [16] 1636 	push	hl
    00000941 CDr00r00         [24] 1637 	call	_set_win_tiles
    00000944 E8 06            [16] 1638 	add	sp, #6
                                   1639 ;src/scripts/gui_management.c:312: set_win_tiles(15, 14, 4, 1, exp);
    00000946 21 0D 00         [12] 1640 	ld	hl, #13
    00000949 39               [ 8] 1641 	add	hl, sp
    0000094A E5               [16] 1642 	push	hl
    0000094B 21 04 01         [12] 1643 	ld	hl, #0x104
    0000094E E5               [16] 1644 	push	hl
    0000094F 21 0F 0E         [12] 1645 	ld	hl, #0xe0f
    00000952 E5               [16] 1646 	push	hl
    00000953 CDr00r00         [24] 1647 	call	_set_win_tiles
    00000956 E8 06            [16] 1648 	add	sp, #6
                                   1649 ;src/scripts/gui_management.c:313: set_win_tiles(14, 16, 2, 1, mythril);
    00000958 21 12 00         [12] 1650 	ld	hl, #18
    0000095B 39               [ 8] 1651 	add	hl, sp
    0000095C E5               [16] 1652 	push	hl
    0000095D 21 02 01         [12] 1653 	ld	hl, #0x102
    00000960 E5               [16] 1654 	push	hl
    00000961 21 0E 10         [12] 1655 	ld	hl, #0x100e
    00000964 E5               [16] 1656 	push	hl
    00000965 CDr00r00         [24] 1657 	call	_set_win_tiles
    00000968 E8 06            [16] 1658 	add	sp, #6
                                   1659 ;src/scripts/gui_management.c:314: stat = sword_lvl + 154;
    0000096A FAr00r00         [16] 1660 	ld	a, (_sword_lvl)
    0000096D C6 9A            [ 8] 1661 	add	a, #0x9a
    0000096F F8 11            [12] 1662 	ldhl	sp,	#17
    00000971 77               [ 8] 1663 	ld	(hl), a
                                   1664 ;src/scripts/gui_management.c:315: set_win_tiles(4, 12, 1, 1, &stat);
    00000972 21 11 00         [12] 1665 	ld	hl, #17
    00000975 39               [ 8] 1666 	add	hl, sp
    00000976 E5               [16] 1667 	push	hl
    00000977 21 01 01         [12] 1668 	ld	hl, #0x101
    0000097A E5               [16] 1669 	push	hl
    0000097B 21 04 0C         [12] 1670 	ld	hl, #0xc04
    0000097E E5               [16] 1671 	push	hl
    0000097F CDr00r00         [24] 1672 	call	_set_win_tiles
    00000982 E8 06            [16] 1673 	add	sp, #6
                                   1674 ;src/scripts/gui_management.c:316: stat = shield_lvl + 154;
    00000984 FAr00r00         [16] 1675 	ld	a, (_shield_lvl)
    00000987 C6 9A            [ 8] 1676 	add	a, #0x9a
    00000989 F8 11            [12] 1677 	ldhl	sp,	#17
    0000098B 77               [ 8] 1678 	ld	(hl), a
                                   1679 ;src/scripts/gui_management.c:317: set_win_tiles(4, 14, 1, 1, &stat);
    0000098C 21 11 00         [12] 1680 	ld	hl, #17
    0000098F 39               [ 8] 1681 	add	hl, sp
    00000990 E5               [16] 1682 	push	hl
    00000991 21 01 01         [12] 1683 	ld	hl, #0x101
    00000994 E5               [16] 1684 	push	hl
    00000995 21 04 0E         [12] 1685 	ld	hl, #0xe04
    00000998 E5               [16] 1686 	push	hl
    00000999 CDr00r00         [24] 1687 	call	_set_win_tiles
    0000099C E8 06            [16] 1688 	add	sp, #6
                                   1689 ;src/scripts/gui_management.c:318: stat = arrow_lvl + 154;
    0000099E FAr00r00         [16] 1690 	ld	a, (_arrow_lvl)
    000009A1 C6 9A            [ 8] 1691 	add	a, #0x9a
    000009A3 F8 11            [12] 1692 	ldhl	sp,	#17
    000009A5 77               [ 8] 1693 	ld	(hl), a
                                   1694 ;src/scripts/gui_management.c:319: set_win_tiles(4, 16, 1, 1, &stat);
    000009A6 21 11 00         [12] 1695 	ld	hl, #17
    000009A9 39               [ 8] 1696 	add	hl, sp
    000009AA E5               [16] 1697 	push	hl
    000009AB 21 01 01         [12] 1698 	ld	hl, #0x101
    000009AE E5               [16] 1699 	push	hl
    000009AF 21 04 10         [12] 1700 	ld	hl, #0x1004
    000009B2 E5               [16] 1701 	push	hl
    000009B3 CDr00r00         [24] 1702 	call	_set_win_tiles
    000009B6 E8 06            [16] 1703 	add	sp, #6
                                   1704 ;src/scripts/gui_management.c:320: stat = quiver_lvl + 154;
    000009B8 FAr00r00         [16] 1705 	ld	a, (_quiver_lvl)
    000009BB C6 9A            [ 8] 1706 	add	a, #0x9a
    000009BD F8 11            [12] 1707 	ldhl	sp,	#17
    000009BF 77               [ 8] 1708 	ld	(hl), a
                                   1709 ;src/scripts/gui_management.c:321: set_win_tiles(9, 12, 1, 1, &stat);
    000009C0 21 11 00         [12] 1710 	ld	hl, #17
    000009C3 39               [ 8] 1711 	add	hl, sp
    000009C4 E5               [16] 1712 	push	hl
    000009C5 21 01 01         [12] 1713 	ld	hl, #0x101
    000009C8 E5               [16] 1714 	push	hl
    000009C9 21 09 0C         [12] 1715 	ld	hl, #0xc09
    000009CC E5               [16] 1716 	push	hl
    000009CD CDr00r00         [24] 1717 	call	_set_win_tiles
    000009D0 E8 06            [16] 1718 	add	sp, #6
                                   1719 ;src/scripts/gui_management.c:322: stat = potion_quant_lvl + 154;
    000009D2 FAr00r00         [16] 1720 	ld	a, (_potion_quant_lvl)
    000009D5 C6 9A            [ 8] 1721 	add	a, #0x9a
    000009D7 F8 11            [12] 1722 	ldhl	sp,	#17
    000009D9 77               [ 8] 1723 	ld	(hl), a
                                   1724 ;src/scripts/gui_management.c:323: set_win_tiles(9, 14, 1, 1, &stat);
    000009DA 21 11 00         [12] 1725 	ld	hl, #17
    000009DD 39               [ 8] 1726 	add	hl, sp
    000009DE E5               [16] 1727 	push	hl
    000009DF 21 01 01         [12] 1728 	ld	hl, #0x101
    000009E2 E5               [16] 1729 	push	hl
    000009E3 21 09 0E         [12] 1730 	ld	hl, #0xe09
    000009E6 E5               [16] 1731 	push	hl
    000009E7 CDr00r00         [24] 1732 	call	_set_win_tiles
    000009EA E8 06            [16] 1733 	add	sp, #6
                                   1734 ;src/scripts/gui_management.c:324: stat = potion_heal_lvl + 154;
    000009EC FAr00r00         [16] 1735 	ld	a, (_potion_heal_lvl)
    000009EF C6 9A            [ 8] 1736 	add	a, #0x9a
    000009F1 F8 11            [12] 1737 	ldhl	sp,	#17
    000009F3 77               [ 8] 1738 	ld	(hl), a
                                   1739 ;src/scripts/gui_management.c:325: set_win_tiles(9, 16, 1, 1, &stat);
    000009F4 21 11 00         [12] 1740 	ld	hl, #17
    000009F7 39               [ 8] 1741 	add	hl, sp
    000009F8 E5               [16] 1742 	push	hl
    000009F9 21 01 01         [12] 1743 	ld	hl, #0x101
    000009FC E5               [16] 1744 	push	hl
    000009FD 21 09 10         [12] 1745 	ld	hl, #0x1009
    00000A00 E5               [16] 1746 	push	hl
    00000A01 CDr00r00         [24] 1747 	call	_set_win_tiles
    00000A04 E8 06            [16] 1748 	add	sp, #6
                                   1749 ;src/scripts/gui_management.c:326: stat = level + 154;
    00000A06 FAr00r00         [16] 1750 	ld	a, (_level)
    00000A09 C6 9A            [ 8] 1751 	add	a, #0x9a
    00000A0B F8 11            [12] 1752 	ldhl	sp,	#17
    00000A0D 77               [ 8] 1753 	ld	(hl), a
                                   1754 ;src/scripts/gui_management.c:327: set_win_tiles(15, 12, 1, 1, &stat);
    00000A0E 21 11 00         [12] 1755 	ld	hl, #17
    00000A11 39               [ 8] 1756 	add	hl, sp
    00000A12 E5               [16] 1757 	push	hl
    00000A13 21 01 01         [12] 1758 	ld	hl, #0x101
    00000A16 E5               [16] 1759 	push	hl
    00000A17 21 0F 0C         [12] 1760 	ld	hl, #0xc0f
    00000A1A E5               [16] 1761 	push	hl
    00000A1B CDr00r00         [24] 1762 	call	_set_win_tiles
                                   1763 ;src/scripts/gui_management.c:328: }
    00000A1E E8 1F            [16] 1764 	add	sp, #31
    00000A20 C9               [16] 1765 	ret
                                   1766 ;src/scripts/gui_management.c:330: void set_mini_menu() BANKED {
                                   1767 ;	---------------------------------
                                   1768 ; Function set_mini_menu
                                   1769 ; ---------------------------------
                         00000003  1770 	b_set_mini_menu	= 3
    00000A21                       1771 _set_mini_menu::
    00000A21 E8 F6            [16] 1772 	add	sp, #-10
                                   1773 ;src/scripts/gui_management.c:331: if (menu_opened != 0) {
    00000A23 FAr00r00         [16] 1774 	ld	a, (#_menu_opened)
    00000A26 B7               [ 4] 1775 	or	a, a
                                   1776 ;src/scripts/gui_management.c:332: return;
    00000A27 C2r41r0B         [16] 1777 	jp	NZ, 00110$
                                   1778 ;src/scripts/gui_management.c:338: if (max_hp < 100) {
    00000A2A FAr00r00         [16] 1779 	ld	a, (#_max_hp)
    00000A2D D6 64            [ 8] 1780 	sub	a, #0x64
    00000A2F 30 06            [12] 1781 	jr	NC, 00104$
                                   1782 ;src/scripts/gui_management.c:339: hp[0] = 187;
    00000A31 F8 00            [12] 1783 	ldhl	sp,	#0
    00000A33 36 BB            [12] 1784 	ld	(hl), #0xbb
    00000A35 18 0E            [12] 1785 	jr	00105$
    00000A37                       1786 00104$:
                                   1787 ;src/scripts/gui_management.c:342: hp[0] = current_hp / 100 + 154;
    00000A37 FAr00r00         [16] 1788 	ld	a, (_current_hp)
    00000A3A 1E 64            [ 8] 1789 	ld	e, #0x64
    00000A3C CDr00r00         [24] 1790 	call	__divuchar
    00000A3F 79               [ 4] 1791 	ld	a, c
    00000A40 C6 9A            [ 8] 1792 	add	a, #0x9a
    00000A42 F8 00            [12] 1793 	ldhl	sp,	#0
    00000A44 77               [ 8] 1794 	ld	(hl), a
    00000A45                       1795 00105$:
                                   1796 ;src/scripts/gui_management.c:344: hp[1] = current_hp % 100 / 10 + 154;
    00000A45 FAr00r00         [16] 1797 	ld	a, (_current_hp)
    00000A48 1E 64            [ 8] 1798 	ld	e, #0x64
    00000A4A CDr00r00         [24] 1799 	call	__moduchar
    00000A4D 79               [ 4] 1800 	ld	a, c
    00000A4E 1E 0A            [ 8] 1801 	ld	e, #0x0a
    00000A50 CDr00r00         [24] 1802 	call	__divuchar
    00000A53 79               [ 4] 1803 	ld	a, c
    00000A54 C6 9A            [ 8] 1804 	add	a, #0x9a
    00000A56 F8 01            [12] 1805 	ldhl	sp,	#1
    00000A58 77               [ 8] 1806 	ld	(hl), a
                                   1807 ;src/scripts/gui_management.c:345: hp[2] = current_hp % 10 + 154;
    00000A59 FAr00r00         [16] 1808 	ld	a, (_current_hp)
    00000A5C 1E 0A            [ 8] 1809 	ld	e, #0x0a
    00000A5E CDr00r00         [24] 1810 	call	__moduchar
    00000A61 79               [ 4] 1811 	ld	a, c
    00000A62 C6 9A            [ 8] 1812 	add	a, #0x9a
    00000A64 F8 02            [12] 1813 	ldhl	sp,	#2
    00000A66 77               [ 8] 1814 	ld	(hl), a
                                   1815 ;src/scripts/gui_management.c:346: n_arr[0] = num_arrows / 10 + 154;
    00000A67 FAr00r00         [16] 1816 	ld	a, (_num_arrows)
    00000A6A 1E 0A            [ 8] 1817 	ld	e, #0x0a
    00000A6C CDr00r00         [24] 1818 	call	__divuchar
    00000A6F 79               [ 4] 1819 	ld	a, c
    00000A70 C6 9A            [ 8] 1820 	add	a, #0x9a
    00000A72 F8 03            [12] 1821 	ldhl	sp,	#3
    00000A74 77               [ 8] 1822 	ld	(hl), a
                                   1823 ;src/scripts/gui_management.c:347: n_arr[1] = num_arrows % 10 + 154;
    00000A75 FAr00r00         [16] 1824 	ld	a, (_num_arrows)
    00000A78 1E 0A            [ 8] 1825 	ld	e, #0x0a
    00000A7A CDr00r00         [24] 1826 	call	__moduchar
    00000A7D 79               [ 4] 1827 	ld	a, c
    00000A7E C6 9A            [ 8] 1828 	add	a, #0x9a
    00000A80 F8 04            [12] 1829 	ldhl	sp,	#4
    00000A82 77               [ 8] 1830 	ld	(hl), a
                                   1831 ;src/scripts/gui_management.c:348: n_heals[0] = heals / 10 + 154;
    00000A83 FAr00r00         [16] 1832 	ld	a, (_heals)
    00000A86 1E 0A            [ 8] 1833 	ld	e, #0x0a
    00000A88 CDr00r00         [24] 1834 	call	__divuchar
    00000A8B 79               [ 4] 1835 	ld	a, c
    00000A8C C6 9A            [ 8] 1836 	add	a, #0x9a
    00000A8E F8 05            [12] 1837 	ldhl	sp,	#5
    00000A90 77               [ 8] 1838 	ld	(hl), a
                                   1839 ;src/scripts/gui_management.c:349: n_heals[1] = heals % 10 + 154;
    00000A91 FAr00r00         [16] 1840 	ld	a, (_heals)
    00000A94 1E 0A            [ 8] 1841 	ld	e, #0x0a
    00000A96 CDr00r00         [24] 1842 	call	__moduchar
    00000A99 79               [ 4] 1843 	ld	a, c
    00000A9A C6 9A            [ 8] 1844 	add	a, #0x9a
    00000A9C F8 06            [12] 1845 	ldhl	sp,	#6
    00000A9E 77               [ 8] 1846 	ld	(hl), a
                                   1847 ;src/scripts/gui_management.c:350: n_floor[0] = current_floor / 10 + 154;
    00000A9F FAr00r00         [16] 1848 	ld	a, (_current_floor)
    00000AA2 1E 0A            [ 8] 1849 	ld	e, #0x0a
    00000AA4 CDr00r00         [24] 1850 	call	__divuchar
    00000AA7 79               [ 4] 1851 	ld	a, c
    00000AA8 C6 9A            [ 8] 1852 	add	a, #0x9a
    00000AAA F8 07            [12] 1853 	ldhl	sp,	#7
    00000AAC 77               [ 8] 1854 	ld	(hl), a
                                   1855 ;src/scripts/gui_management.c:351: n_floor[1] = current_floor % 10 + 154;
    00000AAD FAr00r00         [16] 1856 	ld	a, (_current_floor)
    00000AB0 1E 0A            [ 8] 1857 	ld	e, #0x0a
    00000AB2 CDr00r00         [24] 1858 	call	__moduchar
    00000AB5 79               [ 4] 1859 	ld	a, c
    00000AB6 C6 9A            [ 8] 1860 	add	a, #0x9a
    00000AB8 F8 08            [12] 1861 	ldhl	sp,	#8
    00000ABA 77               [ 8] 1862 	ld	(hl), a
                                   1863 ;c:\users\utente\desktop\tirocinio\gbdk-win64\gbdk\include\gb\gb.h:1739: WX_REG=x, WY_REG=y;
    00000ABB 3E 07            [ 8] 1864 	ld	a, #0x07
    00000ABD E0r00            [12] 1865 	ldh	(_WX_REG + 0), a
    00000ABF 3E 88            [ 8] 1866 	ld	a, #0x88
    00000AC1 E0r00            [12] 1867 	ldh	(_WY_REG + 0), a
                                   1868 ;src/scripts/gui_management.c:353: set_win_tiles(0, 0, 20, 1, mini_gui);
    00000AC3 11r00r00         [12] 1869 	ld	de, #_mini_gui
    00000AC6 D5               [16] 1870 	push	de
    00000AC7 21 14 01         [12] 1871 	ld	hl, #0x114
    00000ACA E5               [16] 1872 	push	hl
    00000ACB AF               [ 4] 1873 	xor	a, a
    00000ACC 0F               [ 4] 1874 	rrca
    00000ACD F5               [16] 1875 	push	af
    00000ACE CDr00r00         [24] 1876 	call	_set_win_tiles
    00000AD1 E8 06            [16] 1877 	add	sp, #6
                                   1878 ;src/scripts/gui_management.c:354: uint8_t obtained = 223;
    00000AD3 F8 09            [12] 1879 	ldhl	sp,	#9
    00000AD5 36 DF            [12] 1880 	ld	(hl), #0xdf
                                   1881 ;src/scripts/gui_management.c:355: if (key_obtained) {
    00000AD7 FAr00r00         [16] 1882 	ld	a, (#_key_obtained)
    00000ADA B7               [ 4] 1883 	or	a, a
    00000ADB 28 06            [12] 1884 	jr	Z, 00107$
                                   1885 ;src/scripts/gui_management.c:356: obtained = 223;
    00000ADD F8 09            [12] 1886 	ldhl	sp,	#9
    00000ADF 36 DF            [12] 1887 	ld	(hl), #0xdf
    00000AE1 18 04            [12] 1888 	jr	00108$
    00000AE3                       1889 00107$:
                                   1890 ;src/scripts/gui_management.c:359: obtained = 187;
    00000AE3 F8 09            [12] 1891 	ldhl	sp,	#9
    00000AE5 36 BB            [12] 1892 	ld	(hl), #0xbb
    00000AE7                       1893 00108$:
                                   1894 ;src/scripts/gui_management.c:361: set_win_tiles(7, 0, 1, 1, &obtained);
    00000AE7 21 09 00         [12] 1895 	ld	hl, #9
    00000AEA 39               [ 8] 1896 	add	hl, sp
    00000AEB E5               [16] 1897 	push	hl
    00000AEC 21 01 01         [12] 1898 	ld	hl, #0x101
    00000AEF E5               [16] 1899 	push	hl
    00000AF0 21 07 00         [12] 1900 	ld	hl, #0x07
    00000AF3 E5               [16] 1901 	push	hl
    00000AF4 CDr00r00         [24] 1902 	call	_set_win_tiles
    00000AF7 E8 06            [16] 1903 	add	sp, #6
                                   1904 ;src/scripts/gui_management.c:363: set_win_tiles(3, 0, 3, 1, hp);
    00000AF9 21 00 00         [12] 1905 	ld	hl, #0
    00000AFC 39               [ 8] 1906 	add	hl, sp
    00000AFD E5               [16] 1907 	push	hl
    00000AFE 21 03 01         [12] 1908 	ld	hl, #0x103
    00000B01 E5               [16] 1909 	push	hl
    00000B02 21 03 00         [12] 1910 	ld	hl, #0x03
    00000B05 E5               [16] 1911 	push	hl
    00000B06 CDr00r00         [24] 1912 	call	_set_win_tiles
    00000B09 E8 06            [16] 1913 	add	sp, #6
                                   1914 ;src/scripts/gui_management.c:364: set_win_tiles(10, 0, 2, 1, n_arr);
    00000B0B 21 03 00         [12] 1915 	ld	hl, #3
    00000B0E 39               [ 8] 1916 	add	hl, sp
    00000B0F E5               [16] 1917 	push	hl
    00000B10 21 02 01         [12] 1918 	ld	hl, #0x102
    00000B13 E5               [16] 1919 	push	hl
    00000B14 21 0A 00         [12] 1920 	ld	hl, #0x0a
    00000B17 E5               [16] 1921 	push	hl
    00000B18 CDr00r00         [24] 1922 	call	_set_win_tiles
    00000B1B E8 06            [16] 1923 	add	sp, #6
                                   1924 ;src/scripts/gui_management.c:365: set_win_tiles(13, 0, 2, 1, n_heals);
    00000B1D 21 05 00         [12] 1925 	ld	hl, #5
    00000B20 39               [ 8] 1926 	add	hl, sp
    00000B21 E5               [16] 1927 	push	hl
    00000B22 21 02 01         [12] 1928 	ld	hl, #0x102
    00000B25 E5               [16] 1929 	push	hl
    00000B26 21 0D 00         [12] 1930 	ld	hl, #0x0d
    00000B29 E5               [16] 1931 	push	hl
    00000B2A CDr00r00         [24] 1932 	call	_set_win_tiles
    00000B2D E8 06            [16] 1933 	add	sp, #6
                                   1934 ;src/scripts/gui_management.c:366: set_win_tiles(18, 0, 2, 1, n_floor);
    00000B2F 21 07 00         [12] 1935 	ld	hl, #7
    00000B32 39               [ 8] 1936 	add	hl, sp
    00000B33 E5               [16] 1937 	push	hl
    00000B34 21 02 01         [12] 1938 	ld	hl, #0x102
    00000B37 E5               [16] 1939 	push	hl
    00000B38 21 12 00         [12] 1940 	ld	hl, #0x12
    00000B3B E5               [16] 1941 	push	hl
    00000B3C CDr00r00         [24] 1942 	call	_set_win_tiles
    00000B3F E8 06            [16] 1943 	add	sp, #6
    00000B41                       1944 00110$:
                                   1945 ;src/scripts/gui_management.c:367: }
    00000B41 E8 0A            [16] 1946 	add	sp, #10
    00000B43 C9               [16] 1947 	ret
                                   1948 ;src/scripts/gui_management.c:369: void show_number(uint8_t number, uint8_t mode, uint8_t target, uint8_t index) BANKED {
                                   1949 ;	---------------------------------
                                   1950 ; Function show_number
                                   1951 ; ---------------------------------
                         00000003  1952 	b_show_number	= 3
    00000B44                       1953 _show_number::
    00000B44 E8 FC            [16] 1954 	add	sp, #-4
                                   1955 ;src/scripts/gui_management.c:371: if (target == 0) {
    00000B46 F8 0C            [12] 1956 	ldhl	sp,	#12
    00000B48 7E               [ 8] 1957 	ld	a, (hl)
    00000B49 B7               [ 4] 1958 	or	a, a
    00000B4A 20 0E            [12] 1959 	jr	NZ, 00105$
                                   1960 ;src/scripts/gui_management.c:372: dmg_x = x;
    00000B4C FAr00r00         [16] 1961 	ld	a, (#_x)
    00000B4F F8 00            [12] 1962 	ldhl	sp,	#0
                                   1963 ;src/scripts/gui_management.c:373: dmg_y = y-8;
    00000B51 22               [ 8] 1964 	ld	(hl+), a
    00000B52 FAr00r00         [16] 1965 	ld	a, (_y)
    00000B55 C6 F8            [ 8] 1966 	add	a, #0xf8
    00000B57 77               [ 8] 1967 	ld	(hl), a
    00000B58 18 31            [12] 1968 	jr	00106$
    00000B5A                       1969 00105$:
                                   1970 ;src/scripts/gui_management.c:376: if (index == 2) {
    00000B5A F8 0D            [12] 1971 	ldhl	sp,	#13
    00000B5C 7E               [ 8] 1972 	ld	a, (hl)
    00000B5D D6 02            [ 8] 1973 	sub	a, #0x02
    00000B5F 20 10            [12] 1974 	jr	NZ, 00102$
                                   1975 ;src/scripts/gui_management.c:377: dmg_x = boss.x+8;
    00000B61 FAr01r00         [16] 1976 	ld	a, (#(_boss + 1) + 0)
    00000B64 C6 08            [ 8] 1977 	add	a, #0x08
    00000B66 F8 00            [12] 1978 	ldhl	sp,	#0
                                   1979 ;src/scripts/gui_management.c:378: dmg_y = boss.y-8;
    00000B68 22               [ 8] 1980 	ld	(hl+), a
    00000B69 FAr02r00         [16] 1981 	ld	a, (#(_boss + 2) + 0)
    00000B6C C6 F8            [ 8] 1982 	add	a, #0xf8
    00000B6E 77               [ 8] 1983 	ld	(hl), a
    00000B6F 18 1A            [12] 1984 	jr	00106$
    00000B71                       1985 00102$:
                                   1986 ;src/scripts/gui_management.c:381: dmg_x = current_enemies[index].x;
    00000B71 F8 0D            [12] 1987 	ldhl	sp,	#13
    00000B73 4E               [ 8] 1988 	ld	c, (hl)
    00000B74 06 00            [ 8] 1989 	ld	b, #0x00
    00000B76 69               [ 4] 1990 	ld	l, c
    00000B77 60               [ 4] 1991 	ld	h, b
    00000B78 29               [ 8] 1992 	add	hl, hl
    00000B79 09               [ 8] 1993 	add	hl, bc
    00000B7A 29               [ 8] 1994 	add	hl, hl
    00000B7B 29               [ 8] 1995 	add	hl, hl
    00000B7C 01r00r00         [12] 1996 	ld	bc, #_current_enemies
    00000B7F 09               [ 8] 1997 	add	hl, bc
    00000B80 4D               [ 4] 1998 	ld	c, l
    00000B81 44               [ 4] 1999 	ld	b, h
    00000B82 0A               [ 8] 2000 	ld	a, (bc)
    00000B83 F8 00            [12] 2001 	ldhl	sp,	#0
                                   2002 ;src/scripts/gui_management.c:382: dmg_y = current_enemies[index].y-8;
    00000B85 22               [ 8] 2003 	ld	(hl+), a
    00000B86 03               [ 8] 2004 	inc	bc
    00000B87 0A               [ 8] 2005 	ld	a, (bc)
    00000B88 C6 F8            [ 8] 2006 	add	a, #0xf8
    00000B8A 77               [ 8] 2007 	ld	(hl), a
    00000B8B                       2008 00106$:
                                   2009 ;src/scripts/gui_management.c:385: if (mode == 0) { // damage
    00000B8B F8 0B            [12] 2010 	ldhl	sp,	#11
    00000B8D 7E               [ 8] 2011 	ld	a, (hl)
    00000B8E B7               [ 4] 2012 	or	a, a
    00000B8F 20 07            [12] 2013 	jr	NZ, 00108$
                                   2014 ;c:\users\utente\desktop\tirocinio\gbdk-win64\gbdk\include\gb\gb.h:1887: shadow_OAM[nb].tile=tile;
    00000B91 21r02r00         [12] 2015 	ld	hl, #(_shadow_OAM + 2)
    00000B94 36 4C            [12] 2016 	ld	(hl), #0x4c
                                   2017 ;src/scripts/gui_management.c:386: set_sprite_tile(0, 76);
    00000B96 18 05            [12] 2018 	jr	00109$
    00000B98                       2019 00108$:
                                   2020 ;c:\users\utente\desktop\tirocinio\gbdk-win64\gbdk\include\gb\gb.h:1887: shadow_OAM[nb].tile=tile;
    00000B98 21r02r00         [12] 2021 	ld	hl, #(_shadow_OAM + 2)
    00000B9B 36 4B            [12] 2022 	ld	(hl), #0x4b
                                   2023 ;src/scripts/gui_management.c:389: set_sprite_tile(0, 75);
    00000B9D                       2024 00109$:
                                   2025 ;src/scripts/gui_management.c:391: if (number / 10 != 0) {
    00000B9D F8 0A            [12] 2026 	ldhl	sp,	#10
    00000B9F 7E               [ 8] 2027 	ld	a, (hl)
    00000BA0 F8 02            [12] 2028 	ldhl	sp,	#2
    00000BA2 77               [ 8] 2029 	ld	(hl), a
    00000BA3 7E               [ 8] 2030 	ld	a, (hl)
    00000BA4 1E 0A            [ 8] 2031 	ld	e, #0x0a
    00000BA6 CDr00r00         [24] 2032 	call	__divuchar
    00000BA9 79               [ 4] 2033 	ld	a, c
    00000BAA B7               [ 4] 2034 	or	a, a
    00000BAB 28 0D            [12] 2035 	jr	Z, 00111$
                                   2036 ;src/scripts/gui_management.c:392: set_sprite_tile(1, 65 + number / 10);
    00000BAD 79               [ 4] 2037 	ld	a, c
    00000BAE C6 41            [ 8] 2038 	add	a, #0x41
    00000BB0 F8 03            [12] 2039 	ldhl	sp,	#3
    00000BB2 77               [ 8] 2040 	ld	(hl), a
                                   2041 ;c:\users\utente\desktop\tirocinio\gbdk-win64\gbdk\include\gb\gb.h:1887: shadow_OAM[nb].tile=tile;
    00000BB3 11r06r00         [12] 2042 	ld	de, #(_shadow_OAM + 6)
    00000BB6 7E               [ 8] 2043 	ld	a, (hl)
    00000BB7 12               [ 8] 2044 	ld	(de), a
                                   2045 ;src/scripts/gui_management.c:392: set_sprite_tile(1, 65 + number / 10);
    00000BB8 18 05            [12] 2046 	jr	00112$
    00000BBA                       2047 00111$:
                                   2048 ;c:\users\utente\desktop\tirocinio\gbdk-win64\gbdk\include\gb\gb.h:1887: shadow_OAM[nb].tile=tile;
    00000BBA 21r06r00         [12] 2049 	ld	hl, #(_shadow_OAM + 6)
    00000BBD 36 32            [12] 2050 	ld	(hl), #0x32
                                   2051 ;src/scripts/gui_management.c:395: set_sprite_tile(1, 50);
    00000BBF                       2052 00112$:
                                   2053 ;src/scripts/gui_management.c:398: set_sprite_tile(2, 65 + number % 10);
    00000BBF F8 02            [12] 2054 	ldhl	sp,	#2
    00000BC1 7E               [ 8] 2055 	ld	a, (hl)
    00000BC2 C5               [16] 2056 	push	bc
    00000BC3 1E 0A            [ 8] 2057 	ld	e, #0x0a
    00000BC5 CDr00r00         [24] 2058 	call	__moduchar
    00000BC8 79               [ 4] 2059 	ld	a, c
    00000BC9 C1               [12] 2060 	pop	bc
    00000BCA C6 41            [ 8] 2061 	add	a, #0x41
    00000BCC 47               [ 4] 2062 	ld	b, a
                                   2063 ;c:\users\utente\desktop\tirocinio\gbdk-win64\gbdk\include\gb\gb.h:1887: shadow_OAM[nb].tile=tile;
    00000BCD 21r0Ar00         [12] 2064 	ld	hl, #(_shadow_OAM + 10)
    00000BD0 70               [ 8] 2065 	ld	(hl), b
                                   2066 ;src/scripts/gui_management.c:400: while (frame < 30) {
    00000BD1 F8 01            [12] 2067 	ldhl	sp,	#1
    00000BD3 2A               [ 8] 2068 	ld	a, (hl+)
    00000BD4 23               [ 8] 2069 	inc	hl
    00000BD5 5F               [ 4] 2070 	ld	e, a
    00000BD6 36 00            [12] 2071 	ld	(hl), #0x00
    00000BD8                       2072 00118$:
    00000BD8 F8 03            [12] 2073 	ldhl	sp,	#3
    00000BDA 7E               [ 8] 2074 	ld	a, (hl)
    00000BDB D6 1E            [ 8] 2075 	sub	a, #0x1e
    00000BDD 30 4A            [12] 2076 	jr	NC, 00120$
                                   2077 ;src/scripts/gui_management.c:401: wait_vbl_done();
    00000BDF CDr00r00         [24] 2078 	call	_wait_vbl_done
                                   2079 ;src/scripts/gui_management.c:402: if (frame %2) {
    00000BE2 F8 03            [12] 2080 	ldhl	sp,	#3
    00000BE4 7E               [ 8] 2081 	ld	a, (hl)
    00000BE5 E6 01            [ 8] 2082 	and	a, #0x01
    00000BE7 28 3B            [12] 2083 	jr	Z, 00117$
                                   2084 ;src/scripts/gui_management.c:403: dmg_y--;
    00000BE9 1D               [ 4] 2085 	dec	e
                                   2086 ;src/scripts/gui_management.c:404: if (number / 10 == 0) {
    00000BEA 79               [ 4] 2087 	ld	a, c
    00000BEB B7               [ 4] 2088 	or	a, a
    00000BEC 20 0D            [12] 2089 	jr	NZ, 00114$
                                   2090 ;c:\users\utente\desktop\tirocinio\gbdk-win64\gbdk\include\gb\gb.h:1973: OAM_item_t * itm = &shadow_OAM[nb];
    00000BEE 21r00r00         [12] 2091 	ld	hl, #_shadow_OAM
                                   2092 ;c:\users\utente\desktop\tirocinio\gbdk-win64\gbdk\include\gb\gb.h:1974: itm->y=y, itm->x=x;
    00000BF1 7B               [ 4] 2093 	ld	a, e
    00000BF2 22               [ 8] 2094 	ld	(hl+), a
    00000BF3 E5               [16] 2095 	push	hl
    00000BF4 F8 02            [12] 2096 	ldhl	sp,	#2
    00000BF6 7E               [ 8] 2097 	ld	a, (hl)
    00000BF7 E1               [12] 2098 	pop	hl
    00000BF8 77               [ 8] 2099 	ld	(hl), a
                                   2100 ;src/scripts/gui_management.c:405: move_sprite(0, dmg_x, dmg_y);
    00000BF9 18 0C            [12] 2101 	jr	00115$
    00000BFB                       2102 00114$:
                                   2103 ;src/scripts/gui_management.c:408: move_sprite(0, dmg_x-8, dmg_y);
    00000BFB F8 00            [12] 2104 	ldhl	sp,	#0
    00000BFD 7E               [ 8] 2105 	ld	a, (hl)
    00000BFE C6 F8            [ 8] 2106 	add	a, #0xf8
    00000C00 47               [ 4] 2107 	ld	b, a
                                   2108 ;c:\users\utente\desktop\tirocinio\gbdk-win64\gbdk\include\gb\gb.h:1973: OAM_item_t * itm = &shadow_OAM[nb];
    00000C01 21r00r00         [12] 2109 	ld	hl, #_shadow_OAM
                                   2110 ;c:\users\utente\desktop\tirocinio\gbdk-win64\gbdk\include\gb\gb.h:1974: itm->y=y, itm->x=x;
    00000C04 7B               [ 4] 2111 	ld	a, e
    00000C05 22               [ 8] 2112 	ld	(hl+), a
    00000C06 70               [ 8] 2113 	ld	(hl), b
                                   2114 ;src/scripts/gui_management.c:408: move_sprite(0, dmg_x-8, dmg_y);
    00000C07                       2115 00115$:
                                   2116 ;c:\users\utente\desktop\tirocinio\gbdk-win64\gbdk\include\gb\gb.h:1973: OAM_item_t * itm = &shadow_OAM[nb];
    00000C07 21r04r00         [12] 2117 	ld	hl, #(_shadow_OAM + 4)
                                   2118 ;c:\users\utente\desktop\tirocinio\gbdk-win64\gbdk\include\gb\gb.h:1974: itm->y=y, itm->x=x;
    00000C0A 7B               [ 4] 2119 	ld	a, e
    00000C0B 22               [ 8] 2120 	ld	(hl+), a
    00000C0C E5               [16] 2121 	push	hl
    00000C0D F8 02            [12] 2122 	ldhl	sp,	#2
    00000C0F 7E               [ 8] 2123 	ld	a, (hl)
    00000C10 E1               [12] 2124 	pop	hl
    00000C11 77               [ 8] 2125 	ld	(hl), a
                                   2126 ;src/scripts/gui_management.c:411: move_sprite(2, dmg_x+8, dmg_y);
    00000C12 F8 00            [12] 2127 	ldhl	sp,	#0
    00000C14 2A               [ 8] 2128 	ld	a, (hl+)
    00000C15 23               [ 8] 2129 	inc	hl
    00000C16 C6 08            [ 8] 2130 	add	a, #0x08
    00000C18 77               [ 8] 2131 	ld	(hl), a
                                   2132 ;c:\users\utente\desktop\tirocinio\gbdk-win64\gbdk\include\gb\gb.h:1973: OAM_item_t * itm = &shadow_OAM[nb];
    00000C19 21r08r00         [12] 2133 	ld	hl, #(_shadow_OAM + 8)
                                   2134 ;c:\users\utente\desktop\tirocinio\gbdk-win64\gbdk\include\gb\gb.h:1974: itm->y=y, itm->x=x;
    00000C1C 7B               [ 4] 2135 	ld	a, e
    00000C1D 22               [ 8] 2136 	ld	(hl+), a
    00000C1E E5               [16] 2137 	push	hl
    00000C1F F8 04            [12] 2138 	ldhl	sp,	#4
    00000C21 7E               [ 8] 2139 	ld	a, (hl)
    00000C22 E1               [12] 2140 	pop	hl
    00000C23 77               [ 8] 2141 	ld	(hl), a
                                   2142 ;src/scripts/gui_management.c:411: move_sprite(2, dmg_x+8, dmg_y);
    00000C24                       2143 00117$:
                                   2144 ;src/scripts/gui_management.c:413: frame++;
    00000C24 F8 03            [12] 2145 	ldhl	sp,	#3
    00000C26 34               [12] 2146 	inc	(hl)
    00000C27 18 AF            [12] 2147 	jr	00118$
    00000C29                       2148 00120$:
                                   2149 ;c:\users\utente\desktop\tirocinio\gbdk-win64\gbdk\include\gb\gb.h:1973: OAM_item_t * itm = &shadow_OAM[nb];
    00000C29 21r00r00         [12] 2150 	ld	hl, #_shadow_OAM
                                   2151 ;c:\users\utente\desktop\tirocinio\gbdk-win64\gbdk\include\gb\gb.h:1974: itm->y=y, itm->x=x;
    00000C2C 36 00            [12] 2152 	ld	(hl), #0x00
    00000C2E 23               [ 8] 2153 	inc	hl
    00000C2F 36 00            [12] 2154 	ld	(hl), #0x00
                                   2155 ;c:\users\utente\desktop\tirocinio\gbdk-win64\gbdk\include\gb\gb.h:1973: OAM_item_t * itm = &shadow_OAM[nb];
    00000C31 21r04r00         [12] 2156 	ld	hl, #(_shadow_OAM + 4)
                                   2157 ;c:\users\utente\desktop\tirocinio\gbdk-win64\gbdk\include\gb\gb.h:1974: itm->y=y, itm->x=x;
    00000C34 36 00            [12] 2158 	ld	(hl), #0x00
    00000C36 23               [ 8] 2159 	inc	hl
    00000C37 36 00            [12] 2160 	ld	(hl), #0x00
                                   2161 ;c:\users\utente\desktop\tirocinio\gbdk-win64\gbdk\include\gb\gb.h:1973: OAM_item_t * itm = &shadow_OAM[nb];
    00000C39 21r08r00         [12] 2162 	ld	hl, #(_shadow_OAM + 8)
                                   2163 ;c:\users\utente\desktop\tirocinio\gbdk-win64\gbdk\include\gb\gb.h:1974: itm->y=y, itm->x=x;
    00000C3C 36 00            [12] 2164 	ld	(hl), #0x00
    00000C3E 23               [ 8] 2165 	inc	hl
    00000C3F 36 00            [12] 2166 	ld	(hl), #0x00
                                   2167 ;src/scripts/gui_management.c:417: move_sprite(2, 0, 0);
                                   2168 ;src/scripts/gui_management.c:418: }
    00000C41 E8 04            [16] 2169 	add	sp, #4
    00000C43 C9               [16] 2170 	ret
                                   2171 ;src/scripts/gui_management.c:420: void print_debug(uint8_t value) BANKED {
                                   2172 ;	---------------------------------
                                   2173 ; Function print_debug
                                   2174 ; ---------------------------------
                         00000003  2175 	b_print_debug	= 3
    00000C44                       2176 _print_debug::
    00000C44 E8 FD            [16] 2177 	add	sp, #-3
                                   2178 ;src/scripts/gui_management.c:422: values[0] = value / 100 + 154;
    00000C46 F8 09            [12] 2179 	ldhl	sp,	#9
    00000C48 4E               [ 8] 2180 	ld	c, (hl)
    00000C49 C5               [16] 2181 	push	bc
    00000C4A 1E 64            [ 8] 2182 	ld	e, #0x64
    00000C4C 79               [ 4] 2183 	ld	a, c
    00000C4D CDr00r00         [24] 2184 	call	__divuchar
    00000C50 79               [ 4] 2185 	ld	a, c
    00000C51 C1               [12] 2186 	pop	bc
    00000C52 C6 9A            [ 8] 2187 	add	a, #0x9a
    00000C54 F8 00            [12] 2188 	ldhl	sp,	#0
    00000C56 77               [ 8] 2189 	ld	(hl), a
                                   2190 ;src/scripts/gui_management.c:423: values[1] = value % 100 / 10 + 154;
    00000C57 C5               [16] 2191 	push	bc
    00000C58 1E 64            [ 8] 2192 	ld	e, #0x64
    00000C5A 79               [ 4] 2193 	ld	a, c
    00000C5B CDr00r00         [24] 2194 	call	__moduchar
    00000C5E 79               [ 4] 2195 	ld	a, c
    00000C5F 1E 0A            [ 8] 2196 	ld	e, #0x0a
    00000C61 CDr00r00         [24] 2197 	call	__divuchar
    00000C64 79               [ 4] 2198 	ld	a, c
    00000C65 C1               [12] 2199 	pop	bc
    00000C66 C6 9A            [ 8] 2200 	add	a, #0x9a
    00000C68 F8 01            [12] 2201 	ldhl	sp,	#1
    00000C6A 77               [ 8] 2202 	ld	(hl), a
                                   2203 ;src/scripts/gui_management.c:424: values[2] = value % 10 + 154;
    00000C6B 1E 0A            [ 8] 2204 	ld	e, #0x0a
    00000C6D 79               [ 4] 2205 	ld	a, c
    00000C6E CDr00r00         [24] 2206 	call	__moduchar
    00000C71 79               [ 4] 2207 	ld	a, c
    00000C72 C6 9A            [ 8] 2208 	add	a, #0x9a
    00000C74 F8 02            [12] 2209 	ldhl	sp,	#2
    00000C76 77               [ 8] 2210 	ld	(hl), a
                                   2211 ;src/scripts/gui_management.c:425: set_win_tiles(6, 0, 3, 1, values);
    00000C77 21 00 00         [12] 2212 	ld	hl, #0
    00000C7A 39               [ 8] 2213 	add	hl, sp
    00000C7B E5               [16] 2214 	push	hl
    00000C7C 21 03 01         [12] 2215 	ld	hl, #0x103
    00000C7F E5               [16] 2216 	push	hl
    00000C80 21 06 00         [12] 2217 	ld	hl, #0x06
    00000C83 E5               [16] 2218 	push	hl
    00000C84 CDr00r00         [24] 2219 	call	_set_win_tiles
                                   2220 ;src/scripts/gui_management.c:426: }
    00000C87 E8 09            [16] 2221 	add	sp, #9
    00000C89 C9               [16] 2222 	ret
                                   2223 ;src/scripts/gui_management.c:428: void check_time() BANKED {
                                   2224 ;	---------------------------------
                                   2225 ; Function check_time
                                   2226 ; ---------------------------------
                         00000003  2227 	b_check_time	= 3
    00000C8A                       2228 _check_time::
                                   2229 ;src/scripts/gui_management.c:429: frames++;
    00000C8A 21r00r00         [12] 2230 	ld	hl, #_frames
    00000C8D 34               [12] 2231 	inc	(hl)
                                   2232 ;src/scripts/gui_management.c:430: if (frames == 60) {
    00000C8E 7E               [ 8] 2233 	ld	a, (hl)
    00000C8F D6 3C            [ 8] 2234 	sub	a, #0x3c
    00000C91 20 08            [12] 2235 	jr	NZ, 00102$
                                   2236 ;src/scripts/gui_management.c:431: frames = 0;
    00000C93 AF               [ 4] 2237 	xor	a, a
    00000C94 EAr00r00         [16] 2238 	ld	(#_frames),a
                                   2239 ;src/scripts/gui_management.c:432: seconds++;
    00000C97 21r00r00         [12] 2240 	ld	hl, #_seconds
    00000C9A 34               [12] 2241 	inc	(hl)
    00000C9B                       2242 00102$:
                                   2243 ;src/scripts/gui_management.c:434: if (seconds == 60) {
    00000C9B FAr00r00         [16] 2244 	ld	a, (#_seconds)
    00000C9E D6 3C            [ 8] 2245 	sub	a, #0x3c
    00000CA0 20 08            [12] 2246 	jr	NZ, 00104$
                                   2247 ;src/scripts/gui_management.c:435: seconds = 0;
    00000CA2 AF               [ 4] 2248 	xor	a, a
    00000CA3 EAr00r00         [16] 2249 	ld	(#_seconds),a
                                   2250 ;src/scripts/gui_management.c:436: minutes++;
    00000CA6 21r00r00         [12] 2251 	ld	hl, #_minutes
    00000CA9 34               [12] 2252 	inc	(hl)
    00000CAA                       2253 00104$:
                                   2254 ;src/scripts/gui_management.c:438: if (minutes == 60) {
    00000CAA FAr00r00         [16] 2255 	ld	a, (#_minutes)
    00000CAD D6 3C            [ 8] 2256 	sub	a, #0x3c
    00000CAF 20 08            [12] 2257 	jr	NZ, 00106$
                                   2258 ;src/scripts/gui_management.c:439: minutes = 0;
    00000CB1 AF               [ 4] 2259 	xor	a, a
    00000CB2 EAr00r00         [16] 2260 	ld	(#_minutes),a
                                   2261 ;src/scripts/gui_management.c:440: hours++;
    00000CB5 21r00r00         [12] 2262 	ld	hl, #_hours
    00000CB8 34               [12] 2263 	inc	(hl)
    00000CB9                       2264 00106$:
                                   2265 ;src/scripts/gui_management.c:442: if (hours > 99) {
    00000CB9 3E 63            [ 8] 2266 	ld	a, #0x63
    00000CBB 21r00r00         [12] 2267 	ld	hl, #_hours
    00000CBE 96               [ 8] 2268 	sub	a, (hl)
    00000CBF D0               [20] 2269 	ret	NC
                                   2270 ;src/scripts/gui_management.c:443: hours = 99;
    00000CC0 36 63            [12] 2271 	ld	(hl), #0x63
                                   2272 ;src/scripts/gui_management.c:445: }
    00000CC2 C9               [16] 2273 	ret
                                   2274 	.area _CODE_3
                                   2275 	.area _INITIALIZER
                                   2276 	.area _CABS (ABS)
