                                      1 ;--------------------------------------------------------
                                      2 ; File Created by SDCC : free open source ISO C Compiler
                                      3 ; Version 4.5.1 #15267 (Linux)
                                      4 ;--------------------------------------------------------
                                      5 	.module Dungeon
                                      6 	
                                      7 ;--------------------------------------------------------
                                      8 ; Public variables in this module
                                      9 ;--------------------------------------------------------
                                     10 	.globl _NoExit
                                     11 	.globl _room15
                                     12 	.globl _room14
                                     13 	.globl _room13
                                     14 	.globl _room12
                                     15 	.globl _room11
                                     16 	.globl _room10
                                     17 	.globl _room9
                                     18 	.globl _room8
                                     19 	.globl _room7
                                     20 	.globl _room6
                                     21 	.globl _room5
                                     22 	.globl _room4
                                     23 	.globl _room3
                                     24 	.globl _room2
                                     25 	.globl _room1
                                     26 ;--------------------------------------------------------
                                     27 ; special function registers
                                     28 ;--------------------------------------------------------
                                     29 	.area _HRAM
                                     30 ;--------------------------------------------------------
                                     31 ; ram data
                                     32 ;--------------------------------------------------------
                                     33 	.area _DATA
                                     34 ;--------------------------------------------------------
                                     35 ; ram data
                                     36 ;--------------------------------------------------------
                                     37 	.area _INITIALIZED
                                     38 ;--------------------------------------------------------
                                     39 ; absolute external ram data
                                     40 ;--------------------------------------------------------
                                     41 	.area _DABS (ABS)
                                     42 ;--------------------------------------------------------
                                     43 ; global & static initialisations
                                     44 ;--------------------------------------------------------
                                     45 	.area _HOME
                                     46 	.area _GSINIT
                                     47 	.area _GSFINAL
                                     48 	.area _GSINIT
                                     49 ;--------------------------------------------------------
                                     50 ; Home
                                     51 ;--------------------------------------------------------
                                     52 	.area _HOME
                                     53 	.area _HOME
                                     54 ;--------------------------------------------------------
                                     55 ; code
                                     56 ;--------------------------------------------------------
                                     57 	.area _CODE_2
                                     58 	.area _CODE_2
    00000000                         59 _room1:
    00000000 0A                      60 	.db #0x0a	; 10
    00000001 0B                      61 	.db #0x0b	; 11
    00000002 0C                      62 	.db #0x0c	; 12
    00000003 0D                      63 	.db #0x0d	; 13
    00000004 0C                      64 	.db #0x0c	; 12
    00000005 0D                      65 	.db #0x0d	; 13
    00000006 0E                      66 	.db #0x0e	; 14
    00000007 33                      67 	.db #0x33	; 51	'3'
    00000008 00                      68 	.db #0x00	; 0
    00000009 01                      69 	.db #0x01	; 1
    0000000A 00                      70 	.db #0x00	; 0
    0000000B 01                      71 	.db #0x01	; 1
    0000000C 30                      72 	.db #0x30	; 48	'0'
    0000000D 25                      73 	.db #0x25	; 37
    0000000E 0C                      74 	.db #0x0c	; 12
    0000000F 0D                      75 	.db #0x0d	; 13
    00000010 0C                      76 	.db #0x0c	; 12
    00000011 0D                      77 	.db #0x0d	; 13
    00000012 28                      78 	.db #0x28	; 40
    00000013 29                      79 	.db #0x29	; 41
    00000014 1A                      80 	.db #0x1a	; 26
    00000015 1B                      81 	.db #0x1b	; 27
    00000016 1C                      82 	.db #0x1c	; 28
    00000017 1D                      83 	.db #0x1d	; 29
    00000018 1C                      84 	.db #0x1c	; 28
    00000019 1D                      85 	.db #0x1d	; 29
    0000001A 1C                      86 	.db #0x1c	; 28
    0000001B 1F                      87 	.db #0x1f	; 31
    0000001C 02                      88 	.db #0x02	; 2
    0000001D 03                      89 	.db #0x03	; 3
    0000001E 02                      90 	.db #0x02	; 2
    0000001F 03                      91 	.db #0x03	; 3
    00000020 2E                      92 	.db #0x2e	; 46
    00000021 1D                      93 	.db #0x1d	; 29
    00000022 1C                      94 	.db #0x1c	; 28
    00000023 1D                      95 	.db #0x1d	; 29
    00000024 1C                      96 	.db #0x1c	; 28
    00000025 1D                      97 	.db #0x1d	; 29
    00000026 10                      98 	.db #0x10	; 16
    00000027 11                      99 	.db #0x11	; 17
    00000028 32                     100 	.db #0x32	; 50	'2'
    00000029 13                     101 	.db #0x13	; 19
    0000002A 00                     102 	.db #0x00	; 0
    0000002B 01                     103 	.db #0x01	; 1
    0000002C 00                     104 	.db #0x00	; 0
    0000002D 01                     105 	.db #0x01	; 1
    0000002E 00                     106 	.db #0x00	; 0
    0000002F 01                     107 	.db #0x01	; 1
    00000030 00                     108 	.db #0x00	; 0
    00000031 01                     109 	.db #0x01	; 1
    00000032 00                     110 	.db #0x00	; 0
    00000033 01                     111 	.db #0x01	; 1
    00000034 00                     112 	.db #0x00	; 0
    00000035 01                     113 	.db #0x01	; 1
    00000036 00                     114 	.db #0x00	; 0
    00000037 01                     115 	.db #0x01	; 1
    00000038 00                     116 	.db #0x00	; 0
    00000039 01                     117 	.db #0x01	; 1
    0000003A 14                     118 	.db #0x14	; 20
    0000003B 21                     119 	.db #0x21	; 33
    0000003C 22                     120 	.db #0x22	; 34
    0000003D 33                     121 	.db #0x33	; 51	'3'
    0000003E 02                     122 	.db #0x02	; 2
    0000003F 03                     123 	.db #0x03	; 3
    00000040 02                     124 	.db #0x02	; 2
    00000041 03                     125 	.db #0x03	; 3
    00000042 02                     126 	.db #0x02	; 2
    00000043 03                     127 	.db #0x03	; 3
    00000044 02                     128 	.db #0x02	; 2
    00000045 03                     129 	.db #0x03	; 3
    00000046 02                     130 	.db #0x02	; 2
    00000047 03                     131 	.db #0x03	; 3
    00000048 02                     132 	.db #0x02	; 2
    00000049 03                     133 	.db #0x03	; 3
    0000004A 02                     134 	.db #0x02	; 2
    0000004B 03                     135 	.db #0x03	; 3
    0000004C 02                     136 	.db #0x02	; 2
    0000004D 03                     137 	.db #0x03	; 3
    0000004E 20                     138 	.db #0x20	; 32
    0000004F 31                     139 	.db #0x31	; 49	'1'
    00000050 32                     140 	.db #0x32	; 50	'2'
    00000051 13                     141 	.db #0x13	; 19
    00000052 00                     142 	.db #0x00	; 0
    00000053 01                     143 	.db #0x01	; 1
    00000054 00                     144 	.db #0x00	; 0
    00000055 01                     145 	.db #0x01	; 1
    00000056 00                     146 	.db #0x00	; 0
    00000057 01                     147 	.db #0x01	; 1
    00000058 00                     148 	.db #0x00	; 0
    00000059 01                     149 	.db #0x01	; 1
    0000005A 00                     150 	.db #0x00	; 0
    0000005B 01                     151 	.db #0x01	; 1
    0000005C 00                     152 	.db #0x00	; 0
    0000005D 01                     153 	.db #0x01	; 1
    0000005E 00                     154 	.db #0x00	; 0
    0000005F 01                     155 	.db #0x01	; 1
    00000060 00                     156 	.db #0x00	; 0
    00000061 01                     157 	.db #0x01	; 1
    00000062 30                     158 	.db #0x30	; 48	'0'
    00000063 21                     159 	.db #0x21	; 33
    00000064 22                     160 	.db #0x22	; 34
    00000065 23                     161 	.db #0x23	; 35
    00000066 02                     162 	.db #0x02	; 2
    00000067 03                     163 	.db #0x03	; 3
    00000068 02                     164 	.db #0x02	; 2
    00000069 03                     165 	.db #0x03	; 3
    0000006A 02                     166 	.db #0x02	; 2
    0000006B 03                     167 	.db #0x03	; 3
    0000006C 02                     168 	.db #0x02	; 2
    0000006D 03                     169 	.db #0x03	; 3
    0000006E 02                     170 	.db #0x02	; 2
    0000006F 03                     171 	.db #0x03	; 3
    00000070 02                     172 	.db #0x02	; 2
    00000071 03                     173 	.db #0x03	; 3
    00000072 02                     174 	.db #0x02	; 2
    00000073 03                     175 	.db #0x03	; 3
    00000074 02                     176 	.db #0x02	; 2
    00000075 03                     177 	.db #0x03	; 3
    00000076 14                     178 	.db #0x14	; 20
    00000077 31                     179 	.db #0x31	; 49	'1'
    00000078 32                     180 	.db #0x32	; 50	'2'
    00000079 33                     181 	.db #0x33	; 51	'3'
    0000007A 00                     182 	.db #0x00	; 0
    0000007B 01                     183 	.db #0x01	; 1
    0000007C 00                     184 	.db #0x00	; 0
    0000007D 01                     185 	.db #0x01	; 1
    0000007E 00                     186 	.db #0x00	; 0
    0000007F 01                     187 	.db #0x01	; 1
    00000080 00                     188 	.db #0x00	; 0
    00000081 01                     189 	.db #0x01	; 1
    00000082 00                     190 	.db #0x00	; 0
    00000083 01                     191 	.db #0x01	; 1
    00000084 00                     192 	.db #0x00	; 0
    00000085 01                     193 	.db #0x01	; 1
    00000086 00                     194 	.db #0x00	; 0
    00000087 01                     195 	.db #0x01	; 1
    00000088 00                     196 	.db #0x00	; 0
    00000089 01                     197 	.db #0x01	; 1
    0000008A 20                     198 	.db #0x20	; 32
    0000008B 21                     199 	.db #0x21	; 33
    0000008C 22                     200 	.db #0x22	; 34
    0000008D 13                     201 	.db #0x13	; 19
    0000008E 02                     202 	.db #0x02	; 2
    0000008F 03                     203 	.db #0x03	; 3
    00000090 02                     204 	.db #0x02	; 2
    00000091 03                     205 	.db #0x03	; 3
    00000092 02                     206 	.db #0x02	; 2
    00000093 03                     207 	.db #0x03	; 3
    00000094 02                     208 	.db #0x02	; 2
    00000095 03                     209 	.db #0x03	; 3
    00000096 02                     210 	.db #0x02	; 2
    00000097 03                     211 	.db #0x03	; 3
    00000098 02                     212 	.db #0x02	; 2
    00000099 03                     213 	.db #0x03	; 3
    0000009A 02                     214 	.db #0x02	; 2
    0000009B 03                     215 	.db #0x03	; 3
    0000009C 02                     216 	.db #0x02	; 2
    0000009D 03                     217 	.db #0x03	; 3
    0000009E 30                     218 	.db #0x30	; 48	'0'
    0000009F 31                     219 	.db #0x31	; 49	'1'
    000000A0 32                     220 	.db #0x32	; 50	'2'
    000000A1 23                     221 	.db #0x23	; 35
    000000A2 00                     222 	.db #0x00	; 0
    000000A3 01                     223 	.db #0x01	; 1
    000000A4 00                     224 	.db #0x00	; 0
    000000A5 01                     225 	.db #0x01	; 1
    000000A6 00                     226 	.db #0x00	; 0
    000000A7 01                     227 	.db #0x01	; 1
    000000A8 00                     228 	.db #0x00	; 0
    000000A9 01                     229 	.db #0x01	; 1
    000000AA 00                     230 	.db #0x00	; 0
    000000AB 01                     231 	.db #0x01	; 1
    000000AC 00                     232 	.db #0x00	; 0
    000000AD 01                     233 	.db #0x01	; 1
    000000AE 00                     234 	.db #0x00	; 0
    000000AF 01                     235 	.db #0x01	; 1
    000000B0 00                     236 	.db #0x00	; 0
    000000B1 01                     237 	.db #0x01	; 1
    000000B2 14                     238 	.db #0x14	; 20
    000000B3 21                     239 	.db #0x21	; 33
    000000B4 22                     240 	.db #0x22	; 34
    000000B5 33                     241 	.db #0x33	; 51	'3'
    000000B6 02                     242 	.db #0x02	; 2
    000000B7 03                     243 	.db #0x03	; 3
    000000B8 02                     244 	.db #0x02	; 2
    000000B9 03                     245 	.db #0x03	; 3
    000000BA 02                     246 	.db #0x02	; 2
    000000BB 03                     247 	.db #0x03	; 3
    000000BC 02                     248 	.db #0x02	; 2
    000000BD 03                     249 	.db #0x03	; 3
    000000BE 02                     250 	.db #0x02	; 2
    000000BF 03                     251 	.db #0x03	; 3
    000000C0 02                     252 	.db #0x02	; 2
    000000C1 03                     253 	.db #0x03	; 3
    000000C2 02                     254 	.db #0x02	; 2
    000000C3 03                     255 	.db #0x03	; 3
    000000C4 02                     256 	.db #0x02	; 2
    000000C5 03                     257 	.db #0x03	; 3
    000000C6 20                     258 	.db #0x20	; 32
    000000C7 31                     259 	.db #0x31	; 49	'1'
    000000C8 32                     260 	.db #0x32	; 50	'2'
    000000C9 13                     261 	.db #0x13	; 19
    000000CA 00                     262 	.db #0x00	; 0
    000000CB 01                     263 	.db #0x01	; 1
    000000CC 00                     264 	.db #0x00	; 0
    000000CD 01                     265 	.db #0x01	; 1
    000000CE 00                     266 	.db #0x00	; 0
    000000CF 01                     267 	.db #0x01	; 1
    000000D0 00                     268 	.db #0x00	; 0
    000000D1 01                     269 	.db #0x01	; 1
    000000D2 00                     270 	.db #0x00	; 0
    000000D3 01                     271 	.db #0x01	; 1
    000000D4 00                     272 	.db #0x00	; 0
    000000D5 01                     273 	.db #0x01	; 1
    000000D6 00                     274 	.db #0x00	; 0
    000000D7 01                     275 	.db #0x01	; 1
    000000D8 00                     276 	.db #0x00	; 0
    000000D9 01                     277 	.db #0x01	; 1
    000000DA 30                     278 	.db #0x30	; 48	'0'
    000000DB 21                     279 	.db #0x21	; 33
    000000DC 22                     280 	.db #0x22	; 34
    000000DD 23                     281 	.db #0x23	; 35
    000000DE 02                     282 	.db #0x02	; 2
    000000DF 03                     283 	.db #0x03	; 3
    000000E0 02                     284 	.db #0x02	; 2
    000000E1 03                     285 	.db #0x03	; 3
    000000E2 02                     286 	.db #0x02	; 2
    000000E3 03                     287 	.db #0x03	; 3
    000000E4 02                     288 	.db #0x02	; 2
    000000E5 03                     289 	.db #0x03	; 3
    000000E6 02                     290 	.db #0x02	; 2
    000000E7 03                     291 	.db #0x03	; 3
    000000E8 02                     292 	.db #0x02	; 2
    000000E9 03                     293 	.db #0x03	; 3
    000000EA 02                     294 	.db #0x02	; 2
    000000EB 03                     295 	.db #0x03	; 3
    000000EC 02                     296 	.db #0x02	; 2
    000000ED 03                     297 	.db #0x03	; 3
    000000EE 14                     298 	.db #0x14	; 20
    000000EF 31                     299 	.db #0x31	; 49	'1'
    000000F0 32                     300 	.db #0x32	; 50	'2'
    000000F1 13                     301 	.db #0x13	; 19
    000000F2 00                     302 	.db #0x00	; 0
    000000F3 01                     303 	.db #0x01	; 1
    000000F4 00                     304 	.db #0x00	; 0
    000000F5 01                     305 	.db #0x01	; 1
    000000F6 00                     306 	.db #0x00	; 0
    000000F7 01                     307 	.db #0x01	; 1
    000000F8 00                     308 	.db #0x00	; 0
    000000F9 01                     309 	.db #0x01	; 1
    000000FA 00                     310 	.db #0x00	; 0
    000000FB 01                     311 	.db #0x01	; 1
    000000FC 00                     312 	.db #0x00	; 0
    000000FD 01                     313 	.db #0x01	; 1
    000000FE 00                     314 	.db #0x00	; 0
    000000FF 01                     315 	.db #0x01	; 1
    00000100 00                     316 	.db #0x00	; 0
    00000101 01                     317 	.db #0x01	; 1
    00000102 20                     318 	.db #0x20	; 32
    00000103 21                     319 	.db #0x21	; 33
    00000104 22                     320 	.db #0x22	; 34
    00000105 33                     321 	.db #0x33	; 51	'3'
    00000106 02                     322 	.db #0x02	; 2
    00000107 03                     323 	.db #0x03	; 3
    00000108 02                     324 	.db #0x02	; 2
    00000109 03                     325 	.db #0x03	; 3
    0000010A 02                     326 	.db #0x02	; 2
    0000010B 03                     327 	.db #0x03	; 3
    0000010C 02                     328 	.db #0x02	; 2
    0000010D 03                     329 	.db #0x03	; 3
    0000010E 02                     330 	.db #0x02	; 2
    0000010F 03                     331 	.db #0x03	; 3
    00000110 02                     332 	.db #0x02	; 2
    00000111 03                     333 	.db #0x03	; 3
    00000112 02                     334 	.db #0x02	; 2
    00000113 03                     335 	.db #0x03	; 3
    00000114 02                     336 	.db #0x02	; 2
    00000115 03                     337 	.db #0x03	; 3
    00000116 30                     338 	.db #0x30	; 48	'0'
    00000117 31                     339 	.db #0x31	; 49	'1'
    00000118 32                     340 	.db #0x32	; 50	'2'
    00000119 13                     341 	.db #0x13	; 19
    0000011A 00                     342 	.db #0x00	; 0
    0000011B 01                     343 	.db #0x01	; 1
    0000011C 00                     344 	.db #0x00	; 0
    0000011D 01                     345 	.db #0x01	; 1
    0000011E 00                     346 	.db #0x00	; 0
    0000011F 01                     347 	.db #0x01	; 1
    00000120 00                     348 	.db #0x00	; 0
    00000121 01                     349 	.db #0x01	; 1
    00000122 00                     350 	.db #0x00	; 0
    00000123 01                     351 	.db #0x01	; 1
    00000124 00                     352 	.db #0x00	; 0
    00000125 01                     353 	.db #0x01	; 1
    00000126 00                     354 	.db #0x00	; 0
    00000127 01                     355 	.db #0x01	; 1
    00000128 00                     356 	.db #0x00	; 0
    00000129 01                     357 	.db #0x01	; 1
    0000012A 14                     358 	.db #0x14	; 20
    0000012B 21                     359 	.db #0x21	; 33
    0000012C 22                     360 	.db #0x22	; 34
    0000012D 23                     361 	.db #0x23	; 35
    0000012E 02                     362 	.db #0x02	; 2
    0000012F 03                     363 	.db #0x03	; 3
    00000130 02                     364 	.db #0x02	; 2
    00000131 03                     365 	.db #0x03	; 3
    00000132 02                     366 	.db #0x02	; 2
    00000133 03                     367 	.db #0x03	; 3
    00000134 02                     368 	.db #0x02	; 2
    00000135 03                     369 	.db #0x03	; 3
    00000136 02                     370 	.db #0x02	; 2
    00000137 03                     371 	.db #0x03	; 3
    00000138 02                     372 	.db #0x02	; 2
    00000139 03                     373 	.db #0x03	; 3
    0000013A 02                     374 	.db #0x02	; 2
    0000013B 03                     375 	.db #0x03	; 3
    0000013C 02                     376 	.db #0x02	; 2
    0000013D 03                     377 	.db #0x03	; 3
    0000013E 20                     378 	.db #0x20	; 32
    0000013F 31                     379 	.db #0x31	; 49	'1'
    00000140 26                     380 	.db #0x26	; 38
    00000141 27                     381 	.db #0x27	; 39
    00000142 06                     382 	.db #0x06	; 6
    00000143 05                     383 	.db #0x05	; 5
    00000144 07                     384 	.db #0x07	; 7
    00000145 06                     385 	.db #0x06	; 6
    00000146 05                     386 	.db #0x05	; 5
    00000147 07                     387 	.db #0x07	; 7
    00000148 06                     388 	.db #0x06	; 6
    00000149 05                     389 	.db #0x05	; 5
    0000014A 07                     390 	.db #0x07	; 7
    0000014B 06                     391 	.db #0x06	; 6
    0000014C 05                     392 	.db #0x05	; 5
    0000014D 07                     393 	.db #0x07	; 7
    0000014E 06                     394 	.db #0x06	; 6
    0000014F 05                     395 	.db #0x05	; 5
    00000150 07                     396 	.db #0x07	; 7
    00000151 2C                     397 	.db #0x2c	; 44
    00000152 08                     398 	.db #0x08	; 8
    00000153 09                     399 	.db #0x09	; 9
    00000154 2A                     400 	.db #0x2a	; 42
    00000155 2B                     401 	.db #0x2b	; 43
    00000156 16                     402 	.db #0x16	; 22
    00000157 17                     403 	.db #0x17	; 23
    00000158 16                     404 	.db #0x16	; 22
    00000159 17                     405 	.db #0x17	; 23
    0000015A 16                     406 	.db #0x16	; 22
    0000015B 17                     407 	.db #0x17	; 23
    0000015C 16                     408 	.db #0x16	; 22
    0000015D 17                     409 	.db #0x17	; 23
    0000015E 16                     410 	.db #0x16	; 22
    0000015F 17                     411 	.db #0x17	; 23
    00000160 16                     412 	.db #0x16	; 22
    00000161 17                     413 	.db #0x17	; 23
    00000162 16                     414 	.db #0x16	; 22
    00000163 17                     415 	.db #0x17	; 23
    00000164 16                     416 	.db #0x16	; 22
    00000165 17                     417 	.db #0x17	; 23
    00000166 18                     418 	.db #0x18	; 24
    00000167 19                     419 	.db #0x19	; 25
    00000168                        420 _room2:
    00000168 0A                     421 	.db #0x0a	; 10
    00000169 0B                     422 	.db #0x0b	; 11
    0000016A 0C                     423 	.db #0x0c	; 12
    0000016B 0D                     424 	.db #0x0d	; 13
    0000016C 0C                     425 	.db #0x0c	; 12
    0000016D 0D                     426 	.db #0x0d	; 13
    0000016E 0C                     427 	.db #0x0c	; 12
    0000016F 0D                     428 	.db #0x0d	; 13
    00000170 0C                     429 	.db #0x0c	; 12
    00000171 0D                     430 	.db #0x0d	; 13
    00000172 0C                     431 	.db #0x0c	; 12
    00000173 0D                     432 	.db #0x0d	; 13
    00000174 0C                     433 	.db #0x0c	; 12
    00000175 0D                     434 	.db #0x0d	; 13
    00000176 0C                     435 	.db #0x0c	; 12
    00000177 0D                     436 	.db #0x0d	; 13
    00000178 0C                     437 	.db #0x0c	; 12
    00000179 0D                     438 	.db #0x0d	; 13
    0000017A 28                     439 	.db #0x28	; 40
    0000017B 29                     440 	.db #0x29	; 41
    0000017C 1A                     441 	.db #0x1a	; 26
    0000017D 1B                     442 	.db #0x1b	; 27
    0000017E 1C                     443 	.db #0x1c	; 28
    0000017F 1D                     444 	.db #0x1d	; 29
    00000180 1C                     445 	.db #0x1c	; 28
    00000181 1D                     446 	.db #0x1d	; 29
    00000182 1C                     447 	.db #0x1c	; 28
    00000183 1D                     448 	.db #0x1d	; 29
    00000184 1C                     449 	.db #0x1c	; 28
    00000185 1D                     450 	.db #0x1d	; 29
    00000186 1C                     451 	.db #0x1c	; 28
    00000187 1D                     452 	.db #0x1d	; 29
    00000188 1C                     453 	.db #0x1c	; 28
    00000189 1D                     454 	.db #0x1d	; 29
    0000018A 1C                     455 	.db #0x1c	; 28
    0000018B 1D                     456 	.db #0x1d	; 29
    0000018C 1C                     457 	.db #0x1c	; 28
    0000018D 1D                     458 	.db #0x1d	; 29
    0000018E 10                     459 	.db #0x10	; 16
    0000018F 11                     460 	.db #0x11	; 17
    00000190 32                     461 	.db #0x32	; 50	'2'
    00000191 13                     462 	.db #0x13	; 19
    00000192 00                     463 	.db #0x00	; 0
    00000193 01                     464 	.db #0x01	; 1
    00000194 00                     465 	.db #0x00	; 0
    00000195 01                     466 	.db #0x01	; 1
    00000196 00                     467 	.db #0x00	; 0
    00000197 01                     468 	.db #0x01	; 1
    00000198 00                     469 	.db #0x00	; 0
    00000199 01                     470 	.db #0x01	; 1
    0000019A 00                     471 	.db #0x00	; 0
    0000019B 01                     472 	.db #0x01	; 1
    0000019C 00                     473 	.db #0x00	; 0
    0000019D 01                     474 	.db #0x01	; 1
    0000019E 00                     475 	.db #0x00	; 0
    0000019F 01                     476 	.db #0x01	; 1
    000001A0 00                     477 	.db #0x00	; 0
    000001A1 01                     478 	.db #0x01	; 1
    000001A2 14                     479 	.db #0x14	; 20
    000001A3 21                     480 	.db #0x21	; 33
    000001A4 22                     481 	.db #0x22	; 34
    000001A5 33                     482 	.db #0x33	; 51	'3'
    000001A6 02                     483 	.db #0x02	; 2
    000001A7 03                     484 	.db #0x03	; 3
    000001A8 02                     485 	.db #0x02	; 2
    000001A9 03                     486 	.db #0x03	; 3
    000001AA 02                     487 	.db #0x02	; 2
    000001AB 03                     488 	.db #0x03	; 3
    000001AC 02                     489 	.db #0x02	; 2
    000001AD 03                     490 	.db #0x03	; 3
    000001AE 02                     491 	.db #0x02	; 2
    000001AF 03                     492 	.db #0x03	; 3
    000001B0 02                     493 	.db #0x02	; 2
    000001B1 03                     494 	.db #0x03	; 3
    000001B2 02                     495 	.db #0x02	; 2
    000001B3 03                     496 	.db #0x03	; 3
    000001B4 02                     497 	.db #0x02	; 2
    000001B5 03                     498 	.db #0x03	; 3
    000001B6 20                     499 	.db #0x20	; 32
    000001B7 31                     500 	.db #0x31	; 49	'1'
    000001B8 32                     501 	.db #0x32	; 50	'2'
    000001B9 13                     502 	.db #0x13	; 19
    000001BA 00                     503 	.db #0x00	; 0
    000001BB 01                     504 	.db #0x01	; 1
    000001BC 00                     505 	.db #0x00	; 0
    000001BD 01                     506 	.db #0x01	; 1
    000001BE 00                     507 	.db #0x00	; 0
    000001BF 01                     508 	.db #0x01	; 1
    000001C0 00                     509 	.db #0x00	; 0
    000001C1 01                     510 	.db #0x01	; 1
    000001C2 00                     511 	.db #0x00	; 0
    000001C3 01                     512 	.db #0x01	; 1
    000001C4 00                     513 	.db #0x00	; 0
    000001C5 01                     514 	.db #0x01	; 1
    000001C6 00                     515 	.db #0x00	; 0
    000001C7 01                     516 	.db #0x01	; 1
    000001C8 00                     517 	.db #0x00	; 0
    000001C9 01                     518 	.db #0x01	; 1
    000001CA 30                     519 	.db #0x30	; 48	'0'
    000001CB 21                     520 	.db #0x21	; 33
    000001CC 22                     521 	.db #0x22	; 34
    000001CD 23                     522 	.db #0x23	; 35
    000001CE 02                     523 	.db #0x02	; 2
    000001CF 03                     524 	.db #0x03	; 3
    000001D0 02                     525 	.db #0x02	; 2
    000001D1 03                     526 	.db #0x03	; 3
    000001D2 02                     527 	.db #0x02	; 2
    000001D3 03                     528 	.db #0x03	; 3
    000001D4 02                     529 	.db #0x02	; 2
    000001D5 03                     530 	.db #0x03	; 3
    000001D6 02                     531 	.db #0x02	; 2
    000001D7 03                     532 	.db #0x03	; 3
    000001D8 02                     533 	.db #0x02	; 2
    000001D9 03                     534 	.db #0x03	; 3
    000001DA 02                     535 	.db #0x02	; 2
    000001DB 03                     536 	.db #0x03	; 3
    000001DC 02                     537 	.db #0x02	; 2
    000001DD 03                     538 	.db #0x03	; 3
    000001DE 14                     539 	.db #0x14	; 20
    000001DF 31                     540 	.db #0x31	; 49	'1'
    000001E0 32                     541 	.db #0x32	; 50	'2'
    000001E1 33                     542 	.db #0x33	; 51	'3'
    000001E2 00                     543 	.db #0x00	; 0
    000001E3 01                     544 	.db #0x01	; 1
    000001E4 00                     545 	.db #0x00	; 0
    000001E5 01                     546 	.db #0x01	; 1
    000001E6 00                     547 	.db #0x00	; 0
    000001E7 01                     548 	.db #0x01	; 1
    000001E8 00                     549 	.db #0x00	; 0
    000001E9 01                     550 	.db #0x01	; 1
    000001EA 00                     551 	.db #0x00	; 0
    000001EB 01                     552 	.db #0x01	; 1
    000001EC 00                     553 	.db #0x00	; 0
    000001ED 01                     554 	.db #0x01	; 1
    000001EE 00                     555 	.db #0x00	; 0
    000001EF 01                     556 	.db #0x01	; 1
    000001F0 00                     557 	.db #0x00	; 0
    000001F1 01                     558 	.db #0x01	; 1
    000001F2 30                     559 	.db #0x30	; 48	'0'
    000001F3 25                     560 	.db #0x25	; 37
    000001F4 22                     561 	.db #0x22	; 34
    000001F5 13                     562 	.db #0x13	; 19
    000001F6 02                     563 	.db #0x02	; 2
    000001F7 03                     564 	.db #0x03	; 3
    000001F8 02                     565 	.db #0x02	; 2
    000001F9 03                     566 	.db #0x03	; 3
    000001FA 02                     567 	.db #0x02	; 2
    000001FB 03                     568 	.db #0x03	; 3
    000001FC 02                     569 	.db #0x02	; 2
    000001FD 03                     570 	.db #0x03	; 3
    000001FE 02                     571 	.db #0x02	; 2
    000001FF 03                     572 	.db #0x03	; 3
    00000200 02                     573 	.db #0x02	; 2
    00000201 03                     574 	.db #0x03	; 3
    00000202 02                     575 	.db #0x02	; 2
    00000203 03                     576 	.db #0x03	; 3
    00000204 02                     577 	.db #0x02	; 2
    00000205 03                     578 	.db #0x03	; 3
    00000206 2E                     579 	.db #0x2e	; 46
    00000207 1D                     580 	.db #0x1d	; 29
    00000208 32                     581 	.db #0x32	; 50	'2'
    00000209 23                     582 	.db #0x23	; 35
    0000020A 00                     583 	.db #0x00	; 0
    0000020B 01                     584 	.db #0x01	; 1
    0000020C 00                     585 	.db #0x00	; 0
    0000020D 01                     586 	.db #0x01	; 1
    0000020E 00                     587 	.db #0x00	; 0
    0000020F 01                     588 	.db #0x01	; 1
    00000210 00                     589 	.db #0x00	; 0
    00000211 01                     590 	.db #0x01	; 1
    00000212 00                     591 	.db #0x00	; 0
    00000213 01                     592 	.db #0x01	; 1
    00000214 00                     593 	.db #0x00	; 0
    00000215 01                     594 	.db #0x01	; 1
    00000216 00                     595 	.db #0x00	; 0
    00000217 01                     596 	.db #0x01	; 1
    00000218 00                     597 	.db #0x00	; 0
    00000219 01                     598 	.db #0x01	; 1
    0000021A 00                     599 	.db #0x00	; 0
    0000021B 01                     600 	.db #0x01	; 1
    0000021C 22                     601 	.db #0x22	; 34
    0000021D 33                     602 	.db #0x33	; 51	'3'
    0000021E 02                     603 	.db #0x02	; 2
    0000021F 03                     604 	.db #0x03	; 3
    00000220 02                     605 	.db #0x02	; 2
    00000221 03                     606 	.db #0x03	; 3
    00000222 02                     607 	.db #0x02	; 2
    00000223 03                     608 	.db #0x03	; 3
    00000224 02                     609 	.db #0x02	; 2
    00000225 03                     610 	.db #0x03	; 3
    00000226 02                     611 	.db #0x02	; 2
    00000227 03                     612 	.db #0x03	; 3
    00000228 02                     613 	.db #0x02	; 2
    00000229 03                     614 	.db #0x03	; 3
    0000022A 02                     615 	.db #0x02	; 2
    0000022B 03                     616 	.db #0x03	; 3
    0000022C 02                     617 	.db #0x02	; 2
    0000022D 03                     618 	.db #0x03	; 3
    0000022E 02                     619 	.db #0x02	; 2
    0000022F 03                     620 	.db #0x03	; 3
    00000230 32                     621 	.db #0x32	; 50	'2'
    00000231 13                     622 	.db #0x13	; 19
    00000232 00                     623 	.db #0x00	; 0
    00000233 01                     624 	.db #0x01	; 1
    00000234 00                     625 	.db #0x00	; 0
    00000235 01                     626 	.db #0x01	; 1
    00000236 00                     627 	.db #0x00	; 0
    00000237 01                     628 	.db #0x01	; 1
    00000238 00                     629 	.db #0x00	; 0
    00000239 01                     630 	.db #0x01	; 1
    0000023A 00                     631 	.db #0x00	; 0
    0000023B 01                     632 	.db #0x01	; 1
    0000023C 00                     633 	.db #0x00	; 0
    0000023D 01                     634 	.db #0x01	; 1
    0000023E 00                     635 	.db #0x00	; 0
    0000023F 01                     636 	.db #0x01	; 1
    00000240 00                     637 	.db #0x00	; 0
    00000241 01                     638 	.db #0x01	; 1
    00000242 04                     639 	.db #0x04	; 4
    00000243 07                     640 	.db #0x07	; 7
    00000244 22                     641 	.db #0x22	; 34
    00000245 23                     642 	.db #0x23	; 35
    00000246 02                     643 	.db #0x02	; 2
    00000247 03                     644 	.db #0x03	; 3
    00000248 02                     645 	.db #0x02	; 2
    00000249 03                     646 	.db #0x03	; 3
    0000024A 02                     647 	.db #0x02	; 2
    0000024B 03                     648 	.db #0x03	; 3
    0000024C 02                     649 	.db #0x02	; 2
    0000024D 03                     650 	.db #0x03	; 3
    0000024E 02                     651 	.db #0x02	; 2
    0000024F 03                     652 	.db #0x03	; 3
    00000250 02                     653 	.db #0x02	; 2
    00000251 03                     654 	.db #0x03	; 3
    00000252 02                     655 	.db #0x02	; 2
    00000253 03                     656 	.db #0x03	; 3
    00000254 02                     657 	.db #0x02	; 2
    00000255 03                     658 	.db #0x03	; 3
    00000256 24                     659 	.db #0x24	; 36
    00000257 15                     660 	.db #0x15	; 21
    00000258 32                     661 	.db #0x32	; 50	'2'
    00000259 13                     662 	.db #0x13	; 19
    0000025A 00                     663 	.db #0x00	; 0
    0000025B 01                     664 	.db #0x01	; 1
    0000025C 00                     665 	.db #0x00	; 0
    0000025D 01                     666 	.db #0x01	; 1
    0000025E 00                     667 	.db #0x00	; 0
    0000025F 01                     668 	.db #0x01	; 1
    00000260 00                     669 	.db #0x00	; 0
    00000261 01                     670 	.db #0x01	; 1
    00000262 00                     671 	.db #0x00	; 0
    00000263 01                     672 	.db #0x01	; 1
    00000264 00                     673 	.db #0x00	; 0
    00000265 01                     674 	.db #0x01	; 1
    00000266 00                     675 	.db #0x00	; 0
    00000267 01                     676 	.db #0x01	; 1
    00000268 00                     677 	.db #0x00	; 0
    00000269 01                     678 	.db #0x01	; 1
    0000026A 20                     679 	.db #0x20	; 32
    0000026B 21                     680 	.db #0x21	; 33
    0000026C 22                     681 	.db #0x22	; 34
    0000026D 33                     682 	.db #0x33	; 51	'3'
    0000026E 02                     683 	.db #0x02	; 2
    0000026F 03                     684 	.db #0x03	; 3
    00000270 02                     685 	.db #0x02	; 2
    00000271 03                     686 	.db #0x03	; 3
    00000272 02                     687 	.db #0x02	; 2
    00000273 03                     688 	.db #0x03	; 3
    00000274 02                     689 	.db #0x02	; 2
    00000275 03                     690 	.db #0x03	; 3
    00000276 02                     691 	.db #0x02	; 2
    00000277 03                     692 	.db #0x03	; 3
    00000278 02                     693 	.db #0x02	; 2
    00000279 03                     694 	.db #0x03	; 3
    0000027A 02                     695 	.db #0x02	; 2
    0000027B 03                     696 	.db #0x03	; 3
    0000027C 02                     697 	.db #0x02	; 2
    0000027D 03                     698 	.db #0x03	; 3
    0000027E 30                     699 	.db #0x30	; 48	'0'
    0000027F 31                     700 	.db #0x31	; 49	'1'
    00000280 32                     701 	.db #0x32	; 50	'2'
    00000281 13                     702 	.db #0x13	; 19
    00000282 00                     703 	.db #0x00	; 0
    00000283 01                     704 	.db #0x01	; 1
    00000284 00                     705 	.db #0x00	; 0
    00000285 01                     706 	.db #0x01	; 1
    00000286 00                     707 	.db #0x00	; 0
    00000287 01                     708 	.db #0x01	; 1
    00000288 00                     709 	.db #0x00	; 0
    00000289 01                     710 	.db #0x01	; 1
    0000028A 00                     711 	.db #0x00	; 0
    0000028B 01                     712 	.db #0x01	; 1
    0000028C 00                     713 	.db #0x00	; 0
    0000028D 01                     714 	.db #0x01	; 1
    0000028E 00                     715 	.db #0x00	; 0
    0000028F 01                     716 	.db #0x01	; 1
    00000290 00                     717 	.db #0x00	; 0
    00000291 01                     718 	.db #0x01	; 1
    00000292 14                     719 	.db #0x14	; 20
    00000293 21                     720 	.db #0x21	; 33
    00000294 22                     721 	.db #0x22	; 34
    00000295 23                     722 	.db #0x23	; 35
    00000296 02                     723 	.db #0x02	; 2
    00000297 03                     724 	.db #0x03	; 3
    00000298 02                     725 	.db #0x02	; 2
    00000299 03                     726 	.db #0x03	; 3
    0000029A 02                     727 	.db #0x02	; 2
    0000029B 03                     728 	.db #0x03	; 3
    0000029C 02                     729 	.db #0x02	; 2
    0000029D 03                     730 	.db #0x03	; 3
    0000029E 02                     731 	.db #0x02	; 2
    0000029F 03                     732 	.db #0x03	; 3
    000002A0 02                     733 	.db #0x02	; 2
    000002A1 03                     734 	.db #0x03	; 3
    000002A2 02                     735 	.db #0x02	; 2
    000002A3 03                     736 	.db #0x03	; 3
    000002A4 02                     737 	.db #0x02	; 2
    000002A5 03                     738 	.db #0x03	; 3
    000002A6 20                     739 	.db #0x20	; 32
    000002A7 31                     740 	.db #0x31	; 49	'1'
    000002A8 26                     741 	.db #0x26	; 38
    000002A9 27                     742 	.db #0x27	; 39
    000002AA 06                     743 	.db #0x06	; 6
    000002AB 05                     744 	.db #0x05	; 5
    000002AC 07                     745 	.db #0x07	; 7
    000002AD 06                     746 	.db #0x06	; 6
    000002AE 05                     747 	.db #0x05	; 5
    000002AF 07                     748 	.db #0x07	; 7
    000002B0 06                     749 	.db #0x06	; 6
    000002B1 05                     750 	.db #0x05	; 5
    000002B2 07                     751 	.db #0x07	; 7
    000002B3 06                     752 	.db #0x06	; 6
    000002B4 05                     753 	.db #0x05	; 5
    000002B5 07                     754 	.db #0x07	; 7
    000002B6 06                     755 	.db #0x06	; 6
    000002B7 05                     756 	.db #0x05	; 5
    000002B8 07                     757 	.db #0x07	; 7
    000002B9 2C                     758 	.db #0x2c	; 44
    000002BA 08                     759 	.db #0x08	; 8
    000002BB 09                     760 	.db #0x09	; 9
    000002BC 2A                     761 	.db #0x2a	; 42
    000002BD 2B                     762 	.db #0x2b	; 43
    000002BE 16                     763 	.db #0x16	; 22
    000002BF 17                     764 	.db #0x17	; 23
    000002C0 16                     765 	.db #0x16	; 22
    000002C1 17                     766 	.db #0x17	; 23
    000002C2 16                     767 	.db #0x16	; 22
    000002C3 17                     768 	.db #0x17	; 23
    000002C4 16                     769 	.db #0x16	; 22
    000002C5 17                     770 	.db #0x17	; 23
    000002C6 16                     771 	.db #0x16	; 22
    000002C7 17                     772 	.db #0x17	; 23
    000002C8 16                     773 	.db #0x16	; 22
    000002C9 17                     774 	.db #0x17	; 23
    000002CA 16                     775 	.db #0x16	; 22
    000002CB 17                     776 	.db #0x17	; 23
    000002CC 16                     777 	.db #0x16	; 22
    000002CD 17                     778 	.db #0x17	; 23
    000002CE 18                     779 	.db #0x18	; 24
    000002CF 19                     780 	.db #0x19	; 25
    000002D0                        781 _room3:
    000002D0 0A                     782 	.db #0x0a	; 10
    000002D1 0B                     783 	.db #0x0b	; 11
    000002D2 0C                     784 	.db #0x0c	; 12
    000002D3 0D                     785 	.db #0x0d	; 13
    000002D4 0C                     786 	.db #0x0c	; 12
    000002D5 0D                     787 	.db #0x0d	; 13
    000002D6 0E                     788 	.db #0x0e	; 14
    000002D7 33                     789 	.db #0x33	; 51	'3'
    000002D8 00                     790 	.db #0x00	; 0
    000002D9 01                     791 	.db #0x01	; 1
    000002DA 00                     792 	.db #0x00	; 0
    000002DB 01                     793 	.db #0x01	; 1
    000002DC 30                     794 	.db #0x30	; 48	'0'
    000002DD 25                     795 	.db #0x25	; 37
    000002DE 0C                     796 	.db #0x0c	; 12
    000002DF 0D                     797 	.db #0x0d	; 13
    000002E0 0C                     798 	.db #0x0c	; 12
    000002E1 0D                     799 	.db #0x0d	; 13
    000002E2 28                     800 	.db #0x28	; 40
    000002E3 29                     801 	.db #0x29	; 41
    000002E4 1A                     802 	.db #0x1a	; 26
    000002E5 1B                     803 	.db #0x1b	; 27
    000002E6 1C                     804 	.db #0x1c	; 28
    000002E7 1D                     805 	.db #0x1d	; 29
    000002E8 1C                     806 	.db #0x1c	; 28
    000002E9 1D                     807 	.db #0x1d	; 29
    000002EA 1C                     808 	.db #0x1c	; 28
    000002EB 1F                     809 	.db #0x1f	; 31
    000002EC 02                     810 	.db #0x02	; 2
    000002ED 03                     811 	.db #0x03	; 3
    000002EE 02                     812 	.db #0x02	; 2
    000002EF 03                     813 	.db #0x03	; 3
    000002F0 2E                     814 	.db #0x2e	; 46
    000002F1 1D                     815 	.db #0x1d	; 29
    000002F2 1C                     816 	.db #0x1c	; 28
    000002F3 1D                     817 	.db #0x1d	; 29
    000002F4 1C                     818 	.db #0x1c	; 28
    000002F5 1D                     819 	.db #0x1d	; 29
    000002F6 10                     820 	.db #0x10	; 16
    000002F7 11                     821 	.db #0x11	; 17
    000002F8 32                     822 	.db #0x32	; 50	'2'
    000002F9 13                     823 	.db #0x13	; 19
    000002FA 00                     824 	.db #0x00	; 0
    000002FB 01                     825 	.db #0x01	; 1
    000002FC 00                     826 	.db #0x00	; 0
    000002FD 01                     827 	.db #0x01	; 1
    000002FE 00                     828 	.db #0x00	; 0
    000002FF 01                     829 	.db #0x01	; 1
    00000300 00                     830 	.db #0x00	; 0
    00000301 01                     831 	.db #0x01	; 1
    00000302 00                     832 	.db #0x00	; 0
    00000303 01                     833 	.db #0x01	; 1
    00000304 00                     834 	.db #0x00	; 0
    00000305 01                     835 	.db #0x01	; 1
    00000306 00                     836 	.db #0x00	; 0
    00000307 01                     837 	.db #0x01	; 1
    00000308 00                     838 	.db #0x00	; 0
    00000309 01                     839 	.db #0x01	; 1
    0000030A 14                     840 	.db #0x14	; 20
    0000030B 21                     841 	.db #0x21	; 33
    0000030C 22                     842 	.db #0x22	; 34
    0000030D 33                     843 	.db #0x33	; 51	'3'
    0000030E 02                     844 	.db #0x02	; 2
    0000030F 03                     845 	.db #0x03	; 3
    00000310 02                     846 	.db #0x02	; 2
    00000311 03                     847 	.db #0x03	; 3
    00000312 02                     848 	.db #0x02	; 2
    00000313 03                     849 	.db #0x03	; 3
    00000314 02                     850 	.db #0x02	; 2
    00000315 03                     851 	.db #0x03	; 3
    00000316 02                     852 	.db #0x02	; 2
    00000317 03                     853 	.db #0x03	; 3
    00000318 02                     854 	.db #0x02	; 2
    00000319 03                     855 	.db #0x03	; 3
    0000031A 02                     856 	.db #0x02	; 2
    0000031B 03                     857 	.db #0x03	; 3
    0000031C 02                     858 	.db #0x02	; 2
    0000031D 03                     859 	.db #0x03	; 3
    0000031E 20                     860 	.db #0x20	; 32
    0000031F 31                     861 	.db #0x31	; 49	'1'
    00000320 32                     862 	.db #0x32	; 50	'2'
    00000321 13                     863 	.db #0x13	; 19
    00000322 00                     864 	.db #0x00	; 0
    00000323 01                     865 	.db #0x01	; 1
    00000324 00                     866 	.db #0x00	; 0
    00000325 01                     867 	.db #0x01	; 1
    00000326 00                     868 	.db #0x00	; 0
    00000327 01                     869 	.db #0x01	; 1
    00000328 00                     870 	.db #0x00	; 0
    00000329 01                     871 	.db #0x01	; 1
    0000032A 00                     872 	.db #0x00	; 0
    0000032B 01                     873 	.db #0x01	; 1
    0000032C 00                     874 	.db #0x00	; 0
    0000032D 01                     875 	.db #0x01	; 1
    0000032E 00                     876 	.db #0x00	; 0
    0000032F 01                     877 	.db #0x01	; 1
    00000330 00                     878 	.db #0x00	; 0
    00000331 01                     879 	.db #0x01	; 1
    00000332 30                     880 	.db #0x30	; 48	'0'
    00000333 21                     881 	.db #0x21	; 33
    00000334 22                     882 	.db #0x22	; 34
    00000335 23                     883 	.db #0x23	; 35
    00000336 02                     884 	.db #0x02	; 2
    00000337 03                     885 	.db #0x03	; 3
    00000338 02                     886 	.db #0x02	; 2
    00000339 03                     887 	.db #0x03	; 3
    0000033A 02                     888 	.db #0x02	; 2
    0000033B 03                     889 	.db #0x03	; 3
    0000033C 02                     890 	.db #0x02	; 2
    0000033D 03                     891 	.db #0x03	; 3
    0000033E 02                     892 	.db #0x02	; 2
    0000033F 03                     893 	.db #0x03	; 3
    00000340 02                     894 	.db #0x02	; 2
    00000341 03                     895 	.db #0x03	; 3
    00000342 02                     896 	.db #0x02	; 2
    00000343 03                     897 	.db #0x03	; 3
    00000344 02                     898 	.db #0x02	; 2
    00000345 03                     899 	.db #0x03	; 3
    00000346 14                     900 	.db #0x14	; 20
    00000347 31                     901 	.db #0x31	; 49	'1'
    00000348 32                     902 	.db #0x32	; 50	'2'
    00000349 33                     903 	.db #0x33	; 51	'3'
    0000034A 00                     904 	.db #0x00	; 0
    0000034B 01                     905 	.db #0x01	; 1
    0000034C 00                     906 	.db #0x00	; 0
    0000034D 01                     907 	.db #0x01	; 1
    0000034E 00                     908 	.db #0x00	; 0
    0000034F 01                     909 	.db #0x01	; 1
    00000350 00                     910 	.db #0x00	; 0
    00000351 01                     911 	.db #0x01	; 1
    00000352 00                     912 	.db #0x00	; 0
    00000353 01                     913 	.db #0x01	; 1
    00000354 00                     914 	.db #0x00	; 0
    00000355 01                     915 	.db #0x01	; 1
    00000356 00                     916 	.db #0x00	; 0
    00000357 01                     917 	.db #0x01	; 1
    00000358 00                     918 	.db #0x00	; 0
    00000359 01                     919 	.db #0x01	; 1
    0000035A 30                     920 	.db #0x30	; 48	'0'
    0000035B 25                     921 	.db #0x25	; 37
    0000035C 22                     922 	.db #0x22	; 34
    0000035D 13                     923 	.db #0x13	; 19
    0000035E 02                     924 	.db #0x02	; 2
    0000035F 03                     925 	.db #0x03	; 3
    00000360 02                     926 	.db #0x02	; 2
    00000361 03                     927 	.db #0x03	; 3
    00000362 02                     928 	.db #0x02	; 2
    00000363 03                     929 	.db #0x03	; 3
    00000364 02                     930 	.db #0x02	; 2
    00000365 03                     931 	.db #0x03	; 3
    00000366 02                     932 	.db #0x02	; 2
    00000367 03                     933 	.db #0x03	; 3
    00000368 02                     934 	.db #0x02	; 2
    00000369 03                     935 	.db #0x03	; 3
    0000036A 02                     936 	.db #0x02	; 2
    0000036B 03                     937 	.db #0x03	; 3
    0000036C 02                     938 	.db #0x02	; 2
    0000036D 03                     939 	.db #0x03	; 3
    0000036E 2E                     940 	.db #0x2e	; 46
    0000036F 1D                     941 	.db #0x1d	; 29
    00000370 32                     942 	.db #0x32	; 50	'2'
    00000371 23                     943 	.db #0x23	; 35
    00000372 00                     944 	.db #0x00	; 0
    00000373 01                     945 	.db #0x01	; 1
    00000374 00                     946 	.db #0x00	; 0
    00000375 01                     947 	.db #0x01	; 1
    00000376 00                     948 	.db #0x00	; 0
    00000377 01                     949 	.db #0x01	; 1
    00000378 00                     950 	.db #0x00	; 0
    00000379 01                     951 	.db #0x01	; 1
    0000037A 00                     952 	.db #0x00	; 0
    0000037B 01                     953 	.db #0x01	; 1
    0000037C 00                     954 	.db #0x00	; 0
    0000037D 01                     955 	.db #0x01	; 1
    0000037E 00                     956 	.db #0x00	; 0
    0000037F 01                     957 	.db #0x01	; 1
    00000380 00                     958 	.db #0x00	; 0
    00000381 01                     959 	.db #0x01	; 1
    00000382 00                     960 	.db #0x00	; 0
    00000383 01                     961 	.db #0x01	; 1
    00000384 22                     962 	.db #0x22	; 34
    00000385 33                     963 	.db #0x33	; 51	'3'
    00000386 02                     964 	.db #0x02	; 2
    00000387 03                     965 	.db #0x03	; 3
    00000388 02                     966 	.db #0x02	; 2
    00000389 03                     967 	.db #0x03	; 3
    0000038A 02                     968 	.db #0x02	; 2
    0000038B 03                     969 	.db #0x03	; 3
    0000038C 02                     970 	.db #0x02	; 2
    0000038D 03                     971 	.db #0x03	; 3
    0000038E 02                     972 	.db #0x02	; 2
    0000038F 03                     973 	.db #0x03	; 3
    00000390 02                     974 	.db #0x02	; 2
    00000391 03                     975 	.db #0x03	; 3
    00000392 02                     976 	.db #0x02	; 2
    00000393 03                     977 	.db #0x03	; 3
    00000394 02                     978 	.db #0x02	; 2
    00000395 03                     979 	.db #0x03	; 3
    00000396 02                     980 	.db #0x02	; 2
    00000397 03                     981 	.db #0x03	; 3
    00000398 32                     982 	.db #0x32	; 50	'2'
    00000399 13                     983 	.db #0x13	; 19
    0000039A 00                     984 	.db #0x00	; 0
    0000039B 01                     985 	.db #0x01	; 1
    0000039C 00                     986 	.db #0x00	; 0
    0000039D 01                     987 	.db #0x01	; 1
    0000039E 00                     988 	.db #0x00	; 0
    0000039F 01                     989 	.db #0x01	; 1
    000003A0 00                     990 	.db #0x00	; 0
    000003A1 01                     991 	.db #0x01	; 1
    000003A2 00                     992 	.db #0x00	; 0
    000003A3 01                     993 	.db #0x01	; 1
    000003A4 00                     994 	.db #0x00	; 0
    000003A5 01                     995 	.db #0x01	; 1
    000003A6 00                     996 	.db #0x00	; 0
    000003A7 01                     997 	.db #0x01	; 1
    000003A8 00                     998 	.db #0x00	; 0
    000003A9 01                     999 	.db #0x01	; 1
    000003AA 04                    1000 	.db #0x04	; 4
    000003AB 07                    1001 	.db #0x07	; 7
    000003AC 22                    1002 	.db #0x22	; 34
    000003AD 23                    1003 	.db #0x23	; 35
    000003AE 02                    1004 	.db #0x02	; 2
    000003AF 03                    1005 	.db #0x03	; 3
    000003B0 02                    1006 	.db #0x02	; 2
    000003B1 03                    1007 	.db #0x03	; 3
    000003B2 02                    1008 	.db #0x02	; 2
    000003B3 03                    1009 	.db #0x03	; 3
    000003B4 02                    1010 	.db #0x02	; 2
    000003B5 03                    1011 	.db #0x03	; 3
    000003B6 02                    1012 	.db #0x02	; 2
    000003B7 03                    1013 	.db #0x03	; 3
    000003B8 02                    1014 	.db #0x02	; 2
    000003B9 03                    1015 	.db #0x03	; 3
    000003BA 02                    1016 	.db #0x02	; 2
    000003BB 03                    1017 	.db #0x03	; 3
    000003BC 02                    1018 	.db #0x02	; 2
    000003BD 03                    1019 	.db #0x03	; 3
    000003BE 24                    1020 	.db #0x24	; 36
    000003BF 15                    1021 	.db #0x15	; 21
    000003C0 32                    1022 	.db #0x32	; 50	'2'
    000003C1 13                    1023 	.db #0x13	; 19
    000003C2 00                    1024 	.db #0x00	; 0
    000003C3 01                    1025 	.db #0x01	; 1
    000003C4 00                    1026 	.db #0x00	; 0
    000003C5 01                    1027 	.db #0x01	; 1
    000003C6 00                    1028 	.db #0x00	; 0
    000003C7 01                    1029 	.db #0x01	; 1
    000003C8 00                    1030 	.db #0x00	; 0
    000003C9 01                    1031 	.db #0x01	; 1
    000003CA 00                    1032 	.db #0x00	; 0
    000003CB 01                    1033 	.db #0x01	; 1
    000003CC 00                    1034 	.db #0x00	; 0
    000003CD 01                    1035 	.db #0x01	; 1
    000003CE 00                    1036 	.db #0x00	; 0
    000003CF 01                    1037 	.db #0x01	; 1
    000003D0 00                    1038 	.db #0x00	; 0
    000003D1 01                    1039 	.db #0x01	; 1
    000003D2 20                    1040 	.db #0x20	; 32
    000003D3 21                    1041 	.db #0x21	; 33
    000003D4 22                    1042 	.db #0x22	; 34
    000003D5 33                    1043 	.db #0x33	; 51	'3'
    000003D6 02                    1044 	.db #0x02	; 2
    000003D7 03                    1045 	.db #0x03	; 3
    000003D8 02                    1046 	.db #0x02	; 2
    000003D9 03                    1047 	.db #0x03	; 3
    000003DA 02                    1048 	.db #0x02	; 2
    000003DB 03                    1049 	.db #0x03	; 3
    000003DC 02                    1050 	.db #0x02	; 2
    000003DD 03                    1051 	.db #0x03	; 3
    000003DE 02                    1052 	.db #0x02	; 2
    000003DF 03                    1053 	.db #0x03	; 3
    000003E0 02                    1054 	.db #0x02	; 2
    000003E1 03                    1055 	.db #0x03	; 3
    000003E2 02                    1056 	.db #0x02	; 2
    000003E3 03                    1057 	.db #0x03	; 3
    000003E4 02                    1058 	.db #0x02	; 2
    000003E5 03                    1059 	.db #0x03	; 3
    000003E6 30                    1060 	.db #0x30	; 48	'0'
    000003E7 31                    1061 	.db #0x31	; 49	'1'
    000003E8 32                    1062 	.db #0x32	; 50	'2'
    000003E9 13                    1063 	.db #0x13	; 19
    000003EA 00                    1064 	.db #0x00	; 0
    000003EB 01                    1065 	.db #0x01	; 1
    000003EC 00                    1066 	.db #0x00	; 0
    000003ED 01                    1067 	.db #0x01	; 1
    000003EE 00                    1068 	.db #0x00	; 0
    000003EF 01                    1069 	.db #0x01	; 1
    000003F0 00                    1070 	.db #0x00	; 0
    000003F1 01                    1071 	.db #0x01	; 1
    000003F2 00                    1072 	.db #0x00	; 0
    000003F3 01                    1073 	.db #0x01	; 1
    000003F4 00                    1074 	.db #0x00	; 0
    000003F5 01                    1075 	.db #0x01	; 1
    000003F6 00                    1076 	.db #0x00	; 0
    000003F7 01                    1077 	.db #0x01	; 1
    000003F8 00                    1078 	.db #0x00	; 0
    000003F9 01                    1079 	.db #0x01	; 1
    000003FA 14                    1080 	.db #0x14	; 20
    000003FB 21                    1081 	.db #0x21	; 33
    000003FC 22                    1082 	.db #0x22	; 34
    000003FD 23                    1083 	.db #0x23	; 35
    000003FE 02                    1084 	.db #0x02	; 2
    000003FF 03                    1085 	.db #0x03	; 3
    00000400 02                    1086 	.db #0x02	; 2
    00000401 03                    1087 	.db #0x03	; 3
    00000402 02                    1088 	.db #0x02	; 2
    00000403 03                    1089 	.db #0x03	; 3
    00000404 02                    1090 	.db #0x02	; 2
    00000405 03                    1091 	.db #0x03	; 3
    00000406 02                    1092 	.db #0x02	; 2
    00000407 03                    1093 	.db #0x03	; 3
    00000408 02                    1094 	.db #0x02	; 2
    00000409 03                    1095 	.db #0x03	; 3
    0000040A 02                    1096 	.db #0x02	; 2
    0000040B 03                    1097 	.db #0x03	; 3
    0000040C 02                    1098 	.db #0x02	; 2
    0000040D 03                    1099 	.db #0x03	; 3
    0000040E 20                    1100 	.db #0x20	; 32
    0000040F 31                    1101 	.db #0x31	; 49	'1'
    00000410 26                    1102 	.db #0x26	; 38
    00000411 27                    1103 	.db #0x27	; 39
    00000412 06                    1104 	.db #0x06	; 6
    00000413 05                    1105 	.db #0x05	; 5
    00000414 07                    1106 	.db #0x07	; 7
    00000415 06                    1107 	.db #0x06	; 6
    00000416 05                    1108 	.db #0x05	; 5
    00000417 07                    1109 	.db #0x07	; 7
    00000418 06                    1110 	.db #0x06	; 6
    00000419 05                    1111 	.db #0x05	; 5
    0000041A 07                    1112 	.db #0x07	; 7
    0000041B 06                    1113 	.db #0x06	; 6
    0000041C 05                    1114 	.db #0x05	; 5
    0000041D 07                    1115 	.db #0x07	; 7
    0000041E 06                    1116 	.db #0x06	; 6
    0000041F 05                    1117 	.db #0x05	; 5
    00000420 07                    1118 	.db #0x07	; 7
    00000421 2C                    1119 	.db #0x2c	; 44
    00000422 08                    1120 	.db #0x08	; 8
    00000423 09                    1121 	.db #0x09	; 9
    00000424 2A                    1122 	.db #0x2a	; 42
    00000425 2B                    1123 	.db #0x2b	; 43
    00000426 16                    1124 	.db #0x16	; 22
    00000427 17                    1125 	.db #0x17	; 23
    00000428 16                    1126 	.db #0x16	; 22
    00000429 17                    1127 	.db #0x17	; 23
    0000042A 16                    1128 	.db #0x16	; 22
    0000042B 17                    1129 	.db #0x17	; 23
    0000042C 16                    1130 	.db #0x16	; 22
    0000042D 17                    1131 	.db #0x17	; 23
    0000042E 16                    1132 	.db #0x16	; 22
    0000042F 17                    1133 	.db #0x17	; 23
    00000430 16                    1134 	.db #0x16	; 22
    00000431 17                    1135 	.db #0x17	; 23
    00000432 16                    1136 	.db #0x16	; 22
    00000433 17                    1137 	.db #0x17	; 23
    00000434 16                    1138 	.db #0x16	; 22
    00000435 17                    1139 	.db #0x17	; 23
    00000436 18                    1140 	.db #0x18	; 24
    00000437 19                    1141 	.db #0x19	; 25
    00000438                       1142 _room4:
    00000438 0A                    1143 	.db #0x0a	; 10
    00000439 0B                    1144 	.db #0x0b	; 11
    0000043A 0C                    1145 	.db #0x0c	; 12
    0000043B 0D                    1146 	.db #0x0d	; 13
    0000043C 0C                    1147 	.db #0x0c	; 12
    0000043D 0D                    1148 	.db #0x0d	; 13
    0000043E 0C                    1149 	.db #0x0c	; 12
    0000043F 0D                    1150 	.db #0x0d	; 13
    00000440 0C                    1151 	.db #0x0c	; 12
    00000441 0D                    1152 	.db #0x0d	; 13
    00000442 0C                    1153 	.db #0x0c	; 12
    00000443 0D                    1154 	.db #0x0d	; 13
    00000444 0C                    1155 	.db #0x0c	; 12
    00000445 0D                    1156 	.db #0x0d	; 13
    00000446 0C                    1157 	.db #0x0c	; 12
    00000447 0D                    1158 	.db #0x0d	; 13
    00000448 0C                    1159 	.db #0x0c	; 12
    00000449 0D                    1160 	.db #0x0d	; 13
    0000044A 28                    1161 	.db #0x28	; 40
    0000044B 29                    1162 	.db #0x29	; 41
    0000044C 1A                    1163 	.db #0x1a	; 26
    0000044D 1B                    1164 	.db #0x1b	; 27
    0000044E 1C                    1165 	.db #0x1c	; 28
    0000044F 1D                    1166 	.db #0x1d	; 29
    00000450 1C                    1167 	.db #0x1c	; 28
    00000451 1D                    1168 	.db #0x1d	; 29
    00000452 1C                    1169 	.db #0x1c	; 28
    00000453 1D                    1170 	.db #0x1d	; 29
    00000454 1C                    1171 	.db #0x1c	; 28
    00000455 1D                    1172 	.db #0x1d	; 29
    00000456 1C                    1173 	.db #0x1c	; 28
    00000457 1D                    1174 	.db #0x1d	; 29
    00000458 1C                    1175 	.db #0x1c	; 28
    00000459 1D                    1176 	.db #0x1d	; 29
    0000045A 1C                    1177 	.db #0x1c	; 28
    0000045B 1D                    1178 	.db #0x1d	; 29
    0000045C 1C                    1179 	.db #0x1c	; 28
    0000045D 1D                    1180 	.db #0x1d	; 29
    0000045E 10                    1181 	.db #0x10	; 16
    0000045F 11                    1182 	.db #0x11	; 17
    00000460 32                    1183 	.db #0x32	; 50	'2'
    00000461 13                    1184 	.db #0x13	; 19
    00000462 00                    1185 	.db #0x00	; 0
    00000463 01                    1186 	.db #0x01	; 1
    00000464 00                    1187 	.db #0x00	; 0
    00000465 01                    1188 	.db #0x01	; 1
    00000466 00                    1189 	.db #0x00	; 0
    00000467 01                    1190 	.db #0x01	; 1
    00000468 00                    1191 	.db #0x00	; 0
    00000469 01                    1192 	.db #0x01	; 1
    0000046A 00                    1193 	.db #0x00	; 0
    0000046B 01                    1194 	.db #0x01	; 1
    0000046C 00                    1195 	.db #0x00	; 0
    0000046D 01                    1196 	.db #0x01	; 1
    0000046E 00                    1197 	.db #0x00	; 0
    0000046F 01                    1198 	.db #0x01	; 1
    00000470 00                    1199 	.db #0x00	; 0
    00000471 01                    1200 	.db #0x01	; 1
    00000472 14                    1201 	.db #0x14	; 20
    00000473 21                    1202 	.db #0x21	; 33
    00000474 22                    1203 	.db #0x22	; 34
    00000475 33                    1204 	.db #0x33	; 51	'3'
    00000476 02                    1205 	.db #0x02	; 2
    00000477 03                    1206 	.db #0x03	; 3
    00000478 02                    1207 	.db #0x02	; 2
    00000479 03                    1208 	.db #0x03	; 3
    0000047A 02                    1209 	.db #0x02	; 2
    0000047B 03                    1210 	.db #0x03	; 3
    0000047C 02                    1211 	.db #0x02	; 2
    0000047D 03                    1212 	.db #0x03	; 3
    0000047E 02                    1213 	.db #0x02	; 2
    0000047F 03                    1214 	.db #0x03	; 3
    00000480 02                    1215 	.db #0x02	; 2
    00000481 03                    1216 	.db #0x03	; 3
    00000482 02                    1217 	.db #0x02	; 2
    00000483 03                    1218 	.db #0x03	; 3
    00000484 02                    1219 	.db #0x02	; 2
    00000485 03                    1220 	.db #0x03	; 3
    00000486 20                    1221 	.db #0x20	; 32
    00000487 31                    1222 	.db #0x31	; 49	'1'
    00000488 32                    1223 	.db #0x32	; 50	'2'
    00000489 13                    1224 	.db #0x13	; 19
    0000048A 00                    1225 	.db #0x00	; 0
    0000048B 01                    1226 	.db #0x01	; 1
    0000048C 00                    1227 	.db #0x00	; 0
    0000048D 01                    1228 	.db #0x01	; 1
    0000048E 00                    1229 	.db #0x00	; 0
    0000048F 01                    1230 	.db #0x01	; 1
    00000490 00                    1231 	.db #0x00	; 0
    00000491 01                    1232 	.db #0x01	; 1
    00000492 00                    1233 	.db #0x00	; 0
    00000493 01                    1234 	.db #0x01	; 1
    00000494 00                    1235 	.db #0x00	; 0
    00000495 01                    1236 	.db #0x01	; 1
    00000496 00                    1237 	.db #0x00	; 0
    00000497 01                    1238 	.db #0x01	; 1
    00000498 00                    1239 	.db #0x00	; 0
    00000499 01                    1240 	.db #0x01	; 1
    0000049A 30                    1241 	.db #0x30	; 48	'0'
    0000049B 21                    1242 	.db #0x21	; 33
    0000049C 22                    1243 	.db #0x22	; 34
    0000049D 23                    1244 	.db #0x23	; 35
    0000049E 02                    1245 	.db #0x02	; 2
    0000049F 03                    1246 	.db #0x03	; 3
    000004A0 02                    1247 	.db #0x02	; 2
    000004A1 03                    1248 	.db #0x03	; 3
    000004A2 02                    1249 	.db #0x02	; 2
    000004A3 03                    1250 	.db #0x03	; 3
    000004A4 02                    1251 	.db #0x02	; 2
    000004A5 03                    1252 	.db #0x03	; 3
    000004A6 02                    1253 	.db #0x02	; 2
    000004A7 03                    1254 	.db #0x03	; 3
    000004A8 02                    1255 	.db #0x02	; 2
    000004A9 03                    1256 	.db #0x03	; 3
    000004AA 02                    1257 	.db #0x02	; 2
    000004AB 03                    1258 	.db #0x03	; 3
    000004AC 02                    1259 	.db #0x02	; 2
    000004AD 03                    1260 	.db #0x03	; 3
    000004AE 14                    1261 	.db #0x14	; 20
    000004AF 31                    1262 	.db #0x31	; 49	'1'
    000004B0 32                    1263 	.db #0x32	; 50	'2'
    000004B1 33                    1264 	.db #0x33	; 51	'3'
    000004B2 00                    1265 	.db #0x00	; 0
    000004B3 01                    1266 	.db #0x01	; 1
    000004B4 00                    1267 	.db #0x00	; 0
    000004B5 01                    1268 	.db #0x01	; 1
    000004B6 00                    1269 	.db #0x00	; 0
    000004B7 01                    1270 	.db #0x01	; 1
    000004B8 00                    1271 	.db #0x00	; 0
    000004B9 01                    1272 	.db #0x01	; 1
    000004BA 00                    1273 	.db #0x00	; 0
    000004BB 01                    1274 	.db #0x01	; 1
    000004BC 00                    1275 	.db #0x00	; 0
    000004BD 01                    1276 	.db #0x01	; 1
    000004BE 00                    1277 	.db #0x00	; 0
    000004BF 01                    1278 	.db #0x01	; 1
    000004C0 00                    1279 	.db #0x00	; 0
    000004C1 01                    1280 	.db #0x01	; 1
    000004C2 30                    1281 	.db #0x30	; 48	'0'
    000004C3 21                    1282 	.db #0x21	; 33
    000004C4 22                    1283 	.db #0x22	; 34
    000004C5 13                    1284 	.db #0x13	; 19
    000004C6 02                    1285 	.db #0x02	; 2
    000004C7 03                    1286 	.db #0x03	; 3
    000004C8 02                    1287 	.db #0x02	; 2
    000004C9 03                    1288 	.db #0x03	; 3
    000004CA 02                    1289 	.db #0x02	; 2
    000004CB 03                    1290 	.db #0x03	; 3
    000004CC 02                    1291 	.db #0x02	; 2
    000004CD 03                    1292 	.db #0x03	; 3
    000004CE 02                    1293 	.db #0x02	; 2
    000004CF 03                    1294 	.db #0x03	; 3
    000004D0 02                    1295 	.db #0x02	; 2
    000004D1 03                    1296 	.db #0x03	; 3
    000004D2 02                    1297 	.db #0x02	; 2
    000004D3 03                    1298 	.db #0x03	; 3
    000004D4 02                    1299 	.db #0x02	; 2
    000004D5 03                    1300 	.db #0x03	; 3
    000004D6 14                    1301 	.db #0x14	; 20
    000004D7 31                    1302 	.db #0x31	; 49	'1'
    000004D8 32                    1303 	.db #0x32	; 50	'2'
    000004D9 23                    1304 	.db #0x23	; 35
    000004DA 00                    1305 	.db #0x00	; 0
    000004DB 01                    1306 	.db #0x01	; 1
    000004DC 00                    1307 	.db #0x00	; 0
    000004DD 01                    1308 	.db #0x01	; 1
    000004DE 00                    1309 	.db #0x00	; 0
    000004DF 01                    1310 	.db #0x01	; 1
    000004E0 00                    1311 	.db #0x00	; 0
    000004E1 01                    1312 	.db #0x01	; 1
    000004E2 00                    1313 	.db #0x00	; 0
    000004E3 01                    1314 	.db #0x01	; 1
    000004E4 00                    1315 	.db #0x00	; 0
    000004E5 01                    1316 	.db #0x01	; 1
    000004E6 00                    1317 	.db #0x00	; 0
    000004E7 01                    1318 	.db #0x01	; 1
    000004E8 00                    1319 	.db #0x00	; 0
    000004E9 01                    1320 	.db #0x01	; 1
    000004EA 30                    1321 	.db #0x30	; 48	'0'
    000004EB 21                    1322 	.db #0x21	; 33
    000004EC 22                    1323 	.db #0x22	; 34
    000004ED 33                    1324 	.db #0x33	; 51	'3'
    000004EE 02                    1325 	.db #0x02	; 2
    000004EF 03                    1326 	.db #0x03	; 3
    000004F0 02                    1327 	.db #0x02	; 2
    000004F1 03                    1328 	.db #0x03	; 3
    000004F2 02                    1329 	.db #0x02	; 2
    000004F3 03                    1330 	.db #0x03	; 3
    000004F4 02                    1331 	.db #0x02	; 2
    000004F5 03                    1332 	.db #0x03	; 3
    000004F6 02                    1333 	.db #0x02	; 2
    000004F7 03                    1334 	.db #0x03	; 3
    000004F8 02                    1335 	.db #0x02	; 2
    000004F9 03                    1336 	.db #0x03	; 3
    000004FA 02                    1337 	.db #0x02	; 2
    000004FB 03                    1338 	.db #0x03	; 3
    000004FC 02                    1339 	.db #0x02	; 2
    000004FD 03                    1340 	.db #0x03	; 3
    000004FE 14                    1341 	.db #0x14	; 20
    000004FF 31                    1342 	.db #0x31	; 49	'1'
    00000500 32                    1343 	.db #0x32	; 50	'2'
    00000501 13                    1344 	.db #0x13	; 19
    00000502 00                    1345 	.db #0x00	; 0
    00000503 01                    1346 	.db #0x01	; 1
    00000504 00                    1347 	.db #0x00	; 0
    00000505 01                    1348 	.db #0x01	; 1
    00000506 00                    1349 	.db #0x00	; 0
    00000507 01                    1350 	.db #0x01	; 1
    00000508 00                    1351 	.db #0x00	; 0
    00000509 01                    1352 	.db #0x01	; 1
    0000050A 00                    1353 	.db #0x00	; 0
    0000050B 01                    1354 	.db #0x01	; 1
    0000050C 00                    1355 	.db #0x00	; 0
    0000050D 01                    1356 	.db #0x01	; 1
    0000050E 00                    1357 	.db #0x00	; 0
    0000050F 01                    1358 	.db #0x01	; 1
    00000510 00                    1359 	.db #0x00	; 0
    00000511 01                    1360 	.db #0x01	; 1
    00000512 30                    1361 	.db #0x30	; 48	'0'
    00000513 21                    1362 	.db #0x21	; 33
    00000514 22                    1363 	.db #0x22	; 34
    00000515 23                    1364 	.db #0x23	; 35
    00000516 02                    1365 	.db #0x02	; 2
    00000517 03                    1366 	.db #0x03	; 3
    00000518 02                    1367 	.db #0x02	; 2
    00000519 03                    1368 	.db #0x03	; 3
    0000051A 02                    1369 	.db #0x02	; 2
    0000051B 03                    1370 	.db #0x03	; 3
    0000051C 02                    1371 	.db #0x02	; 2
    0000051D 03                    1372 	.db #0x03	; 3
    0000051E 02                    1373 	.db #0x02	; 2
    0000051F 03                    1374 	.db #0x03	; 3
    00000520 02                    1375 	.db #0x02	; 2
    00000521 03                    1376 	.db #0x03	; 3
    00000522 02                    1377 	.db #0x02	; 2
    00000523 03                    1378 	.db #0x03	; 3
    00000524 02                    1379 	.db #0x02	; 2
    00000525 03                    1380 	.db #0x03	; 3
    00000526 14                    1381 	.db #0x14	; 20
    00000527 31                    1382 	.db #0x31	; 49	'1'
    00000528 32                    1383 	.db #0x32	; 50	'2'
    00000529 13                    1384 	.db #0x13	; 19
    0000052A 00                    1385 	.db #0x00	; 0
    0000052B 01                    1386 	.db #0x01	; 1
    0000052C 00                    1387 	.db #0x00	; 0
    0000052D 01                    1388 	.db #0x01	; 1
    0000052E 00                    1389 	.db #0x00	; 0
    0000052F 01                    1390 	.db #0x01	; 1
    00000530 00                    1391 	.db #0x00	; 0
    00000531 01                    1392 	.db #0x01	; 1
    00000532 00                    1393 	.db #0x00	; 0
    00000533 01                    1394 	.db #0x01	; 1
    00000534 00                    1395 	.db #0x00	; 0
    00000535 01                    1396 	.db #0x01	; 1
    00000536 00                    1397 	.db #0x00	; 0
    00000537 01                    1398 	.db #0x01	; 1
    00000538 00                    1399 	.db #0x00	; 0
    00000539 01                    1400 	.db #0x01	; 1
    0000053A 20                    1401 	.db #0x20	; 32
    0000053B 21                    1402 	.db #0x21	; 33
    0000053C 22                    1403 	.db #0x22	; 34
    0000053D 33                    1404 	.db #0x33	; 51	'3'
    0000053E 02                    1405 	.db #0x02	; 2
    0000053F 03                    1406 	.db #0x03	; 3
    00000540 02                    1407 	.db #0x02	; 2
    00000541 03                    1408 	.db #0x03	; 3
    00000542 02                    1409 	.db #0x02	; 2
    00000543 03                    1410 	.db #0x03	; 3
    00000544 02                    1411 	.db #0x02	; 2
    00000545 03                    1412 	.db #0x03	; 3
    00000546 02                    1413 	.db #0x02	; 2
    00000547 03                    1414 	.db #0x03	; 3
    00000548 02                    1415 	.db #0x02	; 2
    00000549 03                    1416 	.db #0x03	; 3
    0000054A 02                    1417 	.db #0x02	; 2
    0000054B 03                    1418 	.db #0x03	; 3
    0000054C 02                    1419 	.db #0x02	; 2
    0000054D 03                    1420 	.db #0x03	; 3
    0000054E 30                    1421 	.db #0x30	; 48	'0'
    0000054F 31                    1422 	.db #0x31	; 49	'1'
    00000550 32                    1423 	.db #0x32	; 50	'2'
    00000551 13                    1424 	.db #0x13	; 19
    00000552 00                    1425 	.db #0x00	; 0
    00000553 01                    1426 	.db #0x01	; 1
    00000554 00                    1427 	.db #0x00	; 0
    00000555 01                    1428 	.db #0x01	; 1
    00000556 00                    1429 	.db #0x00	; 0
    00000557 01                    1430 	.db #0x01	; 1
    00000558 00                    1431 	.db #0x00	; 0
    00000559 01                    1432 	.db #0x01	; 1
    0000055A 00                    1433 	.db #0x00	; 0
    0000055B 01                    1434 	.db #0x01	; 1
    0000055C 00                    1435 	.db #0x00	; 0
    0000055D 01                    1436 	.db #0x01	; 1
    0000055E 00                    1437 	.db #0x00	; 0
    0000055F 01                    1438 	.db #0x01	; 1
    00000560 00                    1439 	.db #0x00	; 0
    00000561 01                    1440 	.db #0x01	; 1
    00000562 14                    1441 	.db #0x14	; 20
    00000563 21                    1442 	.db #0x21	; 33
    00000564 22                    1443 	.db #0x22	; 34
    00000565 23                    1444 	.db #0x23	; 35
    00000566 02                    1445 	.db #0x02	; 2
    00000567 03                    1446 	.db #0x03	; 3
    00000568 02                    1447 	.db #0x02	; 2
    00000569 03                    1448 	.db #0x03	; 3
    0000056A 02                    1449 	.db #0x02	; 2
    0000056B 03                    1450 	.db #0x03	; 3
    0000056C 02                    1451 	.db #0x02	; 2
    0000056D 03                    1452 	.db #0x03	; 3
    0000056E 02                    1453 	.db #0x02	; 2
    0000056F 03                    1454 	.db #0x03	; 3
    00000570 02                    1455 	.db #0x02	; 2
    00000571 03                    1456 	.db #0x03	; 3
    00000572 02                    1457 	.db #0x02	; 2
    00000573 03                    1458 	.db #0x03	; 3
    00000574 02                    1459 	.db #0x02	; 2
    00000575 03                    1460 	.db #0x03	; 3
    00000576 20                    1461 	.db #0x20	; 32
    00000577 31                    1462 	.db #0x31	; 49	'1'
    00000578 26                    1463 	.db #0x26	; 38
    00000579 27                    1464 	.db #0x27	; 39
    0000057A 06                    1465 	.db #0x06	; 6
    0000057B 05                    1466 	.db #0x05	; 5
    0000057C 07                    1467 	.db #0x07	; 7
    0000057D 06                    1468 	.db #0x06	; 6
    0000057E 06                    1469 	.db #0x06	; 6
    0000057F 2D                    1470 	.db #0x2d	; 45
    00000580 00                    1471 	.db #0x00	; 0
    00000581 01                    1472 	.db #0x01	; 1
    00000582 00                    1473 	.db #0x00	; 0
    00000583 01                    1474 	.db #0x01	; 1
    00000584 04                    1475 	.db #0x04	; 4
    00000585 07                    1476 	.db #0x07	; 7
    00000586 06                    1477 	.db #0x06	; 6
    00000587 05                    1478 	.db #0x05	; 5
    00000588 07                    1479 	.db #0x07	; 7
    00000589 2C                    1480 	.db #0x2c	; 44
    0000058A 08                    1481 	.db #0x08	; 8
    0000058B 09                    1482 	.db #0x09	; 9
    0000058C 2A                    1483 	.db #0x2a	; 42
    0000058D 2B                    1484 	.db #0x2b	; 43
    0000058E 16                    1485 	.db #0x16	; 22
    0000058F 17                    1486 	.db #0x17	; 23
    00000590 16                    1487 	.db #0x16	; 22
    00000591 17                    1488 	.db #0x17	; 23
    00000592 12                    1489 	.db #0x12	; 18
    00000593 13                    1490 	.db #0x13	; 19
    00000594 02                    1491 	.db #0x02	; 2
    00000595 03                    1492 	.db #0x03	; 3
    00000596 02                    1493 	.db #0x02	; 2
    00000597 03                    1494 	.db #0x03	; 3
    00000598 24                    1495 	.db #0x24	; 36
    00000599 15                    1496 	.db #0x15	; 21
    0000059A 16                    1497 	.db #0x16	; 22
    0000059B 17                    1498 	.db #0x17	; 23
    0000059C 16                    1499 	.db #0x16	; 22
    0000059D 17                    1500 	.db #0x17	; 23
    0000059E 18                    1501 	.db #0x18	; 24
    0000059F 19                    1502 	.db #0x19	; 25
    000005A0                       1503 _room5:
    000005A0 0A                    1504 	.db #0x0a	; 10
    000005A1 0B                    1505 	.db #0x0b	; 11
    000005A2 0C                    1506 	.db #0x0c	; 12
    000005A3 0D                    1507 	.db #0x0d	; 13
    000005A4 0C                    1508 	.db #0x0c	; 12
    000005A5 0D                    1509 	.db #0x0d	; 13
    000005A6 0E                    1510 	.db #0x0e	; 14
    000005A7 33                    1511 	.db #0x33	; 51	'3'
    000005A8 00                    1512 	.db #0x00	; 0
    000005A9 01                    1513 	.db #0x01	; 1
    000005AA 00                    1514 	.db #0x00	; 0
    000005AB 01                    1515 	.db #0x01	; 1
    000005AC 30                    1516 	.db #0x30	; 48	'0'
    000005AD 25                    1517 	.db #0x25	; 37
    000005AE 0C                    1518 	.db #0x0c	; 12
    000005AF 0D                    1519 	.db #0x0d	; 13
    000005B0 0C                    1520 	.db #0x0c	; 12
    000005B1 0D                    1521 	.db #0x0d	; 13
    000005B2 28                    1522 	.db #0x28	; 40
    000005B3 29                    1523 	.db #0x29	; 41
    000005B4 1A                    1524 	.db #0x1a	; 26
    000005B5 1B                    1525 	.db #0x1b	; 27
    000005B6 1C                    1526 	.db #0x1c	; 28
    000005B7 1D                    1527 	.db #0x1d	; 29
    000005B8 1C                    1528 	.db #0x1c	; 28
    000005B9 1D                    1529 	.db #0x1d	; 29
    000005BA 1C                    1530 	.db #0x1c	; 28
    000005BB 1F                    1531 	.db #0x1f	; 31
    000005BC 02                    1532 	.db #0x02	; 2
    000005BD 03                    1533 	.db #0x03	; 3
    000005BE 02                    1534 	.db #0x02	; 2
    000005BF 03                    1535 	.db #0x03	; 3
    000005C0 2E                    1536 	.db #0x2e	; 46
    000005C1 1D                    1537 	.db #0x1d	; 29
    000005C2 1C                    1538 	.db #0x1c	; 28
    000005C3 1D                    1539 	.db #0x1d	; 29
    000005C4 1C                    1540 	.db #0x1c	; 28
    000005C5 1D                    1541 	.db #0x1d	; 29
    000005C6 10                    1542 	.db #0x10	; 16
    000005C7 11                    1543 	.db #0x11	; 17
    000005C8 32                    1544 	.db #0x32	; 50	'2'
    000005C9 13                    1545 	.db #0x13	; 19
    000005CA 00                    1546 	.db #0x00	; 0
    000005CB 01                    1547 	.db #0x01	; 1
    000005CC 00                    1548 	.db #0x00	; 0
    000005CD 01                    1549 	.db #0x01	; 1
    000005CE 00                    1550 	.db #0x00	; 0
    000005CF 01                    1551 	.db #0x01	; 1
    000005D0 00                    1552 	.db #0x00	; 0
    000005D1 01                    1553 	.db #0x01	; 1
    000005D2 00                    1554 	.db #0x00	; 0
    000005D3 01                    1555 	.db #0x01	; 1
    000005D4 00                    1556 	.db #0x00	; 0
    000005D5 01                    1557 	.db #0x01	; 1
    000005D6 00                    1558 	.db #0x00	; 0
    000005D7 01                    1559 	.db #0x01	; 1
    000005D8 00                    1560 	.db #0x00	; 0
    000005D9 01                    1561 	.db #0x01	; 1
    000005DA 14                    1562 	.db #0x14	; 20
    000005DB 21                    1563 	.db #0x21	; 33
    000005DC 22                    1564 	.db #0x22	; 34
    000005DD 33                    1565 	.db #0x33	; 51	'3'
    000005DE 02                    1566 	.db #0x02	; 2
    000005DF 03                    1567 	.db #0x03	; 3
    000005E0 02                    1568 	.db #0x02	; 2
    000005E1 03                    1569 	.db #0x03	; 3
    000005E2 02                    1570 	.db #0x02	; 2
    000005E3 03                    1571 	.db #0x03	; 3
    000005E4 02                    1572 	.db #0x02	; 2
    000005E5 03                    1573 	.db #0x03	; 3
    000005E6 02                    1574 	.db #0x02	; 2
    000005E7 03                    1575 	.db #0x03	; 3
    000005E8 02                    1576 	.db #0x02	; 2
    000005E9 03                    1577 	.db #0x03	; 3
    000005EA 02                    1578 	.db #0x02	; 2
    000005EB 03                    1579 	.db #0x03	; 3
    000005EC 02                    1580 	.db #0x02	; 2
    000005ED 03                    1581 	.db #0x03	; 3
    000005EE 20                    1582 	.db #0x20	; 32
    000005EF 31                    1583 	.db #0x31	; 49	'1'
    000005F0 32                    1584 	.db #0x32	; 50	'2'
    000005F1 13                    1585 	.db #0x13	; 19
    000005F2 00                    1586 	.db #0x00	; 0
    000005F3 01                    1587 	.db #0x01	; 1
    000005F4 00                    1588 	.db #0x00	; 0
    000005F5 01                    1589 	.db #0x01	; 1
    000005F6 00                    1590 	.db #0x00	; 0
    000005F7 01                    1591 	.db #0x01	; 1
    000005F8 00                    1592 	.db #0x00	; 0
    000005F9 01                    1593 	.db #0x01	; 1
    000005FA 00                    1594 	.db #0x00	; 0
    000005FB 01                    1595 	.db #0x01	; 1
    000005FC 00                    1596 	.db #0x00	; 0
    000005FD 01                    1597 	.db #0x01	; 1
    000005FE 00                    1598 	.db #0x00	; 0
    000005FF 01                    1599 	.db #0x01	; 1
    00000600 00                    1600 	.db #0x00	; 0
    00000601 01                    1601 	.db #0x01	; 1
    00000602 30                    1602 	.db #0x30	; 48	'0'
    00000603 21                    1603 	.db #0x21	; 33
    00000604 22                    1604 	.db #0x22	; 34
    00000605 23                    1605 	.db #0x23	; 35
    00000606 02                    1606 	.db #0x02	; 2
    00000607 03                    1607 	.db #0x03	; 3
    00000608 02                    1608 	.db #0x02	; 2
    00000609 03                    1609 	.db #0x03	; 3
    0000060A 02                    1610 	.db #0x02	; 2
    0000060B 03                    1611 	.db #0x03	; 3
    0000060C 02                    1612 	.db #0x02	; 2
    0000060D 03                    1613 	.db #0x03	; 3
    0000060E 02                    1614 	.db #0x02	; 2
    0000060F 03                    1615 	.db #0x03	; 3
    00000610 02                    1616 	.db #0x02	; 2
    00000611 03                    1617 	.db #0x03	; 3
    00000612 02                    1618 	.db #0x02	; 2
    00000613 03                    1619 	.db #0x03	; 3
    00000614 02                    1620 	.db #0x02	; 2
    00000615 03                    1621 	.db #0x03	; 3
    00000616 14                    1622 	.db #0x14	; 20
    00000617 31                    1623 	.db #0x31	; 49	'1'
    00000618 32                    1624 	.db #0x32	; 50	'2'
    00000619 33                    1625 	.db #0x33	; 51	'3'
    0000061A 00                    1626 	.db #0x00	; 0
    0000061B 01                    1627 	.db #0x01	; 1
    0000061C 00                    1628 	.db #0x00	; 0
    0000061D 01                    1629 	.db #0x01	; 1
    0000061E 00                    1630 	.db #0x00	; 0
    0000061F 01                    1631 	.db #0x01	; 1
    00000620 00                    1632 	.db #0x00	; 0
    00000621 01                    1633 	.db #0x01	; 1
    00000622 00                    1634 	.db #0x00	; 0
    00000623 01                    1635 	.db #0x01	; 1
    00000624 00                    1636 	.db #0x00	; 0
    00000625 01                    1637 	.db #0x01	; 1
    00000626 00                    1638 	.db #0x00	; 0
    00000627 01                    1639 	.db #0x01	; 1
    00000628 00                    1640 	.db #0x00	; 0
    00000629 01                    1641 	.db #0x01	; 1
    0000062A 30                    1642 	.db #0x30	; 48	'0'
    0000062B 21                    1643 	.db #0x21	; 33
    0000062C 22                    1644 	.db #0x22	; 34
    0000062D 13                    1645 	.db #0x13	; 19
    0000062E 02                    1646 	.db #0x02	; 2
    0000062F 03                    1647 	.db #0x03	; 3
    00000630 02                    1648 	.db #0x02	; 2
    00000631 03                    1649 	.db #0x03	; 3
    00000632 02                    1650 	.db #0x02	; 2
    00000633 03                    1651 	.db #0x03	; 3
    00000634 02                    1652 	.db #0x02	; 2
    00000635 03                    1653 	.db #0x03	; 3
    00000636 02                    1654 	.db #0x02	; 2
    00000637 03                    1655 	.db #0x03	; 3
    00000638 02                    1656 	.db #0x02	; 2
    00000639 03                    1657 	.db #0x03	; 3
    0000063A 02                    1658 	.db #0x02	; 2
    0000063B 03                    1659 	.db #0x03	; 3
    0000063C 02                    1660 	.db #0x02	; 2
    0000063D 03                    1661 	.db #0x03	; 3
    0000063E 14                    1662 	.db #0x14	; 20
    0000063F 31                    1663 	.db #0x31	; 49	'1'
    00000640 32                    1664 	.db #0x32	; 50	'2'
    00000641 23                    1665 	.db #0x23	; 35
    00000642 00                    1666 	.db #0x00	; 0
    00000643 01                    1667 	.db #0x01	; 1
    00000644 00                    1668 	.db #0x00	; 0
    00000645 01                    1669 	.db #0x01	; 1
    00000646 00                    1670 	.db #0x00	; 0
    00000647 01                    1671 	.db #0x01	; 1
    00000648 00                    1672 	.db #0x00	; 0
    00000649 01                    1673 	.db #0x01	; 1
    0000064A 00                    1674 	.db #0x00	; 0
    0000064B 01                    1675 	.db #0x01	; 1
    0000064C 00                    1676 	.db #0x00	; 0
    0000064D 01                    1677 	.db #0x01	; 1
    0000064E 00                    1678 	.db #0x00	; 0
    0000064F 01                    1679 	.db #0x01	; 1
    00000650 00                    1680 	.db #0x00	; 0
    00000651 01                    1681 	.db #0x01	; 1
    00000652 30                    1682 	.db #0x30	; 48	'0'
    00000653 21                    1683 	.db #0x21	; 33
    00000654 22                    1684 	.db #0x22	; 34
    00000655 33                    1685 	.db #0x33	; 51	'3'
    00000656 02                    1686 	.db #0x02	; 2
    00000657 03                    1687 	.db #0x03	; 3
    00000658 02                    1688 	.db #0x02	; 2
    00000659 03                    1689 	.db #0x03	; 3
    0000065A 02                    1690 	.db #0x02	; 2
    0000065B 03                    1691 	.db #0x03	; 3
    0000065C 02                    1692 	.db #0x02	; 2
    0000065D 03                    1693 	.db #0x03	; 3
    0000065E 02                    1694 	.db #0x02	; 2
    0000065F 03                    1695 	.db #0x03	; 3
    00000660 02                    1696 	.db #0x02	; 2
    00000661 03                    1697 	.db #0x03	; 3
    00000662 02                    1698 	.db #0x02	; 2
    00000663 03                    1699 	.db #0x03	; 3
    00000664 02                    1700 	.db #0x02	; 2
    00000665 03                    1701 	.db #0x03	; 3
    00000666 14                    1702 	.db #0x14	; 20
    00000667 31                    1703 	.db #0x31	; 49	'1'
    00000668 32                    1704 	.db #0x32	; 50	'2'
    00000669 13                    1705 	.db #0x13	; 19
    0000066A 00                    1706 	.db #0x00	; 0
    0000066B 01                    1707 	.db #0x01	; 1
    0000066C 00                    1708 	.db #0x00	; 0
    0000066D 01                    1709 	.db #0x01	; 1
    0000066E 00                    1710 	.db #0x00	; 0
    0000066F 01                    1711 	.db #0x01	; 1
    00000670 00                    1712 	.db #0x00	; 0
    00000671 01                    1713 	.db #0x01	; 1
    00000672 00                    1714 	.db #0x00	; 0
    00000673 01                    1715 	.db #0x01	; 1
    00000674 00                    1716 	.db #0x00	; 0
    00000675 01                    1717 	.db #0x01	; 1
    00000676 00                    1718 	.db #0x00	; 0
    00000677 01                    1719 	.db #0x01	; 1
    00000678 00                    1720 	.db #0x00	; 0
    00000679 01                    1721 	.db #0x01	; 1
    0000067A 30                    1722 	.db #0x30	; 48	'0'
    0000067B 21                    1723 	.db #0x21	; 33
    0000067C 22                    1724 	.db #0x22	; 34
    0000067D 23                    1725 	.db #0x23	; 35
    0000067E 02                    1726 	.db #0x02	; 2
    0000067F 03                    1727 	.db #0x03	; 3
    00000680 02                    1728 	.db #0x02	; 2
    00000681 03                    1729 	.db #0x03	; 3
    00000682 02                    1730 	.db #0x02	; 2
    00000683 03                    1731 	.db #0x03	; 3
    00000684 02                    1732 	.db #0x02	; 2
    00000685 03                    1733 	.db #0x03	; 3
    00000686 02                    1734 	.db #0x02	; 2
    00000687 03                    1735 	.db #0x03	; 3
    00000688 02                    1736 	.db #0x02	; 2
    00000689 03                    1737 	.db #0x03	; 3
    0000068A 02                    1738 	.db #0x02	; 2
    0000068B 03                    1739 	.db #0x03	; 3
    0000068C 02                    1740 	.db #0x02	; 2
    0000068D 03                    1741 	.db #0x03	; 3
    0000068E 14                    1742 	.db #0x14	; 20
    0000068F 31                    1743 	.db #0x31	; 49	'1'
    00000690 32                    1744 	.db #0x32	; 50	'2'
    00000691 13                    1745 	.db #0x13	; 19
    00000692 00                    1746 	.db #0x00	; 0
    00000693 01                    1747 	.db #0x01	; 1
    00000694 00                    1748 	.db #0x00	; 0
    00000695 01                    1749 	.db #0x01	; 1
    00000696 00                    1750 	.db #0x00	; 0
    00000697 01                    1751 	.db #0x01	; 1
    00000698 00                    1752 	.db #0x00	; 0
    00000699 01                    1753 	.db #0x01	; 1
    0000069A 00                    1754 	.db #0x00	; 0
    0000069B 01                    1755 	.db #0x01	; 1
    0000069C 00                    1756 	.db #0x00	; 0
    0000069D 01                    1757 	.db #0x01	; 1
    0000069E 00                    1758 	.db #0x00	; 0
    0000069F 01                    1759 	.db #0x01	; 1
    000006A0 00                    1760 	.db #0x00	; 0
    000006A1 01                    1761 	.db #0x01	; 1
    000006A2 20                    1762 	.db #0x20	; 32
    000006A3 21                    1763 	.db #0x21	; 33
    000006A4 22                    1764 	.db #0x22	; 34
    000006A5 33                    1765 	.db #0x33	; 51	'3'
    000006A6 02                    1766 	.db #0x02	; 2
    000006A7 03                    1767 	.db #0x03	; 3
    000006A8 02                    1768 	.db #0x02	; 2
    000006A9 03                    1769 	.db #0x03	; 3
    000006AA 02                    1770 	.db #0x02	; 2
    000006AB 03                    1771 	.db #0x03	; 3
    000006AC 02                    1772 	.db #0x02	; 2
    000006AD 03                    1773 	.db #0x03	; 3
    000006AE 02                    1774 	.db #0x02	; 2
    000006AF 03                    1775 	.db #0x03	; 3
    000006B0 02                    1776 	.db #0x02	; 2
    000006B1 03                    1777 	.db #0x03	; 3
    000006B2 02                    1778 	.db #0x02	; 2
    000006B3 03                    1779 	.db #0x03	; 3
    000006B4 02                    1780 	.db #0x02	; 2
    000006B5 03                    1781 	.db #0x03	; 3
    000006B6 30                    1782 	.db #0x30	; 48	'0'
    000006B7 31                    1783 	.db #0x31	; 49	'1'
    000006B8 32                    1784 	.db #0x32	; 50	'2'
    000006B9 13                    1785 	.db #0x13	; 19
    000006BA 00                    1786 	.db #0x00	; 0
    000006BB 01                    1787 	.db #0x01	; 1
    000006BC 00                    1788 	.db #0x00	; 0
    000006BD 01                    1789 	.db #0x01	; 1
    000006BE 00                    1790 	.db #0x00	; 0
    000006BF 01                    1791 	.db #0x01	; 1
    000006C0 00                    1792 	.db #0x00	; 0
    000006C1 01                    1793 	.db #0x01	; 1
    000006C2 00                    1794 	.db #0x00	; 0
    000006C3 01                    1795 	.db #0x01	; 1
    000006C4 00                    1796 	.db #0x00	; 0
    000006C5 01                    1797 	.db #0x01	; 1
    000006C6 00                    1798 	.db #0x00	; 0
    000006C7 01                    1799 	.db #0x01	; 1
    000006C8 00                    1800 	.db #0x00	; 0
    000006C9 01                    1801 	.db #0x01	; 1
    000006CA 14                    1802 	.db #0x14	; 20
    000006CB 21                    1803 	.db #0x21	; 33
    000006CC 22                    1804 	.db #0x22	; 34
    000006CD 23                    1805 	.db #0x23	; 35
    000006CE 02                    1806 	.db #0x02	; 2
    000006CF 03                    1807 	.db #0x03	; 3
    000006D0 02                    1808 	.db #0x02	; 2
    000006D1 03                    1809 	.db #0x03	; 3
    000006D2 02                    1810 	.db #0x02	; 2
    000006D3 03                    1811 	.db #0x03	; 3
    000006D4 02                    1812 	.db #0x02	; 2
    000006D5 03                    1813 	.db #0x03	; 3
    000006D6 02                    1814 	.db #0x02	; 2
    000006D7 03                    1815 	.db #0x03	; 3
    000006D8 02                    1816 	.db #0x02	; 2
    000006D9 03                    1817 	.db #0x03	; 3
    000006DA 02                    1818 	.db #0x02	; 2
    000006DB 03                    1819 	.db #0x03	; 3
    000006DC 02                    1820 	.db #0x02	; 2
    000006DD 03                    1821 	.db #0x03	; 3
    000006DE 20                    1822 	.db #0x20	; 32
    000006DF 31                    1823 	.db #0x31	; 49	'1'
    000006E0 26                    1824 	.db #0x26	; 38
    000006E1 27                    1825 	.db #0x27	; 39
    000006E2 06                    1826 	.db #0x06	; 6
    000006E3 05                    1827 	.db #0x05	; 5
    000006E4 07                    1828 	.db #0x07	; 7
    000006E5 06                    1829 	.db #0x06	; 6
    000006E6 06                    1830 	.db #0x06	; 6
    000006E7 2D                    1831 	.db #0x2d	; 45
    000006E8 00                    1832 	.db #0x00	; 0
    000006E9 01                    1833 	.db #0x01	; 1
    000006EA 00                    1834 	.db #0x00	; 0
    000006EB 01                    1835 	.db #0x01	; 1
    000006EC 04                    1836 	.db #0x04	; 4
    000006ED 07                    1837 	.db #0x07	; 7
    000006EE 06                    1838 	.db #0x06	; 6
    000006EF 05                    1839 	.db #0x05	; 5
    000006F0 07                    1840 	.db #0x07	; 7
    000006F1 2C                    1841 	.db #0x2c	; 44
    000006F2 08                    1842 	.db #0x08	; 8
    000006F3 09                    1843 	.db #0x09	; 9
    000006F4 2A                    1844 	.db #0x2a	; 42
    000006F5 2B                    1845 	.db #0x2b	; 43
    000006F6 16                    1846 	.db #0x16	; 22
    000006F7 17                    1847 	.db #0x17	; 23
    000006F8 16                    1848 	.db #0x16	; 22
    000006F9 17                    1849 	.db #0x17	; 23
    000006FA 12                    1850 	.db #0x12	; 18
    000006FB 13                    1851 	.db #0x13	; 19
    000006FC 02                    1852 	.db #0x02	; 2
    000006FD 03                    1853 	.db #0x03	; 3
    000006FE 02                    1854 	.db #0x02	; 2
    000006FF 03                    1855 	.db #0x03	; 3
    00000700 24                    1856 	.db #0x24	; 36
    00000701 15                    1857 	.db #0x15	; 21
    00000702 16                    1858 	.db #0x16	; 22
    00000703 17                    1859 	.db #0x17	; 23
    00000704 16                    1860 	.db #0x16	; 22
    00000705 17                    1861 	.db #0x17	; 23
    00000706 18                    1862 	.db #0x18	; 24
    00000707 19                    1863 	.db #0x19	; 25
    00000708                       1864 _room6:
    00000708 0A                    1865 	.db #0x0a	; 10
    00000709 0B                    1866 	.db #0x0b	; 11
    0000070A 0C                    1867 	.db #0x0c	; 12
    0000070B 0D                    1868 	.db #0x0d	; 13
    0000070C 0C                    1869 	.db #0x0c	; 12
    0000070D 0D                    1870 	.db #0x0d	; 13
    0000070E 0C                    1871 	.db #0x0c	; 12
    0000070F 0D                    1872 	.db #0x0d	; 13
    00000710 0C                    1873 	.db #0x0c	; 12
    00000711 0D                    1874 	.db #0x0d	; 13
    00000712 0C                    1875 	.db #0x0c	; 12
    00000713 0D                    1876 	.db #0x0d	; 13
    00000714 0C                    1877 	.db #0x0c	; 12
    00000715 0D                    1878 	.db #0x0d	; 13
    00000716 0C                    1879 	.db #0x0c	; 12
    00000717 0D                    1880 	.db #0x0d	; 13
    00000718 0C                    1881 	.db #0x0c	; 12
    00000719 0D                    1882 	.db #0x0d	; 13
    0000071A 28                    1883 	.db #0x28	; 40
    0000071B 29                    1884 	.db #0x29	; 41
    0000071C 1A                    1885 	.db #0x1a	; 26
    0000071D 1B                    1886 	.db #0x1b	; 27
    0000071E 1C                    1887 	.db #0x1c	; 28
    0000071F 1D                    1888 	.db #0x1d	; 29
    00000720 1C                    1889 	.db #0x1c	; 28
    00000721 1D                    1890 	.db #0x1d	; 29
    00000722 1C                    1891 	.db #0x1c	; 28
    00000723 1D                    1892 	.db #0x1d	; 29
    00000724 1C                    1893 	.db #0x1c	; 28
    00000725 1D                    1894 	.db #0x1d	; 29
    00000726 1C                    1895 	.db #0x1c	; 28
    00000727 1D                    1896 	.db #0x1d	; 29
    00000728 1C                    1897 	.db #0x1c	; 28
    00000729 1D                    1898 	.db #0x1d	; 29
    0000072A 1C                    1899 	.db #0x1c	; 28
    0000072B 1D                    1900 	.db #0x1d	; 29
    0000072C 1C                    1901 	.db #0x1c	; 28
    0000072D 1D                    1902 	.db #0x1d	; 29
    0000072E 10                    1903 	.db #0x10	; 16
    0000072F 11                    1904 	.db #0x11	; 17
    00000730 32                    1905 	.db #0x32	; 50	'2'
    00000731 13                    1906 	.db #0x13	; 19
    00000732 00                    1907 	.db #0x00	; 0
    00000733 01                    1908 	.db #0x01	; 1
    00000734 00                    1909 	.db #0x00	; 0
    00000735 01                    1910 	.db #0x01	; 1
    00000736 00                    1911 	.db #0x00	; 0
    00000737 01                    1912 	.db #0x01	; 1
    00000738 00                    1913 	.db #0x00	; 0
    00000739 01                    1914 	.db #0x01	; 1
    0000073A 00                    1915 	.db #0x00	; 0
    0000073B 01                    1916 	.db #0x01	; 1
    0000073C 00                    1917 	.db #0x00	; 0
    0000073D 01                    1918 	.db #0x01	; 1
    0000073E 00                    1919 	.db #0x00	; 0
    0000073F 01                    1920 	.db #0x01	; 1
    00000740 00                    1921 	.db #0x00	; 0
    00000741 01                    1922 	.db #0x01	; 1
    00000742 14                    1923 	.db #0x14	; 20
    00000743 21                    1924 	.db #0x21	; 33
    00000744 22                    1925 	.db #0x22	; 34
    00000745 33                    1926 	.db #0x33	; 51	'3'
    00000746 02                    1927 	.db #0x02	; 2
    00000747 03                    1928 	.db #0x03	; 3
    00000748 02                    1929 	.db #0x02	; 2
    00000749 03                    1930 	.db #0x03	; 3
    0000074A 02                    1931 	.db #0x02	; 2
    0000074B 03                    1932 	.db #0x03	; 3
    0000074C 02                    1933 	.db #0x02	; 2
    0000074D 03                    1934 	.db #0x03	; 3
    0000074E 02                    1935 	.db #0x02	; 2
    0000074F 03                    1936 	.db #0x03	; 3
    00000750 02                    1937 	.db #0x02	; 2
    00000751 03                    1938 	.db #0x03	; 3
    00000752 02                    1939 	.db #0x02	; 2
    00000753 03                    1940 	.db #0x03	; 3
    00000754 02                    1941 	.db #0x02	; 2
    00000755 03                    1942 	.db #0x03	; 3
    00000756 20                    1943 	.db #0x20	; 32
    00000757 31                    1944 	.db #0x31	; 49	'1'
    00000758 32                    1945 	.db #0x32	; 50	'2'
    00000759 13                    1946 	.db #0x13	; 19
    0000075A 00                    1947 	.db #0x00	; 0
    0000075B 01                    1948 	.db #0x01	; 1
    0000075C 00                    1949 	.db #0x00	; 0
    0000075D 01                    1950 	.db #0x01	; 1
    0000075E 00                    1951 	.db #0x00	; 0
    0000075F 01                    1952 	.db #0x01	; 1
    00000760 00                    1953 	.db #0x00	; 0
    00000761 01                    1954 	.db #0x01	; 1
    00000762 00                    1955 	.db #0x00	; 0
    00000763 01                    1956 	.db #0x01	; 1
    00000764 00                    1957 	.db #0x00	; 0
    00000765 01                    1958 	.db #0x01	; 1
    00000766 00                    1959 	.db #0x00	; 0
    00000767 01                    1960 	.db #0x01	; 1
    00000768 00                    1961 	.db #0x00	; 0
    00000769 01                    1962 	.db #0x01	; 1
    0000076A 30                    1963 	.db #0x30	; 48	'0'
    0000076B 21                    1964 	.db #0x21	; 33
    0000076C 22                    1965 	.db #0x22	; 34
    0000076D 23                    1966 	.db #0x23	; 35
    0000076E 02                    1967 	.db #0x02	; 2
    0000076F 03                    1968 	.db #0x03	; 3
    00000770 02                    1969 	.db #0x02	; 2
    00000771 03                    1970 	.db #0x03	; 3
    00000772 02                    1971 	.db #0x02	; 2
    00000773 03                    1972 	.db #0x03	; 3
    00000774 02                    1973 	.db #0x02	; 2
    00000775 03                    1974 	.db #0x03	; 3
    00000776 02                    1975 	.db #0x02	; 2
    00000777 03                    1976 	.db #0x03	; 3
    00000778 02                    1977 	.db #0x02	; 2
    00000779 03                    1978 	.db #0x03	; 3
    0000077A 02                    1979 	.db #0x02	; 2
    0000077B 03                    1980 	.db #0x03	; 3
    0000077C 02                    1981 	.db #0x02	; 2
    0000077D 03                    1982 	.db #0x03	; 3
    0000077E 14                    1983 	.db #0x14	; 20
    0000077F 31                    1984 	.db #0x31	; 49	'1'
    00000780 32                    1985 	.db #0x32	; 50	'2'
    00000781 33                    1986 	.db #0x33	; 51	'3'
    00000782 00                    1987 	.db #0x00	; 0
    00000783 01                    1988 	.db #0x01	; 1
    00000784 00                    1989 	.db #0x00	; 0
    00000785 01                    1990 	.db #0x01	; 1
    00000786 00                    1991 	.db #0x00	; 0
    00000787 01                    1992 	.db #0x01	; 1
    00000788 00                    1993 	.db #0x00	; 0
    00000789 01                    1994 	.db #0x01	; 1
    0000078A 00                    1995 	.db #0x00	; 0
    0000078B 01                    1996 	.db #0x01	; 1
    0000078C 00                    1997 	.db #0x00	; 0
    0000078D 01                    1998 	.db #0x01	; 1
    0000078E 00                    1999 	.db #0x00	; 0
    0000078F 01                    2000 	.db #0x01	; 1
    00000790 00                    2001 	.db #0x00	; 0
    00000791 01                    2002 	.db #0x01	; 1
    00000792 30                    2003 	.db #0x30	; 48	'0'
    00000793 25                    2004 	.db #0x25	; 37
    00000794 22                    2005 	.db #0x22	; 34
    00000795 13                    2006 	.db #0x13	; 19
    00000796 02                    2007 	.db #0x02	; 2
    00000797 03                    2008 	.db #0x03	; 3
    00000798 02                    2009 	.db #0x02	; 2
    00000799 03                    2010 	.db #0x03	; 3
    0000079A 02                    2011 	.db #0x02	; 2
    0000079B 03                    2012 	.db #0x03	; 3
    0000079C 02                    2013 	.db #0x02	; 2
    0000079D 03                    2014 	.db #0x03	; 3
    0000079E 02                    2015 	.db #0x02	; 2
    0000079F 03                    2016 	.db #0x03	; 3
    000007A0 02                    2017 	.db #0x02	; 2
    000007A1 03                    2018 	.db #0x03	; 3
    000007A2 02                    2019 	.db #0x02	; 2
    000007A3 03                    2020 	.db #0x03	; 3
    000007A4 02                    2021 	.db #0x02	; 2
    000007A5 03                    2022 	.db #0x03	; 3
    000007A6 2E                    2023 	.db #0x2e	; 46
    000007A7 1D                    2024 	.db #0x1d	; 29
    000007A8 32                    2025 	.db #0x32	; 50	'2'
    000007A9 23                    2026 	.db #0x23	; 35
    000007AA 00                    2027 	.db #0x00	; 0
    000007AB 01                    2028 	.db #0x01	; 1
    000007AC 00                    2029 	.db #0x00	; 0
    000007AD 01                    2030 	.db #0x01	; 1
    000007AE 00                    2031 	.db #0x00	; 0
    000007AF 01                    2032 	.db #0x01	; 1
    000007B0 00                    2033 	.db #0x00	; 0
    000007B1 01                    2034 	.db #0x01	; 1
    000007B2 00                    2035 	.db #0x00	; 0
    000007B3 01                    2036 	.db #0x01	; 1
    000007B4 00                    2037 	.db #0x00	; 0
    000007B5 01                    2038 	.db #0x01	; 1
    000007B6 00                    2039 	.db #0x00	; 0
    000007B7 01                    2040 	.db #0x01	; 1
    000007B8 00                    2041 	.db #0x00	; 0
    000007B9 01                    2042 	.db #0x01	; 1
    000007BA 00                    2043 	.db #0x00	; 0
    000007BB 01                    2044 	.db #0x01	; 1
    000007BC 22                    2045 	.db #0x22	; 34
    000007BD 33                    2046 	.db #0x33	; 51	'3'
    000007BE 02                    2047 	.db #0x02	; 2
    000007BF 03                    2048 	.db #0x03	; 3
    000007C0 02                    2049 	.db #0x02	; 2
    000007C1 03                    2050 	.db #0x03	; 3
    000007C2 02                    2051 	.db #0x02	; 2
    000007C3 03                    2052 	.db #0x03	; 3
    000007C4 02                    2053 	.db #0x02	; 2
    000007C5 03                    2054 	.db #0x03	; 3
    000007C6 02                    2055 	.db #0x02	; 2
    000007C7 03                    2056 	.db #0x03	; 3
    000007C8 02                    2057 	.db #0x02	; 2
    000007C9 03                    2058 	.db #0x03	; 3
    000007CA 02                    2059 	.db #0x02	; 2
    000007CB 03                    2060 	.db #0x03	; 3
    000007CC 02                    2061 	.db #0x02	; 2
    000007CD 03                    2062 	.db #0x03	; 3
    000007CE 02                    2063 	.db #0x02	; 2
    000007CF 03                    2064 	.db #0x03	; 3
    000007D0 32                    2065 	.db #0x32	; 50	'2'
    000007D1 13                    2066 	.db #0x13	; 19
    000007D2 00                    2067 	.db #0x00	; 0
    000007D3 01                    2068 	.db #0x01	; 1
    000007D4 00                    2069 	.db #0x00	; 0
    000007D5 01                    2070 	.db #0x01	; 1
    000007D6 00                    2071 	.db #0x00	; 0
    000007D7 01                    2072 	.db #0x01	; 1
    000007D8 00                    2073 	.db #0x00	; 0
    000007D9 01                    2074 	.db #0x01	; 1
    000007DA 00                    2075 	.db #0x00	; 0
    000007DB 01                    2076 	.db #0x01	; 1
    000007DC 00                    2077 	.db #0x00	; 0
    000007DD 01                    2078 	.db #0x01	; 1
    000007DE 00                    2079 	.db #0x00	; 0
    000007DF 01                    2080 	.db #0x01	; 1
    000007E0 00                    2081 	.db #0x00	; 0
    000007E1 01                    2082 	.db #0x01	; 1
    000007E2 04                    2083 	.db #0x04	; 4
    000007E3 07                    2084 	.db #0x07	; 7
    000007E4 22                    2085 	.db #0x22	; 34
    000007E5 23                    2086 	.db #0x23	; 35
    000007E6 02                    2087 	.db #0x02	; 2
    000007E7 03                    2088 	.db #0x03	; 3
    000007E8 02                    2089 	.db #0x02	; 2
    000007E9 03                    2090 	.db #0x03	; 3
    000007EA 02                    2091 	.db #0x02	; 2
    000007EB 03                    2092 	.db #0x03	; 3
    000007EC 02                    2093 	.db #0x02	; 2
    000007ED 03                    2094 	.db #0x03	; 3
    000007EE 02                    2095 	.db #0x02	; 2
    000007EF 03                    2096 	.db #0x03	; 3
    000007F0 02                    2097 	.db #0x02	; 2
    000007F1 03                    2098 	.db #0x03	; 3
    000007F2 02                    2099 	.db #0x02	; 2
    000007F3 03                    2100 	.db #0x03	; 3
    000007F4 02                    2101 	.db #0x02	; 2
    000007F5 03                    2102 	.db #0x03	; 3
    000007F6 24                    2103 	.db #0x24	; 36
    000007F7 15                    2104 	.db #0x15	; 21
    000007F8 32                    2105 	.db #0x32	; 50	'2'
    000007F9 13                    2106 	.db #0x13	; 19
    000007FA 00                    2107 	.db #0x00	; 0
    000007FB 01                    2108 	.db #0x01	; 1
    000007FC 00                    2109 	.db #0x00	; 0
    000007FD 01                    2110 	.db #0x01	; 1
    000007FE 00                    2111 	.db #0x00	; 0
    000007FF 01                    2112 	.db #0x01	; 1
    00000800 00                    2113 	.db #0x00	; 0
    00000801 01                    2114 	.db #0x01	; 1
    00000802 00                    2115 	.db #0x00	; 0
    00000803 01                    2116 	.db #0x01	; 1
    00000804 00                    2117 	.db #0x00	; 0
    00000805 01                    2118 	.db #0x01	; 1
    00000806 00                    2119 	.db #0x00	; 0
    00000807 01                    2120 	.db #0x01	; 1
    00000808 00                    2121 	.db #0x00	; 0
    00000809 01                    2122 	.db #0x01	; 1
    0000080A 20                    2123 	.db #0x20	; 32
    0000080B 21                    2124 	.db #0x21	; 33
    0000080C 22                    2125 	.db #0x22	; 34
    0000080D 33                    2126 	.db #0x33	; 51	'3'
    0000080E 02                    2127 	.db #0x02	; 2
    0000080F 03                    2128 	.db #0x03	; 3
    00000810 02                    2129 	.db #0x02	; 2
    00000811 03                    2130 	.db #0x03	; 3
    00000812 02                    2131 	.db #0x02	; 2
    00000813 03                    2132 	.db #0x03	; 3
    00000814 02                    2133 	.db #0x02	; 2
    00000815 03                    2134 	.db #0x03	; 3
    00000816 02                    2135 	.db #0x02	; 2
    00000817 03                    2136 	.db #0x03	; 3
    00000818 02                    2137 	.db #0x02	; 2
    00000819 03                    2138 	.db #0x03	; 3
    0000081A 02                    2139 	.db #0x02	; 2
    0000081B 03                    2140 	.db #0x03	; 3
    0000081C 02                    2141 	.db #0x02	; 2
    0000081D 03                    2142 	.db #0x03	; 3
    0000081E 30                    2143 	.db #0x30	; 48	'0'
    0000081F 31                    2144 	.db #0x31	; 49	'1'
    00000820 32                    2145 	.db #0x32	; 50	'2'
    00000821 13                    2146 	.db #0x13	; 19
    00000822 00                    2147 	.db #0x00	; 0
    00000823 01                    2148 	.db #0x01	; 1
    00000824 00                    2149 	.db #0x00	; 0
    00000825 01                    2150 	.db #0x01	; 1
    00000826 00                    2151 	.db #0x00	; 0
    00000827 01                    2152 	.db #0x01	; 1
    00000828 00                    2153 	.db #0x00	; 0
    00000829 01                    2154 	.db #0x01	; 1
    0000082A 00                    2155 	.db #0x00	; 0
    0000082B 01                    2156 	.db #0x01	; 1
    0000082C 00                    2157 	.db #0x00	; 0
    0000082D 01                    2158 	.db #0x01	; 1
    0000082E 00                    2159 	.db #0x00	; 0
    0000082F 01                    2160 	.db #0x01	; 1
    00000830 00                    2161 	.db #0x00	; 0
    00000831 01                    2162 	.db #0x01	; 1
    00000832 14                    2163 	.db #0x14	; 20
    00000833 21                    2164 	.db #0x21	; 33
    00000834 22                    2165 	.db #0x22	; 34
    00000835 23                    2166 	.db #0x23	; 35
    00000836 02                    2167 	.db #0x02	; 2
    00000837 03                    2168 	.db #0x03	; 3
    00000838 02                    2169 	.db #0x02	; 2
    00000839 03                    2170 	.db #0x03	; 3
    0000083A 02                    2171 	.db #0x02	; 2
    0000083B 03                    2172 	.db #0x03	; 3
    0000083C 02                    2173 	.db #0x02	; 2
    0000083D 03                    2174 	.db #0x03	; 3
    0000083E 02                    2175 	.db #0x02	; 2
    0000083F 03                    2176 	.db #0x03	; 3
    00000840 02                    2177 	.db #0x02	; 2
    00000841 03                    2178 	.db #0x03	; 3
    00000842 02                    2179 	.db #0x02	; 2
    00000843 03                    2180 	.db #0x03	; 3
    00000844 02                    2181 	.db #0x02	; 2
    00000845 03                    2182 	.db #0x03	; 3
    00000846 20                    2183 	.db #0x20	; 32
    00000847 31                    2184 	.db #0x31	; 49	'1'
    00000848 26                    2185 	.db #0x26	; 38
    00000849 27                    2186 	.db #0x27	; 39
    0000084A 06                    2187 	.db #0x06	; 6
    0000084B 05                    2188 	.db #0x05	; 5
    0000084C 07                    2189 	.db #0x07	; 7
    0000084D 06                    2190 	.db #0x06	; 6
    0000084E 06                    2191 	.db #0x06	; 6
    0000084F 2D                    2192 	.db #0x2d	; 45
    00000850 00                    2193 	.db #0x00	; 0
    00000851 01                    2194 	.db #0x01	; 1
    00000852 00                    2195 	.db #0x00	; 0
    00000853 01                    2196 	.db #0x01	; 1
    00000854 04                    2197 	.db #0x04	; 4
    00000855 07                    2198 	.db #0x07	; 7
    00000856 06                    2199 	.db #0x06	; 6
    00000857 05                    2200 	.db #0x05	; 5
    00000858 07                    2201 	.db #0x07	; 7
    00000859 2C                    2202 	.db #0x2c	; 44
    0000085A 08                    2203 	.db #0x08	; 8
    0000085B 09                    2204 	.db #0x09	; 9
    0000085C 2A                    2205 	.db #0x2a	; 42
    0000085D 2B                    2206 	.db #0x2b	; 43
    0000085E 16                    2207 	.db #0x16	; 22
    0000085F 17                    2208 	.db #0x17	; 23
    00000860 16                    2209 	.db #0x16	; 22
    00000861 17                    2210 	.db #0x17	; 23
    00000862 12                    2211 	.db #0x12	; 18
    00000863 13                    2212 	.db #0x13	; 19
    00000864 02                    2213 	.db #0x02	; 2
    00000865 03                    2214 	.db #0x03	; 3
    00000866 02                    2215 	.db #0x02	; 2
    00000867 03                    2216 	.db #0x03	; 3
    00000868 24                    2217 	.db #0x24	; 36
    00000869 15                    2218 	.db #0x15	; 21
    0000086A 16                    2219 	.db #0x16	; 22
    0000086B 17                    2220 	.db #0x17	; 23
    0000086C 16                    2221 	.db #0x16	; 22
    0000086D 17                    2222 	.db #0x17	; 23
    0000086E 18                    2223 	.db #0x18	; 24
    0000086F 19                    2224 	.db #0x19	; 25
    00000870                       2225 _room7:
    00000870 0A                    2226 	.db #0x0a	; 10
    00000871 0B                    2227 	.db #0x0b	; 11
    00000872 0C                    2228 	.db #0x0c	; 12
    00000873 0D                    2229 	.db #0x0d	; 13
    00000874 0C                    2230 	.db #0x0c	; 12
    00000875 0D                    2231 	.db #0x0d	; 13
    00000876 0E                    2232 	.db #0x0e	; 14
    00000877 33                    2233 	.db #0x33	; 51	'3'
    00000878 00                    2234 	.db #0x00	; 0
    00000879 01                    2235 	.db #0x01	; 1
    0000087A 00                    2236 	.db #0x00	; 0
    0000087B 01                    2237 	.db #0x01	; 1
    0000087C 30                    2238 	.db #0x30	; 48	'0'
    0000087D 25                    2239 	.db #0x25	; 37
    0000087E 0C                    2240 	.db #0x0c	; 12
    0000087F 0D                    2241 	.db #0x0d	; 13
    00000880 0C                    2242 	.db #0x0c	; 12
    00000881 0D                    2243 	.db #0x0d	; 13
    00000882 28                    2244 	.db #0x28	; 40
    00000883 29                    2245 	.db #0x29	; 41
    00000884 1A                    2246 	.db #0x1a	; 26
    00000885 1B                    2247 	.db #0x1b	; 27
    00000886 1C                    2248 	.db #0x1c	; 28
    00000887 1D                    2249 	.db #0x1d	; 29
    00000888 1C                    2250 	.db #0x1c	; 28
    00000889 1D                    2251 	.db #0x1d	; 29
    0000088A 1C                    2252 	.db #0x1c	; 28
    0000088B 1F                    2253 	.db #0x1f	; 31
    0000088C 02                    2254 	.db #0x02	; 2
    0000088D 03                    2255 	.db #0x03	; 3
    0000088E 02                    2256 	.db #0x02	; 2
    0000088F 03                    2257 	.db #0x03	; 3
    00000890 2E                    2258 	.db #0x2e	; 46
    00000891 1D                    2259 	.db #0x1d	; 29
    00000892 1C                    2260 	.db #0x1c	; 28
    00000893 1D                    2261 	.db #0x1d	; 29
    00000894 1C                    2262 	.db #0x1c	; 28
    00000895 1D                    2263 	.db #0x1d	; 29
    00000896 10                    2264 	.db #0x10	; 16
    00000897 11                    2265 	.db #0x11	; 17
    00000898 32                    2266 	.db #0x32	; 50	'2'
    00000899 13                    2267 	.db #0x13	; 19
    0000089A 00                    2268 	.db #0x00	; 0
    0000089B 01                    2269 	.db #0x01	; 1
    0000089C 00                    2270 	.db #0x00	; 0
    0000089D 01                    2271 	.db #0x01	; 1
    0000089E 00                    2272 	.db #0x00	; 0
    0000089F 01                    2273 	.db #0x01	; 1
    000008A0 00                    2274 	.db #0x00	; 0
    000008A1 01                    2275 	.db #0x01	; 1
    000008A2 00                    2276 	.db #0x00	; 0
    000008A3 01                    2277 	.db #0x01	; 1
    000008A4 00                    2278 	.db #0x00	; 0
    000008A5 01                    2279 	.db #0x01	; 1
    000008A6 00                    2280 	.db #0x00	; 0
    000008A7 01                    2281 	.db #0x01	; 1
    000008A8 00                    2282 	.db #0x00	; 0
    000008A9 01                    2283 	.db #0x01	; 1
    000008AA 14                    2284 	.db #0x14	; 20
    000008AB 21                    2285 	.db #0x21	; 33
    000008AC 22                    2286 	.db #0x22	; 34
    000008AD 33                    2287 	.db #0x33	; 51	'3'
    000008AE 02                    2288 	.db #0x02	; 2
    000008AF 03                    2289 	.db #0x03	; 3
    000008B0 02                    2290 	.db #0x02	; 2
    000008B1 03                    2291 	.db #0x03	; 3
    000008B2 02                    2292 	.db #0x02	; 2
    000008B3 03                    2293 	.db #0x03	; 3
    000008B4 02                    2294 	.db #0x02	; 2
    000008B5 03                    2295 	.db #0x03	; 3
    000008B6 02                    2296 	.db #0x02	; 2
    000008B7 03                    2297 	.db #0x03	; 3
    000008B8 02                    2298 	.db #0x02	; 2
    000008B9 03                    2299 	.db #0x03	; 3
    000008BA 02                    2300 	.db #0x02	; 2
    000008BB 03                    2301 	.db #0x03	; 3
    000008BC 02                    2302 	.db #0x02	; 2
    000008BD 03                    2303 	.db #0x03	; 3
    000008BE 20                    2304 	.db #0x20	; 32
    000008BF 31                    2305 	.db #0x31	; 49	'1'
    000008C0 32                    2306 	.db #0x32	; 50	'2'
    000008C1 13                    2307 	.db #0x13	; 19
    000008C2 00                    2308 	.db #0x00	; 0
    000008C3 01                    2309 	.db #0x01	; 1
    000008C4 00                    2310 	.db #0x00	; 0
    000008C5 01                    2311 	.db #0x01	; 1
    000008C6 00                    2312 	.db #0x00	; 0
    000008C7 01                    2313 	.db #0x01	; 1
    000008C8 00                    2314 	.db #0x00	; 0
    000008C9 01                    2315 	.db #0x01	; 1
    000008CA 00                    2316 	.db #0x00	; 0
    000008CB 01                    2317 	.db #0x01	; 1
    000008CC 00                    2318 	.db #0x00	; 0
    000008CD 01                    2319 	.db #0x01	; 1
    000008CE 00                    2320 	.db #0x00	; 0
    000008CF 01                    2321 	.db #0x01	; 1
    000008D0 00                    2322 	.db #0x00	; 0
    000008D1 01                    2323 	.db #0x01	; 1
    000008D2 30                    2324 	.db #0x30	; 48	'0'
    000008D3 21                    2325 	.db #0x21	; 33
    000008D4 22                    2326 	.db #0x22	; 34
    000008D5 23                    2327 	.db #0x23	; 35
    000008D6 02                    2328 	.db #0x02	; 2
    000008D7 03                    2329 	.db #0x03	; 3
    000008D8 02                    2330 	.db #0x02	; 2
    000008D9 03                    2331 	.db #0x03	; 3
    000008DA 02                    2332 	.db #0x02	; 2
    000008DB 03                    2333 	.db #0x03	; 3
    000008DC 02                    2334 	.db #0x02	; 2
    000008DD 03                    2335 	.db #0x03	; 3
    000008DE 02                    2336 	.db #0x02	; 2
    000008DF 03                    2337 	.db #0x03	; 3
    000008E0 02                    2338 	.db #0x02	; 2
    000008E1 03                    2339 	.db #0x03	; 3
    000008E2 02                    2340 	.db #0x02	; 2
    000008E3 03                    2341 	.db #0x03	; 3
    000008E4 02                    2342 	.db #0x02	; 2
    000008E5 03                    2343 	.db #0x03	; 3
    000008E6 14                    2344 	.db #0x14	; 20
    000008E7 31                    2345 	.db #0x31	; 49	'1'
    000008E8 32                    2346 	.db #0x32	; 50	'2'
    000008E9 33                    2347 	.db #0x33	; 51	'3'
    000008EA 00                    2348 	.db #0x00	; 0
    000008EB 01                    2349 	.db #0x01	; 1
    000008EC 00                    2350 	.db #0x00	; 0
    000008ED 01                    2351 	.db #0x01	; 1
    000008EE 00                    2352 	.db #0x00	; 0
    000008EF 01                    2353 	.db #0x01	; 1
    000008F0 00                    2354 	.db #0x00	; 0
    000008F1 01                    2355 	.db #0x01	; 1
    000008F2 00                    2356 	.db #0x00	; 0
    000008F3 01                    2357 	.db #0x01	; 1
    000008F4 00                    2358 	.db #0x00	; 0
    000008F5 01                    2359 	.db #0x01	; 1
    000008F6 00                    2360 	.db #0x00	; 0
    000008F7 01                    2361 	.db #0x01	; 1
    000008F8 00                    2362 	.db #0x00	; 0
    000008F9 01                    2363 	.db #0x01	; 1
    000008FA 30                    2364 	.db #0x30	; 48	'0'
    000008FB 25                    2365 	.db #0x25	; 37
    000008FC 22                    2366 	.db #0x22	; 34
    000008FD 13                    2367 	.db #0x13	; 19
    000008FE 02                    2368 	.db #0x02	; 2
    000008FF 03                    2369 	.db #0x03	; 3
    00000900 02                    2370 	.db #0x02	; 2
    00000901 03                    2371 	.db #0x03	; 3
    00000902 02                    2372 	.db #0x02	; 2
    00000903 03                    2373 	.db #0x03	; 3
    00000904 02                    2374 	.db #0x02	; 2
    00000905 03                    2375 	.db #0x03	; 3
    00000906 02                    2376 	.db #0x02	; 2
    00000907 03                    2377 	.db #0x03	; 3
    00000908 02                    2378 	.db #0x02	; 2
    00000909 03                    2379 	.db #0x03	; 3
    0000090A 02                    2380 	.db #0x02	; 2
    0000090B 03                    2381 	.db #0x03	; 3
    0000090C 02                    2382 	.db #0x02	; 2
    0000090D 03                    2383 	.db #0x03	; 3
    0000090E 2E                    2384 	.db #0x2e	; 46
    0000090F 1D                    2385 	.db #0x1d	; 29
    00000910 32                    2386 	.db #0x32	; 50	'2'
    00000911 23                    2387 	.db #0x23	; 35
    00000912 00                    2388 	.db #0x00	; 0
    00000913 01                    2389 	.db #0x01	; 1
    00000914 00                    2390 	.db #0x00	; 0
    00000915 01                    2391 	.db #0x01	; 1
    00000916 00                    2392 	.db #0x00	; 0
    00000917 01                    2393 	.db #0x01	; 1
    00000918 00                    2394 	.db #0x00	; 0
    00000919 01                    2395 	.db #0x01	; 1
    0000091A 00                    2396 	.db #0x00	; 0
    0000091B 01                    2397 	.db #0x01	; 1
    0000091C 00                    2398 	.db #0x00	; 0
    0000091D 01                    2399 	.db #0x01	; 1
    0000091E 00                    2400 	.db #0x00	; 0
    0000091F 01                    2401 	.db #0x01	; 1
    00000920 00                    2402 	.db #0x00	; 0
    00000921 01                    2403 	.db #0x01	; 1
    00000922 00                    2404 	.db #0x00	; 0
    00000923 01                    2405 	.db #0x01	; 1
    00000924 22                    2406 	.db #0x22	; 34
    00000925 33                    2407 	.db #0x33	; 51	'3'
    00000926 02                    2408 	.db #0x02	; 2
    00000927 03                    2409 	.db #0x03	; 3
    00000928 02                    2410 	.db #0x02	; 2
    00000929 03                    2411 	.db #0x03	; 3
    0000092A 02                    2412 	.db #0x02	; 2
    0000092B 03                    2413 	.db #0x03	; 3
    0000092C 02                    2414 	.db #0x02	; 2
    0000092D 03                    2415 	.db #0x03	; 3
    0000092E 02                    2416 	.db #0x02	; 2
    0000092F 03                    2417 	.db #0x03	; 3
    00000930 02                    2418 	.db #0x02	; 2
    00000931 03                    2419 	.db #0x03	; 3
    00000932 02                    2420 	.db #0x02	; 2
    00000933 03                    2421 	.db #0x03	; 3
    00000934 02                    2422 	.db #0x02	; 2
    00000935 03                    2423 	.db #0x03	; 3
    00000936 02                    2424 	.db #0x02	; 2
    00000937 03                    2425 	.db #0x03	; 3
    00000938 32                    2426 	.db #0x32	; 50	'2'
    00000939 13                    2427 	.db #0x13	; 19
    0000093A 00                    2428 	.db #0x00	; 0
    0000093B 01                    2429 	.db #0x01	; 1
    0000093C 00                    2430 	.db #0x00	; 0
    0000093D 01                    2431 	.db #0x01	; 1
    0000093E 00                    2432 	.db #0x00	; 0
    0000093F 01                    2433 	.db #0x01	; 1
    00000940 00                    2434 	.db #0x00	; 0
    00000941 01                    2435 	.db #0x01	; 1
    00000942 00                    2436 	.db #0x00	; 0
    00000943 01                    2437 	.db #0x01	; 1
    00000944 00                    2438 	.db #0x00	; 0
    00000945 01                    2439 	.db #0x01	; 1
    00000946 00                    2440 	.db #0x00	; 0
    00000947 01                    2441 	.db #0x01	; 1
    00000948 00                    2442 	.db #0x00	; 0
    00000949 01                    2443 	.db #0x01	; 1
    0000094A 04                    2444 	.db #0x04	; 4
    0000094B 07                    2445 	.db #0x07	; 7
    0000094C 22                    2446 	.db #0x22	; 34
    0000094D 23                    2447 	.db #0x23	; 35
    0000094E 02                    2448 	.db #0x02	; 2
    0000094F 03                    2449 	.db #0x03	; 3
    00000950 02                    2450 	.db #0x02	; 2
    00000951 03                    2451 	.db #0x03	; 3
    00000952 02                    2452 	.db #0x02	; 2
    00000953 03                    2453 	.db #0x03	; 3
    00000954 02                    2454 	.db #0x02	; 2
    00000955 03                    2455 	.db #0x03	; 3
    00000956 02                    2456 	.db #0x02	; 2
    00000957 03                    2457 	.db #0x03	; 3
    00000958 02                    2458 	.db #0x02	; 2
    00000959 03                    2459 	.db #0x03	; 3
    0000095A 02                    2460 	.db #0x02	; 2
    0000095B 03                    2461 	.db #0x03	; 3
    0000095C 02                    2462 	.db #0x02	; 2
    0000095D 03                    2463 	.db #0x03	; 3
    0000095E 24                    2464 	.db #0x24	; 36
    0000095F 15                    2465 	.db #0x15	; 21
    00000960 32                    2466 	.db #0x32	; 50	'2'
    00000961 13                    2467 	.db #0x13	; 19
    00000962 00                    2468 	.db #0x00	; 0
    00000963 01                    2469 	.db #0x01	; 1
    00000964 00                    2470 	.db #0x00	; 0
    00000965 01                    2471 	.db #0x01	; 1
    00000966 00                    2472 	.db #0x00	; 0
    00000967 01                    2473 	.db #0x01	; 1
    00000968 00                    2474 	.db #0x00	; 0
    00000969 01                    2475 	.db #0x01	; 1
    0000096A 00                    2476 	.db #0x00	; 0
    0000096B 01                    2477 	.db #0x01	; 1
    0000096C 00                    2478 	.db #0x00	; 0
    0000096D 01                    2479 	.db #0x01	; 1
    0000096E 00                    2480 	.db #0x00	; 0
    0000096F 01                    2481 	.db #0x01	; 1
    00000970 00                    2482 	.db #0x00	; 0
    00000971 01                    2483 	.db #0x01	; 1
    00000972 20                    2484 	.db #0x20	; 32
    00000973 21                    2485 	.db #0x21	; 33
    00000974 22                    2486 	.db #0x22	; 34
    00000975 33                    2487 	.db #0x33	; 51	'3'
    00000976 02                    2488 	.db #0x02	; 2
    00000977 03                    2489 	.db #0x03	; 3
    00000978 02                    2490 	.db #0x02	; 2
    00000979 03                    2491 	.db #0x03	; 3
    0000097A 02                    2492 	.db #0x02	; 2
    0000097B 03                    2493 	.db #0x03	; 3
    0000097C 02                    2494 	.db #0x02	; 2
    0000097D 03                    2495 	.db #0x03	; 3
    0000097E 02                    2496 	.db #0x02	; 2
    0000097F 03                    2497 	.db #0x03	; 3
    00000980 02                    2498 	.db #0x02	; 2
    00000981 03                    2499 	.db #0x03	; 3
    00000982 02                    2500 	.db #0x02	; 2
    00000983 03                    2501 	.db #0x03	; 3
    00000984 02                    2502 	.db #0x02	; 2
    00000985 03                    2503 	.db #0x03	; 3
    00000986 30                    2504 	.db #0x30	; 48	'0'
    00000987 31                    2505 	.db #0x31	; 49	'1'
    00000988 32                    2506 	.db #0x32	; 50	'2'
    00000989 13                    2507 	.db #0x13	; 19
    0000098A 00                    2508 	.db #0x00	; 0
    0000098B 01                    2509 	.db #0x01	; 1
    0000098C 00                    2510 	.db #0x00	; 0
    0000098D 01                    2511 	.db #0x01	; 1
    0000098E 00                    2512 	.db #0x00	; 0
    0000098F 01                    2513 	.db #0x01	; 1
    00000990 00                    2514 	.db #0x00	; 0
    00000991 01                    2515 	.db #0x01	; 1
    00000992 00                    2516 	.db #0x00	; 0
    00000993 01                    2517 	.db #0x01	; 1
    00000994 00                    2518 	.db #0x00	; 0
    00000995 01                    2519 	.db #0x01	; 1
    00000996 00                    2520 	.db #0x00	; 0
    00000997 01                    2521 	.db #0x01	; 1
    00000998 00                    2522 	.db #0x00	; 0
    00000999 01                    2523 	.db #0x01	; 1
    0000099A 14                    2524 	.db #0x14	; 20
    0000099B 21                    2525 	.db #0x21	; 33
    0000099C 22                    2526 	.db #0x22	; 34
    0000099D 23                    2527 	.db #0x23	; 35
    0000099E 02                    2528 	.db #0x02	; 2
    0000099F 03                    2529 	.db #0x03	; 3
    000009A0 02                    2530 	.db #0x02	; 2
    000009A1 03                    2531 	.db #0x03	; 3
    000009A2 02                    2532 	.db #0x02	; 2
    000009A3 03                    2533 	.db #0x03	; 3
    000009A4 02                    2534 	.db #0x02	; 2
    000009A5 03                    2535 	.db #0x03	; 3
    000009A6 02                    2536 	.db #0x02	; 2
    000009A7 03                    2537 	.db #0x03	; 3
    000009A8 02                    2538 	.db #0x02	; 2
    000009A9 03                    2539 	.db #0x03	; 3
    000009AA 02                    2540 	.db #0x02	; 2
    000009AB 03                    2541 	.db #0x03	; 3
    000009AC 02                    2542 	.db #0x02	; 2
    000009AD 03                    2543 	.db #0x03	; 3
    000009AE 20                    2544 	.db #0x20	; 32
    000009AF 31                    2545 	.db #0x31	; 49	'1'
    000009B0 26                    2546 	.db #0x26	; 38
    000009B1 27                    2547 	.db #0x27	; 39
    000009B2 06                    2548 	.db #0x06	; 6
    000009B3 05                    2549 	.db #0x05	; 5
    000009B4 07                    2550 	.db #0x07	; 7
    000009B5 06                    2551 	.db #0x06	; 6
    000009B6 06                    2552 	.db #0x06	; 6
    000009B7 2D                    2553 	.db #0x2d	; 45
    000009B8 00                    2554 	.db #0x00	; 0
    000009B9 01                    2555 	.db #0x01	; 1
    000009BA 00                    2556 	.db #0x00	; 0
    000009BB 01                    2557 	.db #0x01	; 1
    000009BC 04                    2558 	.db #0x04	; 4
    000009BD 07                    2559 	.db #0x07	; 7
    000009BE 06                    2560 	.db #0x06	; 6
    000009BF 05                    2561 	.db #0x05	; 5
    000009C0 07                    2562 	.db #0x07	; 7
    000009C1 2C                    2563 	.db #0x2c	; 44
    000009C2 08                    2564 	.db #0x08	; 8
    000009C3 09                    2565 	.db #0x09	; 9
    000009C4 2A                    2566 	.db #0x2a	; 42
    000009C5 2B                    2567 	.db #0x2b	; 43
    000009C6 16                    2568 	.db #0x16	; 22
    000009C7 17                    2569 	.db #0x17	; 23
    000009C8 16                    2570 	.db #0x16	; 22
    000009C9 17                    2571 	.db #0x17	; 23
    000009CA 12                    2572 	.db #0x12	; 18
    000009CB 13                    2573 	.db #0x13	; 19
    000009CC 02                    2574 	.db #0x02	; 2
    000009CD 03                    2575 	.db #0x03	; 3
    000009CE 02                    2576 	.db #0x02	; 2
    000009CF 03                    2577 	.db #0x03	; 3
    000009D0 24                    2578 	.db #0x24	; 36
    000009D1 15                    2579 	.db #0x15	; 21
    000009D2 16                    2580 	.db #0x16	; 22
    000009D3 17                    2581 	.db #0x17	; 23
    000009D4 16                    2582 	.db #0x16	; 22
    000009D5 17                    2583 	.db #0x17	; 23
    000009D6 18                    2584 	.db #0x18	; 24
    000009D7 19                    2585 	.db #0x19	; 25
    000009D8                       2586 _room8:
    000009D8 0A                    2587 	.db #0x0a	; 10
    000009D9 0B                    2588 	.db #0x0b	; 11
    000009DA 0C                    2589 	.db #0x0c	; 12
    000009DB 0D                    2590 	.db #0x0d	; 13
    000009DC 0C                    2591 	.db #0x0c	; 12
    000009DD 0D                    2592 	.db #0x0d	; 13
    000009DE 0C                    2593 	.db #0x0c	; 12
    000009DF 0D                    2594 	.db #0x0d	; 13
    000009E0 0C                    2595 	.db #0x0c	; 12
    000009E1 0D                    2596 	.db #0x0d	; 13
    000009E2 0C                    2597 	.db #0x0c	; 12
    000009E3 0D                    2598 	.db #0x0d	; 13
    000009E4 0C                    2599 	.db #0x0c	; 12
    000009E5 0D                    2600 	.db #0x0d	; 13
    000009E6 0C                    2601 	.db #0x0c	; 12
    000009E7 0D                    2602 	.db #0x0d	; 13
    000009E8 0C                    2603 	.db #0x0c	; 12
    000009E9 0D                    2604 	.db #0x0d	; 13
    000009EA 28                    2605 	.db #0x28	; 40
    000009EB 29                    2606 	.db #0x29	; 41
    000009EC 1A                    2607 	.db #0x1a	; 26
    000009ED 1B                    2608 	.db #0x1b	; 27
    000009EE 1C                    2609 	.db #0x1c	; 28
    000009EF 1D                    2610 	.db #0x1d	; 29
    000009F0 1C                    2611 	.db #0x1c	; 28
    000009F1 1D                    2612 	.db #0x1d	; 29
    000009F2 1C                    2613 	.db #0x1c	; 28
    000009F3 1D                    2614 	.db #0x1d	; 29
    000009F4 1C                    2615 	.db #0x1c	; 28
    000009F5 1D                    2616 	.db #0x1d	; 29
    000009F6 1C                    2617 	.db #0x1c	; 28
    000009F7 1D                    2618 	.db #0x1d	; 29
    000009F8 1C                    2619 	.db #0x1c	; 28
    000009F9 1D                    2620 	.db #0x1d	; 29
    000009FA 1C                    2621 	.db #0x1c	; 28
    000009FB 1D                    2622 	.db #0x1d	; 29
    000009FC 1C                    2623 	.db #0x1c	; 28
    000009FD 1D                    2624 	.db #0x1d	; 29
    000009FE 10                    2625 	.db #0x10	; 16
    000009FF 11                    2626 	.db #0x11	; 17
    00000A00 32                    2627 	.db #0x32	; 50	'2'
    00000A01 13                    2628 	.db #0x13	; 19
    00000A02 00                    2629 	.db #0x00	; 0
    00000A03 01                    2630 	.db #0x01	; 1
    00000A04 00                    2631 	.db #0x00	; 0
    00000A05 01                    2632 	.db #0x01	; 1
    00000A06 00                    2633 	.db #0x00	; 0
    00000A07 01                    2634 	.db #0x01	; 1
    00000A08 00                    2635 	.db #0x00	; 0
    00000A09 01                    2636 	.db #0x01	; 1
    00000A0A 00                    2637 	.db #0x00	; 0
    00000A0B 01                    2638 	.db #0x01	; 1
    00000A0C 00                    2639 	.db #0x00	; 0
    00000A0D 01                    2640 	.db #0x01	; 1
    00000A0E 00                    2641 	.db #0x00	; 0
    00000A0F 01                    2642 	.db #0x01	; 1
    00000A10 00                    2643 	.db #0x00	; 0
    00000A11 01                    2644 	.db #0x01	; 1
    00000A12 14                    2645 	.db #0x14	; 20
    00000A13 21                    2646 	.db #0x21	; 33
    00000A14 22                    2647 	.db #0x22	; 34
    00000A15 33                    2648 	.db #0x33	; 51	'3'
    00000A16 02                    2649 	.db #0x02	; 2
    00000A17 03                    2650 	.db #0x03	; 3
    00000A18 02                    2651 	.db #0x02	; 2
    00000A19 03                    2652 	.db #0x03	; 3
    00000A1A 02                    2653 	.db #0x02	; 2
    00000A1B 03                    2654 	.db #0x03	; 3
    00000A1C 02                    2655 	.db #0x02	; 2
    00000A1D 03                    2656 	.db #0x03	; 3
    00000A1E 02                    2657 	.db #0x02	; 2
    00000A1F 03                    2658 	.db #0x03	; 3
    00000A20 02                    2659 	.db #0x02	; 2
    00000A21 03                    2660 	.db #0x03	; 3
    00000A22 02                    2661 	.db #0x02	; 2
    00000A23 03                    2662 	.db #0x03	; 3
    00000A24 02                    2663 	.db #0x02	; 2
    00000A25 03                    2664 	.db #0x03	; 3
    00000A26 20                    2665 	.db #0x20	; 32
    00000A27 31                    2666 	.db #0x31	; 49	'1'
    00000A28 32                    2667 	.db #0x32	; 50	'2'
    00000A29 13                    2668 	.db #0x13	; 19
    00000A2A 00                    2669 	.db #0x00	; 0
    00000A2B 01                    2670 	.db #0x01	; 1
    00000A2C 00                    2671 	.db #0x00	; 0
    00000A2D 01                    2672 	.db #0x01	; 1
    00000A2E 00                    2673 	.db #0x00	; 0
    00000A2F 01                    2674 	.db #0x01	; 1
    00000A30 00                    2675 	.db #0x00	; 0
    00000A31 01                    2676 	.db #0x01	; 1
    00000A32 00                    2677 	.db #0x00	; 0
    00000A33 01                    2678 	.db #0x01	; 1
    00000A34 00                    2679 	.db #0x00	; 0
    00000A35 01                    2680 	.db #0x01	; 1
    00000A36 00                    2681 	.db #0x00	; 0
    00000A37 01                    2682 	.db #0x01	; 1
    00000A38 00                    2683 	.db #0x00	; 0
    00000A39 01                    2684 	.db #0x01	; 1
    00000A3A 30                    2685 	.db #0x30	; 48	'0'
    00000A3B 21                    2686 	.db #0x21	; 33
    00000A3C 22                    2687 	.db #0x22	; 34
    00000A3D 23                    2688 	.db #0x23	; 35
    00000A3E 02                    2689 	.db #0x02	; 2
    00000A3F 03                    2690 	.db #0x03	; 3
    00000A40 02                    2691 	.db #0x02	; 2
    00000A41 03                    2692 	.db #0x03	; 3
    00000A42 02                    2693 	.db #0x02	; 2
    00000A43 03                    2694 	.db #0x03	; 3
    00000A44 02                    2695 	.db #0x02	; 2
    00000A45 03                    2696 	.db #0x03	; 3
    00000A46 02                    2697 	.db #0x02	; 2
    00000A47 03                    2698 	.db #0x03	; 3
    00000A48 02                    2699 	.db #0x02	; 2
    00000A49 03                    2700 	.db #0x03	; 3
    00000A4A 02                    2701 	.db #0x02	; 2
    00000A4B 03                    2702 	.db #0x03	; 3
    00000A4C 02                    2703 	.db #0x02	; 2
    00000A4D 03                    2704 	.db #0x03	; 3
    00000A4E 14                    2705 	.db #0x14	; 20
    00000A4F 31                    2706 	.db #0x31	; 49	'1'
    00000A50 0E                    2707 	.db #0x0e	; 14
    00000A51 33                    2708 	.db #0x33	; 51	'3'
    00000A52 00                    2709 	.db #0x00	; 0
    00000A53 01                    2710 	.db #0x01	; 1
    00000A54 00                    2711 	.db #0x00	; 0
    00000A55 01                    2712 	.db #0x01	; 1
    00000A56 00                    2713 	.db #0x00	; 0
    00000A57 01                    2714 	.db #0x01	; 1
    00000A58 00                    2715 	.db #0x00	; 0
    00000A59 01                    2716 	.db #0x01	; 1
    00000A5A 00                    2717 	.db #0x00	; 0
    00000A5B 01                    2718 	.db #0x01	; 1
    00000A5C 00                    2719 	.db #0x00	; 0
    00000A5D 01                    2720 	.db #0x01	; 1
    00000A5E 00                    2721 	.db #0x00	; 0
    00000A5F 01                    2722 	.db #0x01	; 1
    00000A60 00                    2723 	.db #0x00	; 0
    00000A61 01                    2724 	.db #0x01	; 1
    00000A62 20                    2725 	.db #0x20	; 32
    00000A63 21                    2726 	.db #0x21	; 33
    00000A64 1C                    2727 	.db #0x1c	; 28
    00000A65 1F                    2728 	.db #0x1f	; 31
    00000A66 02                    2729 	.db #0x02	; 2
    00000A67 03                    2730 	.db #0x03	; 3
    00000A68 02                    2731 	.db #0x02	; 2
    00000A69 03                    2732 	.db #0x03	; 3
    00000A6A 02                    2733 	.db #0x02	; 2
    00000A6B 03                    2734 	.db #0x03	; 3
    00000A6C 02                    2735 	.db #0x02	; 2
    00000A6D 03                    2736 	.db #0x03	; 3
    00000A6E 02                    2737 	.db #0x02	; 2
    00000A6F 03                    2738 	.db #0x03	; 3
    00000A70 02                    2739 	.db #0x02	; 2
    00000A71 03                    2740 	.db #0x03	; 3
    00000A72 02                    2741 	.db #0x02	; 2
    00000A73 03                    2742 	.db #0x03	; 3
    00000A74 02                    2743 	.db #0x02	; 2
    00000A75 03                    2744 	.db #0x03	; 3
    00000A76 30                    2745 	.db #0x30	; 48	'0'
    00000A77 31                    2746 	.db #0x31	; 49	'1'
    00000A78 00                    2747 	.db #0x00	; 0
    00000A79 01                    2748 	.db #0x01	; 1
    00000A7A 00                    2749 	.db #0x00	; 0
    00000A7B 01                    2750 	.db #0x01	; 1
    00000A7C 00                    2751 	.db #0x00	; 0
    00000A7D 01                    2752 	.db #0x01	; 1
    00000A7E 00                    2753 	.db #0x00	; 0
    00000A7F 01                    2754 	.db #0x01	; 1
    00000A80 00                    2755 	.db #0x00	; 0
    00000A81 01                    2756 	.db #0x01	; 1
    00000A82 00                    2757 	.db #0x00	; 0
    00000A83 01                    2758 	.db #0x01	; 1
    00000A84 00                    2759 	.db #0x00	; 0
    00000A85 01                    2760 	.db #0x01	; 1
    00000A86 00                    2761 	.db #0x00	; 0
    00000A87 01                    2762 	.db #0x01	; 1
    00000A88 00                    2763 	.db #0x00	; 0
    00000A89 01                    2764 	.db #0x01	; 1
    00000A8A 20                    2765 	.db #0x20	; 32
    00000A8B 21                    2766 	.db #0x21	; 33
    00000A8C 02                    2767 	.db #0x02	; 2
    00000A8D 03                    2768 	.db #0x03	; 3
    00000A8E 02                    2769 	.db #0x02	; 2
    00000A8F 03                    2770 	.db #0x03	; 3
    00000A90 02                    2771 	.db #0x02	; 2
    00000A91 03                    2772 	.db #0x03	; 3
    00000A92 02                    2773 	.db #0x02	; 2
    00000A93 03                    2774 	.db #0x03	; 3
    00000A94 02                    2775 	.db #0x02	; 2
    00000A95 03                    2776 	.db #0x03	; 3
    00000A96 02                    2777 	.db #0x02	; 2
    00000A97 03                    2778 	.db #0x03	; 3
    00000A98 02                    2779 	.db #0x02	; 2
    00000A99 03                    2780 	.db #0x03	; 3
    00000A9A 02                    2781 	.db #0x02	; 2
    00000A9B 03                    2782 	.db #0x03	; 3
    00000A9C 02                    2783 	.db #0x02	; 2
    00000A9D 03                    2784 	.db #0x03	; 3
    00000A9E 30                    2785 	.db #0x30	; 48	'0'
    00000A9F 31                    2786 	.db #0x31	; 49	'1'
    00000AA0 06                    2787 	.db #0x06	; 6
    00000AA1 2D                    2788 	.db #0x2d	; 45
    00000AA2 00                    2789 	.db #0x00	; 0
    00000AA3 01                    2790 	.db #0x01	; 1
    00000AA4 00                    2791 	.db #0x00	; 0
    00000AA5 01                    2792 	.db #0x01	; 1
    00000AA6 00                    2793 	.db #0x00	; 0
    00000AA7 01                    2794 	.db #0x01	; 1
    00000AA8 00                    2795 	.db #0x00	; 0
    00000AA9 01                    2796 	.db #0x01	; 1
    00000AAA 00                    2797 	.db #0x00	; 0
    00000AAB 01                    2798 	.db #0x01	; 1
    00000AAC 00                    2799 	.db #0x00	; 0
    00000AAD 01                    2800 	.db #0x01	; 1
    00000AAE 00                    2801 	.db #0x00	; 0
    00000AAF 01                    2802 	.db #0x01	; 1
    00000AB0 00                    2803 	.db #0x00	; 0
    00000AB1 01                    2804 	.db #0x01	; 1
    00000AB2 20                    2805 	.db #0x20	; 32
    00000AB3 21                    2806 	.db #0x21	; 33
    00000AB4 12                    2807 	.db #0x12	; 18
    00000AB5 13                    2808 	.db #0x13	; 19
    00000AB6 02                    2809 	.db #0x02	; 2
    00000AB7 03                    2810 	.db #0x03	; 3
    00000AB8 02                    2811 	.db #0x02	; 2
    00000AB9 03                    2812 	.db #0x03	; 3
    00000ABA 02                    2813 	.db #0x02	; 2
    00000ABB 03                    2814 	.db #0x03	; 3
    00000ABC 02                    2815 	.db #0x02	; 2
    00000ABD 03                    2816 	.db #0x03	; 3
    00000ABE 02                    2817 	.db #0x02	; 2
    00000ABF 03                    2818 	.db #0x03	; 3
    00000AC0 02                    2819 	.db #0x02	; 2
    00000AC1 03                    2820 	.db #0x03	; 3
    00000AC2 02                    2821 	.db #0x02	; 2
    00000AC3 03                    2822 	.db #0x03	; 3
    00000AC4 02                    2823 	.db #0x02	; 2
    00000AC5 03                    2824 	.db #0x03	; 3
    00000AC6 30                    2825 	.db #0x30	; 48	'0'
    00000AC7 31                    2826 	.db #0x31	; 49	'1'
    00000AC8 32                    2827 	.db #0x32	; 50	'2'
    00000AC9 13                    2828 	.db #0x13	; 19
    00000ACA 00                    2829 	.db #0x00	; 0
    00000ACB 01                    2830 	.db #0x01	; 1
    00000ACC 00                    2831 	.db #0x00	; 0
    00000ACD 01                    2832 	.db #0x01	; 1
    00000ACE 00                    2833 	.db #0x00	; 0
    00000ACF 01                    2834 	.db #0x01	; 1
    00000AD0 00                    2835 	.db #0x00	; 0
    00000AD1 01                    2836 	.db #0x01	; 1
    00000AD2 00                    2837 	.db #0x00	; 0
    00000AD3 01                    2838 	.db #0x01	; 1
    00000AD4 00                    2839 	.db #0x00	; 0
    00000AD5 01                    2840 	.db #0x01	; 1
    00000AD6 00                    2841 	.db #0x00	; 0
    00000AD7 01                    2842 	.db #0x01	; 1
    00000AD8 00                    2843 	.db #0x00	; 0
    00000AD9 01                    2844 	.db #0x01	; 1
    00000ADA 20                    2845 	.db #0x20	; 32
    00000ADB 21                    2846 	.db #0x21	; 33
    00000ADC 22                    2847 	.db #0x22	; 34
    00000ADD 33                    2848 	.db #0x33	; 51	'3'
    00000ADE 02                    2849 	.db #0x02	; 2
    00000ADF 03                    2850 	.db #0x03	; 3
    00000AE0 02                    2851 	.db #0x02	; 2
    00000AE1 03                    2852 	.db #0x03	; 3
    00000AE2 02                    2853 	.db #0x02	; 2
    00000AE3 03                    2854 	.db #0x03	; 3
    00000AE4 02                    2855 	.db #0x02	; 2
    00000AE5 03                    2856 	.db #0x03	; 3
    00000AE6 02                    2857 	.db #0x02	; 2
    00000AE7 03                    2858 	.db #0x03	; 3
    00000AE8 02                    2859 	.db #0x02	; 2
    00000AE9 03                    2860 	.db #0x03	; 3
    00000AEA 02                    2861 	.db #0x02	; 2
    00000AEB 03                    2862 	.db #0x03	; 3
    00000AEC 02                    2863 	.db #0x02	; 2
    00000AED 03                    2864 	.db #0x03	; 3
    00000AEE 30                    2865 	.db #0x30	; 48	'0'
    00000AEF 31                    2866 	.db #0x31	; 49	'1'
    00000AF0 32                    2867 	.db #0x32	; 50	'2'
    00000AF1 13                    2868 	.db #0x13	; 19
    00000AF2 00                    2869 	.db #0x00	; 0
    00000AF3 01                    2870 	.db #0x01	; 1
    00000AF4 00                    2871 	.db #0x00	; 0
    00000AF5 01                    2872 	.db #0x01	; 1
    00000AF6 00                    2873 	.db #0x00	; 0
    00000AF7 01                    2874 	.db #0x01	; 1
    00000AF8 00                    2875 	.db #0x00	; 0
    00000AF9 01                    2876 	.db #0x01	; 1
    00000AFA 00                    2877 	.db #0x00	; 0
    00000AFB 01                    2878 	.db #0x01	; 1
    00000AFC 00                    2879 	.db #0x00	; 0
    00000AFD 01                    2880 	.db #0x01	; 1
    00000AFE 00                    2881 	.db #0x00	; 0
    00000AFF 01                    2882 	.db #0x01	; 1
    00000B00 00                    2883 	.db #0x00	; 0
    00000B01 01                    2884 	.db #0x01	; 1
    00000B02 14                    2885 	.db #0x14	; 20
    00000B03 21                    2886 	.db #0x21	; 33
    00000B04 22                    2887 	.db #0x22	; 34
    00000B05 23                    2888 	.db #0x23	; 35
    00000B06 02                    2889 	.db #0x02	; 2
    00000B07 03                    2890 	.db #0x03	; 3
    00000B08 02                    2891 	.db #0x02	; 2
    00000B09 03                    2892 	.db #0x03	; 3
    00000B0A 02                    2893 	.db #0x02	; 2
    00000B0B 03                    2894 	.db #0x03	; 3
    00000B0C 02                    2895 	.db #0x02	; 2
    00000B0D 03                    2896 	.db #0x03	; 3
    00000B0E 02                    2897 	.db #0x02	; 2
    00000B0F 03                    2898 	.db #0x03	; 3
    00000B10 02                    2899 	.db #0x02	; 2
    00000B11 03                    2900 	.db #0x03	; 3
    00000B12 02                    2901 	.db #0x02	; 2
    00000B13 03                    2902 	.db #0x03	; 3
    00000B14 02                    2903 	.db #0x02	; 2
    00000B15 03                    2904 	.db #0x03	; 3
    00000B16 20                    2905 	.db #0x20	; 32
    00000B17 31                    2906 	.db #0x31	; 49	'1'
    00000B18 26                    2907 	.db #0x26	; 38
    00000B19 27                    2908 	.db #0x27	; 39
    00000B1A 06                    2909 	.db #0x06	; 6
    00000B1B 05                    2910 	.db #0x05	; 5
    00000B1C 07                    2911 	.db #0x07	; 7
    00000B1D 06                    2912 	.db #0x06	; 6
    00000B1E 06                    2913 	.db #0x06	; 6
    00000B1F 05                    2914 	.db #0x05	; 5
    00000B20 06                    2915 	.db #0x06	; 6
    00000B21 05                    2916 	.db #0x05	; 5
    00000B22 06                    2917 	.db #0x06	; 6
    00000B23 05                    2918 	.db #0x05	; 5
    00000B24 06                    2919 	.db #0x06	; 6
    00000B25 05                    2920 	.db #0x05	; 5
    00000B26 06                    2921 	.db #0x06	; 6
    00000B27 05                    2922 	.db #0x05	; 5
    00000B28 07                    2923 	.db #0x07	; 7
    00000B29 2C                    2924 	.db #0x2c	; 44
    00000B2A 08                    2925 	.db #0x08	; 8
    00000B2B 09                    2926 	.db #0x09	; 9
    00000B2C 2A                    2927 	.db #0x2a	; 42
    00000B2D 2B                    2928 	.db #0x2b	; 43
    00000B2E 16                    2929 	.db #0x16	; 22
    00000B2F 17                    2930 	.db #0x17	; 23
    00000B30 16                    2931 	.db #0x16	; 22
    00000B31 17                    2932 	.db #0x17	; 23
    00000B32 16                    2933 	.db #0x16	; 22
    00000B33 17                    2934 	.db #0x17	; 23
    00000B34 16                    2935 	.db #0x16	; 22
    00000B35 17                    2936 	.db #0x17	; 23
    00000B36 16                    2937 	.db #0x16	; 22
    00000B37 17                    2938 	.db #0x17	; 23
    00000B38 16                    2939 	.db #0x16	; 22
    00000B39 17                    2940 	.db #0x17	; 23
    00000B3A 16                    2941 	.db #0x16	; 22
    00000B3B 17                    2942 	.db #0x17	; 23
    00000B3C 16                    2943 	.db #0x16	; 22
    00000B3D 17                    2944 	.db #0x17	; 23
    00000B3E 18                    2945 	.db #0x18	; 24
    00000B3F 19                    2946 	.db #0x19	; 25
    00000B40                       2947 _room9:
    00000B40 0A                    2948 	.db #0x0a	; 10
    00000B41 0B                    2949 	.db #0x0b	; 11
    00000B42 0C                    2950 	.db #0x0c	; 12
    00000B43 0D                    2951 	.db #0x0d	; 13
    00000B44 0C                    2952 	.db #0x0c	; 12
    00000B45 0D                    2953 	.db #0x0d	; 13
    00000B46 0E                    2954 	.db #0x0e	; 14
    00000B47 33                    2955 	.db #0x33	; 51	'3'
    00000B48 00                    2956 	.db #0x00	; 0
    00000B49 01                    2957 	.db #0x01	; 1
    00000B4A 00                    2958 	.db #0x00	; 0
    00000B4B 01                    2959 	.db #0x01	; 1
    00000B4C 30                    2960 	.db #0x30	; 48	'0'
    00000B4D 25                    2961 	.db #0x25	; 37
    00000B4E 0C                    2962 	.db #0x0c	; 12
    00000B4F 0D                    2963 	.db #0x0d	; 13
    00000B50 0C                    2964 	.db #0x0c	; 12
    00000B51 0D                    2965 	.db #0x0d	; 13
    00000B52 28                    2966 	.db #0x28	; 40
    00000B53 29                    2967 	.db #0x29	; 41
    00000B54 1A                    2968 	.db #0x1a	; 26
    00000B55 1B                    2969 	.db #0x1b	; 27
    00000B56 1C                    2970 	.db #0x1c	; 28
    00000B57 1D                    2971 	.db #0x1d	; 29
    00000B58 1C                    2972 	.db #0x1c	; 28
    00000B59 1D                    2973 	.db #0x1d	; 29
    00000B5A 1C                    2974 	.db #0x1c	; 28
    00000B5B 1F                    2975 	.db #0x1f	; 31
    00000B5C 02                    2976 	.db #0x02	; 2
    00000B5D 03                    2977 	.db #0x03	; 3
    00000B5E 02                    2978 	.db #0x02	; 2
    00000B5F 03                    2979 	.db #0x03	; 3
    00000B60 2E                    2980 	.db #0x2e	; 46
    00000B61 1D                    2981 	.db #0x1d	; 29
    00000B62 1C                    2982 	.db #0x1c	; 28
    00000B63 1D                    2983 	.db #0x1d	; 29
    00000B64 1C                    2984 	.db #0x1c	; 28
    00000B65 1D                    2985 	.db #0x1d	; 29
    00000B66 10                    2986 	.db #0x10	; 16
    00000B67 11                    2987 	.db #0x11	; 17
    00000B68 32                    2988 	.db #0x32	; 50	'2'
    00000B69 13                    2989 	.db #0x13	; 19
    00000B6A 00                    2990 	.db #0x00	; 0
    00000B6B 01                    2991 	.db #0x01	; 1
    00000B6C 00                    2992 	.db #0x00	; 0
    00000B6D 01                    2993 	.db #0x01	; 1
    00000B6E 00                    2994 	.db #0x00	; 0
    00000B6F 01                    2995 	.db #0x01	; 1
    00000B70 00                    2996 	.db #0x00	; 0
    00000B71 01                    2997 	.db #0x01	; 1
    00000B72 00                    2998 	.db #0x00	; 0
    00000B73 01                    2999 	.db #0x01	; 1
    00000B74 00                    3000 	.db #0x00	; 0
    00000B75 01                    3001 	.db #0x01	; 1
    00000B76 00                    3002 	.db #0x00	; 0
    00000B77 01                    3003 	.db #0x01	; 1
    00000B78 00                    3004 	.db #0x00	; 0
    00000B79 01                    3005 	.db #0x01	; 1
    00000B7A 14                    3006 	.db #0x14	; 20
    00000B7B 21                    3007 	.db #0x21	; 33
    00000B7C 22                    3008 	.db #0x22	; 34
    00000B7D 33                    3009 	.db #0x33	; 51	'3'
    00000B7E 02                    3010 	.db #0x02	; 2
    00000B7F 03                    3011 	.db #0x03	; 3
    00000B80 02                    3012 	.db #0x02	; 2
    00000B81 03                    3013 	.db #0x03	; 3
    00000B82 02                    3014 	.db #0x02	; 2
    00000B83 03                    3015 	.db #0x03	; 3
    00000B84 02                    3016 	.db #0x02	; 2
    00000B85 03                    3017 	.db #0x03	; 3
    00000B86 02                    3018 	.db #0x02	; 2
    00000B87 03                    3019 	.db #0x03	; 3
    00000B88 02                    3020 	.db #0x02	; 2
    00000B89 03                    3021 	.db #0x03	; 3
    00000B8A 02                    3022 	.db #0x02	; 2
    00000B8B 03                    3023 	.db #0x03	; 3
    00000B8C 02                    3024 	.db #0x02	; 2
    00000B8D 03                    3025 	.db #0x03	; 3
    00000B8E 20                    3026 	.db #0x20	; 32
    00000B8F 31                    3027 	.db #0x31	; 49	'1'
    00000B90 32                    3028 	.db #0x32	; 50	'2'
    00000B91 13                    3029 	.db #0x13	; 19
    00000B92 00                    3030 	.db #0x00	; 0
    00000B93 01                    3031 	.db #0x01	; 1
    00000B94 00                    3032 	.db #0x00	; 0
    00000B95 01                    3033 	.db #0x01	; 1
    00000B96 00                    3034 	.db #0x00	; 0
    00000B97 01                    3035 	.db #0x01	; 1
    00000B98 00                    3036 	.db #0x00	; 0
    00000B99 01                    3037 	.db #0x01	; 1
    00000B9A 00                    3038 	.db #0x00	; 0
    00000B9B 01                    3039 	.db #0x01	; 1
    00000B9C 00                    3040 	.db #0x00	; 0
    00000B9D 01                    3041 	.db #0x01	; 1
    00000B9E 00                    3042 	.db #0x00	; 0
    00000B9F 01                    3043 	.db #0x01	; 1
    00000BA0 00                    3044 	.db #0x00	; 0
    00000BA1 01                    3045 	.db #0x01	; 1
    00000BA2 30                    3046 	.db #0x30	; 48	'0'
    00000BA3 21                    3047 	.db #0x21	; 33
    00000BA4 22                    3048 	.db #0x22	; 34
    00000BA5 23                    3049 	.db #0x23	; 35
    00000BA6 02                    3050 	.db #0x02	; 2
    00000BA7 03                    3051 	.db #0x03	; 3
    00000BA8 02                    3052 	.db #0x02	; 2
    00000BA9 03                    3053 	.db #0x03	; 3
    00000BAA 02                    3054 	.db #0x02	; 2
    00000BAB 03                    3055 	.db #0x03	; 3
    00000BAC 02                    3056 	.db #0x02	; 2
    00000BAD 03                    3057 	.db #0x03	; 3
    00000BAE 02                    3058 	.db #0x02	; 2
    00000BAF 03                    3059 	.db #0x03	; 3
    00000BB0 02                    3060 	.db #0x02	; 2
    00000BB1 03                    3061 	.db #0x03	; 3
    00000BB2 02                    3062 	.db #0x02	; 2
    00000BB3 03                    3063 	.db #0x03	; 3
    00000BB4 02                    3064 	.db #0x02	; 2
    00000BB5 03                    3065 	.db #0x03	; 3
    00000BB6 14                    3066 	.db #0x14	; 20
    00000BB7 31                    3067 	.db #0x31	; 49	'1'
    00000BB8 0E                    3068 	.db #0x0e	; 14
    00000BB9 33                    3069 	.db #0x33	; 51	'3'
    00000BBA 00                    3070 	.db #0x00	; 0
    00000BBB 01                    3071 	.db #0x01	; 1
    00000BBC 00                    3072 	.db #0x00	; 0
    00000BBD 01                    3073 	.db #0x01	; 1
    00000BBE 00                    3074 	.db #0x00	; 0
    00000BBF 01                    3075 	.db #0x01	; 1
    00000BC0 00                    3076 	.db #0x00	; 0
    00000BC1 01                    3077 	.db #0x01	; 1
    00000BC2 00                    3078 	.db #0x00	; 0
    00000BC3 01                    3079 	.db #0x01	; 1
    00000BC4 00                    3080 	.db #0x00	; 0
    00000BC5 01                    3081 	.db #0x01	; 1
    00000BC6 00                    3082 	.db #0x00	; 0
    00000BC7 01                    3083 	.db #0x01	; 1
    00000BC8 00                    3084 	.db #0x00	; 0
    00000BC9 01                    3085 	.db #0x01	; 1
    00000BCA 20                    3086 	.db #0x20	; 32
    00000BCB 21                    3087 	.db #0x21	; 33
    00000BCC 1C                    3088 	.db #0x1c	; 28
    00000BCD 1F                    3089 	.db #0x1f	; 31
    00000BCE 02                    3090 	.db #0x02	; 2
    00000BCF 03                    3091 	.db #0x03	; 3
    00000BD0 02                    3092 	.db #0x02	; 2
    00000BD1 03                    3093 	.db #0x03	; 3
    00000BD2 02                    3094 	.db #0x02	; 2
    00000BD3 03                    3095 	.db #0x03	; 3
    00000BD4 02                    3096 	.db #0x02	; 2
    00000BD5 03                    3097 	.db #0x03	; 3
    00000BD6 02                    3098 	.db #0x02	; 2
    00000BD7 03                    3099 	.db #0x03	; 3
    00000BD8 02                    3100 	.db #0x02	; 2
    00000BD9 03                    3101 	.db #0x03	; 3
    00000BDA 02                    3102 	.db #0x02	; 2
    00000BDB 03                    3103 	.db #0x03	; 3
    00000BDC 02                    3104 	.db #0x02	; 2
    00000BDD 03                    3105 	.db #0x03	; 3
    00000BDE 30                    3106 	.db #0x30	; 48	'0'
    00000BDF 31                    3107 	.db #0x31	; 49	'1'
    00000BE0 00                    3108 	.db #0x00	; 0
    00000BE1 01                    3109 	.db #0x01	; 1
    00000BE2 00                    3110 	.db #0x00	; 0
    00000BE3 01                    3111 	.db #0x01	; 1
    00000BE4 00                    3112 	.db #0x00	; 0
    00000BE5 01                    3113 	.db #0x01	; 1
    00000BE6 00                    3114 	.db #0x00	; 0
    00000BE7 01                    3115 	.db #0x01	; 1
    00000BE8 00                    3116 	.db #0x00	; 0
    00000BE9 01                    3117 	.db #0x01	; 1
    00000BEA 00                    3118 	.db #0x00	; 0
    00000BEB 01                    3119 	.db #0x01	; 1
    00000BEC 00                    3120 	.db #0x00	; 0
    00000BED 01                    3121 	.db #0x01	; 1
    00000BEE 00                    3122 	.db #0x00	; 0
    00000BEF 01                    3123 	.db #0x01	; 1
    00000BF0 00                    3124 	.db #0x00	; 0
    00000BF1 01                    3125 	.db #0x01	; 1
    00000BF2 20                    3126 	.db #0x20	; 32
    00000BF3 21                    3127 	.db #0x21	; 33
    00000BF4 02                    3128 	.db #0x02	; 2
    00000BF5 03                    3129 	.db #0x03	; 3
    00000BF6 02                    3130 	.db #0x02	; 2
    00000BF7 03                    3131 	.db #0x03	; 3
    00000BF8 02                    3132 	.db #0x02	; 2
    00000BF9 03                    3133 	.db #0x03	; 3
    00000BFA 02                    3134 	.db #0x02	; 2
    00000BFB 03                    3135 	.db #0x03	; 3
    00000BFC 02                    3136 	.db #0x02	; 2
    00000BFD 03                    3137 	.db #0x03	; 3
    00000BFE 02                    3138 	.db #0x02	; 2
    00000BFF 03                    3139 	.db #0x03	; 3
    00000C00 02                    3140 	.db #0x02	; 2
    00000C01 03                    3141 	.db #0x03	; 3
    00000C02 02                    3142 	.db #0x02	; 2
    00000C03 03                    3143 	.db #0x03	; 3
    00000C04 02                    3144 	.db #0x02	; 2
    00000C05 03                    3145 	.db #0x03	; 3
    00000C06 30                    3146 	.db #0x30	; 48	'0'
    00000C07 31                    3147 	.db #0x31	; 49	'1'
    00000C08 06                    3148 	.db #0x06	; 6
    00000C09 2D                    3149 	.db #0x2d	; 45
    00000C0A 00                    3150 	.db #0x00	; 0
    00000C0B 01                    3151 	.db #0x01	; 1
    00000C0C 00                    3152 	.db #0x00	; 0
    00000C0D 01                    3153 	.db #0x01	; 1
    00000C0E 00                    3154 	.db #0x00	; 0
    00000C0F 01                    3155 	.db #0x01	; 1
    00000C10 00                    3156 	.db #0x00	; 0
    00000C11 01                    3157 	.db #0x01	; 1
    00000C12 00                    3158 	.db #0x00	; 0
    00000C13 01                    3159 	.db #0x01	; 1
    00000C14 00                    3160 	.db #0x00	; 0
    00000C15 01                    3161 	.db #0x01	; 1
    00000C16 00                    3162 	.db #0x00	; 0
    00000C17 01                    3163 	.db #0x01	; 1
    00000C18 00                    3164 	.db #0x00	; 0
    00000C19 01                    3165 	.db #0x01	; 1
    00000C1A 20                    3166 	.db #0x20	; 32
    00000C1B 21                    3167 	.db #0x21	; 33
    00000C1C 12                    3168 	.db #0x12	; 18
    00000C1D 13                    3169 	.db #0x13	; 19
    00000C1E 02                    3170 	.db #0x02	; 2
    00000C1F 03                    3171 	.db #0x03	; 3
    00000C20 02                    3172 	.db #0x02	; 2
    00000C21 03                    3173 	.db #0x03	; 3
    00000C22 02                    3174 	.db #0x02	; 2
    00000C23 03                    3175 	.db #0x03	; 3
    00000C24 02                    3176 	.db #0x02	; 2
    00000C25 03                    3177 	.db #0x03	; 3
    00000C26 02                    3178 	.db #0x02	; 2
    00000C27 03                    3179 	.db #0x03	; 3
    00000C28 02                    3180 	.db #0x02	; 2
    00000C29 03                    3181 	.db #0x03	; 3
    00000C2A 02                    3182 	.db #0x02	; 2
    00000C2B 03                    3183 	.db #0x03	; 3
    00000C2C 02                    3184 	.db #0x02	; 2
    00000C2D 03                    3185 	.db #0x03	; 3
    00000C2E 30                    3186 	.db #0x30	; 48	'0'
    00000C2F 31                    3187 	.db #0x31	; 49	'1'
    00000C30 32                    3188 	.db #0x32	; 50	'2'
    00000C31 13                    3189 	.db #0x13	; 19
    00000C32 00                    3190 	.db #0x00	; 0
    00000C33 01                    3191 	.db #0x01	; 1
    00000C34 00                    3192 	.db #0x00	; 0
    00000C35 01                    3193 	.db #0x01	; 1
    00000C36 00                    3194 	.db #0x00	; 0
    00000C37 01                    3195 	.db #0x01	; 1
    00000C38 00                    3196 	.db #0x00	; 0
    00000C39 01                    3197 	.db #0x01	; 1
    00000C3A 00                    3198 	.db #0x00	; 0
    00000C3B 01                    3199 	.db #0x01	; 1
    00000C3C 00                    3200 	.db #0x00	; 0
    00000C3D 01                    3201 	.db #0x01	; 1
    00000C3E 00                    3202 	.db #0x00	; 0
    00000C3F 01                    3203 	.db #0x01	; 1
    00000C40 00                    3204 	.db #0x00	; 0
    00000C41 01                    3205 	.db #0x01	; 1
    00000C42 20                    3206 	.db #0x20	; 32
    00000C43 21                    3207 	.db #0x21	; 33
    00000C44 22                    3208 	.db #0x22	; 34
    00000C45 33                    3209 	.db #0x33	; 51	'3'
    00000C46 02                    3210 	.db #0x02	; 2
    00000C47 03                    3211 	.db #0x03	; 3
    00000C48 02                    3212 	.db #0x02	; 2
    00000C49 03                    3213 	.db #0x03	; 3
    00000C4A 02                    3214 	.db #0x02	; 2
    00000C4B 03                    3215 	.db #0x03	; 3
    00000C4C 02                    3216 	.db #0x02	; 2
    00000C4D 03                    3217 	.db #0x03	; 3
    00000C4E 02                    3218 	.db #0x02	; 2
    00000C4F 03                    3219 	.db #0x03	; 3
    00000C50 02                    3220 	.db #0x02	; 2
    00000C51 03                    3221 	.db #0x03	; 3
    00000C52 02                    3222 	.db #0x02	; 2
    00000C53 03                    3223 	.db #0x03	; 3
    00000C54 02                    3224 	.db #0x02	; 2
    00000C55 03                    3225 	.db #0x03	; 3
    00000C56 30                    3226 	.db #0x30	; 48	'0'
    00000C57 31                    3227 	.db #0x31	; 49	'1'
    00000C58 32                    3228 	.db #0x32	; 50	'2'
    00000C59 13                    3229 	.db #0x13	; 19
    00000C5A 00                    3230 	.db #0x00	; 0
    00000C5B 01                    3231 	.db #0x01	; 1
    00000C5C 00                    3232 	.db #0x00	; 0
    00000C5D 01                    3233 	.db #0x01	; 1
    00000C5E 00                    3234 	.db #0x00	; 0
    00000C5F 01                    3235 	.db #0x01	; 1
    00000C60 00                    3236 	.db #0x00	; 0
    00000C61 01                    3237 	.db #0x01	; 1
    00000C62 00                    3238 	.db #0x00	; 0
    00000C63 01                    3239 	.db #0x01	; 1
    00000C64 00                    3240 	.db #0x00	; 0
    00000C65 01                    3241 	.db #0x01	; 1
    00000C66 00                    3242 	.db #0x00	; 0
    00000C67 01                    3243 	.db #0x01	; 1
    00000C68 00                    3244 	.db #0x00	; 0
    00000C69 01                    3245 	.db #0x01	; 1
    00000C6A 14                    3246 	.db #0x14	; 20
    00000C6B 21                    3247 	.db #0x21	; 33
    00000C6C 22                    3248 	.db #0x22	; 34
    00000C6D 23                    3249 	.db #0x23	; 35
    00000C6E 02                    3250 	.db #0x02	; 2
    00000C6F 03                    3251 	.db #0x03	; 3
    00000C70 02                    3252 	.db #0x02	; 2
    00000C71 03                    3253 	.db #0x03	; 3
    00000C72 02                    3254 	.db #0x02	; 2
    00000C73 03                    3255 	.db #0x03	; 3
    00000C74 02                    3256 	.db #0x02	; 2
    00000C75 03                    3257 	.db #0x03	; 3
    00000C76 02                    3258 	.db #0x02	; 2
    00000C77 03                    3259 	.db #0x03	; 3
    00000C78 02                    3260 	.db #0x02	; 2
    00000C79 03                    3261 	.db #0x03	; 3
    00000C7A 02                    3262 	.db #0x02	; 2
    00000C7B 03                    3263 	.db #0x03	; 3
    00000C7C 02                    3264 	.db #0x02	; 2
    00000C7D 03                    3265 	.db #0x03	; 3
    00000C7E 20                    3266 	.db #0x20	; 32
    00000C7F 31                    3267 	.db #0x31	; 49	'1'
    00000C80 26                    3268 	.db #0x26	; 38
    00000C81 27                    3269 	.db #0x27	; 39
    00000C82 06                    3270 	.db #0x06	; 6
    00000C83 05                    3271 	.db #0x05	; 5
    00000C84 07                    3272 	.db #0x07	; 7
    00000C85 06                    3273 	.db #0x06	; 6
    00000C86 06                    3274 	.db #0x06	; 6
    00000C87 05                    3275 	.db #0x05	; 5
    00000C88 06                    3276 	.db #0x06	; 6
    00000C89 05                    3277 	.db #0x05	; 5
    00000C8A 06                    3278 	.db #0x06	; 6
    00000C8B 05                    3279 	.db #0x05	; 5
    00000C8C 06                    3280 	.db #0x06	; 6
    00000C8D 05                    3281 	.db #0x05	; 5
    00000C8E 06                    3282 	.db #0x06	; 6
    00000C8F 05                    3283 	.db #0x05	; 5
    00000C90 07                    3284 	.db #0x07	; 7
    00000C91 2C                    3285 	.db #0x2c	; 44
    00000C92 08                    3286 	.db #0x08	; 8
    00000C93 09                    3287 	.db #0x09	; 9
    00000C94 2A                    3288 	.db #0x2a	; 42
    00000C95 2B                    3289 	.db #0x2b	; 43
    00000C96 16                    3290 	.db #0x16	; 22
    00000C97 17                    3291 	.db #0x17	; 23
    00000C98 16                    3292 	.db #0x16	; 22
    00000C99 17                    3293 	.db #0x17	; 23
    00000C9A 16                    3294 	.db #0x16	; 22
    00000C9B 17                    3295 	.db #0x17	; 23
    00000C9C 16                    3296 	.db #0x16	; 22
    00000C9D 17                    3297 	.db #0x17	; 23
    00000C9E 16                    3298 	.db #0x16	; 22
    00000C9F 17                    3299 	.db #0x17	; 23
    00000CA0 16                    3300 	.db #0x16	; 22
    00000CA1 17                    3301 	.db #0x17	; 23
    00000CA2 16                    3302 	.db #0x16	; 22
    00000CA3 17                    3303 	.db #0x17	; 23
    00000CA4 16                    3304 	.db #0x16	; 22
    00000CA5 17                    3305 	.db #0x17	; 23
    00000CA6 18                    3306 	.db #0x18	; 24
    00000CA7 19                    3307 	.db #0x19	; 25
    00000CA8                       3308 _room10:
    00000CA8 0A                    3309 	.db #0x0a	; 10
    00000CA9 0B                    3310 	.db #0x0b	; 11
    00000CAA 0C                    3311 	.db #0x0c	; 12
    00000CAB 0D                    3312 	.db #0x0d	; 13
    00000CAC 0C                    3313 	.db #0x0c	; 12
    00000CAD 0D                    3314 	.db #0x0d	; 13
    00000CAE 0C                    3315 	.db #0x0c	; 12
    00000CAF 0D                    3316 	.db #0x0d	; 13
    00000CB0 0C                    3317 	.db #0x0c	; 12
    00000CB1 0D                    3318 	.db #0x0d	; 13
    00000CB2 0C                    3319 	.db #0x0c	; 12
    00000CB3 0D                    3320 	.db #0x0d	; 13
    00000CB4 0C                    3321 	.db #0x0c	; 12
    00000CB5 0D                    3322 	.db #0x0d	; 13
    00000CB6 0C                    3323 	.db #0x0c	; 12
    00000CB7 0D                    3324 	.db #0x0d	; 13
    00000CB8 0C                    3325 	.db #0x0c	; 12
    00000CB9 0D                    3326 	.db #0x0d	; 13
    00000CBA 28                    3327 	.db #0x28	; 40
    00000CBB 29                    3328 	.db #0x29	; 41
    00000CBC 1A                    3329 	.db #0x1a	; 26
    00000CBD 1B                    3330 	.db #0x1b	; 27
    00000CBE 1C                    3331 	.db #0x1c	; 28
    00000CBF 1D                    3332 	.db #0x1d	; 29
    00000CC0 1C                    3333 	.db #0x1c	; 28
    00000CC1 1D                    3334 	.db #0x1d	; 29
    00000CC2 1C                    3335 	.db #0x1c	; 28
    00000CC3 1D                    3336 	.db #0x1d	; 29
    00000CC4 1C                    3337 	.db #0x1c	; 28
    00000CC5 1D                    3338 	.db #0x1d	; 29
    00000CC6 1C                    3339 	.db #0x1c	; 28
    00000CC7 1D                    3340 	.db #0x1d	; 29
    00000CC8 1C                    3341 	.db #0x1c	; 28
    00000CC9 1D                    3342 	.db #0x1d	; 29
    00000CCA 1C                    3343 	.db #0x1c	; 28
    00000CCB 1D                    3344 	.db #0x1d	; 29
    00000CCC 1C                    3345 	.db #0x1c	; 28
    00000CCD 1D                    3346 	.db #0x1d	; 29
    00000CCE 10                    3347 	.db #0x10	; 16
    00000CCF 11                    3348 	.db #0x11	; 17
    00000CD0 32                    3349 	.db #0x32	; 50	'2'
    00000CD1 13                    3350 	.db #0x13	; 19
    00000CD2 00                    3351 	.db #0x00	; 0
    00000CD3 01                    3352 	.db #0x01	; 1
    00000CD4 00                    3353 	.db #0x00	; 0
    00000CD5 01                    3354 	.db #0x01	; 1
    00000CD6 00                    3355 	.db #0x00	; 0
    00000CD7 01                    3356 	.db #0x01	; 1
    00000CD8 00                    3357 	.db #0x00	; 0
    00000CD9 01                    3358 	.db #0x01	; 1
    00000CDA 00                    3359 	.db #0x00	; 0
    00000CDB 01                    3360 	.db #0x01	; 1
    00000CDC 00                    3361 	.db #0x00	; 0
    00000CDD 01                    3362 	.db #0x01	; 1
    00000CDE 00                    3363 	.db #0x00	; 0
    00000CDF 01                    3364 	.db #0x01	; 1
    00000CE0 00                    3365 	.db #0x00	; 0
    00000CE1 01                    3366 	.db #0x01	; 1
    00000CE2 14                    3367 	.db #0x14	; 20
    00000CE3 21                    3368 	.db #0x21	; 33
    00000CE4 22                    3369 	.db #0x22	; 34
    00000CE5 33                    3370 	.db #0x33	; 51	'3'
    00000CE6 02                    3371 	.db #0x02	; 2
    00000CE7 03                    3372 	.db #0x03	; 3
    00000CE8 02                    3373 	.db #0x02	; 2
    00000CE9 03                    3374 	.db #0x03	; 3
    00000CEA 02                    3375 	.db #0x02	; 2
    00000CEB 03                    3376 	.db #0x03	; 3
    00000CEC 02                    3377 	.db #0x02	; 2
    00000CED 03                    3378 	.db #0x03	; 3
    00000CEE 02                    3379 	.db #0x02	; 2
    00000CEF 03                    3380 	.db #0x03	; 3
    00000CF0 02                    3381 	.db #0x02	; 2
    00000CF1 03                    3382 	.db #0x03	; 3
    00000CF2 02                    3383 	.db #0x02	; 2
    00000CF3 03                    3384 	.db #0x03	; 3
    00000CF4 02                    3385 	.db #0x02	; 2
    00000CF5 03                    3386 	.db #0x03	; 3
    00000CF6 20                    3387 	.db #0x20	; 32
    00000CF7 31                    3388 	.db #0x31	; 49	'1'
    00000CF8 32                    3389 	.db #0x32	; 50	'2'
    00000CF9 13                    3390 	.db #0x13	; 19
    00000CFA 00                    3391 	.db #0x00	; 0
    00000CFB 01                    3392 	.db #0x01	; 1
    00000CFC 00                    3393 	.db #0x00	; 0
    00000CFD 01                    3394 	.db #0x01	; 1
    00000CFE 00                    3395 	.db #0x00	; 0
    00000CFF 01                    3396 	.db #0x01	; 1
    00000D00 00                    3397 	.db #0x00	; 0
    00000D01 01                    3398 	.db #0x01	; 1
    00000D02 00                    3399 	.db #0x00	; 0
    00000D03 01                    3400 	.db #0x01	; 1
    00000D04 00                    3401 	.db #0x00	; 0
    00000D05 01                    3402 	.db #0x01	; 1
    00000D06 00                    3403 	.db #0x00	; 0
    00000D07 01                    3404 	.db #0x01	; 1
    00000D08 00                    3405 	.db #0x00	; 0
    00000D09 01                    3406 	.db #0x01	; 1
    00000D0A 30                    3407 	.db #0x30	; 48	'0'
    00000D0B 21                    3408 	.db #0x21	; 33
    00000D0C 22                    3409 	.db #0x22	; 34
    00000D0D 23                    3410 	.db #0x23	; 35
    00000D0E 02                    3411 	.db #0x02	; 2
    00000D0F 03                    3412 	.db #0x03	; 3
    00000D10 02                    3413 	.db #0x02	; 2
    00000D11 03                    3414 	.db #0x03	; 3
    00000D12 02                    3415 	.db #0x02	; 2
    00000D13 03                    3416 	.db #0x03	; 3
    00000D14 02                    3417 	.db #0x02	; 2
    00000D15 03                    3418 	.db #0x03	; 3
    00000D16 02                    3419 	.db #0x02	; 2
    00000D17 03                    3420 	.db #0x03	; 3
    00000D18 02                    3421 	.db #0x02	; 2
    00000D19 03                    3422 	.db #0x03	; 3
    00000D1A 02                    3423 	.db #0x02	; 2
    00000D1B 03                    3424 	.db #0x03	; 3
    00000D1C 02                    3425 	.db #0x02	; 2
    00000D1D 03                    3426 	.db #0x03	; 3
    00000D1E 14                    3427 	.db #0x14	; 20
    00000D1F 31                    3428 	.db #0x31	; 49	'1'
    00000D20 0E                    3429 	.db #0x0e	; 14
    00000D21 33                    3430 	.db #0x33	; 51	'3'
    00000D22 00                    3431 	.db #0x00	; 0
    00000D23 01                    3432 	.db #0x01	; 1
    00000D24 00                    3433 	.db #0x00	; 0
    00000D25 01                    3434 	.db #0x01	; 1
    00000D26 00                    3435 	.db #0x00	; 0
    00000D27 01                    3436 	.db #0x01	; 1
    00000D28 00                    3437 	.db #0x00	; 0
    00000D29 01                    3438 	.db #0x01	; 1
    00000D2A 00                    3439 	.db #0x00	; 0
    00000D2B 01                    3440 	.db #0x01	; 1
    00000D2C 00                    3441 	.db #0x00	; 0
    00000D2D 01                    3442 	.db #0x01	; 1
    00000D2E 00                    3443 	.db #0x00	; 0
    00000D2F 01                    3444 	.db #0x01	; 1
    00000D30 00                    3445 	.db #0x00	; 0
    00000D31 01                    3446 	.db #0x01	; 1
    00000D32 30                    3447 	.db #0x30	; 48	'0'
    00000D33 25                    3448 	.db #0x25	; 37
    00000D34 1C                    3449 	.db #0x1c	; 28
    00000D35 1F                    3450 	.db #0x1f	; 31
    00000D36 02                    3451 	.db #0x02	; 2
    00000D37 03                    3452 	.db #0x03	; 3
    00000D38 02                    3453 	.db #0x02	; 2
    00000D39 03                    3454 	.db #0x03	; 3
    00000D3A 02                    3455 	.db #0x02	; 2
    00000D3B 03                    3456 	.db #0x03	; 3
    00000D3C 02                    3457 	.db #0x02	; 2
    00000D3D 03                    3458 	.db #0x03	; 3
    00000D3E 02                    3459 	.db #0x02	; 2
    00000D3F 03                    3460 	.db #0x03	; 3
    00000D40 02                    3461 	.db #0x02	; 2
    00000D41 03                    3462 	.db #0x03	; 3
    00000D42 02                    3463 	.db #0x02	; 2
    00000D43 03                    3464 	.db #0x03	; 3
    00000D44 02                    3465 	.db #0x02	; 2
    00000D45 03                    3466 	.db #0x03	; 3
    00000D46 2E                    3467 	.db #0x2e	; 46
    00000D47 1D                    3468 	.db #0x1d	; 29
    00000D48 00                    3469 	.db #0x00	; 0
    00000D49 01                    3470 	.db #0x01	; 1
    00000D4A 00                    3471 	.db #0x00	; 0
    00000D4B 01                    3472 	.db #0x01	; 1
    00000D4C 00                    3473 	.db #0x00	; 0
    00000D4D 01                    3474 	.db #0x01	; 1
    00000D4E 00                    3475 	.db #0x00	; 0
    00000D4F 01                    3476 	.db #0x01	; 1
    00000D50 00                    3477 	.db #0x00	; 0
    00000D51 01                    3478 	.db #0x01	; 1
    00000D52 00                    3479 	.db #0x00	; 0
    00000D53 01                    3480 	.db #0x01	; 1
    00000D54 00                    3481 	.db #0x00	; 0
    00000D55 01                    3482 	.db #0x01	; 1
    00000D56 00                    3483 	.db #0x00	; 0
    00000D57 01                    3484 	.db #0x01	; 1
    00000D58 00                    3485 	.db #0x00	; 0
    00000D59 01                    3486 	.db #0x01	; 1
    00000D5A 00                    3487 	.db #0x00	; 0
    00000D5B 01                    3488 	.db #0x01	; 1
    00000D5C 02                    3489 	.db #0x02	; 2
    00000D5D 03                    3490 	.db #0x03	; 3
    00000D5E 02                    3491 	.db #0x02	; 2
    00000D5F 03                    3492 	.db #0x03	; 3
    00000D60 02                    3493 	.db #0x02	; 2
    00000D61 03                    3494 	.db #0x03	; 3
    00000D62 02                    3495 	.db #0x02	; 2
    00000D63 03                    3496 	.db #0x03	; 3
    00000D64 02                    3497 	.db #0x02	; 2
    00000D65 03                    3498 	.db #0x03	; 3
    00000D66 02                    3499 	.db #0x02	; 2
    00000D67 03                    3500 	.db #0x03	; 3
    00000D68 02                    3501 	.db #0x02	; 2
    00000D69 03                    3502 	.db #0x03	; 3
    00000D6A 02                    3503 	.db #0x02	; 2
    00000D6B 03                    3504 	.db #0x03	; 3
    00000D6C 02                    3505 	.db #0x02	; 2
    00000D6D 03                    3506 	.db #0x03	; 3
    00000D6E 02                    3507 	.db #0x02	; 2
    00000D6F 03                    3508 	.db #0x03	; 3
    00000D70 06                    3509 	.db #0x06	; 6
    00000D71 2D                    3510 	.db #0x2d	; 45
    00000D72 00                    3511 	.db #0x00	; 0
    00000D73 01                    3512 	.db #0x01	; 1
    00000D74 00                    3513 	.db #0x00	; 0
    00000D75 01                    3514 	.db #0x01	; 1
    00000D76 00                    3515 	.db #0x00	; 0
    00000D77 01                    3516 	.db #0x01	; 1
    00000D78 00                    3517 	.db #0x00	; 0
    00000D79 01                    3518 	.db #0x01	; 1
    00000D7A 00                    3519 	.db #0x00	; 0
    00000D7B 01                    3520 	.db #0x01	; 1
    00000D7C 00                    3521 	.db #0x00	; 0
    00000D7D 01                    3522 	.db #0x01	; 1
    00000D7E 00                    3523 	.db #0x00	; 0
    00000D7F 01                    3524 	.db #0x01	; 1
    00000D80 00                    3525 	.db #0x00	; 0
    00000D81 01                    3526 	.db #0x01	; 1
    00000D82 04                    3527 	.db #0x04	; 4
    00000D83 07                    3528 	.db #0x07	; 7
    00000D84 12                    3529 	.db #0x12	; 18
    00000D85 13                    3530 	.db #0x13	; 19
    00000D86 02                    3531 	.db #0x02	; 2
    00000D87 03                    3532 	.db #0x03	; 3
    00000D88 02                    3533 	.db #0x02	; 2
    00000D89 03                    3534 	.db #0x03	; 3
    00000D8A 02                    3535 	.db #0x02	; 2
    00000D8B 03                    3536 	.db #0x03	; 3
    00000D8C 02                    3537 	.db #0x02	; 2
    00000D8D 03                    3538 	.db #0x03	; 3
    00000D8E 02                    3539 	.db #0x02	; 2
    00000D8F 03                    3540 	.db #0x03	; 3
    00000D90 02                    3541 	.db #0x02	; 2
    00000D91 03                    3542 	.db #0x03	; 3
    00000D92 02                    3543 	.db #0x02	; 2
    00000D93 03                    3544 	.db #0x03	; 3
    00000D94 02                    3545 	.db #0x02	; 2
    00000D95 03                    3546 	.db #0x03	; 3
    00000D96 24                    3547 	.db #0x24	; 36
    00000D97 15                    3548 	.db #0x15	; 21
    00000D98 32                    3549 	.db #0x32	; 50	'2'
    00000D99 13                    3550 	.db #0x13	; 19
    00000D9A 00                    3551 	.db #0x00	; 0
    00000D9B 01                    3552 	.db #0x01	; 1
    00000D9C 00                    3553 	.db #0x00	; 0
    00000D9D 01                    3554 	.db #0x01	; 1
    00000D9E 00                    3555 	.db #0x00	; 0
    00000D9F 01                    3556 	.db #0x01	; 1
    00000DA0 00                    3557 	.db #0x00	; 0
    00000DA1 01                    3558 	.db #0x01	; 1
    00000DA2 00                    3559 	.db #0x00	; 0
    00000DA3 01                    3560 	.db #0x01	; 1
    00000DA4 00                    3561 	.db #0x00	; 0
    00000DA5 01                    3562 	.db #0x01	; 1
    00000DA6 00                    3563 	.db #0x00	; 0
    00000DA7 01                    3564 	.db #0x01	; 1
    00000DA8 00                    3565 	.db #0x00	; 0
    00000DA9 01                    3566 	.db #0x01	; 1
    00000DAA 20                    3567 	.db #0x20	; 32
    00000DAB 21                    3568 	.db #0x21	; 33
    00000DAC 22                    3569 	.db #0x22	; 34
    00000DAD 33                    3570 	.db #0x33	; 51	'3'
    00000DAE 02                    3571 	.db #0x02	; 2
    00000DAF 03                    3572 	.db #0x03	; 3
    00000DB0 02                    3573 	.db #0x02	; 2
    00000DB1 03                    3574 	.db #0x03	; 3
    00000DB2 02                    3575 	.db #0x02	; 2
    00000DB3 03                    3576 	.db #0x03	; 3
    00000DB4 02                    3577 	.db #0x02	; 2
    00000DB5 03                    3578 	.db #0x03	; 3
    00000DB6 02                    3579 	.db #0x02	; 2
    00000DB7 03                    3580 	.db #0x03	; 3
    00000DB8 02                    3581 	.db #0x02	; 2
    00000DB9 03                    3582 	.db #0x03	; 3
    00000DBA 02                    3583 	.db #0x02	; 2
    00000DBB 03                    3584 	.db #0x03	; 3
    00000DBC 02                    3585 	.db #0x02	; 2
    00000DBD 03                    3586 	.db #0x03	; 3
    00000DBE 30                    3587 	.db #0x30	; 48	'0'
    00000DBF 31                    3588 	.db #0x31	; 49	'1'
    00000DC0 32                    3589 	.db #0x32	; 50	'2'
    00000DC1 13                    3590 	.db #0x13	; 19
    00000DC2 00                    3591 	.db #0x00	; 0
    00000DC3 01                    3592 	.db #0x01	; 1
    00000DC4 00                    3593 	.db #0x00	; 0
    00000DC5 01                    3594 	.db #0x01	; 1
    00000DC6 00                    3595 	.db #0x00	; 0
    00000DC7 01                    3596 	.db #0x01	; 1
    00000DC8 00                    3597 	.db #0x00	; 0
    00000DC9 01                    3598 	.db #0x01	; 1
    00000DCA 00                    3599 	.db #0x00	; 0
    00000DCB 01                    3600 	.db #0x01	; 1
    00000DCC 00                    3601 	.db #0x00	; 0
    00000DCD 01                    3602 	.db #0x01	; 1
    00000DCE 00                    3603 	.db #0x00	; 0
    00000DCF 01                    3604 	.db #0x01	; 1
    00000DD0 00                    3605 	.db #0x00	; 0
    00000DD1 01                    3606 	.db #0x01	; 1
    00000DD2 14                    3607 	.db #0x14	; 20
    00000DD3 21                    3608 	.db #0x21	; 33
    00000DD4 22                    3609 	.db #0x22	; 34
    00000DD5 23                    3610 	.db #0x23	; 35
    00000DD6 02                    3611 	.db #0x02	; 2
    00000DD7 03                    3612 	.db #0x03	; 3
    00000DD8 02                    3613 	.db #0x02	; 2
    00000DD9 03                    3614 	.db #0x03	; 3
    00000DDA 02                    3615 	.db #0x02	; 2
    00000DDB 03                    3616 	.db #0x03	; 3
    00000DDC 02                    3617 	.db #0x02	; 2
    00000DDD 03                    3618 	.db #0x03	; 3
    00000DDE 02                    3619 	.db #0x02	; 2
    00000DDF 03                    3620 	.db #0x03	; 3
    00000DE0 02                    3621 	.db #0x02	; 2
    00000DE1 03                    3622 	.db #0x03	; 3
    00000DE2 02                    3623 	.db #0x02	; 2
    00000DE3 03                    3624 	.db #0x03	; 3
    00000DE4 02                    3625 	.db #0x02	; 2
    00000DE5 03                    3626 	.db #0x03	; 3
    00000DE6 20                    3627 	.db #0x20	; 32
    00000DE7 31                    3628 	.db #0x31	; 49	'1'
    00000DE8 26                    3629 	.db #0x26	; 38
    00000DE9 27                    3630 	.db #0x27	; 39
    00000DEA 06                    3631 	.db #0x06	; 6
    00000DEB 05                    3632 	.db #0x05	; 5
    00000DEC 07                    3633 	.db #0x07	; 7
    00000DED 06                    3634 	.db #0x06	; 6
    00000DEE 06                    3635 	.db #0x06	; 6
    00000DEF 05                    3636 	.db #0x05	; 5
    00000DF0 06                    3637 	.db #0x06	; 6
    00000DF1 05                    3638 	.db #0x05	; 5
    00000DF2 06                    3639 	.db #0x06	; 6
    00000DF3 05                    3640 	.db #0x05	; 5
    00000DF4 06                    3641 	.db #0x06	; 6
    00000DF5 05                    3642 	.db #0x05	; 5
    00000DF6 06                    3643 	.db #0x06	; 6
    00000DF7 05                    3644 	.db #0x05	; 5
    00000DF8 07                    3645 	.db #0x07	; 7
    00000DF9 2C                    3646 	.db #0x2c	; 44
    00000DFA 08                    3647 	.db #0x08	; 8
    00000DFB 09                    3648 	.db #0x09	; 9
    00000DFC 2A                    3649 	.db #0x2a	; 42
    00000DFD 2B                    3650 	.db #0x2b	; 43
    00000DFE 16                    3651 	.db #0x16	; 22
    00000DFF 17                    3652 	.db #0x17	; 23
    00000E00 16                    3653 	.db #0x16	; 22
    00000E01 17                    3654 	.db #0x17	; 23
    00000E02 16                    3655 	.db #0x16	; 22
    00000E03 17                    3656 	.db #0x17	; 23
    00000E04 16                    3657 	.db #0x16	; 22
    00000E05 17                    3658 	.db #0x17	; 23
    00000E06 16                    3659 	.db #0x16	; 22
    00000E07 17                    3660 	.db #0x17	; 23
    00000E08 16                    3661 	.db #0x16	; 22
    00000E09 17                    3662 	.db #0x17	; 23
    00000E0A 16                    3663 	.db #0x16	; 22
    00000E0B 17                    3664 	.db #0x17	; 23
    00000E0C 16                    3665 	.db #0x16	; 22
    00000E0D 17                    3666 	.db #0x17	; 23
    00000E0E 18                    3667 	.db #0x18	; 24
    00000E0F 19                    3668 	.db #0x19	; 25
    00000E10                       3669 _room11:
    00000E10 0A                    3670 	.db #0x0a	; 10
    00000E11 0B                    3671 	.db #0x0b	; 11
    00000E12 0C                    3672 	.db #0x0c	; 12
    00000E13 0D                    3673 	.db #0x0d	; 13
    00000E14 0C                    3674 	.db #0x0c	; 12
    00000E15 0D                    3675 	.db #0x0d	; 13
    00000E16 0E                    3676 	.db #0x0e	; 14
    00000E17 33                    3677 	.db #0x33	; 51	'3'
    00000E18 00                    3678 	.db #0x00	; 0
    00000E19 01                    3679 	.db #0x01	; 1
    00000E1A 00                    3680 	.db #0x00	; 0
    00000E1B 01                    3681 	.db #0x01	; 1
    00000E1C 30                    3682 	.db #0x30	; 48	'0'
    00000E1D 25                    3683 	.db #0x25	; 37
    00000E1E 0C                    3684 	.db #0x0c	; 12
    00000E1F 0D                    3685 	.db #0x0d	; 13
    00000E20 0C                    3686 	.db #0x0c	; 12
    00000E21 0D                    3687 	.db #0x0d	; 13
    00000E22 28                    3688 	.db #0x28	; 40
    00000E23 29                    3689 	.db #0x29	; 41
    00000E24 1A                    3690 	.db #0x1a	; 26
    00000E25 1B                    3691 	.db #0x1b	; 27
    00000E26 1C                    3692 	.db #0x1c	; 28
    00000E27 1D                    3693 	.db #0x1d	; 29
    00000E28 1C                    3694 	.db #0x1c	; 28
    00000E29 1D                    3695 	.db #0x1d	; 29
    00000E2A 1C                    3696 	.db #0x1c	; 28
    00000E2B 1F                    3697 	.db #0x1f	; 31
    00000E2C 02                    3698 	.db #0x02	; 2
    00000E2D 03                    3699 	.db #0x03	; 3
    00000E2E 02                    3700 	.db #0x02	; 2
    00000E2F 03                    3701 	.db #0x03	; 3
    00000E30 2E                    3702 	.db #0x2e	; 46
    00000E31 1D                    3703 	.db #0x1d	; 29
    00000E32 1C                    3704 	.db #0x1c	; 28
    00000E33 1D                    3705 	.db #0x1d	; 29
    00000E34 1C                    3706 	.db #0x1c	; 28
    00000E35 1D                    3707 	.db #0x1d	; 29
    00000E36 10                    3708 	.db #0x10	; 16
    00000E37 11                    3709 	.db #0x11	; 17
    00000E38 32                    3710 	.db #0x32	; 50	'2'
    00000E39 13                    3711 	.db #0x13	; 19
    00000E3A 00                    3712 	.db #0x00	; 0
    00000E3B 01                    3713 	.db #0x01	; 1
    00000E3C 00                    3714 	.db #0x00	; 0
    00000E3D 01                    3715 	.db #0x01	; 1
    00000E3E 00                    3716 	.db #0x00	; 0
    00000E3F 01                    3717 	.db #0x01	; 1
    00000E40 00                    3718 	.db #0x00	; 0
    00000E41 01                    3719 	.db #0x01	; 1
    00000E42 00                    3720 	.db #0x00	; 0
    00000E43 01                    3721 	.db #0x01	; 1
    00000E44 00                    3722 	.db #0x00	; 0
    00000E45 01                    3723 	.db #0x01	; 1
    00000E46 00                    3724 	.db #0x00	; 0
    00000E47 01                    3725 	.db #0x01	; 1
    00000E48 00                    3726 	.db #0x00	; 0
    00000E49 01                    3727 	.db #0x01	; 1
    00000E4A 14                    3728 	.db #0x14	; 20
    00000E4B 21                    3729 	.db #0x21	; 33
    00000E4C 22                    3730 	.db #0x22	; 34
    00000E4D 33                    3731 	.db #0x33	; 51	'3'
    00000E4E 02                    3732 	.db #0x02	; 2
    00000E4F 03                    3733 	.db #0x03	; 3
    00000E50 02                    3734 	.db #0x02	; 2
    00000E51 03                    3735 	.db #0x03	; 3
    00000E52 02                    3736 	.db #0x02	; 2
    00000E53 03                    3737 	.db #0x03	; 3
    00000E54 02                    3738 	.db #0x02	; 2
    00000E55 03                    3739 	.db #0x03	; 3
    00000E56 02                    3740 	.db #0x02	; 2
    00000E57 03                    3741 	.db #0x03	; 3
    00000E58 02                    3742 	.db #0x02	; 2
    00000E59 03                    3743 	.db #0x03	; 3
    00000E5A 02                    3744 	.db #0x02	; 2
    00000E5B 03                    3745 	.db #0x03	; 3
    00000E5C 02                    3746 	.db #0x02	; 2
    00000E5D 03                    3747 	.db #0x03	; 3
    00000E5E 20                    3748 	.db #0x20	; 32
    00000E5F 31                    3749 	.db #0x31	; 49	'1'
    00000E60 32                    3750 	.db #0x32	; 50	'2'
    00000E61 13                    3751 	.db #0x13	; 19
    00000E62 00                    3752 	.db #0x00	; 0
    00000E63 01                    3753 	.db #0x01	; 1
    00000E64 00                    3754 	.db #0x00	; 0
    00000E65 01                    3755 	.db #0x01	; 1
    00000E66 00                    3756 	.db #0x00	; 0
    00000E67 01                    3757 	.db #0x01	; 1
    00000E68 00                    3758 	.db #0x00	; 0
    00000E69 01                    3759 	.db #0x01	; 1
    00000E6A 00                    3760 	.db #0x00	; 0
    00000E6B 01                    3761 	.db #0x01	; 1
    00000E6C 00                    3762 	.db #0x00	; 0
    00000E6D 01                    3763 	.db #0x01	; 1
    00000E6E 00                    3764 	.db #0x00	; 0
    00000E6F 01                    3765 	.db #0x01	; 1
    00000E70 00                    3766 	.db #0x00	; 0
    00000E71 01                    3767 	.db #0x01	; 1
    00000E72 30                    3768 	.db #0x30	; 48	'0'
    00000E73 21                    3769 	.db #0x21	; 33
    00000E74 22                    3770 	.db #0x22	; 34
    00000E75 23                    3771 	.db #0x23	; 35
    00000E76 02                    3772 	.db #0x02	; 2
    00000E77 03                    3773 	.db #0x03	; 3
    00000E78 02                    3774 	.db #0x02	; 2
    00000E79 03                    3775 	.db #0x03	; 3
    00000E7A 02                    3776 	.db #0x02	; 2
    00000E7B 03                    3777 	.db #0x03	; 3
    00000E7C 02                    3778 	.db #0x02	; 2
    00000E7D 03                    3779 	.db #0x03	; 3
    00000E7E 02                    3780 	.db #0x02	; 2
    00000E7F 03                    3781 	.db #0x03	; 3
    00000E80 02                    3782 	.db #0x02	; 2
    00000E81 03                    3783 	.db #0x03	; 3
    00000E82 02                    3784 	.db #0x02	; 2
    00000E83 03                    3785 	.db #0x03	; 3
    00000E84 02                    3786 	.db #0x02	; 2
    00000E85 03                    3787 	.db #0x03	; 3
    00000E86 14                    3788 	.db #0x14	; 20
    00000E87 31                    3789 	.db #0x31	; 49	'1'
    00000E88 0E                    3790 	.db #0x0e	; 14
    00000E89 33                    3791 	.db #0x33	; 51	'3'
    00000E8A 00                    3792 	.db #0x00	; 0
    00000E8B 01                    3793 	.db #0x01	; 1
    00000E8C 00                    3794 	.db #0x00	; 0
    00000E8D 01                    3795 	.db #0x01	; 1
    00000E8E 00                    3796 	.db #0x00	; 0
    00000E8F 01                    3797 	.db #0x01	; 1
    00000E90 00                    3798 	.db #0x00	; 0
    00000E91 01                    3799 	.db #0x01	; 1
    00000E92 00                    3800 	.db #0x00	; 0
    00000E93 01                    3801 	.db #0x01	; 1
    00000E94 00                    3802 	.db #0x00	; 0
    00000E95 01                    3803 	.db #0x01	; 1
    00000E96 00                    3804 	.db #0x00	; 0
    00000E97 01                    3805 	.db #0x01	; 1
    00000E98 00                    3806 	.db #0x00	; 0
    00000E99 01                    3807 	.db #0x01	; 1
    00000E9A 30                    3808 	.db #0x30	; 48	'0'
    00000E9B 25                    3809 	.db #0x25	; 37
    00000E9C 1C                    3810 	.db #0x1c	; 28
    00000E9D 1F                    3811 	.db #0x1f	; 31
    00000E9E 02                    3812 	.db #0x02	; 2
    00000E9F 03                    3813 	.db #0x03	; 3
    00000EA0 02                    3814 	.db #0x02	; 2
    00000EA1 03                    3815 	.db #0x03	; 3
    00000EA2 02                    3816 	.db #0x02	; 2
    00000EA3 03                    3817 	.db #0x03	; 3
    00000EA4 02                    3818 	.db #0x02	; 2
    00000EA5 03                    3819 	.db #0x03	; 3
    00000EA6 02                    3820 	.db #0x02	; 2
    00000EA7 03                    3821 	.db #0x03	; 3
    00000EA8 02                    3822 	.db #0x02	; 2
    00000EA9 03                    3823 	.db #0x03	; 3
    00000EAA 02                    3824 	.db #0x02	; 2
    00000EAB 03                    3825 	.db #0x03	; 3
    00000EAC 02                    3826 	.db #0x02	; 2
    00000EAD 03                    3827 	.db #0x03	; 3
    00000EAE 2E                    3828 	.db #0x2e	; 46
    00000EAF 1D                    3829 	.db #0x1d	; 29
    00000EB0 00                    3830 	.db #0x00	; 0
    00000EB1 01                    3831 	.db #0x01	; 1
    00000EB2 00                    3832 	.db #0x00	; 0
    00000EB3 01                    3833 	.db #0x01	; 1
    00000EB4 00                    3834 	.db #0x00	; 0
    00000EB5 01                    3835 	.db #0x01	; 1
    00000EB6 00                    3836 	.db #0x00	; 0
    00000EB7 01                    3837 	.db #0x01	; 1
    00000EB8 00                    3838 	.db #0x00	; 0
    00000EB9 01                    3839 	.db #0x01	; 1
    00000EBA 00                    3840 	.db #0x00	; 0
    00000EBB 01                    3841 	.db #0x01	; 1
    00000EBC 00                    3842 	.db #0x00	; 0
    00000EBD 01                    3843 	.db #0x01	; 1
    00000EBE 00                    3844 	.db #0x00	; 0
    00000EBF 01                    3845 	.db #0x01	; 1
    00000EC0 00                    3846 	.db #0x00	; 0
    00000EC1 01                    3847 	.db #0x01	; 1
    00000EC2 00                    3848 	.db #0x00	; 0
    00000EC3 01                    3849 	.db #0x01	; 1
    00000EC4 02                    3850 	.db #0x02	; 2
    00000EC5 03                    3851 	.db #0x03	; 3
    00000EC6 02                    3852 	.db #0x02	; 2
    00000EC7 03                    3853 	.db #0x03	; 3
    00000EC8 02                    3854 	.db #0x02	; 2
    00000EC9 03                    3855 	.db #0x03	; 3
    00000ECA 02                    3856 	.db #0x02	; 2
    00000ECB 03                    3857 	.db #0x03	; 3
    00000ECC 02                    3858 	.db #0x02	; 2
    00000ECD 03                    3859 	.db #0x03	; 3
    00000ECE 02                    3860 	.db #0x02	; 2
    00000ECF 03                    3861 	.db #0x03	; 3
    00000ED0 02                    3862 	.db #0x02	; 2
    00000ED1 03                    3863 	.db #0x03	; 3
    00000ED2 02                    3864 	.db #0x02	; 2
    00000ED3 03                    3865 	.db #0x03	; 3
    00000ED4 02                    3866 	.db #0x02	; 2
    00000ED5 03                    3867 	.db #0x03	; 3
    00000ED6 02                    3868 	.db #0x02	; 2
    00000ED7 03                    3869 	.db #0x03	; 3
    00000ED8 06                    3870 	.db #0x06	; 6
    00000ED9 2D                    3871 	.db #0x2d	; 45
    00000EDA 00                    3872 	.db #0x00	; 0
    00000EDB 01                    3873 	.db #0x01	; 1
    00000EDC 00                    3874 	.db #0x00	; 0
    00000EDD 01                    3875 	.db #0x01	; 1
    00000EDE 00                    3876 	.db #0x00	; 0
    00000EDF 01                    3877 	.db #0x01	; 1
    00000EE0 00                    3878 	.db #0x00	; 0
    00000EE1 01                    3879 	.db #0x01	; 1
    00000EE2 00                    3880 	.db #0x00	; 0
    00000EE3 01                    3881 	.db #0x01	; 1
    00000EE4 00                    3882 	.db #0x00	; 0
    00000EE5 01                    3883 	.db #0x01	; 1
    00000EE6 00                    3884 	.db #0x00	; 0
    00000EE7 01                    3885 	.db #0x01	; 1
    00000EE8 00                    3886 	.db #0x00	; 0
    00000EE9 01                    3887 	.db #0x01	; 1
    00000EEA 04                    3888 	.db #0x04	; 4
    00000EEB 07                    3889 	.db #0x07	; 7
    00000EEC 12                    3890 	.db #0x12	; 18
    00000EED 13                    3891 	.db #0x13	; 19
    00000EEE 02                    3892 	.db #0x02	; 2
    00000EEF 03                    3893 	.db #0x03	; 3
    00000EF0 02                    3894 	.db #0x02	; 2
    00000EF1 03                    3895 	.db #0x03	; 3
    00000EF2 02                    3896 	.db #0x02	; 2
    00000EF3 03                    3897 	.db #0x03	; 3
    00000EF4 02                    3898 	.db #0x02	; 2
    00000EF5 03                    3899 	.db #0x03	; 3
    00000EF6 02                    3900 	.db #0x02	; 2
    00000EF7 03                    3901 	.db #0x03	; 3
    00000EF8 02                    3902 	.db #0x02	; 2
    00000EF9 03                    3903 	.db #0x03	; 3
    00000EFA 02                    3904 	.db #0x02	; 2
    00000EFB 03                    3905 	.db #0x03	; 3
    00000EFC 02                    3906 	.db #0x02	; 2
    00000EFD 03                    3907 	.db #0x03	; 3
    00000EFE 24                    3908 	.db #0x24	; 36
    00000EFF 15                    3909 	.db #0x15	; 21
    00000F00 32                    3910 	.db #0x32	; 50	'2'
    00000F01 13                    3911 	.db #0x13	; 19
    00000F02 00                    3912 	.db #0x00	; 0
    00000F03 01                    3913 	.db #0x01	; 1
    00000F04 00                    3914 	.db #0x00	; 0
    00000F05 01                    3915 	.db #0x01	; 1
    00000F06 00                    3916 	.db #0x00	; 0
    00000F07 01                    3917 	.db #0x01	; 1
    00000F08 00                    3918 	.db #0x00	; 0
    00000F09 01                    3919 	.db #0x01	; 1
    00000F0A 00                    3920 	.db #0x00	; 0
    00000F0B 01                    3921 	.db #0x01	; 1
    00000F0C 00                    3922 	.db #0x00	; 0
    00000F0D 01                    3923 	.db #0x01	; 1
    00000F0E 00                    3924 	.db #0x00	; 0
    00000F0F 01                    3925 	.db #0x01	; 1
    00000F10 00                    3926 	.db #0x00	; 0
    00000F11 01                    3927 	.db #0x01	; 1
    00000F12 20                    3928 	.db #0x20	; 32
    00000F13 21                    3929 	.db #0x21	; 33
    00000F14 22                    3930 	.db #0x22	; 34
    00000F15 33                    3931 	.db #0x33	; 51	'3'
    00000F16 02                    3932 	.db #0x02	; 2
    00000F17 03                    3933 	.db #0x03	; 3
    00000F18 02                    3934 	.db #0x02	; 2
    00000F19 03                    3935 	.db #0x03	; 3
    00000F1A 02                    3936 	.db #0x02	; 2
    00000F1B 03                    3937 	.db #0x03	; 3
    00000F1C 02                    3938 	.db #0x02	; 2
    00000F1D 03                    3939 	.db #0x03	; 3
    00000F1E 02                    3940 	.db #0x02	; 2
    00000F1F 03                    3941 	.db #0x03	; 3
    00000F20 02                    3942 	.db #0x02	; 2
    00000F21 03                    3943 	.db #0x03	; 3
    00000F22 02                    3944 	.db #0x02	; 2
    00000F23 03                    3945 	.db #0x03	; 3
    00000F24 02                    3946 	.db #0x02	; 2
    00000F25 03                    3947 	.db #0x03	; 3
    00000F26 30                    3948 	.db #0x30	; 48	'0'
    00000F27 31                    3949 	.db #0x31	; 49	'1'
    00000F28 32                    3950 	.db #0x32	; 50	'2'
    00000F29 13                    3951 	.db #0x13	; 19
    00000F2A 00                    3952 	.db #0x00	; 0
    00000F2B 01                    3953 	.db #0x01	; 1
    00000F2C 00                    3954 	.db #0x00	; 0
    00000F2D 01                    3955 	.db #0x01	; 1
    00000F2E 00                    3956 	.db #0x00	; 0
    00000F2F 01                    3957 	.db #0x01	; 1
    00000F30 00                    3958 	.db #0x00	; 0
    00000F31 01                    3959 	.db #0x01	; 1
    00000F32 00                    3960 	.db #0x00	; 0
    00000F33 01                    3961 	.db #0x01	; 1
    00000F34 00                    3962 	.db #0x00	; 0
    00000F35 01                    3963 	.db #0x01	; 1
    00000F36 00                    3964 	.db #0x00	; 0
    00000F37 01                    3965 	.db #0x01	; 1
    00000F38 00                    3966 	.db #0x00	; 0
    00000F39 01                    3967 	.db #0x01	; 1
    00000F3A 14                    3968 	.db #0x14	; 20
    00000F3B 21                    3969 	.db #0x21	; 33
    00000F3C 22                    3970 	.db #0x22	; 34
    00000F3D 23                    3971 	.db #0x23	; 35
    00000F3E 02                    3972 	.db #0x02	; 2
    00000F3F 03                    3973 	.db #0x03	; 3
    00000F40 02                    3974 	.db #0x02	; 2
    00000F41 03                    3975 	.db #0x03	; 3
    00000F42 02                    3976 	.db #0x02	; 2
    00000F43 03                    3977 	.db #0x03	; 3
    00000F44 02                    3978 	.db #0x02	; 2
    00000F45 03                    3979 	.db #0x03	; 3
    00000F46 02                    3980 	.db #0x02	; 2
    00000F47 03                    3981 	.db #0x03	; 3
    00000F48 02                    3982 	.db #0x02	; 2
    00000F49 03                    3983 	.db #0x03	; 3
    00000F4A 02                    3984 	.db #0x02	; 2
    00000F4B 03                    3985 	.db #0x03	; 3
    00000F4C 02                    3986 	.db #0x02	; 2
    00000F4D 03                    3987 	.db #0x03	; 3
    00000F4E 20                    3988 	.db #0x20	; 32
    00000F4F 31                    3989 	.db #0x31	; 49	'1'
    00000F50 26                    3990 	.db #0x26	; 38
    00000F51 27                    3991 	.db #0x27	; 39
    00000F52 06                    3992 	.db #0x06	; 6
    00000F53 05                    3993 	.db #0x05	; 5
    00000F54 07                    3994 	.db #0x07	; 7
    00000F55 06                    3995 	.db #0x06	; 6
    00000F56 06                    3996 	.db #0x06	; 6
    00000F57 05                    3997 	.db #0x05	; 5
    00000F58 06                    3998 	.db #0x06	; 6
    00000F59 05                    3999 	.db #0x05	; 5
    00000F5A 06                    4000 	.db #0x06	; 6
    00000F5B 05                    4001 	.db #0x05	; 5
    00000F5C 06                    4002 	.db #0x06	; 6
    00000F5D 05                    4003 	.db #0x05	; 5
    00000F5E 06                    4004 	.db #0x06	; 6
    00000F5F 05                    4005 	.db #0x05	; 5
    00000F60 07                    4006 	.db #0x07	; 7
    00000F61 2C                    4007 	.db #0x2c	; 44
    00000F62 08                    4008 	.db #0x08	; 8
    00000F63 09                    4009 	.db #0x09	; 9
    00000F64 2A                    4010 	.db #0x2a	; 42
    00000F65 2B                    4011 	.db #0x2b	; 43
    00000F66 16                    4012 	.db #0x16	; 22
    00000F67 17                    4013 	.db #0x17	; 23
    00000F68 16                    4014 	.db #0x16	; 22
    00000F69 17                    4015 	.db #0x17	; 23
    00000F6A 16                    4016 	.db #0x16	; 22
    00000F6B 17                    4017 	.db #0x17	; 23
    00000F6C 16                    4018 	.db #0x16	; 22
    00000F6D 17                    4019 	.db #0x17	; 23
    00000F6E 16                    4020 	.db #0x16	; 22
    00000F6F 17                    4021 	.db #0x17	; 23
    00000F70 16                    4022 	.db #0x16	; 22
    00000F71 17                    4023 	.db #0x17	; 23
    00000F72 16                    4024 	.db #0x16	; 22
    00000F73 17                    4025 	.db #0x17	; 23
    00000F74 16                    4026 	.db #0x16	; 22
    00000F75 17                    4027 	.db #0x17	; 23
    00000F76 18                    4028 	.db #0x18	; 24
    00000F77 19                    4029 	.db #0x19	; 25
    00000F78                       4030 _room12:
    00000F78 0A                    4031 	.db #0x0a	; 10
    00000F79 0B                    4032 	.db #0x0b	; 11
    00000F7A 0C                    4033 	.db #0x0c	; 12
    00000F7B 0D                    4034 	.db #0x0d	; 13
    00000F7C 0C                    4035 	.db #0x0c	; 12
    00000F7D 0D                    4036 	.db #0x0d	; 13
    00000F7E 0C                    4037 	.db #0x0c	; 12
    00000F7F 0D                    4038 	.db #0x0d	; 13
    00000F80 0C                    4039 	.db #0x0c	; 12
    00000F81 0D                    4040 	.db #0x0d	; 13
    00000F82 0C                    4041 	.db #0x0c	; 12
    00000F83 0D                    4042 	.db #0x0d	; 13
    00000F84 0C                    4043 	.db #0x0c	; 12
    00000F85 0D                    4044 	.db #0x0d	; 13
    00000F86 0C                    4045 	.db #0x0c	; 12
    00000F87 0D                    4046 	.db #0x0d	; 13
    00000F88 0C                    4047 	.db #0x0c	; 12
    00000F89 0D                    4048 	.db #0x0d	; 13
    00000F8A 28                    4049 	.db #0x28	; 40
    00000F8B 29                    4050 	.db #0x29	; 41
    00000F8C 1A                    4051 	.db #0x1a	; 26
    00000F8D 1B                    4052 	.db #0x1b	; 27
    00000F8E 1C                    4053 	.db #0x1c	; 28
    00000F8F 1D                    4054 	.db #0x1d	; 29
    00000F90 1C                    4055 	.db #0x1c	; 28
    00000F91 1D                    4056 	.db #0x1d	; 29
    00000F92 1C                    4057 	.db #0x1c	; 28
    00000F93 1D                    4058 	.db #0x1d	; 29
    00000F94 1C                    4059 	.db #0x1c	; 28
    00000F95 1D                    4060 	.db #0x1d	; 29
    00000F96 1C                    4061 	.db #0x1c	; 28
    00000F97 1D                    4062 	.db #0x1d	; 29
    00000F98 1C                    4063 	.db #0x1c	; 28
    00000F99 1D                    4064 	.db #0x1d	; 29
    00000F9A 1C                    4065 	.db #0x1c	; 28
    00000F9B 1D                    4066 	.db #0x1d	; 29
    00000F9C 1C                    4067 	.db #0x1c	; 28
    00000F9D 1D                    4068 	.db #0x1d	; 29
    00000F9E 10                    4069 	.db #0x10	; 16
    00000F9F 11                    4070 	.db #0x11	; 17
    00000FA0 32                    4071 	.db #0x32	; 50	'2'
    00000FA1 13                    4072 	.db #0x13	; 19
    00000FA2 00                    4073 	.db #0x00	; 0
    00000FA3 01                    4074 	.db #0x01	; 1
    00000FA4 00                    4075 	.db #0x00	; 0
    00000FA5 01                    4076 	.db #0x01	; 1
    00000FA6 00                    4077 	.db #0x00	; 0
    00000FA7 01                    4078 	.db #0x01	; 1
    00000FA8 00                    4079 	.db #0x00	; 0
    00000FA9 01                    4080 	.db #0x01	; 1
    00000FAA 00                    4081 	.db #0x00	; 0
    00000FAB 01                    4082 	.db #0x01	; 1
    00000FAC 00                    4083 	.db #0x00	; 0
    00000FAD 01                    4084 	.db #0x01	; 1
    00000FAE 00                    4085 	.db #0x00	; 0
    00000FAF 01                    4086 	.db #0x01	; 1
    00000FB0 00                    4087 	.db #0x00	; 0
    00000FB1 01                    4088 	.db #0x01	; 1
    00000FB2 14                    4089 	.db #0x14	; 20
    00000FB3 21                    4090 	.db #0x21	; 33
    00000FB4 22                    4091 	.db #0x22	; 34
    00000FB5 33                    4092 	.db #0x33	; 51	'3'
    00000FB6 02                    4093 	.db #0x02	; 2
    00000FB7 03                    4094 	.db #0x03	; 3
    00000FB8 02                    4095 	.db #0x02	; 2
    00000FB9 03                    4096 	.db #0x03	; 3
    00000FBA 02                    4097 	.db #0x02	; 2
    00000FBB 03                    4098 	.db #0x03	; 3
    00000FBC 02                    4099 	.db #0x02	; 2
    00000FBD 03                    4100 	.db #0x03	; 3
    00000FBE 02                    4101 	.db #0x02	; 2
    00000FBF 03                    4102 	.db #0x03	; 3
    00000FC0 02                    4103 	.db #0x02	; 2
    00000FC1 03                    4104 	.db #0x03	; 3
    00000FC2 02                    4105 	.db #0x02	; 2
    00000FC3 03                    4106 	.db #0x03	; 3
    00000FC4 02                    4107 	.db #0x02	; 2
    00000FC5 03                    4108 	.db #0x03	; 3
    00000FC6 20                    4109 	.db #0x20	; 32
    00000FC7 31                    4110 	.db #0x31	; 49	'1'
    00000FC8 32                    4111 	.db #0x32	; 50	'2'
    00000FC9 13                    4112 	.db #0x13	; 19
    00000FCA 00                    4113 	.db #0x00	; 0
    00000FCB 01                    4114 	.db #0x01	; 1
    00000FCC 00                    4115 	.db #0x00	; 0
    00000FCD 01                    4116 	.db #0x01	; 1
    00000FCE 00                    4117 	.db #0x00	; 0
    00000FCF 01                    4118 	.db #0x01	; 1
    00000FD0 00                    4119 	.db #0x00	; 0
    00000FD1 01                    4120 	.db #0x01	; 1
    00000FD2 00                    4121 	.db #0x00	; 0
    00000FD3 01                    4122 	.db #0x01	; 1
    00000FD4 00                    4123 	.db #0x00	; 0
    00000FD5 01                    4124 	.db #0x01	; 1
    00000FD6 00                    4125 	.db #0x00	; 0
    00000FD7 01                    4126 	.db #0x01	; 1
    00000FD8 00                    4127 	.db #0x00	; 0
    00000FD9 01                    4128 	.db #0x01	; 1
    00000FDA 30                    4129 	.db #0x30	; 48	'0'
    00000FDB 21                    4130 	.db #0x21	; 33
    00000FDC 22                    4131 	.db #0x22	; 34
    00000FDD 23                    4132 	.db #0x23	; 35
    00000FDE 02                    4133 	.db #0x02	; 2
    00000FDF 03                    4134 	.db #0x03	; 3
    00000FE0 02                    4135 	.db #0x02	; 2
    00000FE1 03                    4136 	.db #0x03	; 3
    00000FE2 02                    4137 	.db #0x02	; 2
    00000FE3 03                    4138 	.db #0x03	; 3
    00000FE4 02                    4139 	.db #0x02	; 2
    00000FE5 03                    4140 	.db #0x03	; 3
    00000FE6 02                    4141 	.db #0x02	; 2
    00000FE7 03                    4142 	.db #0x03	; 3
    00000FE8 02                    4143 	.db #0x02	; 2
    00000FE9 03                    4144 	.db #0x03	; 3
    00000FEA 02                    4145 	.db #0x02	; 2
    00000FEB 03                    4146 	.db #0x03	; 3
    00000FEC 02                    4147 	.db #0x02	; 2
    00000FED 03                    4148 	.db #0x03	; 3
    00000FEE 14                    4149 	.db #0x14	; 20
    00000FEF 31                    4150 	.db #0x31	; 49	'1'
    00000FF0 0E                    4151 	.db #0x0e	; 14
    00000FF1 33                    4152 	.db #0x33	; 51	'3'
    00000FF2 00                    4153 	.db #0x00	; 0
    00000FF3 01                    4154 	.db #0x01	; 1
    00000FF4 00                    4155 	.db #0x00	; 0
    00000FF5 01                    4156 	.db #0x01	; 1
    00000FF6 00                    4157 	.db #0x00	; 0
    00000FF7 01                    4158 	.db #0x01	; 1
    00000FF8 00                    4159 	.db #0x00	; 0
    00000FF9 01                    4160 	.db #0x01	; 1
    00000FFA 00                    4161 	.db #0x00	; 0
    00000FFB 01                    4162 	.db #0x01	; 1
    00000FFC 00                    4163 	.db #0x00	; 0
    00000FFD 01                    4164 	.db #0x01	; 1
    00000FFE 00                    4165 	.db #0x00	; 0
    00000FFF 01                    4166 	.db #0x01	; 1
    00001000 00                    4167 	.db #0x00	; 0
    00001001 01                    4168 	.db #0x01	; 1
    00001002 14                    4169 	.db #0x14	; 20
    00001003 21                    4170 	.db #0x21	; 33
    00001004 1C                    4171 	.db #0x1c	; 28
    00001005 1F                    4172 	.db #0x1f	; 31
    00001006 02                    4173 	.db #0x02	; 2
    00001007 03                    4174 	.db #0x03	; 3
    00001008 02                    4175 	.db #0x02	; 2
    00001009 03                    4176 	.db #0x03	; 3
    0000100A 02                    4177 	.db #0x02	; 2
    0000100B 03                    4178 	.db #0x03	; 3
    0000100C 02                    4179 	.db #0x02	; 2
    0000100D 03                    4180 	.db #0x03	; 3
    0000100E 02                    4181 	.db #0x02	; 2
    0000100F 03                    4182 	.db #0x03	; 3
    00001010 02                    4183 	.db #0x02	; 2
    00001011 03                    4184 	.db #0x03	; 3
    00001012 02                    4185 	.db #0x02	; 2
    00001013 03                    4186 	.db #0x03	; 3
    00001014 02                    4187 	.db #0x02	; 2
    00001015 03                    4188 	.db #0x03	; 3
    00001016 20                    4189 	.db #0x20	; 32
    00001017 31                    4190 	.db #0x31	; 49	'1'
    00001018 00                    4191 	.db #0x00	; 0
    00001019 01                    4192 	.db #0x01	; 1
    0000101A 00                    4193 	.db #0x00	; 0
    0000101B 01                    4194 	.db #0x01	; 1
    0000101C 00                    4195 	.db #0x00	; 0
    0000101D 01                    4196 	.db #0x01	; 1
    0000101E 00                    4197 	.db #0x00	; 0
    0000101F 01                    4198 	.db #0x01	; 1
    00001020 00                    4199 	.db #0x00	; 0
    00001021 01                    4200 	.db #0x01	; 1
    00001022 00                    4201 	.db #0x00	; 0
    00001023 01                    4202 	.db #0x01	; 1
    00001024 00                    4203 	.db #0x00	; 0
    00001025 01                    4204 	.db #0x01	; 1
    00001026 00                    4205 	.db #0x00	; 0
    00001027 01                    4206 	.db #0x01	; 1
    00001028 00                    4207 	.db #0x00	; 0
    00001029 01                    4208 	.db #0x01	; 1
    0000102A 14                    4209 	.db #0x14	; 20
    0000102B 21                    4210 	.db #0x21	; 33
    0000102C 02                    4211 	.db #0x02	; 2
    0000102D 03                    4212 	.db #0x03	; 3
    0000102E 02                    4213 	.db #0x02	; 2
    0000102F 03                    4214 	.db #0x03	; 3
    00001030 02                    4215 	.db #0x02	; 2
    00001031 03                    4216 	.db #0x03	; 3
    00001032 02                    4217 	.db #0x02	; 2
    00001033 03                    4218 	.db #0x03	; 3
    00001034 02                    4219 	.db #0x02	; 2
    00001035 03                    4220 	.db #0x03	; 3
    00001036 02                    4221 	.db #0x02	; 2
    00001037 03                    4222 	.db #0x03	; 3
    00001038 02                    4223 	.db #0x02	; 2
    00001039 03                    4224 	.db #0x03	; 3
    0000103A 02                    4225 	.db #0x02	; 2
    0000103B 03                    4226 	.db #0x03	; 3
    0000103C 02                    4227 	.db #0x02	; 2
    0000103D 03                    4228 	.db #0x03	; 3
    0000103E 20                    4229 	.db #0x20	; 32
    0000103F 31                    4230 	.db #0x31	; 49	'1'
    00001040 06                    4231 	.db #0x06	; 6
    00001041 2D                    4232 	.db #0x2d	; 45
    00001042 00                    4233 	.db #0x00	; 0
    00001043 01                    4234 	.db #0x01	; 1
    00001044 00                    4235 	.db #0x00	; 0
    00001045 01                    4236 	.db #0x01	; 1
    00001046 00                    4237 	.db #0x00	; 0
    00001047 01                    4238 	.db #0x01	; 1
    00001048 00                    4239 	.db #0x00	; 0
    00001049 01                    4240 	.db #0x01	; 1
    0000104A 00                    4241 	.db #0x00	; 0
    0000104B 01                    4242 	.db #0x01	; 1
    0000104C 00                    4243 	.db #0x00	; 0
    0000104D 01                    4244 	.db #0x01	; 1
    0000104E 00                    4245 	.db #0x00	; 0
    0000104F 01                    4246 	.db #0x01	; 1
    00001050 00                    4247 	.db #0x00	; 0
    00001051 01                    4248 	.db #0x01	; 1
    00001052 14                    4249 	.db #0x14	; 20
    00001053 21                    4250 	.db #0x21	; 33
    00001054 12                    4251 	.db #0x12	; 18
    00001055 13                    4252 	.db #0x13	; 19
    00001056 02                    4253 	.db #0x02	; 2
    00001057 03                    4254 	.db #0x03	; 3
    00001058 02                    4255 	.db #0x02	; 2
    00001059 03                    4256 	.db #0x03	; 3
    0000105A 02                    4257 	.db #0x02	; 2
    0000105B 03                    4258 	.db #0x03	; 3
    0000105C 02                    4259 	.db #0x02	; 2
    0000105D 03                    4260 	.db #0x03	; 3
    0000105E 02                    4261 	.db #0x02	; 2
    0000105F 03                    4262 	.db #0x03	; 3
    00001060 02                    4263 	.db #0x02	; 2
    00001061 03                    4264 	.db #0x03	; 3
    00001062 02                    4265 	.db #0x02	; 2
    00001063 03                    4266 	.db #0x03	; 3
    00001064 02                    4267 	.db #0x02	; 2
    00001065 03                    4268 	.db #0x03	; 3
    00001066 20                    4269 	.db #0x20	; 32
    00001067 31                    4270 	.db #0x31	; 49	'1'
    00001068 32                    4271 	.db #0x32	; 50	'2'
    00001069 13                    4272 	.db #0x13	; 19
    0000106A 00                    4273 	.db #0x00	; 0
    0000106B 01                    4274 	.db #0x01	; 1
    0000106C 00                    4275 	.db #0x00	; 0
    0000106D 01                    4276 	.db #0x01	; 1
    0000106E 00                    4277 	.db #0x00	; 0
    0000106F 01                    4278 	.db #0x01	; 1
    00001070 00                    4279 	.db #0x00	; 0
    00001071 01                    4280 	.db #0x01	; 1
    00001072 00                    4281 	.db #0x00	; 0
    00001073 01                    4282 	.db #0x01	; 1
    00001074 00                    4283 	.db #0x00	; 0
    00001075 01                    4284 	.db #0x01	; 1
    00001076 00                    4285 	.db #0x00	; 0
    00001077 01                    4286 	.db #0x01	; 1
    00001078 00                    4287 	.db #0x00	; 0
    00001079 01                    4288 	.db #0x01	; 1
    0000107A 20                    4289 	.db #0x20	; 32
    0000107B 21                    4290 	.db #0x21	; 33
    0000107C 22                    4291 	.db #0x22	; 34
    0000107D 33                    4292 	.db #0x33	; 51	'3'
    0000107E 02                    4293 	.db #0x02	; 2
    0000107F 03                    4294 	.db #0x03	; 3
    00001080 02                    4295 	.db #0x02	; 2
    00001081 03                    4296 	.db #0x03	; 3
    00001082 02                    4297 	.db #0x02	; 2
    00001083 03                    4298 	.db #0x03	; 3
    00001084 02                    4299 	.db #0x02	; 2
    00001085 03                    4300 	.db #0x03	; 3
    00001086 02                    4301 	.db #0x02	; 2
    00001087 03                    4302 	.db #0x03	; 3
    00001088 02                    4303 	.db #0x02	; 2
    00001089 03                    4304 	.db #0x03	; 3
    0000108A 02                    4305 	.db #0x02	; 2
    0000108B 03                    4306 	.db #0x03	; 3
    0000108C 02                    4307 	.db #0x02	; 2
    0000108D 03                    4308 	.db #0x03	; 3
    0000108E 30                    4309 	.db #0x30	; 48	'0'
    0000108F 31                    4310 	.db #0x31	; 49	'1'
    00001090 32                    4311 	.db #0x32	; 50	'2'
    00001091 13                    4312 	.db #0x13	; 19
    00001092 00                    4313 	.db #0x00	; 0
    00001093 01                    4314 	.db #0x01	; 1
    00001094 00                    4315 	.db #0x00	; 0
    00001095 01                    4316 	.db #0x01	; 1
    00001096 00                    4317 	.db #0x00	; 0
    00001097 01                    4318 	.db #0x01	; 1
    00001098 00                    4319 	.db #0x00	; 0
    00001099 01                    4320 	.db #0x01	; 1
    0000109A 00                    4321 	.db #0x00	; 0
    0000109B 01                    4322 	.db #0x01	; 1
    0000109C 00                    4323 	.db #0x00	; 0
    0000109D 01                    4324 	.db #0x01	; 1
    0000109E 00                    4325 	.db #0x00	; 0
    0000109F 01                    4326 	.db #0x01	; 1
    000010A0 00                    4327 	.db #0x00	; 0
    000010A1 01                    4328 	.db #0x01	; 1
    000010A2 14                    4329 	.db #0x14	; 20
    000010A3 21                    4330 	.db #0x21	; 33
    000010A4 22                    4331 	.db #0x22	; 34
    000010A5 23                    4332 	.db #0x23	; 35
    000010A6 02                    4333 	.db #0x02	; 2
    000010A7 03                    4334 	.db #0x03	; 3
    000010A8 02                    4335 	.db #0x02	; 2
    000010A9 03                    4336 	.db #0x03	; 3
    000010AA 02                    4337 	.db #0x02	; 2
    000010AB 03                    4338 	.db #0x03	; 3
    000010AC 02                    4339 	.db #0x02	; 2
    000010AD 03                    4340 	.db #0x03	; 3
    000010AE 02                    4341 	.db #0x02	; 2
    000010AF 03                    4342 	.db #0x03	; 3
    000010B0 02                    4343 	.db #0x02	; 2
    000010B1 03                    4344 	.db #0x03	; 3
    000010B2 02                    4345 	.db #0x02	; 2
    000010B3 03                    4346 	.db #0x03	; 3
    000010B4 02                    4347 	.db #0x02	; 2
    000010B5 03                    4348 	.db #0x03	; 3
    000010B6 20                    4349 	.db #0x20	; 32
    000010B7 31                    4350 	.db #0x31	; 49	'1'
    000010B8 26                    4351 	.db #0x26	; 38
    000010B9 27                    4352 	.db #0x27	; 39
    000010BA 06                    4353 	.db #0x06	; 6
    000010BB 05                    4354 	.db #0x05	; 5
    000010BC 07                    4355 	.db #0x07	; 7
    000010BD 06                    4356 	.db #0x06	; 6
    000010BE 06                    4357 	.db #0x06	; 6
    000010BF 2D                    4358 	.db #0x2d	; 45
    000010C0 00                    4359 	.db #0x00	; 0
    000010C1 01                    4360 	.db #0x01	; 1
    000010C2 00                    4361 	.db #0x00	; 0
    000010C3 01                    4362 	.db #0x01	; 1
    000010C4 04                    4363 	.db #0x04	; 4
    000010C5 07                    4364 	.db #0x07	; 7
    000010C6 06                    4365 	.db #0x06	; 6
    000010C7 05                    4366 	.db #0x05	; 5
    000010C8 07                    4367 	.db #0x07	; 7
    000010C9 2C                    4368 	.db #0x2c	; 44
    000010CA 08                    4369 	.db #0x08	; 8
    000010CB 09                    4370 	.db #0x09	; 9
    000010CC 2A                    4371 	.db #0x2a	; 42
    000010CD 2B                    4372 	.db #0x2b	; 43
    000010CE 16                    4373 	.db #0x16	; 22
    000010CF 17                    4374 	.db #0x17	; 23
    000010D0 16                    4375 	.db #0x16	; 22
    000010D1 17                    4376 	.db #0x17	; 23
    000010D2 12                    4377 	.db #0x12	; 18
    000010D3 13                    4378 	.db #0x13	; 19
    000010D4 02                    4379 	.db #0x02	; 2
    000010D5 03                    4380 	.db #0x03	; 3
    000010D6 02                    4381 	.db #0x02	; 2
    000010D7 03                    4382 	.db #0x03	; 3
    000010D8 24                    4383 	.db #0x24	; 36
    000010D9 15                    4384 	.db #0x15	; 21
    000010DA 16                    4385 	.db #0x16	; 22
    000010DB 17                    4386 	.db #0x17	; 23
    000010DC 16                    4387 	.db #0x16	; 22
    000010DD 17                    4388 	.db #0x17	; 23
    000010DE 18                    4389 	.db #0x18	; 24
    000010DF 19                    4390 	.db #0x19	; 25
    000010E0                       4391 _room13:
    000010E0 0A                    4392 	.db #0x0a	; 10
    000010E1 0B                    4393 	.db #0x0b	; 11
    000010E2 0C                    4394 	.db #0x0c	; 12
    000010E3 0D                    4395 	.db #0x0d	; 13
    000010E4 0C                    4396 	.db #0x0c	; 12
    000010E5 0D                    4397 	.db #0x0d	; 13
    000010E6 0E                    4398 	.db #0x0e	; 14
    000010E7 33                    4399 	.db #0x33	; 51	'3'
    000010E8 00                    4400 	.db #0x00	; 0
    000010E9 01                    4401 	.db #0x01	; 1
    000010EA 00                    4402 	.db #0x00	; 0
    000010EB 01                    4403 	.db #0x01	; 1
    000010EC 30                    4404 	.db #0x30	; 48	'0'
    000010ED 25                    4405 	.db #0x25	; 37
    000010EE 0C                    4406 	.db #0x0c	; 12
    000010EF 0D                    4407 	.db #0x0d	; 13
    000010F0 0C                    4408 	.db #0x0c	; 12
    000010F1 0D                    4409 	.db #0x0d	; 13
    000010F2 28                    4410 	.db #0x28	; 40
    000010F3 29                    4411 	.db #0x29	; 41
    000010F4 1A                    4412 	.db #0x1a	; 26
    000010F5 1B                    4413 	.db #0x1b	; 27
    000010F6 1C                    4414 	.db #0x1c	; 28
    000010F7 1D                    4415 	.db #0x1d	; 29
    000010F8 1C                    4416 	.db #0x1c	; 28
    000010F9 1D                    4417 	.db #0x1d	; 29
    000010FA 1C                    4418 	.db #0x1c	; 28
    000010FB 1F                    4419 	.db #0x1f	; 31
    000010FC 02                    4420 	.db #0x02	; 2
    000010FD 03                    4421 	.db #0x03	; 3
    000010FE 02                    4422 	.db #0x02	; 2
    000010FF 03                    4423 	.db #0x03	; 3
    00001100 2E                    4424 	.db #0x2e	; 46
    00001101 1D                    4425 	.db #0x1d	; 29
    00001102 1C                    4426 	.db #0x1c	; 28
    00001103 1D                    4427 	.db #0x1d	; 29
    00001104 1C                    4428 	.db #0x1c	; 28
    00001105 1D                    4429 	.db #0x1d	; 29
    00001106 10                    4430 	.db #0x10	; 16
    00001107 11                    4431 	.db #0x11	; 17
    00001108 32                    4432 	.db #0x32	; 50	'2'
    00001109 13                    4433 	.db #0x13	; 19
    0000110A 00                    4434 	.db #0x00	; 0
    0000110B 01                    4435 	.db #0x01	; 1
    0000110C 00                    4436 	.db #0x00	; 0
    0000110D 01                    4437 	.db #0x01	; 1
    0000110E 00                    4438 	.db #0x00	; 0
    0000110F 01                    4439 	.db #0x01	; 1
    00001110 00                    4440 	.db #0x00	; 0
    00001111 01                    4441 	.db #0x01	; 1
    00001112 00                    4442 	.db #0x00	; 0
    00001113 01                    4443 	.db #0x01	; 1
    00001114 00                    4444 	.db #0x00	; 0
    00001115 01                    4445 	.db #0x01	; 1
    00001116 00                    4446 	.db #0x00	; 0
    00001117 01                    4447 	.db #0x01	; 1
    00001118 00                    4448 	.db #0x00	; 0
    00001119 01                    4449 	.db #0x01	; 1
    0000111A 14                    4450 	.db #0x14	; 20
    0000111B 21                    4451 	.db #0x21	; 33
    0000111C 22                    4452 	.db #0x22	; 34
    0000111D 33                    4453 	.db #0x33	; 51	'3'
    0000111E 02                    4454 	.db #0x02	; 2
    0000111F 03                    4455 	.db #0x03	; 3
    00001120 02                    4456 	.db #0x02	; 2
    00001121 03                    4457 	.db #0x03	; 3
    00001122 02                    4458 	.db #0x02	; 2
    00001123 03                    4459 	.db #0x03	; 3
    00001124 02                    4460 	.db #0x02	; 2
    00001125 03                    4461 	.db #0x03	; 3
    00001126 02                    4462 	.db #0x02	; 2
    00001127 03                    4463 	.db #0x03	; 3
    00001128 02                    4464 	.db #0x02	; 2
    00001129 03                    4465 	.db #0x03	; 3
    0000112A 02                    4466 	.db #0x02	; 2
    0000112B 03                    4467 	.db #0x03	; 3
    0000112C 02                    4468 	.db #0x02	; 2
    0000112D 03                    4469 	.db #0x03	; 3
    0000112E 20                    4470 	.db #0x20	; 32
    0000112F 31                    4471 	.db #0x31	; 49	'1'
    00001130 32                    4472 	.db #0x32	; 50	'2'
    00001131 13                    4473 	.db #0x13	; 19
    00001132 00                    4474 	.db #0x00	; 0
    00001133 01                    4475 	.db #0x01	; 1
    00001134 00                    4476 	.db #0x00	; 0
    00001135 01                    4477 	.db #0x01	; 1
    00001136 00                    4478 	.db #0x00	; 0
    00001137 01                    4479 	.db #0x01	; 1
    00001138 00                    4480 	.db #0x00	; 0
    00001139 01                    4481 	.db #0x01	; 1
    0000113A 00                    4482 	.db #0x00	; 0
    0000113B 01                    4483 	.db #0x01	; 1
    0000113C 00                    4484 	.db #0x00	; 0
    0000113D 01                    4485 	.db #0x01	; 1
    0000113E 00                    4486 	.db #0x00	; 0
    0000113F 01                    4487 	.db #0x01	; 1
    00001140 00                    4488 	.db #0x00	; 0
    00001141 01                    4489 	.db #0x01	; 1
    00001142 30                    4490 	.db #0x30	; 48	'0'
    00001143 21                    4491 	.db #0x21	; 33
    00001144 22                    4492 	.db #0x22	; 34
    00001145 23                    4493 	.db #0x23	; 35
    00001146 02                    4494 	.db #0x02	; 2
    00001147 03                    4495 	.db #0x03	; 3
    00001148 02                    4496 	.db #0x02	; 2
    00001149 03                    4497 	.db #0x03	; 3
    0000114A 02                    4498 	.db #0x02	; 2
    0000114B 03                    4499 	.db #0x03	; 3
    0000114C 02                    4500 	.db #0x02	; 2
    0000114D 03                    4501 	.db #0x03	; 3
    0000114E 02                    4502 	.db #0x02	; 2
    0000114F 03                    4503 	.db #0x03	; 3
    00001150 02                    4504 	.db #0x02	; 2
    00001151 03                    4505 	.db #0x03	; 3
    00001152 02                    4506 	.db #0x02	; 2
    00001153 03                    4507 	.db #0x03	; 3
    00001154 02                    4508 	.db #0x02	; 2
    00001155 03                    4509 	.db #0x03	; 3
    00001156 14                    4510 	.db #0x14	; 20
    00001157 31                    4511 	.db #0x31	; 49	'1'
    00001158 0E                    4512 	.db #0x0e	; 14
    00001159 33                    4513 	.db #0x33	; 51	'3'
    0000115A 00                    4514 	.db #0x00	; 0
    0000115B 01                    4515 	.db #0x01	; 1
    0000115C 00                    4516 	.db #0x00	; 0
    0000115D 01                    4517 	.db #0x01	; 1
    0000115E 00                    4518 	.db #0x00	; 0
    0000115F 01                    4519 	.db #0x01	; 1
    00001160 00                    4520 	.db #0x00	; 0
    00001161 01                    4521 	.db #0x01	; 1
    00001162 00                    4522 	.db #0x00	; 0
    00001163 01                    4523 	.db #0x01	; 1
    00001164 00                    4524 	.db #0x00	; 0
    00001165 01                    4525 	.db #0x01	; 1
    00001166 00                    4526 	.db #0x00	; 0
    00001167 01                    4527 	.db #0x01	; 1
    00001168 00                    4528 	.db #0x00	; 0
    00001169 01                    4529 	.db #0x01	; 1
    0000116A 14                    4530 	.db #0x14	; 20
    0000116B 21                    4531 	.db #0x21	; 33
    0000116C 1C                    4532 	.db #0x1c	; 28
    0000116D 1F                    4533 	.db #0x1f	; 31
    0000116E 02                    4534 	.db #0x02	; 2
    0000116F 03                    4535 	.db #0x03	; 3
    00001170 02                    4536 	.db #0x02	; 2
    00001171 03                    4537 	.db #0x03	; 3
    00001172 02                    4538 	.db #0x02	; 2
    00001173 03                    4539 	.db #0x03	; 3
    00001174 02                    4540 	.db #0x02	; 2
    00001175 03                    4541 	.db #0x03	; 3
    00001176 02                    4542 	.db #0x02	; 2
    00001177 03                    4543 	.db #0x03	; 3
    00001178 02                    4544 	.db #0x02	; 2
    00001179 03                    4545 	.db #0x03	; 3
    0000117A 02                    4546 	.db #0x02	; 2
    0000117B 03                    4547 	.db #0x03	; 3
    0000117C 02                    4548 	.db #0x02	; 2
    0000117D 03                    4549 	.db #0x03	; 3
    0000117E 20                    4550 	.db #0x20	; 32
    0000117F 31                    4551 	.db #0x31	; 49	'1'
    00001180 00                    4552 	.db #0x00	; 0
    00001181 01                    4553 	.db #0x01	; 1
    00001182 00                    4554 	.db #0x00	; 0
    00001183 01                    4555 	.db #0x01	; 1
    00001184 00                    4556 	.db #0x00	; 0
    00001185 01                    4557 	.db #0x01	; 1
    00001186 00                    4558 	.db #0x00	; 0
    00001187 01                    4559 	.db #0x01	; 1
    00001188 00                    4560 	.db #0x00	; 0
    00001189 01                    4561 	.db #0x01	; 1
    0000118A 00                    4562 	.db #0x00	; 0
    0000118B 01                    4563 	.db #0x01	; 1
    0000118C 00                    4564 	.db #0x00	; 0
    0000118D 01                    4565 	.db #0x01	; 1
    0000118E 00                    4566 	.db #0x00	; 0
    0000118F 01                    4567 	.db #0x01	; 1
    00001190 00                    4568 	.db #0x00	; 0
    00001191 01                    4569 	.db #0x01	; 1
    00001192 14                    4570 	.db #0x14	; 20
    00001193 21                    4571 	.db #0x21	; 33
    00001194 02                    4572 	.db #0x02	; 2
    00001195 03                    4573 	.db #0x03	; 3
    00001196 02                    4574 	.db #0x02	; 2
    00001197 03                    4575 	.db #0x03	; 3
    00001198 02                    4576 	.db #0x02	; 2
    00001199 03                    4577 	.db #0x03	; 3
    0000119A 02                    4578 	.db #0x02	; 2
    0000119B 03                    4579 	.db #0x03	; 3
    0000119C 02                    4580 	.db #0x02	; 2
    0000119D 03                    4581 	.db #0x03	; 3
    0000119E 02                    4582 	.db #0x02	; 2
    0000119F 03                    4583 	.db #0x03	; 3
    000011A0 02                    4584 	.db #0x02	; 2
    000011A1 03                    4585 	.db #0x03	; 3
    000011A2 02                    4586 	.db #0x02	; 2
    000011A3 03                    4587 	.db #0x03	; 3
    000011A4 02                    4588 	.db #0x02	; 2
    000011A5 03                    4589 	.db #0x03	; 3
    000011A6 20                    4590 	.db #0x20	; 32
    000011A7 31                    4591 	.db #0x31	; 49	'1'
    000011A8 06                    4592 	.db #0x06	; 6
    000011A9 2D                    4593 	.db #0x2d	; 45
    000011AA 00                    4594 	.db #0x00	; 0
    000011AB 01                    4595 	.db #0x01	; 1
    000011AC 00                    4596 	.db #0x00	; 0
    000011AD 01                    4597 	.db #0x01	; 1
    000011AE 00                    4598 	.db #0x00	; 0
    000011AF 01                    4599 	.db #0x01	; 1
    000011B0 00                    4600 	.db #0x00	; 0
    000011B1 01                    4601 	.db #0x01	; 1
    000011B2 00                    4602 	.db #0x00	; 0
    000011B3 01                    4603 	.db #0x01	; 1
    000011B4 00                    4604 	.db #0x00	; 0
    000011B5 01                    4605 	.db #0x01	; 1
    000011B6 00                    4606 	.db #0x00	; 0
    000011B7 01                    4607 	.db #0x01	; 1
    000011B8 00                    4608 	.db #0x00	; 0
    000011B9 01                    4609 	.db #0x01	; 1
    000011BA 14                    4610 	.db #0x14	; 20
    000011BB 21                    4611 	.db #0x21	; 33
    000011BC 12                    4612 	.db #0x12	; 18
    000011BD 13                    4613 	.db #0x13	; 19
    000011BE 02                    4614 	.db #0x02	; 2
    000011BF 03                    4615 	.db #0x03	; 3
    000011C0 02                    4616 	.db #0x02	; 2
    000011C1 03                    4617 	.db #0x03	; 3
    000011C2 02                    4618 	.db #0x02	; 2
    000011C3 03                    4619 	.db #0x03	; 3
    000011C4 02                    4620 	.db #0x02	; 2
    000011C5 03                    4621 	.db #0x03	; 3
    000011C6 02                    4622 	.db #0x02	; 2
    000011C7 03                    4623 	.db #0x03	; 3
    000011C8 02                    4624 	.db #0x02	; 2
    000011C9 03                    4625 	.db #0x03	; 3
    000011CA 02                    4626 	.db #0x02	; 2
    000011CB 03                    4627 	.db #0x03	; 3
    000011CC 02                    4628 	.db #0x02	; 2
    000011CD 03                    4629 	.db #0x03	; 3
    000011CE 20                    4630 	.db #0x20	; 32
    000011CF 31                    4631 	.db #0x31	; 49	'1'
    000011D0 32                    4632 	.db #0x32	; 50	'2'
    000011D1 13                    4633 	.db #0x13	; 19
    000011D2 00                    4634 	.db #0x00	; 0
    000011D3 01                    4635 	.db #0x01	; 1
    000011D4 00                    4636 	.db #0x00	; 0
    000011D5 01                    4637 	.db #0x01	; 1
    000011D6 00                    4638 	.db #0x00	; 0
    000011D7 01                    4639 	.db #0x01	; 1
    000011D8 00                    4640 	.db #0x00	; 0
    000011D9 01                    4641 	.db #0x01	; 1
    000011DA 00                    4642 	.db #0x00	; 0
    000011DB 01                    4643 	.db #0x01	; 1
    000011DC 00                    4644 	.db #0x00	; 0
    000011DD 01                    4645 	.db #0x01	; 1
    000011DE 00                    4646 	.db #0x00	; 0
    000011DF 01                    4647 	.db #0x01	; 1
    000011E0 00                    4648 	.db #0x00	; 0
    000011E1 01                    4649 	.db #0x01	; 1
    000011E2 20                    4650 	.db #0x20	; 32
    000011E3 21                    4651 	.db #0x21	; 33
    000011E4 22                    4652 	.db #0x22	; 34
    000011E5 33                    4653 	.db #0x33	; 51	'3'
    000011E6 02                    4654 	.db #0x02	; 2
    000011E7 03                    4655 	.db #0x03	; 3
    000011E8 02                    4656 	.db #0x02	; 2
    000011E9 03                    4657 	.db #0x03	; 3
    000011EA 02                    4658 	.db #0x02	; 2
    000011EB 03                    4659 	.db #0x03	; 3
    000011EC 02                    4660 	.db #0x02	; 2
    000011ED 03                    4661 	.db #0x03	; 3
    000011EE 02                    4662 	.db #0x02	; 2
    000011EF 03                    4663 	.db #0x03	; 3
    000011F0 02                    4664 	.db #0x02	; 2
    000011F1 03                    4665 	.db #0x03	; 3
    000011F2 02                    4666 	.db #0x02	; 2
    000011F3 03                    4667 	.db #0x03	; 3
    000011F4 02                    4668 	.db #0x02	; 2
    000011F5 03                    4669 	.db #0x03	; 3
    000011F6 30                    4670 	.db #0x30	; 48	'0'
    000011F7 31                    4671 	.db #0x31	; 49	'1'
    000011F8 32                    4672 	.db #0x32	; 50	'2'
    000011F9 13                    4673 	.db #0x13	; 19
    000011FA 00                    4674 	.db #0x00	; 0
    000011FB 01                    4675 	.db #0x01	; 1
    000011FC 00                    4676 	.db #0x00	; 0
    000011FD 01                    4677 	.db #0x01	; 1
    000011FE 00                    4678 	.db #0x00	; 0
    000011FF 01                    4679 	.db #0x01	; 1
    00001200 00                    4680 	.db #0x00	; 0
    00001201 01                    4681 	.db #0x01	; 1
    00001202 00                    4682 	.db #0x00	; 0
    00001203 01                    4683 	.db #0x01	; 1
    00001204 00                    4684 	.db #0x00	; 0
    00001205 01                    4685 	.db #0x01	; 1
    00001206 00                    4686 	.db #0x00	; 0
    00001207 01                    4687 	.db #0x01	; 1
    00001208 00                    4688 	.db #0x00	; 0
    00001209 01                    4689 	.db #0x01	; 1
    0000120A 14                    4690 	.db #0x14	; 20
    0000120B 21                    4691 	.db #0x21	; 33
    0000120C 22                    4692 	.db #0x22	; 34
    0000120D 23                    4693 	.db #0x23	; 35
    0000120E 02                    4694 	.db #0x02	; 2
    0000120F 03                    4695 	.db #0x03	; 3
    00001210 02                    4696 	.db #0x02	; 2
    00001211 03                    4697 	.db #0x03	; 3
    00001212 02                    4698 	.db #0x02	; 2
    00001213 03                    4699 	.db #0x03	; 3
    00001214 02                    4700 	.db #0x02	; 2
    00001215 03                    4701 	.db #0x03	; 3
    00001216 02                    4702 	.db #0x02	; 2
    00001217 03                    4703 	.db #0x03	; 3
    00001218 02                    4704 	.db #0x02	; 2
    00001219 03                    4705 	.db #0x03	; 3
    0000121A 02                    4706 	.db #0x02	; 2
    0000121B 03                    4707 	.db #0x03	; 3
    0000121C 02                    4708 	.db #0x02	; 2
    0000121D 03                    4709 	.db #0x03	; 3
    0000121E 20                    4710 	.db #0x20	; 32
    0000121F 31                    4711 	.db #0x31	; 49	'1'
    00001220 26                    4712 	.db #0x26	; 38
    00001221 27                    4713 	.db #0x27	; 39
    00001222 06                    4714 	.db #0x06	; 6
    00001223 05                    4715 	.db #0x05	; 5
    00001224 07                    4716 	.db #0x07	; 7
    00001225 06                    4717 	.db #0x06	; 6
    00001226 06                    4718 	.db #0x06	; 6
    00001227 2D                    4719 	.db #0x2d	; 45
    00001228 00                    4720 	.db #0x00	; 0
    00001229 01                    4721 	.db #0x01	; 1
    0000122A 00                    4722 	.db #0x00	; 0
    0000122B 01                    4723 	.db #0x01	; 1
    0000122C 04                    4724 	.db #0x04	; 4
    0000122D 07                    4725 	.db #0x07	; 7
    0000122E 06                    4726 	.db #0x06	; 6
    0000122F 05                    4727 	.db #0x05	; 5
    00001230 07                    4728 	.db #0x07	; 7
    00001231 2C                    4729 	.db #0x2c	; 44
    00001232 08                    4730 	.db #0x08	; 8
    00001233 09                    4731 	.db #0x09	; 9
    00001234 2A                    4732 	.db #0x2a	; 42
    00001235 2B                    4733 	.db #0x2b	; 43
    00001236 16                    4734 	.db #0x16	; 22
    00001237 17                    4735 	.db #0x17	; 23
    00001238 16                    4736 	.db #0x16	; 22
    00001239 17                    4737 	.db #0x17	; 23
    0000123A 12                    4738 	.db #0x12	; 18
    0000123B 13                    4739 	.db #0x13	; 19
    0000123C 02                    4740 	.db #0x02	; 2
    0000123D 03                    4741 	.db #0x03	; 3
    0000123E 02                    4742 	.db #0x02	; 2
    0000123F 03                    4743 	.db #0x03	; 3
    00001240 24                    4744 	.db #0x24	; 36
    00001241 15                    4745 	.db #0x15	; 21
    00001242 16                    4746 	.db #0x16	; 22
    00001243 17                    4747 	.db #0x17	; 23
    00001244 16                    4748 	.db #0x16	; 22
    00001245 17                    4749 	.db #0x17	; 23
    00001246 18                    4750 	.db #0x18	; 24
    00001247 19                    4751 	.db #0x19	; 25
    00001248                       4752 _room14:
    00001248 0A                    4753 	.db #0x0a	; 10
    00001249 0B                    4754 	.db #0x0b	; 11
    0000124A 0C                    4755 	.db #0x0c	; 12
    0000124B 0D                    4756 	.db #0x0d	; 13
    0000124C 0C                    4757 	.db #0x0c	; 12
    0000124D 0D                    4758 	.db #0x0d	; 13
    0000124E 0C                    4759 	.db #0x0c	; 12
    0000124F 0D                    4760 	.db #0x0d	; 13
    00001250 0C                    4761 	.db #0x0c	; 12
    00001251 0D                    4762 	.db #0x0d	; 13
    00001252 0C                    4763 	.db #0x0c	; 12
    00001253 0D                    4764 	.db #0x0d	; 13
    00001254 0C                    4765 	.db #0x0c	; 12
    00001255 0D                    4766 	.db #0x0d	; 13
    00001256 0C                    4767 	.db #0x0c	; 12
    00001257 0D                    4768 	.db #0x0d	; 13
    00001258 0C                    4769 	.db #0x0c	; 12
    00001259 0D                    4770 	.db #0x0d	; 13
    0000125A 28                    4771 	.db #0x28	; 40
    0000125B 29                    4772 	.db #0x29	; 41
    0000125C 1A                    4773 	.db #0x1a	; 26
    0000125D 1B                    4774 	.db #0x1b	; 27
    0000125E 1C                    4775 	.db #0x1c	; 28
    0000125F 1D                    4776 	.db #0x1d	; 29
    00001260 1C                    4777 	.db #0x1c	; 28
    00001261 1D                    4778 	.db #0x1d	; 29
    00001262 1C                    4779 	.db #0x1c	; 28
    00001263 1D                    4780 	.db #0x1d	; 29
    00001264 1C                    4781 	.db #0x1c	; 28
    00001265 1D                    4782 	.db #0x1d	; 29
    00001266 1C                    4783 	.db #0x1c	; 28
    00001267 1D                    4784 	.db #0x1d	; 29
    00001268 1C                    4785 	.db #0x1c	; 28
    00001269 1D                    4786 	.db #0x1d	; 29
    0000126A 1C                    4787 	.db #0x1c	; 28
    0000126B 1D                    4788 	.db #0x1d	; 29
    0000126C 1C                    4789 	.db #0x1c	; 28
    0000126D 1D                    4790 	.db #0x1d	; 29
    0000126E 10                    4791 	.db #0x10	; 16
    0000126F 11                    4792 	.db #0x11	; 17
    00001270 32                    4793 	.db #0x32	; 50	'2'
    00001271 13                    4794 	.db #0x13	; 19
    00001272 00                    4795 	.db #0x00	; 0
    00001273 01                    4796 	.db #0x01	; 1
    00001274 00                    4797 	.db #0x00	; 0
    00001275 01                    4798 	.db #0x01	; 1
    00001276 00                    4799 	.db #0x00	; 0
    00001277 01                    4800 	.db #0x01	; 1
    00001278 00                    4801 	.db #0x00	; 0
    00001279 01                    4802 	.db #0x01	; 1
    0000127A 00                    4803 	.db #0x00	; 0
    0000127B 01                    4804 	.db #0x01	; 1
    0000127C 00                    4805 	.db #0x00	; 0
    0000127D 01                    4806 	.db #0x01	; 1
    0000127E 00                    4807 	.db #0x00	; 0
    0000127F 01                    4808 	.db #0x01	; 1
    00001280 00                    4809 	.db #0x00	; 0
    00001281 01                    4810 	.db #0x01	; 1
    00001282 14                    4811 	.db #0x14	; 20
    00001283 21                    4812 	.db #0x21	; 33
    00001284 22                    4813 	.db #0x22	; 34
    00001285 33                    4814 	.db #0x33	; 51	'3'
    00001286 02                    4815 	.db #0x02	; 2
    00001287 03                    4816 	.db #0x03	; 3
    00001288 02                    4817 	.db #0x02	; 2
    00001289 03                    4818 	.db #0x03	; 3
    0000128A 02                    4819 	.db #0x02	; 2
    0000128B 03                    4820 	.db #0x03	; 3
    0000128C 02                    4821 	.db #0x02	; 2
    0000128D 03                    4822 	.db #0x03	; 3
    0000128E 02                    4823 	.db #0x02	; 2
    0000128F 03                    4824 	.db #0x03	; 3
    00001290 02                    4825 	.db #0x02	; 2
    00001291 03                    4826 	.db #0x03	; 3
    00001292 02                    4827 	.db #0x02	; 2
    00001293 03                    4828 	.db #0x03	; 3
    00001294 02                    4829 	.db #0x02	; 2
    00001295 03                    4830 	.db #0x03	; 3
    00001296 20                    4831 	.db #0x20	; 32
    00001297 31                    4832 	.db #0x31	; 49	'1'
    00001298 32                    4833 	.db #0x32	; 50	'2'
    00001299 13                    4834 	.db #0x13	; 19
    0000129A 00                    4835 	.db #0x00	; 0
    0000129B 01                    4836 	.db #0x01	; 1
    0000129C 00                    4837 	.db #0x00	; 0
    0000129D 01                    4838 	.db #0x01	; 1
    0000129E 00                    4839 	.db #0x00	; 0
    0000129F 01                    4840 	.db #0x01	; 1
    000012A0 00                    4841 	.db #0x00	; 0
    000012A1 01                    4842 	.db #0x01	; 1
    000012A2 00                    4843 	.db #0x00	; 0
    000012A3 01                    4844 	.db #0x01	; 1
    000012A4 00                    4845 	.db #0x00	; 0
    000012A5 01                    4846 	.db #0x01	; 1
    000012A6 00                    4847 	.db #0x00	; 0
    000012A7 01                    4848 	.db #0x01	; 1
    000012A8 00                    4849 	.db #0x00	; 0
    000012A9 01                    4850 	.db #0x01	; 1
    000012AA 30                    4851 	.db #0x30	; 48	'0'
    000012AB 21                    4852 	.db #0x21	; 33
    000012AC 22                    4853 	.db #0x22	; 34
    000012AD 23                    4854 	.db #0x23	; 35
    000012AE 02                    4855 	.db #0x02	; 2
    000012AF 03                    4856 	.db #0x03	; 3
    000012B0 02                    4857 	.db #0x02	; 2
    000012B1 03                    4858 	.db #0x03	; 3
    000012B2 02                    4859 	.db #0x02	; 2
    000012B3 03                    4860 	.db #0x03	; 3
    000012B4 02                    4861 	.db #0x02	; 2
    000012B5 03                    4862 	.db #0x03	; 3
    000012B6 02                    4863 	.db #0x02	; 2
    000012B7 03                    4864 	.db #0x03	; 3
    000012B8 02                    4865 	.db #0x02	; 2
    000012B9 03                    4866 	.db #0x03	; 3
    000012BA 02                    4867 	.db #0x02	; 2
    000012BB 03                    4868 	.db #0x03	; 3
    000012BC 02                    4869 	.db #0x02	; 2
    000012BD 03                    4870 	.db #0x03	; 3
    000012BE 14                    4871 	.db #0x14	; 20
    000012BF 31                    4872 	.db #0x31	; 49	'1'
    000012C0 0E                    4873 	.db #0x0e	; 14
    000012C1 33                    4874 	.db #0x33	; 51	'3'
    000012C2 00                    4875 	.db #0x00	; 0
    000012C3 01                    4876 	.db #0x01	; 1
    000012C4 00                    4877 	.db #0x00	; 0
    000012C5 01                    4878 	.db #0x01	; 1
    000012C6 00                    4879 	.db #0x00	; 0
    000012C7 01                    4880 	.db #0x01	; 1
    000012C8 00                    4881 	.db #0x00	; 0
    000012C9 01                    4882 	.db #0x01	; 1
    000012CA 00                    4883 	.db #0x00	; 0
    000012CB 01                    4884 	.db #0x01	; 1
    000012CC 00                    4885 	.db #0x00	; 0
    000012CD 01                    4886 	.db #0x01	; 1
    000012CE 00                    4887 	.db #0x00	; 0
    000012CF 01                    4888 	.db #0x01	; 1
    000012D0 00                    4889 	.db #0x00	; 0
    000012D1 01                    4890 	.db #0x01	; 1
    000012D2 30                    4891 	.db #0x30	; 48	'0'
    000012D3 25                    4892 	.db #0x25	; 37
    000012D4 1C                    4893 	.db #0x1c	; 28
    000012D5 1F                    4894 	.db #0x1f	; 31
    000012D6 02                    4895 	.db #0x02	; 2
    000012D7 03                    4896 	.db #0x03	; 3
    000012D8 02                    4897 	.db #0x02	; 2
    000012D9 03                    4898 	.db #0x03	; 3
    000012DA 02                    4899 	.db #0x02	; 2
    000012DB 03                    4900 	.db #0x03	; 3
    000012DC 02                    4901 	.db #0x02	; 2
    000012DD 03                    4902 	.db #0x03	; 3
    000012DE 02                    4903 	.db #0x02	; 2
    000012DF 03                    4904 	.db #0x03	; 3
    000012E0 02                    4905 	.db #0x02	; 2
    000012E1 03                    4906 	.db #0x03	; 3
    000012E2 02                    4907 	.db #0x02	; 2
    000012E3 03                    4908 	.db #0x03	; 3
    000012E4 02                    4909 	.db #0x02	; 2
    000012E5 03                    4910 	.db #0x03	; 3
    000012E6 2E                    4911 	.db #0x2e	; 46
    000012E7 1D                    4912 	.db #0x1d	; 29
    000012E8 00                    4913 	.db #0x00	; 0
    000012E9 01                    4914 	.db #0x01	; 1
    000012EA 00                    4915 	.db #0x00	; 0
    000012EB 01                    4916 	.db #0x01	; 1
    000012EC 00                    4917 	.db #0x00	; 0
    000012ED 01                    4918 	.db #0x01	; 1
    000012EE 00                    4919 	.db #0x00	; 0
    000012EF 01                    4920 	.db #0x01	; 1
    000012F0 00                    4921 	.db #0x00	; 0
    000012F1 01                    4922 	.db #0x01	; 1
    000012F2 00                    4923 	.db #0x00	; 0
    000012F3 01                    4924 	.db #0x01	; 1
    000012F4 00                    4925 	.db #0x00	; 0
    000012F5 01                    4926 	.db #0x01	; 1
    000012F6 00                    4927 	.db #0x00	; 0
    000012F7 01                    4928 	.db #0x01	; 1
    000012F8 00                    4929 	.db #0x00	; 0
    000012F9 01                    4930 	.db #0x01	; 1
    000012FA 00                    4931 	.db #0x00	; 0
    000012FB 01                    4932 	.db #0x01	; 1
    000012FC 02                    4933 	.db #0x02	; 2
    000012FD 03                    4934 	.db #0x03	; 3
    000012FE 02                    4935 	.db #0x02	; 2
    000012FF 03                    4936 	.db #0x03	; 3
    00001300 02                    4937 	.db #0x02	; 2
    00001301 03                    4938 	.db #0x03	; 3
    00001302 02                    4939 	.db #0x02	; 2
    00001303 03                    4940 	.db #0x03	; 3
    00001304 02                    4941 	.db #0x02	; 2
    00001305 03                    4942 	.db #0x03	; 3
    00001306 02                    4943 	.db #0x02	; 2
    00001307 03                    4944 	.db #0x03	; 3
    00001308 02                    4945 	.db #0x02	; 2
    00001309 03                    4946 	.db #0x03	; 3
    0000130A 02                    4947 	.db #0x02	; 2
    0000130B 03                    4948 	.db #0x03	; 3
    0000130C 02                    4949 	.db #0x02	; 2
    0000130D 03                    4950 	.db #0x03	; 3
    0000130E 02                    4951 	.db #0x02	; 2
    0000130F 03                    4952 	.db #0x03	; 3
    00001310 06                    4953 	.db #0x06	; 6
    00001311 2D                    4954 	.db #0x2d	; 45
    00001312 00                    4955 	.db #0x00	; 0
    00001313 01                    4956 	.db #0x01	; 1
    00001314 00                    4957 	.db #0x00	; 0
    00001315 01                    4958 	.db #0x01	; 1
    00001316 00                    4959 	.db #0x00	; 0
    00001317 01                    4960 	.db #0x01	; 1
    00001318 00                    4961 	.db #0x00	; 0
    00001319 01                    4962 	.db #0x01	; 1
    0000131A 00                    4963 	.db #0x00	; 0
    0000131B 01                    4964 	.db #0x01	; 1
    0000131C 00                    4965 	.db #0x00	; 0
    0000131D 01                    4966 	.db #0x01	; 1
    0000131E 00                    4967 	.db #0x00	; 0
    0000131F 01                    4968 	.db #0x01	; 1
    00001320 00                    4969 	.db #0x00	; 0
    00001321 01                    4970 	.db #0x01	; 1
    00001322 04                    4971 	.db #0x04	; 4
    00001323 07                    4972 	.db #0x07	; 7
    00001324 12                    4973 	.db #0x12	; 18
    00001325 13                    4974 	.db #0x13	; 19
    00001326 02                    4975 	.db #0x02	; 2
    00001327 03                    4976 	.db #0x03	; 3
    00001328 02                    4977 	.db #0x02	; 2
    00001329 03                    4978 	.db #0x03	; 3
    0000132A 02                    4979 	.db #0x02	; 2
    0000132B 03                    4980 	.db #0x03	; 3
    0000132C 02                    4981 	.db #0x02	; 2
    0000132D 03                    4982 	.db #0x03	; 3
    0000132E 02                    4983 	.db #0x02	; 2
    0000132F 03                    4984 	.db #0x03	; 3
    00001330 02                    4985 	.db #0x02	; 2
    00001331 03                    4986 	.db #0x03	; 3
    00001332 02                    4987 	.db #0x02	; 2
    00001333 03                    4988 	.db #0x03	; 3
    00001334 02                    4989 	.db #0x02	; 2
    00001335 03                    4990 	.db #0x03	; 3
    00001336 24                    4991 	.db #0x24	; 36
    00001337 15                    4992 	.db #0x15	; 21
    00001338 32                    4993 	.db #0x32	; 50	'2'
    00001339 13                    4994 	.db #0x13	; 19
    0000133A 00                    4995 	.db #0x00	; 0
    0000133B 01                    4996 	.db #0x01	; 1
    0000133C 00                    4997 	.db #0x00	; 0
    0000133D 01                    4998 	.db #0x01	; 1
    0000133E 00                    4999 	.db #0x00	; 0
    0000133F 01                    5000 	.db #0x01	; 1
    00001340 00                    5001 	.db #0x00	; 0
    00001341 01                    5002 	.db #0x01	; 1
    00001342 00                    5003 	.db #0x00	; 0
    00001343 01                    5004 	.db #0x01	; 1
    00001344 00                    5005 	.db #0x00	; 0
    00001345 01                    5006 	.db #0x01	; 1
    00001346 00                    5007 	.db #0x00	; 0
    00001347 01                    5008 	.db #0x01	; 1
    00001348 00                    5009 	.db #0x00	; 0
    00001349 01                    5010 	.db #0x01	; 1
    0000134A 20                    5011 	.db #0x20	; 32
    0000134B 21                    5012 	.db #0x21	; 33
    0000134C 22                    5013 	.db #0x22	; 34
    0000134D 33                    5014 	.db #0x33	; 51	'3'
    0000134E 02                    5015 	.db #0x02	; 2
    0000134F 03                    5016 	.db #0x03	; 3
    00001350 02                    5017 	.db #0x02	; 2
    00001351 03                    5018 	.db #0x03	; 3
    00001352 02                    5019 	.db #0x02	; 2
    00001353 03                    5020 	.db #0x03	; 3
    00001354 02                    5021 	.db #0x02	; 2
    00001355 03                    5022 	.db #0x03	; 3
    00001356 02                    5023 	.db #0x02	; 2
    00001357 03                    5024 	.db #0x03	; 3
    00001358 02                    5025 	.db #0x02	; 2
    00001359 03                    5026 	.db #0x03	; 3
    0000135A 02                    5027 	.db #0x02	; 2
    0000135B 03                    5028 	.db #0x03	; 3
    0000135C 02                    5029 	.db #0x02	; 2
    0000135D 03                    5030 	.db #0x03	; 3
    0000135E 30                    5031 	.db #0x30	; 48	'0'
    0000135F 31                    5032 	.db #0x31	; 49	'1'
    00001360 32                    5033 	.db #0x32	; 50	'2'
    00001361 13                    5034 	.db #0x13	; 19
    00001362 00                    5035 	.db #0x00	; 0
    00001363 01                    5036 	.db #0x01	; 1
    00001364 00                    5037 	.db #0x00	; 0
    00001365 01                    5038 	.db #0x01	; 1
    00001366 00                    5039 	.db #0x00	; 0
    00001367 01                    5040 	.db #0x01	; 1
    00001368 00                    5041 	.db #0x00	; 0
    00001369 01                    5042 	.db #0x01	; 1
    0000136A 00                    5043 	.db #0x00	; 0
    0000136B 01                    5044 	.db #0x01	; 1
    0000136C 00                    5045 	.db #0x00	; 0
    0000136D 01                    5046 	.db #0x01	; 1
    0000136E 00                    5047 	.db #0x00	; 0
    0000136F 01                    5048 	.db #0x01	; 1
    00001370 00                    5049 	.db #0x00	; 0
    00001371 01                    5050 	.db #0x01	; 1
    00001372 14                    5051 	.db #0x14	; 20
    00001373 21                    5052 	.db #0x21	; 33
    00001374 22                    5053 	.db #0x22	; 34
    00001375 23                    5054 	.db #0x23	; 35
    00001376 02                    5055 	.db #0x02	; 2
    00001377 03                    5056 	.db #0x03	; 3
    00001378 02                    5057 	.db #0x02	; 2
    00001379 03                    5058 	.db #0x03	; 3
    0000137A 02                    5059 	.db #0x02	; 2
    0000137B 03                    5060 	.db #0x03	; 3
    0000137C 02                    5061 	.db #0x02	; 2
    0000137D 03                    5062 	.db #0x03	; 3
    0000137E 02                    5063 	.db #0x02	; 2
    0000137F 03                    5064 	.db #0x03	; 3
    00001380 02                    5065 	.db #0x02	; 2
    00001381 03                    5066 	.db #0x03	; 3
    00001382 02                    5067 	.db #0x02	; 2
    00001383 03                    5068 	.db #0x03	; 3
    00001384 02                    5069 	.db #0x02	; 2
    00001385 03                    5070 	.db #0x03	; 3
    00001386 20                    5071 	.db #0x20	; 32
    00001387 31                    5072 	.db #0x31	; 49	'1'
    00001388 26                    5073 	.db #0x26	; 38
    00001389 27                    5074 	.db #0x27	; 39
    0000138A 06                    5075 	.db #0x06	; 6
    0000138B 05                    5076 	.db #0x05	; 5
    0000138C 07                    5077 	.db #0x07	; 7
    0000138D 06                    5078 	.db #0x06	; 6
    0000138E 06                    5079 	.db #0x06	; 6
    0000138F 2D                    5080 	.db #0x2d	; 45
    00001390 00                    5081 	.db #0x00	; 0
    00001391 01                    5082 	.db #0x01	; 1
    00001392 00                    5083 	.db #0x00	; 0
    00001393 01                    5084 	.db #0x01	; 1
    00001394 04                    5085 	.db #0x04	; 4
    00001395 07                    5086 	.db #0x07	; 7
    00001396 06                    5087 	.db #0x06	; 6
    00001397 05                    5088 	.db #0x05	; 5
    00001398 07                    5089 	.db #0x07	; 7
    00001399 2C                    5090 	.db #0x2c	; 44
    0000139A 08                    5091 	.db #0x08	; 8
    0000139B 09                    5092 	.db #0x09	; 9
    0000139C 2A                    5093 	.db #0x2a	; 42
    0000139D 2B                    5094 	.db #0x2b	; 43
    0000139E 16                    5095 	.db #0x16	; 22
    0000139F 17                    5096 	.db #0x17	; 23
    000013A0 16                    5097 	.db #0x16	; 22
    000013A1 17                    5098 	.db #0x17	; 23
    000013A2 12                    5099 	.db #0x12	; 18
    000013A3 13                    5100 	.db #0x13	; 19
    000013A4 02                    5101 	.db #0x02	; 2
    000013A5 03                    5102 	.db #0x03	; 3
    000013A6 02                    5103 	.db #0x02	; 2
    000013A7 03                    5104 	.db #0x03	; 3
    000013A8 24                    5105 	.db #0x24	; 36
    000013A9 15                    5106 	.db #0x15	; 21
    000013AA 16                    5107 	.db #0x16	; 22
    000013AB 17                    5108 	.db #0x17	; 23
    000013AC 16                    5109 	.db #0x16	; 22
    000013AD 17                    5110 	.db #0x17	; 23
    000013AE 18                    5111 	.db #0x18	; 24
    000013AF 19                    5112 	.db #0x19	; 25
    000013B0                       5113 _room15:
    000013B0 0A                    5114 	.db #0x0a	; 10
    000013B1 0B                    5115 	.db #0x0b	; 11
    000013B2 0C                    5116 	.db #0x0c	; 12
    000013B3 0D                    5117 	.db #0x0d	; 13
    000013B4 0C                    5118 	.db #0x0c	; 12
    000013B5 0D                    5119 	.db #0x0d	; 13
    000013B6 0E                    5120 	.db #0x0e	; 14
    000013B7 33                    5121 	.db #0x33	; 51	'3'
    000013B8 00                    5122 	.db #0x00	; 0
    000013B9 01                    5123 	.db #0x01	; 1
    000013BA 00                    5124 	.db #0x00	; 0
    000013BB 01                    5125 	.db #0x01	; 1
    000013BC 30                    5126 	.db #0x30	; 48	'0'
    000013BD 25                    5127 	.db #0x25	; 37
    000013BE 0C                    5128 	.db #0x0c	; 12
    000013BF 0D                    5129 	.db #0x0d	; 13
    000013C0 0C                    5130 	.db #0x0c	; 12
    000013C1 0D                    5131 	.db #0x0d	; 13
    000013C2 28                    5132 	.db #0x28	; 40
    000013C3 29                    5133 	.db #0x29	; 41
    000013C4 1A                    5134 	.db #0x1a	; 26
    000013C5 1B                    5135 	.db #0x1b	; 27
    000013C6 1C                    5136 	.db #0x1c	; 28
    000013C7 1D                    5137 	.db #0x1d	; 29
    000013C8 1C                    5138 	.db #0x1c	; 28
    000013C9 1D                    5139 	.db #0x1d	; 29
    000013CA 1C                    5140 	.db #0x1c	; 28
    000013CB 1F                    5141 	.db #0x1f	; 31
    000013CC 02                    5142 	.db #0x02	; 2
    000013CD 03                    5143 	.db #0x03	; 3
    000013CE 02                    5144 	.db #0x02	; 2
    000013CF 03                    5145 	.db #0x03	; 3
    000013D0 2E                    5146 	.db #0x2e	; 46
    000013D1 1D                    5147 	.db #0x1d	; 29
    000013D2 1C                    5148 	.db #0x1c	; 28
    000013D3 1D                    5149 	.db #0x1d	; 29
    000013D4 1C                    5150 	.db #0x1c	; 28
    000013D5 1D                    5151 	.db #0x1d	; 29
    000013D6 10                    5152 	.db #0x10	; 16
    000013D7 11                    5153 	.db #0x11	; 17
    000013D8 32                    5154 	.db #0x32	; 50	'2'
    000013D9 13                    5155 	.db #0x13	; 19
    000013DA 00                    5156 	.db #0x00	; 0
    000013DB 01                    5157 	.db #0x01	; 1
    000013DC 00                    5158 	.db #0x00	; 0
    000013DD 01                    5159 	.db #0x01	; 1
    000013DE 00                    5160 	.db #0x00	; 0
    000013DF 01                    5161 	.db #0x01	; 1
    000013E0 00                    5162 	.db #0x00	; 0
    000013E1 01                    5163 	.db #0x01	; 1
    000013E2 00                    5164 	.db #0x00	; 0
    000013E3 01                    5165 	.db #0x01	; 1
    000013E4 00                    5166 	.db #0x00	; 0
    000013E5 01                    5167 	.db #0x01	; 1
    000013E6 00                    5168 	.db #0x00	; 0
    000013E7 01                    5169 	.db #0x01	; 1
    000013E8 00                    5170 	.db #0x00	; 0
    000013E9 01                    5171 	.db #0x01	; 1
    000013EA 14                    5172 	.db #0x14	; 20
    000013EB 21                    5173 	.db #0x21	; 33
    000013EC 22                    5174 	.db #0x22	; 34
    000013ED 33                    5175 	.db #0x33	; 51	'3'
    000013EE 02                    5176 	.db #0x02	; 2
    000013EF 03                    5177 	.db #0x03	; 3
    000013F0 02                    5178 	.db #0x02	; 2
    000013F1 03                    5179 	.db #0x03	; 3
    000013F2 02                    5180 	.db #0x02	; 2
    000013F3 03                    5181 	.db #0x03	; 3
    000013F4 02                    5182 	.db #0x02	; 2
    000013F5 03                    5183 	.db #0x03	; 3
    000013F6 02                    5184 	.db #0x02	; 2
    000013F7 03                    5185 	.db #0x03	; 3
    000013F8 02                    5186 	.db #0x02	; 2
    000013F9 03                    5187 	.db #0x03	; 3
    000013FA 02                    5188 	.db #0x02	; 2
    000013FB 03                    5189 	.db #0x03	; 3
    000013FC 02                    5190 	.db #0x02	; 2
    000013FD 03                    5191 	.db #0x03	; 3
    000013FE 20                    5192 	.db #0x20	; 32
    000013FF 31                    5193 	.db #0x31	; 49	'1'
    00001400 32                    5194 	.db #0x32	; 50	'2'
    00001401 13                    5195 	.db #0x13	; 19
    00001402 00                    5196 	.db #0x00	; 0
    00001403 01                    5197 	.db #0x01	; 1
    00001404 00                    5198 	.db #0x00	; 0
    00001405 01                    5199 	.db #0x01	; 1
    00001406 00                    5200 	.db #0x00	; 0
    00001407 01                    5201 	.db #0x01	; 1
    00001408 00                    5202 	.db #0x00	; 0
    00001409 01                    5203 	.db #0x01	; 1
    0000140A 00                    5204 	.db #0x00	; 0
    0000140B 01                    5205 	.db #0x01	; 1
    0000140C 00                    5206 	.db #0x00	; 0
    0000140D 01                    5207 	.db #0x01	; 1
    0000140E 00                    5208 	.db #0x00	; 0
    0000140F 01                    5209 	.db #0x01	; 1
    00001410 00                    5210 	.db #0x00	; 0
    00001411 01                    5211 	.db #0x01	; 1
    00001412 30                    5212 	.db #0x30	; 48	'0'
    00001413 21                    5213 	.db #0x21	; 33
    00001414 22                    5214 	.db #0x22	; 34
    00001415 23                    5215 	.db #0x23	; 35
    00001416 02                    5216 	.db #0x02	; 2
    00001417 03                    5217 	.db #0x03	; 3
    00001418 02                    5218 	.db #0x02	; 2
    00001419 03                    5219 	.db #0x03	; 3
    0000141A 02                    5220 	.db #0x02	; 2
    0000141B 03                    5221 	.db #0x03	; 3
    0000141C 02                    5222 	.db #0x02	; 2
    0000141D 03                    5223 	.db #0x03	; 3
    0000141E 02                    5224 	.db #0x02	; 2
    0000141F 03                    5225 	.db #0x03	; 3
    00001420 02                    5226 	.db #0x02	; 2
    00001421 03                    5227 	.db #0x03	; 3
    00001422 02                    5228 	.db #0x02	; 2
    00001423 03                    5229 	.db #0x03	; 3
    00001424 02                    5230 	.db #0x02	; 2
    00001425 03                    5231 	.db #0x03	; 3
    00001426 14                    5232 	.db #0x14	; 20
    00001427 31                    5233 	.db #0x31	; 49	'1'
    00001428 0E                    5234 	.db #0x0e	; 14
    00001429 33                    5235 	.db #0x33	; 51	'3'
    0000142A 00                    5236 	.db #0x00	; 0
    0000142B 01                    5237 	.db #0x01	; 1
    0000142C 00                    5238 	.db #0x00	; 0
    0000142D 01                    5239 	.db #0x01	; 1
    0000142E 00                    5240 	.db #0x00	; 0
    0000142F 01                    5241 	.db #0x01	; 1
    00001430 00                    5242 	.db #0x00	; 0
    00001431 01                    5243 	.db #0x01	; 1
    00001432 00                    5244 	.db #0x00	; 0
    00001433 01                    5245 	.db #0x01	; 1
    00001434 00                    5246 	.db #0x00	; 0
    00001435 01                    5247 	.db #0x01	; 1
    00001436 00                    5248 	.db #0x00	; 0
    00001437 01                    5249 	.db #0x01	; 1
    00001438 00                    5250 	.db #0x00	; 0
    00001439 01                    5251 	.db #0x01	; 1
    0000143A 30                    5252 	.db #0x30	; 48	'0'
    0000143B 25                    5253 	.db #0x25	; 37
    0000143C 1C                    5254 	.db #0x1c	; 28
    0000143D 1F                    5255 	.db #0x1f	; 31
    0000143E 02                    5256 	.db #0x02	; 2
    0000143F 03                    5257 	.db #0x03	; 3
    00001440 02                    5258 	.db #0x02	; 2
    00001441 03                    5259 	.db #0x03	; 3
    00001442 02                    5260 	.db #0x02	; 2
    00001443 03                    5261 	.db #0x03	; 3
    00001444 02                    5262 	.db #0x02	; 2
    00001445 03                    5263 	.db #0x03	; 3
    00001446 02                    5264 	.db #0x02	; 2
    00001447 03                    5265 	.db #0x03	; 3
    00001448 02                    5266 	.db #0x02	; 2
    00001449 03                    5267 	.db #0x03	; 3
    0000144A 02                    5268 	.db #0x02	; 2
    0000144B 03                    5269 	.db #0x03	; 3
    0000144C 02                    5270 	.db #0x02	; 2
    0000144D 03                    5271 	.db #0x03	; 3
    0000144E 2E                    5272 	.db #0x2e	; 46
    0000144F 1D                    5273 	.db #0x1d	; 29
    00001450 00                    5274 	.db #0x00	; 0
    00001451 01                    5275 	.db #0x01	; 1
    00001452 00                    5276 	.db #0x00	; 0
    00001453 01                    5277 	.db #0x01	; 1
    00001454 00                    5278 	.db #0x00	; 0
    00001455 01                    5279 	.db #0x01	; 1
    00001456 00                    5280 	.db #0x00	; 0
    00001457 01                    5281 	.db #0x01	; 1
    00001458 00                    5282 	.db #0x00	; 0
    00001459 01                    5283 	.db #0x01	; 1
    0000145A 00                    5284 	.db #0x00	; 0
    0000145B 01                    5285 	.db #0x01	; 1
    0000145C 00                    5286 	.db #0x00	; 0
    0000145D 01                    5287 	.db #0x01	; 1
    0000145E 00                    5288 	.db #0x00	; 0
    0000145F 01                    5289 	.db #0x01	; 1
    00001460 00                    5290 	.db #0x00	; 0
    00001461 01                    5291 	.db #0x01	; 1
    00001462 00                    5292 	.db #0x00	; 0
    00001463 01                    5293 	.db #0x01	; 1
    00001464 02                    5294 	.db #0x02	; 2
    00001465 03                    5295 	.db #0x03	; 3
    00001466 02                    5296 	.db #0x02	; 2
    00001467 03                    5297 	.db #0x03	; 3
    00001468 02                    5298 	.db #0x02	; 2
    00001469 03                    5299 	.db #0x03	; 3
    0000146A 02                    5300 	.db #0x02	; 2
    0000146B 03                    5301 	.db #0x03	; 3
    0000146C 02                    5302 	.db #0x02	; 2
    0000146D 03                    5303 	.db #0x03	; 3
    0000146E 02                    5304 	.db #0x02	; 2
    0000146F 03                    5305 	.db #0x03	; 3
    00001470 02                    5306 	.db #0x02	; 2
    00001471 03                    5307 	.db #0x03	; 3
    00001472 02                    5308 	.db #0x02	; 2
    00001473 03                    5309 	.db #0x03	; 3
    00001474 02                    5310 	.db #0x02	; 2
    00001475 03                    5311 	.db #0x03	; 3
    00001476 02                    5312 	.db #0x02	; 2
    00001477 03                    5313 	.db #0x03	; 3
    00001478 06                    5314 	.db #0x06	; 6
    00001479 2D                    5315 	.db #0x2d	; 45
    0000147A 00                    5316 	.db #0x00	; 0
    0000147B 01                    5317 	.db #0x01	; 1
    0000147C 00                    5318 	.db #0x00	; 0
    0000147D 01                    5319 	.db #0x01	; 1
    0000147E 00                    5320 	.db #0x00	; 0
    0000147F 01                    5321 	.db #0x01	; 1
    00001480 00                    5322 	.db #0x00	; 0
    00001481 01                    5323 	.db #0x01	; 1
    00001482 00                    5324 	.db #0x00	; 0
    00001483 01                    5325 	.db #0x01	; 1
    00001484 00                    5326 	.db #0x00	; 0
    00001485 01                    5327 	.db #0x01	; 1
    00001486 00                    5328 	.db #0x00	; 0
    00001487 01                    5329 	.db #0x01	; 1
    00001488 00                    5330 	.db #0x00	; 0
    00001489 01                    5331 	.db #0x01	; 1
    0000148A 04                    5332 	.db #0x04	; 4
    0000148B 07                    5333 	.db #0x07	; 7
    0000148C 12                    5334 	.db #0x12	; 18
    0000148D 13                    5335 	.db #0x13	; 19
    0000148E 02                    5336 	.db #0x02	; 2
    0000148F 03                    5337 	.db #0x03	; 3
    00001490 02                    5338 	.db #0x02	; 2
    00001491 03                    5339 	.db #0x03	; 3
    00001492 02                    5340 	.db #0x02	; 2
    00001493 03                    5341 	.db #0x03	; 3
    00001494 02                    5342 	.db #0x02	; 2
    00001495 03                    5343 	.db #0x03	; 3
    00001496 02                    5344 	.db #0x02	; 2
    00001497 03                    5345 	.db #0x03	; 3
    00001498 02                    5346 	.db #0x02	; 2
    00001499 03                    5347 	.db #0x03	; 3
    0000149A 02                    5348 	.db #0x02	; 2
    0000149B 03                    5349 	.db #0x03	; 3
    0000149C 02                    5350 	.db #0x02	; 2
    0000149D 03                    5351 	.db #0x03	; 3
    0000149E 24                    5352 	.db #0x24	; 36
    0000149F 15                    5353 	.db #0x15	; 21
    000014A0 32                    5354 	.db #0x32	; 50	'2'
    000014A1 13                    5355 	.db #0x13	; 19
    000014A2 00                    5356 	.db #0x00	; 0
    000014A3 01                    5357 	.db #0x01	; 1
    000014A4 00                    5358 	.db #0x00	; 0
    000014A5 01                    5359 	.db #0x01	; 1
    000014A6 00                    5360 	.db #0x00	; 0
    000014A7 01                    5361 	.db #0x01	; 1
    000014A8 00                    5362 	.db #0x00	; 0
    000014A9 01                    5363 	.db #0x01	; 1
    000014AA 00                    5364 	.db #0x00	; 0
    000014AB 01                    5365 	.db #0x01	; 1
    000014AC 00                    5366 	.db #0x00	; 0
    000014AD 01                    5367 	.db #0x01	; 1
    000014AE 00                    5368 	.db #0x00	; 0
    000014AF 01                    5369 	.db #0x01	; 1
    000014B0 00                    5370 	.db #0x00	; 0
    000014B1 01                    5371 	.db #0x01	; 1
    000014B2 20                    5372 	.db #0x20	; 32
    000014B3 21                    5373 	.db #0x21	; 33
    000014B4 22                    5374 	.db #0x22	; 34
    000014B5 33                    5375 	.db #0x33	; 51	'3'
    000014B6 02                    5376 	.db #0x02	; 2
    000014B7 03                    5377 	.db #0x03	; 3
    000014B8 02                    5378 	.db #0x02	; 2
    000014B9 03                    5379 	.db #0x03	; 3
    000014BA 02                    5380 	.db #0x02	; 2
    000014BB 03                    5381 	.db #0x03	; 3
    000014BC 02                    5382 	.db #0x02	; 2
    000014BD 03                    5383 	.db #0x03	; 3
    000014BE 02                    5384 	.db #0x02	; 2
    000014BF 03                    5385 	.db #0x03	; 3
    000014C0 02                    5386 	.db #0x02	; 2
    000014C1 03                    5387 	.db #0x03	; 3
    000014C2 02                    5388 	.db #0x02	; 2
    000014C3 03                    5389 	.db #0x03	; 3
    000014C4 02                    5390 	.db #0x02	; 2
    000014C5 03                    5391 	.db #0x03	; 3
    000014C6 30                    5392 	.db #0x30	; 48	'0'
    000014C7 31                    5393 	.db #0x31	; 49	'1'
    000014C8 32                    5394 	.db #0x32	; 50	'2'
    000014C9 13                    5395 	.db #0x13	; 19
    000014CA 00                    5396 	.db #0x00	; 0
    000014CB 01                    5397 	.db #0x01	; 1
    000014CC 00                    5398 	.db #0x00	; 0
    000014CD 01                    5399 	.db #0x01	; 1
    000014CE 00                    5400 	.db #0x00	; 0
    000014CF 01                    5401 	.db #0x01	; 1
    000014D0 00                    5402 	.db #0x00	; 0
    000014D1 01                    5403 	.db #0x01	; 1
    000014D2 00                    5404 	.db #0x00	; 0
    000014D3 01                    5405 	.db #0x01	; 1
    000014D4 00                    5406 	.db #0x00	; 0
    000014D5 01                    5407 	.db #0x01	; 1
    000014D6 00                    5408 	.db #0x00	; 0
    000014D7 01                    5409 	.db #0x01	; 1
    000014D8 00                    5410 	.db #0x00	; 0
    000014D9 01                    5411 	.db #0x01	; 1
    000014DA 14                    5412 	.db #0x14	; 20
    000014DB 21                    5413 	.db #0x21	; 33
    000014DC 22                    5414 	.db #0x22	; 34
    000014DD 23                    5415 	.db #0x23	; 35
    000014DE 02                    5416 	.db #0x02	; 2
    000014DF 03                    5417 	.db #0x03	; 3
    000014E0 02                    5418 	.db #0x02	; 2
    000014E1 03                    5419 	.db #0x03	; 3
    000014E2 02                    5420 	.db #0x02	; 2
    000014E3 03                    5421 	.db #0x03	; 3
    000014E4 02                    5422 	.db #0x02	; 2
    000014E5 03                    5423 	.db #0x03	; 3
    000014E6 02                    5424 	.db #0x02	; 2
    000014E7 03                    5425 	.db #0x03	; 3
    000014E8 02                    5426 	.db #0x02	; 2
    000014E9 03                    5427 	.db #0x03	; 3
    000014EA 02                    5428 	.db #0x02	; 2
    000014EB 03                    5429 	.db #0x03	; 3
    000014EC 02                    5430 	.db #0x02	; 2
    000014ED 03                    5431 	.db #0x03	; 3
    000014EE 20                    5432 	.db #0x20	; 32
    000014EF 31                    5433 	.db #0x31	; 49	'1'
    000014F0 26                    5434 	.db #0x26	; 38
    000014F1 27                    5435 	.db #0x27	; 39
    000014F2 06                    5436 	.db #0x06	; 6
    000014F3 05                    5437 	.db #0x05	; 5
    000014F4 07                    5438 	.db #0x07	; 7
    000014F5 06                    5439 	.db #0x06	; 6
    000014F6 06                    5440 	.db #0x06	; 6
    000014F7 2D                    5441 	.db #0x2d	; 45
    000014F8 00                    5442 	.db #0x00	; 0
    000014F9 01                    5443 	.db #0x01	; 1
    000014FA 00                    5444 	.db #0x00	; 0
    000014FB 01                    5445 	.db #0x01	; 1
    000014FC 04                    5446 	.db #0x04	; 4
    000014FD 07                    5447 	.db #0x07	; 7
    000014FE 06                    5448 	.db #0x06	; 6
    000014FF 05                    5449 	.db #0x05	; 5
    00001500 07                    5450 	.db #0x07	; 7
    00001501 2C                    5451 	.db #0x2c	; 44
    00001502 08                    5452 	.db #0x08	; 8
    00001503 09                    5453 	.db #0x09	; 9
    00001504 2A                    5454 	.db #0x2a	; 42
    00001505 2B                    5455 	.db #0x2b	; 43
    00001506 16                    5456 	.db #0x16	; 22
    00001507 17                    5457 	.db #0x17	; 23
    00001508 16                    5458 	.db #0x16	; 22
    00001509 17                    5459 	.db #0x17	; 23
    0000150A 12                    5460 	.db #0x12	; 18
    0000150B 13                    5461 	.db #0x13	; 19
    0000150C 02                    5462 	.db #0x02	; 2
    0000150D 03                    5463 	.db #0x03	; 3
    0000150E 02                    5464 	.db #0x02	; 2
    0000150F 03                    5465 	.db #0x03	; 3
    00001510 24                    5466 	.db #0x24	; 36
    00001511 15                    5467 	.db #0x15	; 21
    00001512 16                    5468 	.db #0x16	; 22
    00001513 17                    5469 	.db #0x17	; 23
    00001514 16                    5470 	.db #0x16	; 22
    00001515 17                    5471 	.db #0x17	; 23
    00001516 18                    5472 	.db #0x18	; 24
    00001517 19                    5473 	.db #0x19	; 25
    00001518                       5474 _NoExit:
    00001518 0A                    5475 	.db #0x0a	; 10
    00001519 0B                    5476 	.db #0x0b	; 11
    0000151A 0C                    5477 	.db #0x0c	; 12
    0000151B 0D                    5478 	.db #0x0d	; 13
    0000151C 0C                    5479 	.db #0x0c	; 12
    0000151D 0D                    5480 	.db #0x0d	; 13
    0000151E 0C                    5481 	.db #0x0c	; 12
    0000151F 0D                    5482 	.db #0x0d	; 13
    00001520 0C                    5483 	.db #0x0c	; 12
    00001521 0D                    5484 	.db #0x0d	; 13
    00001522 0C                    5485 	.db #0x0c	; 12
    00001523 0D                    5486 	.db #0x0d	; 13
    00001524 0C                    5487 	.db #0x0c	; 12
    00001525 0D                    5488 	.db #0x0d	; 13
    00001526 0C                    5489 	.db #0x0c	; 12
    00001527 0D                    5490 	.db #0x0d	; 13
    00001528 0C                    5491 	.db #0x0c	; 12
    00001529 0D                    5492 	.db #0x0d	; 13
    0000152A 28                    5493 	.db #0x28	; 40
    0000152B 29                    5494 	.db #0x29	; 41
    0000152C 1A                    5495 	.db #0x1a	; 26
    0000152D 1B                    5496 	.db #0x1b	; 27
    0000152E 1C                    5497 	.db #0x1c	; 28
    0000152F 1D                    5498 	.db #0x1d	; 29
    00001530 1C                    5499 	.db #0x1c	; 28
    00001531 1D                    5500 	.db #0x1d	; 29
    00001532 1C                    5501 	.db #0x1c	; 28
    00001533 1D                    5502 	.db #0x1d	; 29
    00001534 1C                    5503 	.db #0x1c	; 28
    00001535 1D                    5504 	.db #0x1d	; 29
    00001536 1C                    5505 	.db #0x1c	; 28
    00001537 1D                    5506 	.db #0x1d	; 29
    00001538 1C                    5507 	.db #0x1c	; 28
    00001539 1D                    5508 	.db #0x1d	; 29
    0000153A 1C                    5509 	.db #0x1c	; 28
    0000153B 1D                    5510 	.db #0x1d	; 29
    0000153C 1C                    5511 	.db #0x1c	; 28
    0000153D 1D                    5512 	.db #0x1d	; 29
    0000153E 10                    5513 	.db #0x10	; 16
    0000153F 11                    5514 	.db #0x11	; 17
    00001540 32                    5515 	.db #0x32	; 50	'2'
    00001541 13                    5516 	.db #0x13	; 19
    00001542 00                    5517 	.db #0x00	; 0
    00001543 01                    5518 	.db #0x01	; 1
    00001544 00                    5519 	.db #0x00	; 0
    00001545 01                    5520 	.db #0x01	; 1
    00001546 00                    5521 	.db #0x00	; 0
    00001547 01                    5522 	.db #0x01	; 1
    00001548 00                    5523 	.db #0x00	; 0
    00001549 01                    5524 	.db #0x01	; 1
    0000154A 00                    5525 	.db #0x00	; 0
    0000154B 01                    5526 	.db #0x01	; 1
    0000154C 00                    5527 	.db #0x00	; 0
    0000154D 01                    5528 	.db #0x01	; 1
    0000154E 00                    5529 	.db #0x00	; 0
    0000154F 01                    5530 	.db #0x01	; 1
    00001550 00                    5531 	.db #0x00	; 0
    00001551 01                    5532 	.db #0x01	; 1
    00001552 14                    5533 	.db #0x14	; 20
    00001553 21                    5534 	.db #0x21	; 33
    00001554 22                    5535 	.db #0x22	; 34
    00001555 33                    5536 	.db #0x33	; 51	'3'
    00001556 02                    5537 	.db #0x02	; 2
    00001557 03                    5538 	.db #0x03	; 3
    00001558 02                    5539 	.db #0x02	; 2
    00001559 03                    5540 	.db #0x03	; 3
    0000155A 02                    5541 	.db #0x02	; 2
    0000155B 03                    5542 	.db #0x03	; 3
    0000155C 02                    5543 	.db #0x02	; 2
    0000155D 03                    5544 	.db #0x03	; 3
    0000155E 02                    5545 	.db #0x02	; 2
    0000155F 03                    5546 	.db #0x03	; 3
    00001560 02                    5547 	.db #0x02	; 2
    00001561 03                    5548 	.db #0x03	; 3
    00001562 02                    5549 	.db #0x02	; 2
    00001563 03                    5550 	.db #0x03	; 3
    00001564 02                    5551 	.db #0x02	; 2
    00001565 03                    5552 	.db #0x03	; 3
    00001566 20                    5553 	.db #0x20	; 32
    00001567 31                    5554 	.db #0x31	; 49	'1'
    00001568 32                    5555 	.db #0x32	; 50	'2'
    00001569 13                    5556 	.db #0x13	; 19
    0000156A 00                    5557 	.db #0x00	; 0
    0000156B 01                    5558 	.db #0x01	; 1
    0000156C 00                    5559 	.db #0x00	; 0
    0000156D 01                    5560 	.db #0x01	; 1
    0000156E 00                    5561 	.db #0x00	; 0
    0000156F 01                    5562 	.db #0x01	; 1
    00001570 00                    5563 	.db #0x00	; 0
    00001571 01                    5564 	.db #0x01	; 1
    00001572 00                    5565 	.db #0x00	; 0
    00001573 01                    5566 	.db #0x01	; 1
    00001574 00                    5567 	.db #0x00	; 0
    00001575 01                    5568 	.db #0x01	; 1
    00001576 00                    5569 	.db #0x00	; 0
    00001577 01                    5570 	.db #0x01	; 1
    00001578 00                    5571 	.db #0x00	; 0
    00001579 01                    5572 	.db #0x01	; 1
    0000157A 30                    5573 	.db #0x30	; 48	'0'
    0000157B 21                    5574 	.db #0x21	; 33
    0000157C 22                    5575 	.db #0x22	; 34
    0000157D 23                    5576 	.db #0x23	; 35
    0000157E 02                    5577 	.db #0x02	; 2
    0000157F 03                    5578 	.db #0x03	; 3
    00001580 02                    5579 	.db #0x02	; 2
    00001581 03                    5580 	.db #0x03	; 3
    00001582 02                    5581 	.db #0x02	; 2
    00001583 03                    5582 	.db #0x03	; 3
    00001584 02                    5583 	.db #0x02	; 2
    00001585 03                    5584 	.db #0x03	; 3
    00001586 02                    5585 	.db #0x02	; 2
    00001587 03                    5586 	.db #0x03	; 3
    00001588 02                    5587 	.db #0x02	; 2
    00001589 03                    5588 	.db #0x03	; 3
    0000158A 02                    5589 	.db #0x02	; 2
    0000158B 03                    5590 	.db #0x03	; 3
    0000158C 02                    5591 	.db #0x02	; 2
    0000158D 03                    5592 	.db #0x03	; 3
    0000158E 14                    5593 	.db #0x14	; 20
    0000158F 31                    5594 	.db #0x31	; 49	'1'
    00001590 32                    5595 	.db #0x32	; 50	'2'
    00001591 13                    5596 	.db #0x13	; 19
    00001592 00                    5597 	.db #0x00	; 0
    00001593 01                    5598 	.db #0x01	; 1
    00001594 00                    5599 	.db #0x00	; 0
    00001595 01                    5600 	.db #0x01	; 1
    00001596 00                    5601 	.db #0x00	; 0
    00001597 01                    5602 	.db #0x01	; 1
    00001598 00                    5603 	.db #0x00	; 0
    00001599 01                    5604 	.db #0x01	; 1
    0000159A 00                    5605 	.db #0x00	; 0
    0000159B 01                    5606 	.db #0x01	; 1
    0000159C 00                    5607 	.db #0x00	; 0
    0000159D 01                    5608 	.db #0x01	; 1
    0000159E 00                    5609 	.db #0x00	; 0
    0000159F 01                    5610 	.db #0x01	; 1
    000015A0 00                    5611 	.db #0x00	; 0
    000015A1 01                    5612 	.db #0x01	; 1
    000015A2 20                    5613 	.db #0x20	; 32
    000015A3 21                    5614 	.db #0x21	; 33
    000015A4 22                    5615 	.db #0x22	; 34
    000015A5 33                    5616 	.db #0x33	; 51	'3'
    000015A6 02                    5617 	.db #0x02	; 2
    000015A7 03                    5618 	.db #0x03	; 3
    000015A8 02                    5619 	.db #0x02	; 2
    000015A9 03                    5620 	.db #0x03	; 3
    000015AA 02                    5621 	.db #0x02	; 2
    000015AB 03                    5622 	.db #0x03	; 3
    000015AC 02                    5623 	.db #0x02	; 2
    000015AD 03                    5624 	.db #0x03	; 3
    000015AE 02                    5625 	.db #0x02	; 2
    000015AF 03                    5626 	.db #0x03	; 3
    000015B0 02                    5627 	.db #0x02	; 2
    000015B1 03                    5628 	.db #0x03	; 3
    000015B2 02                    5629 	.db #0x02	; 2
    000015B3 03                    5630 	.db #0x03	; 3
    000015B4 02                    5631 	.db #0x02	; 2
    000015B5 03                    5632 	.db #0x03	; 3
    000015B6 30                    5633 	.db #0x30	; 48	'0'
    000015B7 31                    5634 	.db #0x31	; 49	'1'
    000015B8 32                    5635 	.db #0x32	; 50	'2'
    000015B9 13                    5636 	.db #0x13	; 19
    000015BA 00                    5637 	.db #0x00	; 0
    000015BB 01                    5638 	.db #0x01	; 1
    000015BC 00                    5639 	.db #0x00	; 0
    000015BD 01                    5640 	.db #0x01	; 1
    000015BE 00                    5641 	.db #0x00	; 0
    000015BF 01                    5642 	.db #0x01	; 1
    000015C0 00                    5643 	.db #0x00	; 0
    000015C1 01                    5644 	.db #0x01	; 1
    000015C2 00                    5645 	.db #0x00	; 0
    000015C3 01                    5646 	.db #0x01	; 1
    000015C4 00                    5647 	.db #0x00	; 0
    000015C5 01                    5648 	.db #0x01	; 1
    000015C6 00                    5649 	.db #0x00	; 0
    000015C7 01                    5650 	.db #0x01	; 1
    000015C8 00                    5651 	.db #0x00	; 0
    000015C9 01                    5652 	.db #0x01	; 1
    000015CA 20                    5653 	.db #0x20	; 32
    000015CB 21                    5654 	.db #0x21	; 33
    000015CC 22                    5655 	.db #0x22	; 34
    000015CD 33                    5656 	.db #0x33	; 51	'3'
    000015CE 02                    5657 	.db #0x02	; 2
    000015CF 03                    5658 	.db #0x03	; 3
    000015D0 02                    5659 	.db #0x02	; 2
    000015D1 03                    5660 	.db #0x03	; 3
    000015D2 02                    5661 	.db #0x02	; 2
    000015D3 03                    5662 	.db #0x03	; 3
    000015D4 02                    5663 	.db #0x02	; 2
    000015D5 03                    5664 	.db #0x03	; 3
    000015D6 02                    5665 	.db #0x02	; 2
    000015D7 03                    5666 	.db #0x03	; 3
    000015D8 02                    5667 	.db #0x02	; 2
    000015D9 03                    5668 	.db #0x03	; 3
    000015DA 02                    5669 	.db #0x02	; 2
    000015DB 03                    5670 	.db #0x03	; 3
    000015DC 02                    5671 	.db #0x02	; 2
    000015DD 03                    5672 	.db #0x03	; 3
    000015DE 30                    5673 	.db #0x30	; 48	'0'
    000015DF 31                    5674 	.db #0x31	; 49	'1'
    000015E0 32                    5675 	.db #0x32	; 50	'2'
    000015E1 13                    5676 	.db #0x13	; 19
    000015E2 00                    5677 	.db #0x00	; 0
    000015E3 01                    5678 	.db #0x01	; 1
    000015E4 00                    5679 	.db #0x00	; 0
    000015E5 01                    5680 	.db #0x01	; 1
    000015E6 00                    5681 	.db #0x00	; 0
    000015E7 01                    5682 	.db #0x01	; 1
    000015E8 00                    5683 	.db #0x00	; 0
    000015E9 01                    5684 	.db #0x01	; 1
    000015EA 00                    5685 	.db #0x00	; 0
    000015EB 01                    5686 	.db #0x01	; 1
    000015EC 00                    5687 	.db #0x00	; 0
    000015ED 01                    5688 	.db #0x01	; 1
    000015EE 00                    5689 	.db #0x00	; 0
    000015EF 01                    5690 	.db #0x01	; 1
    000015F0 00                    5691 	.db #0x00	; 0
    000015F1 01                    5692 	.db #0x01	; 1
    000015F2 20                    5693 	.db #0x20	; 32
    000015F3 21                    5694 	.db #0x21	; 33
    000015F4 22                    5695 	.db #0x22	; 34
    000015F5 33                    5696 	.db #0x33	; 51	'3'
    000015F6 02                    5697 	.db #0x02	; 2
    000015F7 03                    5698 	.db #0x03	; 3
    000015F8 02                    5699 	.db #0x02	; 2
    000015F9 03                    5700 	.db #0x03	; 3
    000015FA 02                    5701 	.db #0x02	; 2
    000015FB 03                    5702 	.db #0x03	; 3
    000015FC 02                    5703 	.db #0x02	; 2
    000015FD 03                    5704 	.db #0x03	; 3
    000015FE 02                    5705 	.db #0x02	; 2
    000015FF 03                    5706 	.db #0x03	; 3
    00001600 02                    5707 	.db #0x02	; 2
    00001601 03                    5708 	.db #0x03	; 3
    00001602 02                    5709 	.db #0x02	; 2
    00001603 03                    5710 	.db #0x03	; 3
    00001604 02                    5711 	.db #0x02	; 2
    00001605 03                    5712 	.db #0x03	; 3
    00001606 30                    5713 	.db #0x30	; 48	'0'
    00001607 31                    5714 	.db #0x31	; 49	'1'
    00001608 32                    5715 	.db #0x32	; 50	'2'
    00001609 13                    5716 	.db #0x13	; 19
    0000160A 00                    5717 	.db #0x00	; 0
    0000160B 01                    5718 	.db #0x01	; 1
    0000160C 00                    5719 	.db #0x00	; 0
    0000160D 01                    5720 	.db #0x01	; 1
    0000160E 00                    5721 	.db #0x00	; 0
    0000160F 01                    5722 	.db #0x01	; 1
    00001610 00                    5723 	.db #0x00	; 0
    00001611 01                    5724 	.db #0x01	; 1
    00001612 00                    5725 	.db #0x00	; 0
    00001613 01                    5726 	.db #0x01	; 1
    00001614 00                    5727 	.db #0x00	; 0
    00001615 01                    5728 	.db #0x01	; 1
    00001616 00                    5729 	.db #0x00	; 0
    00001617 01                    5730 	.db #0x01	; 1
    00001618 00                    5731 	.db #0x00	; 0
    00001619 01                    5732 	.db #0x01	; 1
    0000161A 20                    5733 	.db #0x20	; 32
    0000161B 21                    5734 	.db #0x21	; 33
    0000161C 22                    5735 	.db #0x22	; 34
    0000161D 33                    5736 	.db #0x33	; 51	'3'
    0000161E 02                    5737 	.db #0x02	; 2
    0000161F 03                    5738 	.db #0x03	; 3
    00001620 02                    5739 	.db #0x02	; 2
    00001621 03                    5740 	.db #0x03	; 3
    00001622 02                    5741 	.db #0x02	; 2
    00001623 03                    5742 	.db #0x03	; 3
    00001624 02                    5743 	.db #0x02	; 2
    00001625 03                    5744 	.db #0x03	; 3
    00001626 02                    5745 	.db #0x02	; 2
    00001627 03                    5746 	.db #0x03	; 3
    00001628 02                    5747 	.db #0x02	; 2
    00001629 03                    5748 	.db #0x03	; 3
    0000162A 02                    5749 	.db #0x02	; 2
    0000162B 03                    5750 	.db #0x03	; 3
    0000162C 02                    5751 	.db #0x02	; 2
    0000162D 03                    5752 	.db #0x03	; 3
    0000162E 30                    5753 	.db #0x30	; 48	'0'
    0000162F 31                    5754 	.db #0x31	; 49	'1'
    00001630 32                    5755 	.db #0x32	; 50	'2'
    00001631 13                    5756 	.db #0x13	; 19
    00001632 00                    5757 	.db #0x00	; 0
    00001633 01                    5758 	.db #0x01	; 1
    00001634 00                    5759 	.db #0x00	; 0
    00001635 01                    5760 	.db #0x01	; 1
    00001636 00                    5761 	.db #0x00	; 0
    00001637 01                    5762 	.db #0x01	; 1
    00001638 00                    5763 	.db #0x00	; 0
    00001639 01                    5764 	.db #0x01	; 1
    0000163A 00                    5765 	.db #0x00	; 0
    0000163B 01                    5766 	.db #0x01	; 1
    0000163C 00                    5767 	.db #0x00	; 0
    0000163D 01                    5768 	.db #0x01	; 1
    0000163E 00                    5769 	.db #0x00	; 0
    0000163F 01                    5770 	.db #0x01	; 1
    00001640 00                    5771 	.db #0x00	; 0
    00001641 01                    5772 	.db #0x01	; 1
    00001642 14                    5773 	.db #0x14	; 20
    00001643 21                    5774 	.db #0x21	; 33
    00001644 22                    5775 	.db #0x22	; 34
    00001645 23                    5776 	.db #0x23	; 35
    00001646 02                    5777 	.db #0x02	; 2
    00001647 03                    5778 	.db #0x03	; 3
    00001648 02                    5779 	.db #0x02	; 2
    00001649 03                    5780 	.db #0x03	; 3
    0000164A 02                    5781 	.db #0x02	; 2
    0000164B 03                    5782 	.db #0x03	; 3
    0000164C 02                    5783 	.db #0x02	; 2
    0000164D 03                    5784 	.db #0x03	; 3
    0000164E 02                    5785 	.db #0x02	; 2
    0000164F 03                    5786 	.db #0x03	; 3
    00001650 02                    5787 	.db #0x02	; 2
    00001651 03                    5788 	.db #0x03	; 3
    00001652 02                    5789 	.db #0x02	; 2
    00001653 03                    5790 	.db #0x03	; 3
    00001654 02                    5791 	.db #0x02	; 2
    00001655 03                    5792 	.db #0x03	; 3
    00001656 20                    5793 	.db #0x20	; 32
    00001657 31                    5794 	.db #0x31	; 49	'1'
    00001658 26                    5795 	.db #0x26	; 38
    00001659 27                    5796 	.db #0x27	; 39
    0000165A 06                    5797 	.db #0x06	; 6
    0000165B 05                    5798 	.db #0x05	; 5
    0000165C 07                    5799 	.db #0x07	; 7
    0000165D 06                    5800 	.db #0x06	; 6
    0000165E 06                    5801 	.db #0x06	; 6
    0000165F 05                    5802 	.db #0x05	; 5
    00001660 06                    5803 	.db #0x06	; 6
    00001661 05                    5804 	.db #0x05	; 5
    00001662 06                    5805 	.db #0x06	; 6
    00001663 05                    5806 	.db #0x05	; 5
    00001664 06                    5807 	.db #0x06	; 6
    00001665 05                    5808 	.db #0x05	; 5
    00001666 06                    5809 	.db #0x06	; 6
    00001667 05                    5810 	.db #0x05	; 5
    00001668 07                    5811 	.db #0x07	; 7
    00001669 2C                    5812 	.db #0x2c	; 44
    0000166A 08                    5813 	.db #0x08	; 8
    0000166B 09                    5814 	.db #0x09	; 9
    0000166C 2A                    5815 	.db #0x2a	; 42
    0000166D 2B                    5816 	.db #0x2b	; 43
    0000166E 16                    5817 	.db #0x16	; 22
    0000166F 17                    5818 	.db #0x17	; 23
    00001670 16                    5819 	.db #0x16	; 22
    00001671 17                    5820 	.db #0x17	; 23
    00001672 16                    5821 	.db #0x16	; 22
    00001673 17                    5822 	.db #0x17	; 23
    00001674 16                    5823 	.db #0x16	; 22
    00001675 17                    5824 	.db #0x17	; 23
    00001676 16                    5825 	.db #0x16	; 22
    00001677 17                    5826 	.db #0x17	; 23
    00001678 16                    5827 	.db #0x16	; 22
    00001679 17                    5828 	.db #0x17	; 23
    0000167A 16                    5829 	.db #0x16	; 22
    0000167B 17                    5830 	.db #0x17	; 23
    0000167C 16                    5831 	.db #0x16	; 22
    0000167D 17                    5832 	.db #0x17	; 23
    0000167E 18                    5833 	.db #0x18	; 24
    0000167F 19                    5834 	.db #0x19	; 25
                                   5835 	.area _INITIALIZER
                                   5836 	.area _CABS (ABS)
