                                      1 ;--------------------------------------------------------
                                      2 ; File Created by SDCC : free open source ISO C Compiler
                                      3 ; Version 4.5.1 #15267 (MINGW64)
                                      4 ;--------------------------------------------------------
                                      5 	.module main
                                      6 	
                                      7 ;--------------------------------------------------------
                                      8 ; Public variables in this module
                                      9 ;--------------------------------------------------------
                                     10 	.globl _heal_player
                                     11 	.globl _main
                                     12 	.globl b_play_explosion_animation
                                     13 	.globl _play_explosion_animation
                                     14 	.globl b_play_heal_animation
                                     15 	.globl _play_heal_animation
                                     16 	.globl b_play_walk_animation
                                     17 	.globl _play_walk_animation
                                     18 	.globl b_play_attack_animation
                                     19 	.globl _play_attack_animation
                                     20 	.globl _save_game
                                     21 	.globl _load_game
                                     22 	.globl b_play_ending
                                     23 	.globl _play_ending
                                     24 	.globl b_set_room_tiles
                                     25 	.globl _set_room_tiles
                                     26 	.globl b_enemy_death_sfx
                                     27 	.globl _enemy_death_sfx
                                     28 	.globl b_death_sfx
                                     29 	.globl _death_sfx
                                     30 	.globl b_start_sfx
                                     31 	.globl _start_sfx
                                     32 	.globl b_unlock_sfx
                                     33 	.globl _unlock_sfx
                                     34 	.globl b_stairs_sfx
                                     35 	.globl _stairs_sfx
                                     36 	.globl b_heal_sfx
                                     37 	.globl _heal_sfx
                                     38 	.globl b_hit_sfx
                                     39 	.globl _hit_sfx
                                     40 	.globl b_arrow_sfx
                                     41 	.globl _arrow_sfx
                                     42 	.globl b_init_sound
                                     43 	.globl _init_sound
                                     44 	.globl b_hide_door
                                     45 	.globl _hide_door
                                     46 	.globl b_draw_flip_lock_h
                                     47 	.globl _draw_flip_lock_h
                                     48 	.globl b_draw_lock_h
                                     49 	.globl _draw_lock_h
                                     50 	.globl b_draw_flip_lock_v
                                     51 	.globl _draw_flip_lock_v
                                     52 	.globl b_draw_lock_v
                                     53 	.globl _draw_lock_v
                                     54 	.globl _check_drops
                                     55 	.globl _clear_drops
                                     56 	.globl b_start_intro
                                     57 	.globl _start_intro
                                     58 	.globl b_insert_name
                                     59 	.globl _insert_name
                                     60 	.globl b_set_character_sprite
                                     61 	.globl _set_character_sprite
                                     62 	.globl b_check_enemy
                                     63 	.globl _check_enemy
                                     64 	.globl b_show_number
                                     65 	.globl _show_number
                                     66 	.globl b_boss_death
                                     67 	.globl _boss_death
                                     68 	.globl b_move_boss
                                     69 	.globl _move_boss
                                     70 	.globl b_spawn_boss
                                     71 	.globl _spawn_boss
                                     72 	.globl b_set_enemy_sprite
                                     73 	.globl _set_enemy_sprite
                                     74 	.globl b_spawn_enemies_in_room
                                     75 	.globl _spawn_enemies_in_room
                                     76 	.globl b_check_time
                                     77 	.globl _check_time
                                     78 	.globl b_set_mini_menu
                                     79 	.globl _set_mini_menu
                                     80 	.globl b_set_stats
                                     81 	.globl _set_stats
                                     82 	.globl b_check_menu_options
                                     83 	.globl _check_menu_options
                                     84 	.globl b_show_time
                                     85 	.globl _show_time
                                     86 	.globl b_check_map_options
                                     87 	.globl _check_map_options
                                     88 	.globl b_game_over
                                     89 	.globl _game_over
                                     90 	.globl _enemy_death
                                     91 	.globl _move_enemy
                                     92 	.globl b_set_titlescreen
                                     93 	.globl _set_titlescreen
                                     94 	.globl b_empty_map_tiles
                                     95 	.globl _empty_map_tiles
                                     96 	.globl b_set_map_menu
                                     97 	.globl _set_map_menu
                                     98 	.globl b_generate_dungeon
                                     99 	.globl _generate_dungeon
                                    100 	.globl _hUGE_dosound
                                    101 	.globl _hUGE_init
                                    102 	.globl _set_sprite_data
                                    103 	.globl _set_win_tiles
                                    104 	.globl _set_bkg_tiles
                                    105 	.globl _set_bkg_data
                                    106 	.globl _display_off
                                    107 	.globl _wait_vbl_done
                                    108 	.globl _reset
                                    109 	.globl _joypad
                                    110 	.globl _delay
                                    111 	.globl _add_VBL
                                    112 	.globl _walk_step
                                    113 	.globl _ng
                                    114 	.globl _current_song_bank
                                    115 	.globl _returning_to_camp
                                    116 	.globl _boss_floor_defeated
                                    117 	.globl _boss_battle
                                    118 	.globl _lock_opened
                                    119 	.globl _treasure_obtained
                                    120 	.globl _key_obtained
                                    121 	.globl _map_option
                                    122 	.globl _safy_option
                                    123 	.globl _hector_option
                                    124 	.globl _current_floor
                                    125 	.globl _current_location
                                    126 	.globl _menu_opened
                                    127 	.globl _obt_exp
                                    128 	.globl _obt_mythril
                                    129 	.globl _minerals
                                    130 	.globl _max_num_arrows
                                    131 	.globl _num_arrows
                                    132 	.globl _arrow_damage
                                    133 	.globl _heal_quantity
                                    134 	.globl _heals
                                    135 	.globl _max_heals
                                    136 	.globl _potion_heal_lvl
                                    137 	.globl _potion_quant_lvl
                                    138 	.globl _quiver_lvl
                                    139 	.globl _arrow_lvl
                                    140 	.globl _shield_lvl
                                    141 	.globl _sword_lvl
                                    142 	.globl _experience
                                    143 	.globl _level
                                    144 	.globl _defense
                                    145 	.globl _attack
                                    146 	.globl _current_hp
                                    147 	.globl _max_hp
                                    148 	.globl _player_name
                                    149 	.globl _current_joypad
                                    150 	.globl _last_joypad
                                    151 	.globl _power_ups
                                    152 	.globl _max_floor
                                    153 	.globl _enemies_defeated
                                    154 	.globl _hours
                                    155 	.globl _minutes
                                    156 	.globl _seconds
                                    157 	.globl _frames
                                    158 	.globl _last_direction
                                    159 	.globl _y
                                    160 	.globl _x
                                    161 	.globl _tile_id
                                    162 	.globl _debug
                                    163 	.globl _boss
                                    164 	.globl _enemy
                                    165 	.globl _current_enemies
                                    166 	.globl _seed
                                    167 	.globl _map
                                    168 	.globl _current_room
                                    169 	.globl _player_coords
                                    170 	.globl _last_y
                                    171 	.globl _last_x
                                    172 	.globl _level_curve
                                    173 	.globl _cure_upgrade_costs
                                    174 	.globl _upgrade_costs
                                    175 	.globl _arrow_tile
                                    176 	.globl _menu_body
                                    177 	.globl _stairs
                                    178 	.globl _chest_opened
                                    179 	.globl _chest_closed
                                    180 	.globl _black
                                    181 	.globl _blank
                                    182 	.globl _move_character
                                    183 	.globl _check_input_movement
                                    184 	.globl _check_input_keys
                                    185 	.globl _check_terrain
                                    186 	.globl _is_sprite_at
                                    187 	.globl _set_camp_map
                                    188 	.globl _hide_camp_sprites
                                    189 	.globl _set_dungeon_map
                                    190 	.globl _set_room
                                    191 	.globl _change_room
                                    192 	.globl _check_open_menu
                                    193 	.globl _go_into_dungeon
                                    194 	.globl _go_next_floor
                                    195 	.globl _set_textbox
                                    196 	.globl _player_attack
                                    197 	.globl _shoot_arrow
                                    198 	.globl _smooth_movement
                                    199 	.globl _music_vbl_interrupt
                                    200 	.globl _return_to_camp
                                    201 	.globl _set_tutorial
                                    202 	.globl _debug_value
                                    203 ;--------------------------------------------------------
                                    204 ; special function registers
                                    205 ;--------------------------------------------------------
                                    206 	.area _HRAM
                                    207 ;--------------------------------------------------------
                                    208 ; ram data
                                    209 ;--------------------------------------------------------
                                    210 	.area _DATA
    00000000                        211 _last_x::
    00000000                        212 	.ds 1
    00000001                        213 _last_y::
    00000001                        214 	.ds 1
    00000002                        215 _player_coords::
    00000002                        216 	.ds 2
    00000004                        217 _current_room::
    00000004                        218 	.ds 360
    0000016C                        219 _map::
    0000016C                        220 	.ds 16
    0000017C                        221 _seed::
    0000017C                        222 	.ds 2
    0000017E                        223 _current_enemies::
    0000017E                        224 	.ds 24
    00000196                        225 _enemy::
    00000196                        226 	.ds 12
    000001A2                        227 _boss::
    000001A2                        228 	.ds 10
                                    229 ;--------------------------------------------------------
                                    230 ; ram data
                                    231 ;--------------------------------------------------------
                                    232 	.area _INITIALIZED
    00000000                        233 _debug::
    00000000                        234 	.ds 1
    00000001                        235 _tile_id::
    00000001                        236 	.ds 2
    00000003                        237 _x::
    00000003                        238 	.ds 1
    00000004                        239 _y::
    00000004                        240 	.ds 1
    00000005                        241 _last_direction::
    00000005                        242 	.ds 1
    00000006                        243 _frames::
    00000006                        244 	.ds 1
    00000007                        245 _seconds::
    00000007                        246 	.ds 1
    00000008                        247 _minutes::
    00000008                        248 	.ds 1
    00000009                        249 _hours::
    00000009                        250 	.ds 1
    0000000A                        251 _enemies_defeated::
    0000000A                        252 	.ds 1
    0000000B                        253 _max_floor::
    0000000B                        254 	.ds 1
    0000000C                        255 _power_ups::
    0000000C                        256 	.ds 1
    0000000D                        257 _last_joypad::
    0000000D                        258 	.ds 1
    0000000E                        259 _current_joypad::
    0000000E                        260 	.ds 1
    0000000F                        261 _player_name::
    0000000F                        262 	.ds 5
    00000014                        263 _max_hp::
    00000014                        264 	.ds 1
    00000015                        265 _current_hp::
    00000015                        266 	.ds 1
    00000016                        267 _attack::
    00000016                        268 	.ds 1
    00000017                        269 _defense::
    00000017                        270 	.ds 1
    00000018                        271 _level::
    00000018                        272 	.ds 1
    00000019                        273 _experience::
    00000019                        274 	.ds 2
    0000001B                        275 _sword_lvl::
    0000001B                        276 	.ds 1
    0000001C                        277 _shield_lvl::
    0000001C                        278 	.ds 1
    0000001D                        279 _arrow_lvl::
    0000001D                        280 	.ds 1
    0000001E                        281 _quiver_lvl::
    0000001E                        282 	.ds 1
    0000001F                        283 _potion_quant_lvl::
    0000001F                        284 	.ds 1
    00000020                        285 _potion_heal_lvl::
    00000020                        286 	.ds 1
    00000021                        287 _max_heals::
    00000021                        288 	.ds 1
    00000022                        289 _heals::
    00000022                        290 	.ds 1
    00000023                        291 _heal_quantity::
    00000023                        292 	.ds 1
    00000024                        293 _arrow_damage::
    00000024                        294 	.ds 1
    00000025                        295 _num_arrows::
    00000025                        296 	.ds 1
    00000026                        297 _max_num_arrows::
    00000026                        298 	.ds 1
    00000027                        299 _minerals::
    00000027                        300 	.ds 1
    00000028                        301 _obt_mythril::
    00000028                        302 	.ds 1
    00000029                        303 _obt_exp::
    00000029                        304 	.ds 1
    0000002A                        305 _menu_opened::
    0000002A                        306 	.ds 1
    0000002B                        307 _current_location::
    0000002B                        308 	.ds 1
    0000002C                        309 _current_floor::
    0000002C                        310 	.ds 1
    0000002D                        311 _hector_option::
    0000002D                        312 	.ds 1
    0000002E                        313 _safy_option::
    0000002E                        314 	.ds 1
    0000002F                        315 _map_option::
    0000002F                        316 	.ds 1
    00000030                        317 _key_obtained::
    00000030                        318 	.ds 1
    00000031                        319 _treasure_obtained::
    00000031                        320 	.ds 1
    00000032                        321 _lock_opened::
    00000032                        322 	.ds 1
    00000033                        323 _boss_battle::
    00000033                        324 	.ds 1
    00000034                        325 _boss_floor_defeated::
    00000034                        326 	.ds 1
    00000035                        327 _returning_to_camp::
    00000035                        328 	.ds 1
    00000036                        329 _current_song_bank::
    00000036                        330 	.ds 1
    00000037                        331 _ng::
    00000037                        332 	.ds 1
    00000038                        333 _walk_step::
    00000038                        334 	.ds 1
                                    335 ;--------------------------------------------------------
                                    336 ; absolute external ram data
                                    337 ;--------------------------------------------------------
                                    338 	.area _DABS (ABS)
                                    339 ;--------------------------------------------------------
                                    340 ; global & static initialisations
                                    341 ;--------------------------------------------------------
                                    342 	.area _HOME
                                    343 	.area _GSINIT
                                    344 	.area _GSFINAL
                                    345 	.area _GSINIT
                                    346 ;--------------------------------------------------------
                                    347 ; Home
                                    348 ;--------------------------------------------------------
                                    349 	.area _HOME
                                    350 	.area _HOME
                                    351 ;--------------------------------------------------------
                                    352 ; code
                                    353 ;--------------------------------------------------------
                                    354 	.area _CODE
                                    355 ;main.c:224: void main(void) {
                                    356 ;	---------------------------------
                                    357 ; Function main
                                    358 ; ---------------------------------
    00000000                        359 _main::
                                    360 ;main.c:225: cls();
    00000000 CDr00r00         [24]  361 	call	_cls
                                    362 ;main.c:226: SWITCH_ROM(2);
    00000003 3E 02            [ 8]  363 	ld	a, #0x02
    00000005 E0r00            [12]  364 	ldh	(__current_bank + 0), a
    00000007 21r00r00         [12]  365 	ld	hl, #_rROMB0
    0000000A 36 02            [12]  366 	ld	(hl), #0x02
                                    367 ;main.c:227: set_bkg_data(0, 241, Titlescreen);
    0000000C 11r00r00         [12]  368 	ld	de, #_Titlescreen
    0000000F D5               [16]  369 	push	de
    00000010 21 00 F1         [12]  370 	ld	hl, #0xf100
    00000013 E5               [16]  371 	push	hl
    00000014 CDr00r00         [24]  372 	call	_set_bkg_data
    00000017 E8 04            [16]  373 	add	sp, #4
                                    374 ;main.c:228: set_bkg_data(241, 8, TitleText);
    00000019 11r00r00         [12]  375 	ld	de, #_TitleText
    0000001C D5               [16]  376 	push	de
    0000001D 21 F1 08         [12]  377 	ld	hl, #0x8f1
    00000020 E5               [16]  378 	push	hl
    00000021 CDr00r00         [24]  379 	call	_set_bkg_data
    00000024 E8 04            [16]  380 	add	sp, #4
                                    381 ;main.c:229: set_bkg_tiles(0, 0, 20, 18, Title);
    00000026 11r00r00         [12]  382 	ld	de, #_Title
    00000029 D5               [16]  383 	push	de
    0000002A 21 14 12         [12]  384 	ld	hl, #0x1214
    0000002D E5               [16]  385 	push	hl
    0000002E AF               [ 4]  386 	xor	a, a
    0000002F 0F               [ 4]  387 	rrca
    00000030 F5               [16]  388 	push	af
    00000031 CDr00r00         [24]  389 	call	_set_bkg_tiles
    00000034 E8 06            [16]  390 	add	sp, #6
                                    391 ;main.c:230: SWITCH_ROM(1);
    00000036 3E 01            [ 8]  392 	ld	a, #0x01
    00000038 E0r00            [12]  393 	ldh	(__current_bank + 0), a
    0000003A 21r00r00         [12]  394 	ld	hl, #_rROMB0
    0000003D 36 01            [12]  395 	ld	(hl), #0x01
                                    396 ;main.c:231: init_sound();
    0000003F 1Er00            [ 8]  397 	ld	e, #b_init_sound
    00000041 21r00r00         [12]  398 	ld	hl, #_init_sound
    00000044 CDr00r00         [24]  399 	call	___sdcc_bcall_ehl
                                    400 ;main.c:235: }
    00000047 F3               [ 4]  401 	di
                                    402 ;main.c:234: add_VBL(music_vbl_interrupt);
    00000048 11r71r1C         [12]  403 	ld	de, #_music_vbl_interrupt
    0000004B CDr00r00         [24]  404 	call	_add_VBL
    0000004E FB               [ 4]  405 	ei
                                    406 ;main.c:237: current_song_bank = 5;
    0000004F 21r36r00         [12]  407 	ld	hl, #_current_song_bank
    00000052 36 05            [12]  408 	ld	(hl), #0x05
                                    409 ;main.c:238: SWITCH_ROM(current_song_bank);
    00000054 3E 05            [ 8]  410 	ld	a, #0x05
    00000056 E0r00            [12]  411 	ldh	(__current_bank + 0), a
    00000058 21r00r00         [12]  412 	ld	hl, #_rROMB0
    0000005B 36 05            [12]  413 	ld	(hl), #0x05
                                    414 ;main.c:239: hUGE_init(&intro_theme);
    0000005D 11r00r00         [12]  415 	ld	de, #_intro_theme
    00000060 CDr00r00         [24]  416 	call	_hUGE_init
                                    417 ;main.c:240: SWITCH_ROM(1);
    00000063 3E 01            [ 8]  418 	ld	a, #0x01
    00000065 E0r00            [12]  419 	ldh	(__current_bank + 0), a
    00000067 21r00r00         [12]  420 	ld	hl, #_rROMB0
    0000006A 36 01            [12]  421 	ld	(hl), #0x01
                                    422 ;main.c:241: DISPLAY_ON;
    0000006C F0r00            [12]  423 	ldh	a, (_LCDC_REG + 0)
    0000006E F6 80            [ 8]  424 	or	a, #0x80
    00000070 E0r00            [12]  425 	ldh	(_LCDC_REG + 0), a
                                    426 ;main.c:242: ng = set_titlescreen();
    00000072 1Er00            [ 8]  427 	ld	e, #b_set_titlescreen
    00000074 21r00r00         [12]  428 	ld	hl, #_set_titlescreen
    00000077 CDr00r00         [24]  429 	call	___sdcc_bcall_ehl
    0000007A EAr37r00         [16]  430 	ld	(#_ng),a
                                    431 ;main.c:243: start_sfx();
    0000007D 1Er00            [ 8]  432 	ld	e, #b_start_sfx
    0000007F 21r00r00         [12]  433 	ld	hl, #_start_sfx
    00000082 CDr00r00         [24]  434 	call	___sdcc_bcall_ehl
                                    435 ;main.c:245: if (ng) {
    00000085 FAr37r00         [16]  436 	ld	a, (#_ng)
    00000088 B7               [ 4]  437 	or	a, a
    00000089 28 08            [12]  438 	jr	Z, 00102$
                                    439 ;main.c:246: start_intro();
    0000008B 1Er00            [ 8]  440 	ld	e, #b_start_intro
    0000008D 21r00r00         [12]  441 	ld	hl, #_start_intro
    00000090 CDr00r00         [24]  442 	call	___sdcc_bcall_ehl
    00000093                        443 00102$:
                                    444 ;main.c:249: set_sprite_data(0, 4, MC_down);
    00000093 11r00r00         [12]  445 	ld	de, #_MC_down
    00000096 D5               [16]  446 	push	de
    00000097 21 00 04         [12]  447 	ld	hl, #0x400
    0000009A E5               [16]  448 	push	hl
    0000009B CDr00r00         [24]  449 	call	_set_sprite_data
    0000009E E8 04            [16]  450 	add	sp, #4
                                    451 ;main.c:250: set_sprite_data(8, 4, MC_right);
    000000A0 11r00r00         [12]  452 	ld	de, #_MC_right
    000000A3 D5               [16]  453 	push	de
    000000A4 21 08 04         [12]  454 	ld	hl, #0x408
    000000A7 E5               [16]  455 	push	hl
    000000A8 CDr00r00         [24]  456 	call	_set_sprite_data
    000000AB E8 04            [16]  457 	add	sp, #4
                                    458 ;main.c:251: set_sprite_data(12, 4, MC_left);
    000000AD 11r00r00         [12]  459 	ld	de, #_MC_left
    000000B0 D5               [16]  460 	push	de
    000000B1 21 0C 04         [12]  461 	ld	hl, #0x40c
    000000B4 E5               [16]  462 	push	hl
    000000B5 CDr00r00         [24]  463 	call	_set_sprite_data
    000000B8 E8 04            [16]  464 	add	sp, #4
                                    465 ;main.c:252: set_sprite_data(16, 4, Hector);
    000000BA 11r00r00         [12]  466 	ld	de, #_Hector
    000000BD D5               [16]  467 	push	de
    000000BE 21 10 04         [12]  468 	ld	hl, #0x410
    000000C1 E5               [16]  469 	push	hl
    000000C2 CDr00r00         [24]  470 	call	_set_sprite_data
    000000C5 E8 04            [16]  471 	add	sp, #4
                                    472 ;main.c:253: set_sprite_data(20, 4, Safy);
    000000C7 11r00r00         [12]  473 	ld	de, #_Safy
    000000CA D5               [16]  474 	push	de
    000000CB 21 14 04         [12]  475 	ld	hl, #0x414
    000000CE E5               [16]  476 	push	hl
    000000CF CDr00r00         [24]  477 	call	_set_sprite_data
    000000D2 E8 04            [16]  478 	add	sp, #4
                                    479 ;main.c:254: set_sprite_data(50, 1, blank);
    000000D4 11r0Fr03         [12]  480 	ld	de, #_blank
    000000D7 D5               [16]  481 	push	de
    000000D8 21 32 01         [12]  482 	ld	hl, #0x132
    000000DB E5               [16]  483 	push	hl
    000000DC CDr00r00         [24]  484 	call	_set_sprite_data
    000000DF E8 04            [16]  485 	add	sp, #4
                                    486 ;main.c:255: set_sprite_data(51, 8, Lock);
    000000E1 11r00r00         [12]  487 	ld	de, #_Lock
    000000E4 D5               [16]  488 	push	de
    000000E5 21 33 08         [12]  489 	ld	hl, #0x833
    000000E8 E5               [16]  490 	push	hl
    000000E9 CDr00r00         [24]  491 	call	_set_sprite_data
    000000EC E8 04            [16]  492 	add	sp, #4
                                    493 ;main.c:256: set_sprite_data(59, 2, Key);
    000000EE 11r00r00         [12]  494 	ld	de, #_Key
    000000F1 D5               [16]  495 	push	de
    000000F2 21 3B 02         [12]  496 	ld	hl, #0x23b
    000000F5 E5               [16]  497 	push	hl
    000000F6 CDr00r00         [24]  498 	call	_set_sprite_data
    000000F9 E8 04            [16]  499 	add	sp, #4
                                    500 ;main.c:257: set_sprite_data(61, 4, Mythril);
    000000FB 11r00r00         [12]  501 	ld	de, #_Mythril
    000000FE D5               [16]  502 	push	de
    000000FF 21 3D 04         [12]  503 	ld	hl, #0x43d
    00000102 E5               [16]  504 	push	hl
    00000103 CDr00r00         [24]  505 	call	_set_sprite_data
    00000106 E8 04            [16]  506 	add	sp, #4
                                    507 ;main.c:258: set_sprite_data(65, 12, Numbers);
    00000108 11r00r00         [12]  508 	ld	de, #_Numbers
    0000010B D5               [16]  509 	push	de
    0000010C 21 41 0C         [12]  510 	ld	hl, #0xc41
    0000010F E5               [16]  511 	push	hl
    00000110 CDr00r00         [24]  512 	call	_set_sprite_data
    00000113 E8 04            [16]  513 	add	sp, #4
                                    514 ;main.c:259: set_sprite_data(80, 2, Arrow);
    00000115 11r00r00         [12]  515 	ld	de, #_Arrow
    00000118 D5               [16]  516 	push	de
    00000119 21 50 02         [12]  517 	ld	hl, #0x250
    0000011C E5               [16]  518 	push	hl
    0000011D CDr00r00         [24]  519 	call	_set_sprite_data
    00000120 E8 04            [16]  520 	add	sp, #4
                                    521 ;main.c:260: set_sprite_data(82, 2, Drops);
    00000122 11r00r00         [12]  522 	ld	de, #_Drops
    00000125 D5               [16]  523 	push	de
    00000126 21 52 02         [12]  524 	ld	hl, #0x252
    00000129 E5               [16]  525 	push	hl
    0000012A CDr00r00         [24]  526 	call	_set_sprite_data
    0000012D E8 04            [16]  527 	add	sp, #4
                                    528 ;main.c:261: SWITCH_ROM(3);
    0000012F 3E 03            [ 8]  529 	ld	a, #0x03
    00000131 E0r00            [12]  530 	ldh	(__current_bank + 0), a
    00000133 21r00r00         [12]  531 	ld	hl, #_rROMB0
    00000136 36 03            [12]  532 	ld	(hl), #0x03
                                    533 ;main.c:262: set_bkg_data(108, 17, Minimap);
    00000138 11r00r00         [12]  534 	ld	de, #_Minimap
    0000013B D5               [16]  535 	push	de
    0000013C 21 6C 11         [12]  536 	ld	hl, #0x116c
    0000013F E5               [16]  537 	push	hl
    00000140 CDr00r00         [24]  538 	call	_set_bkg_data
    00000143 E8 04            [16]  539 	add	sp, #4
                                    540 ;main.c:263: SWITCH_ROM(2);
    00000145 3E 02            [ 8]  541 	ld	a, #0x02
    00000147 E0r00            [12]  542 	ldh	(__current_bank + 0), a
    00000149 21r00r00         [12]  543 	ld	hl, #_rROMB0
    0000014C 36 02            [12]  544 	ld	(hl), #0x02
                                    545 ;main.c:264: set_bkg_data(128, 51, Text);
    0000014E 11r00r00         [12]  546 	ld	de, #_Text
    00000151 D5               [16]  547 	push	de
    00000152 21 80 33         [12]  548 	ld	hl, #0x3380
    00000155 E5               [16]  549 	push	hl
    00000156 CDr00r00         [24]  550 	call	_set_bkg_data
    00000159 E8 04            [16]  551 	add	sp, #4
                                    552 ;main.c:265: SWITCH_ROM(1);
    0000015B 3E 01            [ 8]  553 	ld	a, #0x01
    0000015D E0r00            [12]  554 	ldh	(__current_bank + 0), a
    0000015F 21r00r00         [12]  555 	ld	hl, #_rROMB0
    00000162 36 01            [12]  556 	ld	(hl), #0x01
                                    557 ;main.c:266: set_bkg_data(179, 9, Textbox);
    00000164 11r00r00         [12]  558 	ld	de, #_Textbox
    00000167 D5               [16]  559 	push	de
    00000168 21 B3 09         [12]  560 	ld	hl, #0x9b3
    0000016B E5               [16]  561 	push	hl
    0000016C CDr00r00         [24]  562 	call	_set_bkg_data
    0000016F E8 04            [16]  563 	add	sp, #4
                                    564 ;main.c:267: set_bkg_data(188, 16, Mugshot);
    00000171 11r00r00         [12]  565 	ld	de, #_Mugshot
    00000174 D5               [16]  566 	push	de
    00000175 21 BC 10         [12]  567 	ld	hl, #0x10bc
    00000178 E5               [16]  568 	push	hl
    00000179 CDr00r00         [24]  569 	call	_set_bkg_data
    0000017C E8 04            [16]  570 	add	sp, #4
                                    571 ;main.c:268: SWITCH_ROM(2);
    0000017E 3E 02            [ 8]  572 	ld	a, #0x02
    00000180 E0r00            [12]  573 	ldh	(__current_bank + 0), a
    00000182 21r00r00         [12]  574 	ld	hl, #_rROMB0
    00000185 36 02            [12]  575 	ld	(hl), #0x02
                                    576 ;main.c:269: set_bkg_data(220, 4, MiniGUI);
    00000187 11r00r00         [12]  577 	ld	de, #_MiniGUI
    0000018A D5               [16]  578 	push	de
    0000018B 21 DC 04         [12]  579 	ld	hl, #0x4dc
    0000018E E5               [16]  580 	push	hl
    0000018F CDr00r00         [24]  581 	call	_set_bkg_data
    00000192 E8 04            [16]  582 	add	sp, #4
                                    583 ;main.c:270: SWITCH_ROM(1);
    00000194 3E 01            [ 8]  584 	ld	a, #0x01
    00000196 E0r00            [12]  585 	ldh	(__current_bank + 0), a
    00000198 21r00r00         [12]  586 	ld	hl, #_rROMB0
    0000019B 36 01            [12]  587 	ld	(hl), #0x01
                                    588 ;main.c:271: set_bkg_data(225, 20, Objects);
    0000019D 11r00r00         [12]  589 	ld	de, #_Objects
    000001A0 D5               [16]  590 	push	de
    000001A1 21 E1 14         [12]  591 	ld	hl, #0x14e1
    000001A4 E5               [16]  592 	push	hl
    000001A5 CDr00r00         [24]  593 	call	_set_bkg_data
    000001A8 E8 04            [16]  594 	add	sp, #4
                                    595 ;main.c:272: set_bkg_data(245, 1, arrow);
    000001AA 11r00r00         [12]  596 	ld	de, #_arrow
    000001AD D5               [16]  597 	push	de
    000001AE 21 F5 01         [12]  598 	ld	hl, #0x1f5
    000001B1 E5               [16]  599 	push	hl
    000001B2 CDr00r00         [24]  600 	call	_set_bkg_data
    000001B5 E8 04            [16]  601 	add	sp, #4
                                    602 ;main.c:273: set_bkg_data(246, 1, black);
    000001B7 11r1Fr03         [12]  603 	ld	de, #_black
    000001BA D5               [16]  604 	push	de
    000001BB 21 F6 01         [12]  605 	ld	hl, #0x1f6
    000001BE E5               [16]  606 	push	hl
    000001BF CDr00r00         [24]  607 	call	_set_bkg_data
    000001C2 E8 04            [16]  608 	add	sp, #4
                                    609 ;main.c:275: if (!load_game()) {
    000001C4 CDr00r00         [24]  610 	call	_load_game
    000001C7 B7               [ 4]  611 	or	a, a
    000001C8 20 08            [12]  612 	jr	NZ, 00104$
                                    613 ;main.c:276: insert_name();
    000001CA 1Er00            [ 8]  614 	ld	e, #b_insert_name
    000001CC 21r00r00         [12]  615 	ld	hl, #_insert_name
    000001CF CDr00r00         [24]  616 	call	___sdcc_bcall_ehl
    000001D2                        617 00104$:
                                    618 ;main.c:279: set_sprite_data(4, 4, MC_up);
    000001D2 11r00r00         [12]  619 	ld	de, #_MC_up
    000001D5 D5               [16]  620 	push	de
    000001D6 21 04 04         [12]  621 	ld	hl, #0x404
    000001D9 E5               [16]  622 	push	hl
    000001DA CDr00r00         [24]  623 	call	_set_sprite_data
    000001DD E8 04            [16]  624 	add	sp, #4
                                    625 ;main.c:281: if (current_location == 0){
    000001DF FAr2Br00         [16]  626 	ld	a, (#_current_location)
    000001E2 B7               [ 4]  627 	or	a, a
    000001E3 20 05            [12]  628 	jr	NZ, 00106$
                                    629 ;main.c:282: set_camp_map();
    000001E5 CDr32r0E         [24]  630 	call	_set_camp_map
    000001E8 18 03            [12]  631 	jr	00107$
    000001EA                        632 00106$:
                                    633 ;main.c:286: go_into_dungeon();
    000001EA CDr06r14         [24]  634 	call	_go_into_dungeon
    000001ED                        635 00107$:
                                    636 ;main.c:288: if (ng) { // tutorial
    000001ED FAr37r00         [16]  637 	ld	a, (#_ng)
    000001F0 B7               [ 4]  638 	or	a, a
    000001F1 28 03            [12]  639 	jr	Z, 00109$
                                    640 ;main.c:289: set_tutorial();
    000001F3 CDrE5r1C         [24]  641 	call	_set_tutorial
    000001F6                        642 00109$:
                                    643 ;c:\users\utente\desktop\tirocinio\gbdk-win64\gbdk\include\gb\gb.h:1739: WX_REG=x, WY_REG=y;
    000001F6 3E 07            [ 8]  644 	ld	a, #0x07
    000001F8 E0r00            [12]  645 	ldh	(_WX_REG + 0), a
    000001FA 3E 88            [ 8]  646 	ld	a, #0x88
    000001FC E0r00            [12]  647 	ldh	(_WY_REG + 0), a
                                    648 ;main.c:293: set_mini_menu();
    000001FE 1Er00            [ 8]  649 	ld	e, #b_set_mini_menu
    00000200 21r00r00         [12]  650 	ld	hl, #_set_mini_menu
    00000203 CDr00r00         [24]  651 	call	___sdcc_bcall_ehl
                                    652 ;c:\users\utente\desktop\tirocinio\gbdk-win64\gbdk\include\gb\gb.h:1887: shadow_OAM[nb].tile=tile;
    00000206 21r12r00         [12]  653 	ld	hl, #(_shadow_OAM + 18)
    00000209 36 00            [12]  654 	ld	(hl), #0x00
    0000020B 21r16r00         [12]  655 	ld	hl, #(_shadow_OAM + 22)
    0000020E 36 01            [12]  656 	ld	(hl), #0x01
    00000210 21r1Ar00         [12]  657 	ld	hl, #(_shadow_OAM + 26)
    00000213 36 02            [12]  658 	ld	(hl), #0x02
    00000215 21r1Er00         [12]  659 	ld	hl, #(_shadow_OAM + 30)
    00000218 36 03            [12]  660 	ld	(hl), #0x03
    0000021A 21r8Er00         [12]  661 	ld	hl, #(_shadow_OAM + 142)
    0000021D 36 3D            [12]  662 	ld	(hl), #0x3d
    0000021F 21r92r00         [12]  663 	ld	hl, #(_shadow_OAM + 146)
    00000222 36 3E            [12]  664 	ld	(hl), #0x3e
    00000224 21r96r00         [12]  665 	ld	hl, #(_shadow_OAM + 150)
    00000227 36 3F            [12]  666 	ld	(hl), #0x3f
    00000229 21r9Ar00         [12]  667 	ld	hl, #(_shadow_OAM + 154)
    0000022C 36 40            [12]  668 	ld	(hl), #0x40
                                    669 ;main.c:308: move_character();
    0000022E CDrC3r03         [24]  670 	call	_move_character
                                    671 ;main.c:309: SHOW_SPRITES;
    00000231 F0r00            [12]  672 	ldh	a, (_LCDC_REG + 0)
    00000233 F6 02            [ 8]  673 	or	a, #0x02
    00000235 E0r00            [12]  674 	ldh	(_LCDC_REG + 0), a
                                    675 ;main.c:310: SHOW_BKG;
    00000237 F0r00            [12]  676 	ldh	a, (_LCDC_REG + 0)
    00000239 F6 01            [ 8]  677 	or	a, #0x01
    0000023B E0r00            [12]  678 	ldh	(_LCDC_REG + 0), a
                                    679 ;main.c:311: SHOW_WIN;
    0000023D F0r00            [12]  680 	ldh	a, (_LCDC_REG + 0)
    0000023F F6 20            [ 8]  681 	or	a, #0x20
    00000241 E0r00            [12]  682 	ldh	(_LCDC_REG + 0), a
                                    683 ;main.c:312: delay(100);
    00000243 11 64 00         [12]  684 	ld	de, #0x0064
    00000246 CDr00r00         [24]  685 	call	_delay
                                    686 ;main.c:313: DISPLAY_ON;
    00000249 F0r00            [12]  687 	ldh	a, (_LCDC_REG + 0)
    0000024B F6 80            [ 8]  688 	or	a, #0x80
    0000024D E0r00            [12]  689 	ldh	(_LCDC_REG + 0), a
                                    690 ;main.c:316: while(1) {
    0000024F                        691 00133$:
                                    692 ;main.c:317: check_open_menu();
    0000024F CDrEEr12         [24]  693 	call	_check_open_menu
                                    694 ;main.c:318: if (menu_opened == 0){
    00000252 FAr2Ar00         [16]  695 	ld	a, (#_menu_opened)
    00000255 B7               [ 4]  696 	or	a, a
    00000256 20 14            [12]  697 	jr	NZ, 00128$
                                    698 ;main.c:319: check_input_movement();
    00000258 CDr14r04         [24]  699 	call	_check_input_movement
                                    700 ;main.c:320: check_input_keys();
    0000025B CDrD9r07         [24]  701 	call	_check_input_keys
                                    702 ;main.c:321: set_mini_menu(); //sus
    0000025E 1Er00            [ 8]  703 	ld	e, #b_set_mini_menu
    00000260 21r00r00         [12]  704 	ld	hl, #_set_mini_menu
    00000263 CDr00r00         [24]  705 	call	___sdcc_bcall_ehl
                                    706 ;main.c:322: change_room();
    00000266 CDr5Fr12         [24]  707 	call	_change_room
    00000269 C3rF5r02         [16]  708 	jp	00129$
    0000026C                        709 00128$:
                                    710 ;main.c:324: else if (menu_opened == 2) {
    0000026C FAr2Ar00         [16]  711 	ld	a, (#_menu_opened)
    0000026F D6 02            [ 8]  712 	sub	a, #0x02
    00000271 20 0E            [12]  713 	jr	NZ, 00125$
                                    714 ;main.c:325: check_menu_options(0);
    00000273 AF               [ 4]  715 	xor	a, a
    00000274 F5               [16]  716 	push	af
    00000275 33               [ 8]  717 	inc	sp
    00000276 1Er00            [ 8]  718 	ld	e, #b_check_menu_options
    00000278 21r00r00         [12]  719 	ld	hl, #_check_menu_options
    0000027B CDr00r00         [24]  720 	call	___sdcc_bcall_ehl
    0000027E 33               [ 8]  721 	inc	sp
    0000027F 18 74            [12]  722 	jr	00129$
    00000281                        723 00125$:
                                    724 ;main.c:327: else if (menu_opened == 3) {
    00000281 FAr2Ar00         [16]  725 	ld	a, (#_menu_opened)
    00000284 D6 03            [ 8]  726 	sub	a, #0x03
    00000286 20 0F            [12]  727 	jr	NZ, 00122$
                                    728 ;main.c:328: check_menu_options(1);
    00000288 3E 01            [ 8]  729 	ld	a, #0x01
    0000028A F5               [16]  730 	push	af
    0000028B 33               [ 8]  731 	inc	sp
    0000028C 1Er00            [ 8]  732 	ld	e, #b_check_menu_options
    0000028E 21r00r00         [12]  733 	ld	hl, #_check_menu_options
    00000291 CDr00r00         [24]  734 	call	___sdcc_bcall_ehl
    00000294 33               [ 8]  735 	inc	sp
    00000295 18 5E            [12]  736 	jr	00129$
    00000297                        737 00122$:
                                    738 ;main.c:330: else if (menu_opened == 4) {
    00000297 FAr2Ar00         [16]  739 	ld	a, (#_menu_opened)
    0000029A D6 04            [ 8]  740 	sub	a, #0x04
    0000029C 28 57            [12]  741 	jr	Z, 00129$
                                    742 ;main.c:333: else if (menu_opened == 5) {
    0000029E FAr2Ar00         [16]  743 	ld	a, (#_menu_opened)
    000002A1 D6 05            [ 8]  744 	sub	a, #0x05
    000002A3 20 0A            [12]  745 	jr	NZ, 00116$
                                    746 ;main.c:334: check_map_options();
    000002A5 1Er00            [ 8]  747 	ld	e, #b_check_map_options
    000002A7 21r00r00         [12]  748 	ld	hl, #_check_map_options
    000002AA CDr00r00         [24]  749 	call	___sdcc_bcall_ehl
    000002AD 18 46            [12]  750 	jr	00129$
    000002AF                        751 00116$:
                                    752 ;main.c:336: else if (menu_opened == 6) {
    000002AF FAr2Ar00         [16]  753 	ld	a, (#_menu_opened)
    000002B2 D6 06            [ 8]  754 	sub	a, #0x06
    000002B4 20 3F            [12]  755 	jr	NZ, 00129$
                                    756 ;main.c:337: if (joypad() & J_A || joypad() & J_B) {
    000002B6 CDr00r00         [24]  757 	call	_joypad
    000002B9 CB 67            [ 8]  758 	bit	4, a
    000002BB 20 07            [12]  759 	jr	NZ, 00110$
    000002BD CDr00r00         [24]  760 	call	_joypad
    000002C0 CB 6F            [ 8]  761 	bit	5, a
    000002C2 28 29            [12]  762 	jr	Z, 00111$
    000002C4                        763 00110$:
                                    764 ;main.c:338: DISPLAY_OFF;
    000002C4 CDr00r00         [24]  765 	call	_display_off
                                    766 ;c:\users\utente\desktop\tirocinio\gbdk-win64\gbdk\include\gb\gb.h:1739: WX_REG=x, WY_REG=y;
    000002C7 3E 07            [ 8]  767 	ld	a, #0x07
    000002C9 E0r00            [12]  768 	ldh	(_WX_REG + 0), a
    000002CB 3E 88            [ 8]  769 	ld	a, #0x88
    000002CD E0r00            [12]  770 	ldh	(_WY_REG + 0), a
                                    771 ;main.c:340: menu_opened = 0;
    000002CF AF               [ 4]  772 	xor	a, a
    000002D0 EAr2Ar00         [16]  773 	ld	(#_menu_opened),a
                                    774 ;main.c:341: set_mini_menu();
    000002D3 1Er00            [ 8]  775 	ld	e, #b_set_mini_menu
    000002D5 21r00r00         [12]  776 	ld	hl, #_set_mini_menu
    000002D8 CDr00r00         [24]  777 	call	___sdcc_bcall_ehl
                                    778 ;main.c:342: SHOW_SPRITES;
    000002DB F0r00            [12]  779 	ldh	a, (_LCDC_REG + 0)
    000002DD F6 02            [ 8]  780 	or	a, #0x02
    000002DF E0r00            [12]  781 	ldh	(_LCDC_REG + 0), a
                                    782 ;main.c:343: DISPLAY_ON;
    000002E1 F0r00            [12]  783 	ldh	a, (_LCDC_REG + 0)
    000002E3 F6 80            [ 8]  784 	or	a, #0x80
    000002E5 E0r00            [12]  785 	ldh	(_LCDC_REG + 0), a
                                    786 ;main.c:344: delay(300);
    000002E7 11 2C 01         [12]  787 	ld	de, #0x012c
    000002EA CDr00r00         [24]  788 	call	_delay
    000002ED                        789 00111$:
                                    790 ;main.c:346: show_time();
    000002ED 1Er00            [ 8]  791 	ld	e, #b_show_time
    000002EF 21r00r00         [12]  792 	ld	hl, #_show_time
    000002F2 CDr00r00         [24]  793 	call	___sdcc_bcall_ehl
    000002F5                        794 00129$:
                                    795 ;main.c:349: if (returning_to_camp) {
    000002F5 21r35r00         [12]  796 	ld	hl, #_returning_to_camp
    000002F8 7E               [ 8]  797 	ld	a, (hl)
    000002F9 B7               [ 4]  798 	or	a, a
    000002FA 28 05            [12]  799 	jr	Z, 00131$
                                    800 ;main.c:350: returning_to_camp = 0;
    000002FC 36 00            [12]  801 	ld	(hl), #0x00
                                    802 ;main.c:351: return_to_camp();
    000002FE CDr89r1C         [24]  803 	call	_return_to_camp
    00000301                        804 00131$:
                                    805 ;main.c:353: check_time();
    00000301 1Er00            [ 8]  806 	ld	e, #b_check_time
    00000303 21r00r00         [12]  807 	ld	hl, #_check_time
    00000306 CDr00r00         [24]  808 	call	___sdcc_bcall_ehl
                                    809 ;main.c:354: wait_vbl_done();
    00000309 CDr00r00         [24]  810 	call	_wait_vbl_done
                                    811 ;main.c:356: }
    0000030C C3r4Fr02         [16]  812 	jp	00133$
    0000030F                        813 _blank:
    0000030F 00                     814 	.db #0x00	; 0
    00000310 00                     815 	.db #0x00	; 0
    00000311 00                     816 	.db #0x00	; 0
    00000312 00                     817 	.db #0x00	; 0
    00000313 00                     818 	.db #0x00	; 0
    00000314 00                     819 	.db #0x00	; 0
    00000315 00                     820 	.db #0x00	; 0
    00000316 00                     821 	.db #0x00	; 0
    00000317 00                     822 	.db #0x00	; 0
    00000318 00                     823 	.db #0x00	; 0
    00000319 00                     824 	.db #0x00	; 0
    0000031A 00                     825 	.db #0x00	; 0
    0000031B 00                     826 	.db #0x00	; 0
    0000031C 00                     827 	.db #0x00	; 0
    0000031D 00                     828 	.db #0x00	; 0
    0000031E 00                     829 	.db #0x00	; 0
    0000031F                        830 _black:
    0000031F FF                     831 	.db #0xff	; 255
    00000320 FF                     832 	.db #0xff	; 255
    00000321 FF                     833 	.db #0xff	; 255
    00000322 FF                     834 	.db #0xff	; 255
    00000323 FF                     835 	.db #0xff	; 255
    00000324 FF                     836 	.db #0xff	; 255
    00000325 FF                     837 	.db #0xff	; 255
    00000326 FF                     838 	.db #0xff	; 255
    00000327 FF                     839 	.db #0xff	; 255
    00000328 FF                     840 	.db #0xff	; 255
    00000329 FF                     841 	.db #0xff	; 255
    0000032A FF                     842 	.db #0xff	; 255
    0000032B FF                     843 	.db #0xff	; 255
    0000032C FF                     844 	.db #0xff	; 255
    0000032D FF                     845 	.db #0xff	; 255
    0000032E FF                     846 	.db #0xff	; 255
    0000032F                        847 _chest_closed:
    0000032F E1                     848 	.db #0xe1	; 225
    00000330 E2                     849 	.db #0xe2	; 226
    00000331 E3                     850 	.db #0xe3	; 227
    00000332 E4                     851 	.db #0xe4	; 228
    00000333 E5                     852 	.db #0xe5	; 229
    00000334 E6                     853 	.db #0xe6	; 230
    00000335 E7                     854 	.db #0xe7	; 231
    00000336 E8                     855 	.db #0xe8	; 232
    00000337                        856 _chest_opened:
    00000337 E9                     857 	.db #0xe9	; 233
    00000338 EA                     858 	.db #0xea	; 234
    00000339 EB                     859 	.db #0xeb	; 235
    0000033A EC                     860 	.db #0xec	; 236
    0000033B ED                     861 	.db #0xed	; 237
    0000033C EE                     862 	.db #0xee	; 238
    0000033D EF                     863 	.db #0xef	; 239
    0000033E F0                     864 	.db #0xf0	; 240
    0000033F                        865 _stairs:
    0000033F F1                     866 	.db #0xf1	; 241
    00000340 F2                     867 	.db #0xf2	; 242
    00000341 F3                     868 	.db #0xf3	; 243
    00000342 F4                     869 	.db #0xf4	; 244
    00000343                        870 _menu_body:
    00000343 BB                     871 	.db #0xbb	; 187
    00000344                        872 _arrow_tile:
    00000344 F5                     873 	.db #0xf5	; 245
    00000345                        874 _upgrade_costs:
    00000345 02                     875 	.db #0x02	; 2
    00000346 04                     876 	.db #0x04	; 4
    00000347 07                     877 	.db #0x07	; 7
    00000348 0A                     878 	.db #0x0a	; 10
    00000349 0E                     879 	.db #0x0e	; 14
    0000034A 12                     880 	.db #0x12	; 18
    0000034B 18                     881 	.db #0x18	; 24
    0000034C 1E                     882 	.db #0x1e	; 30
    0000034D                        883 _cure_upgrade_costs:
    0000034D 0A 00                  884 	.dw #0x000a
    0000034F 3C 00                  885 	.dw #0x003c
    00000351 96 00                  886 	.dw #0x0096
    00000353 5E 01                  887 	.dw #0x015e
    00000355 BC 02                  888 	.dw #0x02bc
    00000357 B0 04                  889 	.dw #0x04b0
    00000359 08 07                  890 	.dw #0x0708
    0000035B FC 08                  891 	.dw #0x08fc
    0000035D F0 0A                  892 	.dw #0x0af0
    0000035F                        893 _level_curve:
    0000035F 0A 00                  894 	.dw #0x000a
    00000361 19 00                  895 	.dw #0x0019
    00000363 2D 00                  896 	.dw #0x002d
    00000365 46 00                  897 	.dw #0x0046
    00000367 64 00                  898 	.dw #0x0064
    00000369 87 00                  899 	.dw #0x0087
    0000036B AF 00                  900 	.dw #0x00af
    0000036D DC 00                  901 	.dw #0x00dc
    0000036F 0E 01                  902 	.dw #0x010e
    00000371 45 01                  903 	.dw #0x0145
    00000373 81 01                  904 	.dw #0x0181
    00000375 C2 01                  905 	.dw #0x01c2
    00000377 08 02                  906 	.dw #0x0208
    00000379 53 02                  907 	.dw #0x0253
    0000037B A3 02                  908 	.dw #0x02a3
    0000037D F8 02                  909 	.dw #0x02f8
    0000037F 52 03                  910 	.dw #0x0352
    00000381 B1 03                  911 	.dw #0x03b1
    00000383 15 04                  912 	.dw #0x0415
    00000385 7E 04                  913 	.dw #0x047e
    00000387 BA 04                  914 	.dw #0x04ba
    00000389 F6 04                  915 	.dw #0x04f6
    0000038B 32 05                  916 	.dw #0x0532
    0000038D 6E 05                  917 	.dw #0x056e
    0000038F AA 05                  918 	.dw #0x05aa
    00000391 E6 05                  919 	.dw #0x05e6
    00000393 22 06                  920 	.dw #0x0622
    00000395 5E 06                  921 	.dw #0x065e
    00000397 9A 06                  922 	.dw #0x069a
    00000399 D6 06                  923 	.dw #0x06d6
    0000039B 12 07                  924 	.dw #0x0712
    0000039D 4E 07                  925 	.dw #0x074e
    0000039F 8A 07                  926 	.dw #0x078a
    000003A1 C6 07                  927 	.dw #0x07c6
    000003A3 02 08                  928 	.dw #0x0802
    000003A5 3E 08                  929 	.dw #0x083e
    000003A7 7A 08                  930 	.dw #0x087a
    000003A9 B6 08                  931 	.dw #0x08b6
    000003AB F2 08                  932 	.dw #0x08f2
    000003AD 2E 09                  933 	.dw #0x092e
    000003AF 6A 09                  934 	.dw #0x096a
    000003B1 A6 09                  935 	.dw #0x09a6
    000003B3 E2 09                  936 	.dw #0x09e2
    000003B5 1E 0A                  937 	.dw #0x0a1e
    000003B7 5A 0A                  938 	.dw #0x0a5a
    000003B9 96 0A                  939 	.dw #0x0a96
    000003BB B4 0A                  940 	.dw #0x0ab4
    000003BD D2 0A                  941 	.dw #0x0ad2
    000003BF E6 0A                  942 	.dw #0x0ae6
    000003C1 F0 0A                  943 	.dw #0x0af0
                                    944 ;main.c:358: void move_character() {
                                    945 ;	---------------------------------
                                    946 ; Function move_character
                                    947 ; ---------------------------------
    000003C3                        948 _move_character::
                                    949 ;main.c:359: move_sprite(4, x, y);
    000003C3 FAr04r00         [16]  950 	ld	a, (_y)
    000003C6 47               [ 4]  951 	ld	b, a
    000003C7 FAr03r00         [16]  952 	ld	a, (_x)
    000003CA 4F               [ 4]  953 	ld	c, a
                                    954 ;c:\users\utente\desktop\tirocinio\gbdk-win64\gbdk\include\gb\gb.h:1973: OAM_item_t * itm = &shadow_OAM[nb];
    000003CB 21r10r00         [12]  955 	ld	hl, #(_shadow_OAM + 16)
                                    956 ;c:\users\utente\desktop\tirocinio\gbdk-win64\gbdk\include\gb\gb.h:1974: itm->y=y, itm->x=x;
    000003CE 78               [ 4]  957 	ld	a, b
    000003CF 22               [ 8]  958 	ld	(hl+), a
    000003D0 71               [ 8]  959 	ld	(hl), c
                                    960 ;main.c:360: move_sprite(5, x+8, y);
    000003D1 FAr04r00         [16]  961 	ld	a, (_y)
    000003D4 47               [ 4]  962 	ld	b, a
    000003D5 FAr03r00         [16]  963 	ld	a, (_x)
    000003D8 C6 08            [ 8]  964 	add	a, #0x08
    000003DA 4F               [ 4]  965 	ld	c, a
                                    966 ;c:\users\utente\desktop\tirocinio\gbdk-win64\gbdk\include\gb\gb.h:1973: OAM_item_t * itm = &shadow_OAM[nb];
    000003DB 21r14r00         [12]  967 	ld	hl, #(_shadow_OAM + 20)
                                    968 ;c:\users\utente\desktop\tirocinio\gbdk-win64\gbdk\include\gb\gb.h:1974: itm->y=y, itm->x=x;
    000003DE 78               [ 4]  969 	ld	a, b
    000003DF 22               [ 8]  970 	ld	(hl+), a
    000003E0 71               [ 8]  971 	ld	(hl), c
                                    972 ;main.c:361: move_sprite(6, x, y + 8);
    000003E1 FAr04r00         [16]  973 	ld	a, (_y)
    000003E4 C6 08            [ 8]  974 	add	a, #0x08
    000003E6 47               [ 4]  975 	ld	b, a
    000003E7 FAr03r00         [16]  976 	ld	a, (_x)
    000003EA 4F               [ 4]  977 	ld	c, a
                                    978 ;c:\users\utente\desktop\tirocinio\gbdk-win64\gbdk\include\gb\gb.h:1973: OAM_item_t * itm = &shadow_OAM[nb];
    000003EB 21r18r00         [12]  979 	ld	hl, #(_shadow_OAM + 24)
                                    980 ;c:\users\utente\desktop\tirocinio\gbdk-win64\gbdk\include\gb\gb.h:1974: itm->y=y, itm->x=x;
    000003EE 78               [ 4]  981 	ld	a, b
    000003EF 22               [ 8]  982 	ld	(hl+), a
    000003F0 71               [ 8]  983 	ld	(hl), c
                                    984 ;main.c:362: move_sprite(7, x + 8, y + 8);
    000003F1 FAr04r00         [16]  985 	ld	a, (_y)
    000003F4 C6 08            [ 8]  986 	add	a, #0x08
    000003F6 47               [ 4]  987 	ld	b, a
    000003F7 FAr03r00         [16]  988 	ld	a, (_x)
    000003FA C6 08            [ 8]  989 	add	a, #0x08
    000003FC 4F               [ 4]  990 	ld	c, a
                                    991 ;c:\users\utente\desktop\tirocinio\gbdk-win64\gbdk\include\gb\gb.h:1973: OAM_item_t * itm = &shadow_OAM[nb];
    000003FD 21r1Cr00         [12]  992 	ld	hl, #(_shadow_OAM + 28)
                                    993 ;c:\users\utente\desktop\tirocinio\gbdk-win64\gbdk\include\gb\gb.h:1974: itm->y=y, itm->x=x;
    00000400 78               [ 4]  994 	ld	a, b
    00000401 22               [ 8]  995 	ld	(hl+), a
    00000402 71               [ 8]  996 	ld	(hl), c
                                    997 ;main.c:364: if (y == 144) {
    00000403 FAr04r00         [16]  998 	ld	a, (#_y)
    00000406 D6 90            [ 8]  999 	sub	a, #0x90
    00000408 C0               [20] 1000 	ret	NZ
                                   1001 ;c:\users\utente\desktop\tirocinio\gbdk-win64\gbdk\include\gb\gb.h:1887: shadow_OAM[nb].tile=tile;
    00000409 21r1Ar00         [12] 1002 	ld	hl, #(_shadow_OAM + 26)
    0000040C 36 32            [12] 1003 	ld	(hl), #0x32
    0000040E 21r1Er00         [12] 1004 	ld	hl, #(_shadow_OAM + 30)
    00000411 36 32            [12] 1005 	ld	(hl), #0x32
                                   1006 ;main.c:366: set_sprite_tile(7, 50);
                                   1007 ;main.c:369: }
    00000413 C9               [16] 1008 	ret
                                   1009 ;main.c:371: void check_input_movement() {
                                   1010 ;	---------------------------------
                                   1011 ; Function check_input_movement
                                   1012 ; ---------------------------------
    00000414                       1013 _check_input_movement::
    00000414 3B               [ 8] 1014 	dec	sp
                                   1015 ;main.c:372: uint8_t moved = 0;
    00000415 F8 00            [12] 1016 	ldhl	sp,	#0
    00000417 36 00            [12] 1017 	ld	(hl), #0x00
                                   1018 ;main.c:374: if (joypad() & J_DOWN) {
    00000419 CDr00r00         [24] 1019 	call	_joypad
    0000041C CB 5F            [ 8] 1020 	bit	3, a
    0000041E CArAFr04         [16] 1021 	jp	Z, 00137$
                                   1022 ;main.c:375: last_direction = 4;
    00000421 21r05r00         [12] 1023 	ld	hl, #_last_direction
    00000424 36 04            [12] 1024 	ld	(hl), #0x04
                                   1025 ;main.c:376: set_character_sprite(4);
    00000426 3E 04            [ 8] 1026 	ld	a, #0x04
    00000428 F5               [16] 1027 	push	af
    00000429 33               [ 8] 1028 	inc	sp
    0000042A 1Er00            [ 8] 1029 	ld	e, #b_set_character_sprite
    0000042C 21r00r00         [12] 1030 	ld	hl, #_set_character_sprite
    0000042F CDr00r00         [24] 1031 	call	___sdcc_bcall_ehl
    00000432 33               [ 8] 1032 	inc	sp
                                   1033 ;main.c:377: if (check_terrain(x + 8, y + 24) && !is_sprite_at(x, y + 16)) {
    00000433 FAr04r00         [16] 1034 	ld	a, (_y)
    00000436 C6 18            [ 8] 1035 	add	a, #0x18
    00000438 5F               [ 4] 1036 	ld	e, a
    00000439 FAr03r00         [16] 1037 	ld	a, (_x)
    0000043C C6 08            [ 8] 1038 	add	a, #0x08
    0000043E CDr33r0C         [24] 1039 	call	_check_terrain
    00000441 B7               [ 4] 1040 	or	a, a
    00000442 CArD3r06         [16] 1041 	jp	Z, 00138$
    00000445 FAr04r00         [16] 1042 	ld	a, (_y)
    00000448 C6 10            [ 8] 1043 	add	a, #0x10
    0000044A 5F               [ 4] 1044 	ld	e, a
    0000044B FAr03r00         [16] 1045 	ld	a, (_x)
    0000044E CDr1Er0E         [24] 1046 	call	_is_sprite_at
    00000451 B7               [ 4] 1047 	or	a, a
    00000452 C2rD3r06         [16] 1048 	jp	NZ, 00138$
                                   1049 ;main.c:378: moved = 1;
    00000455 F8 00            [12] 1050 	ldhl	sp,	#0
    00000457 36 01            [12] 1051 	ld	(hl), #0x01
                                   1052 ;main.c:379: if (!check_enemy(4)) {
    00000459 3E 04            [ 8] 1053 	ld	a, #0x04
    0000045B F5               [16] 1054 	push	af
    0000045C 33               [ 8] 1055 	inc	sp
    0000045D 1Er00            [ 8] 1056 	ld	e, #b_check_enemy
    0000045F 21r00r00         [12] 1057 	ld	hl, #_check_enemy
    00000462 CDr00r00         [24] 1058 	call	___sdcc_bcall_ehl
    00000465 33               [ 8] 1059 	inc	sp
    00000466 B7               [ 4] 1060 	or	a, a
    00000467 20 14            [12] 1061 	jr	NZ, 00102$
                                   1062 ;main.c:380: last_y = y;
    00000469 FAr04r00         [16] 1063 	ld	a, (#_y)
    0000046C EAr01r00         [16] 1064 	ld	(#_last_y),a
                                   1065 ;main.c:381: last_x = x;
    0000046F FAr03r00         [16] 1066 	ld	a, (#_x)
    00000472 EAr00r00         [16] 1067 	ld	(#_last_x),a
                                   1068 ;main.c:382: smooth_movement(4);
    00000475 3E 04            [ 8] 1069 	ld	a, #0x04
    00000477 CDrF0r1A         [24] 1070 	call	_smooth_movement
    0000047A C3rD3r06         [16] 1071 	jp	00138$
    0000047D                       1072 00102$:
                                   1073 ;main.c:385: uint8_t enemy_idx = check_enemy(4);
    0000047D 3E 04            [ 8] 1074 	ld	a, #0x04
    0000047F F5               [16] 1075 	push	af
    00000480 33               [ 8] 1076 	inc	sp
    00000481 1Er00            [ 8] 1077 	ld	e, #b_check_enemy
    00000483 21r00r00         [12] 1078 	ld	hl, #_check_enemy
    00000486 CDr00r00         [24] 1079 	call	___sdcc_bcall_ehl
    00000489 33               [ 8] 1080 	inc	sp
    0000048A 5F               [ 4] 1081 	ld	e, a
                                   1082 ;main.c:386: play_attack_animation(4);
    0000048B D5               [16] 1083 	push	de
    0000048C 3E 04            [ 8] 1084 	ld	a, #0x04
    0000048E F5               [16] 1085 	push	af
    0000048F 33               [ 8] 1086 	inc	sp
    00000490 1Er00            [ 8] 1087 	ld	e, #b_play_attack_animation
    00000492 21r00r00         [12] 1088 	ld	hl, #_play_attack_animation
    00000495 CDr00r00         [24] 1089 	call	___sdcc_bcall_ehl
    00000498 33               [ 8] 1090 	inc	sp
    00000499 D1               [12] 1091 	pop	de
                                   1092 ;main.c:387: player_attack(0, enemy_idx-1);
    0000049A 1D               [ 4] 1093 	dec	e
    0000049B AF               [ 4] 1094 	xor	a, a
    0000049C CDr59r16         [24] 1095 	call	_player_attack
                                   1096 ;main.c:388: set_character_sprite(4);
    0000049F 3E 04            [ 8] 1097 	ld	a, #0x04
    000004A1 F5               [16] 1098 	push	af
    000004A2 33               [ 8] 1099 	inc	sp
    000004A3 1Er00            [ 8] 1100 	ld	e, #b_set_character_sprite
    000004A5 21r00r00         [12] 1101 	ld	hl, #_set_character_sprite
    000004A8 CDr00r00         [24] 1102 	call	___sdcc_bcall_ehl
    000004AB 33               [ 8] 1103 	inc	sp
    000004AC C3rD3r06         [16] 1104 	jp	00138$
    000004AF                       1105 00137$:
                                   1106 ;main.c:392: else if (joypad() & J_UP) {
    000004AF CDr00r00         [24] 1107 	call	_joypad
    000004B2 CB 57            [ 8] 1108 	bit	2, a
    000004B4 CArAEr05         [16] 1109 	jp	Z, 00134$
                                   1110 ;main.c:393: set_character_sprite(1);
    000004B7 3E 01            [ 8] 1111 	ld	a, #0x01
    000004B9 F5               [16] 1112 	push	af
    000004BA 33               [ 8] 1113 	inc	sp
    000004BB 1Er00            [ 8] 1114 	ld	e, #b_set_character_sprite
    000004BD 21r00r00         [12] 1115 	ld	hl, #_set_character_sprite
    000004C0 CDr00r00         [24] 1116 	call	___sdcc_bcall_ehl
    000004C3 33               [ 8] 1117 	inc	sp
                                   1118 ;main.c:394: if (check_terrain(x + 8, y - 8) && !is_sprite_at(x, y - 16)) {
    000004C4 FAr04r00         [16] 1119 	ld	a, (_y)
    000004C7 C6 F8            [ 8] 1120 	add	a, #0xf8
    000004C9 5F               [ 4] 1121 	ld	e, a
    000004CA FAr03r00         [16] 1122 	ld	a, (_x)
    000004CD C6 08            [ 8] 1123 	add	a, #0x08
    000004CF CDr33r0C         [24] 1124 	call	_check_terrain
    000004D2 B7               [ 4] 1125 	or	a, a
    000004D3 CArD3r06         [16] 1126 	jp	Z, 00138$
    000004D6 FAr04r00         [16] 1127 	ld	a, (_y)
    000004D9 C6 F0            [ 8] 1128 	add	a, #0xf0
    000004DB 5F               [ 4] 1129 	ld	e, a
    000004DC FAr03r00         [16] 1130 	ld	a, (_x)
    000004DF CDr1Er0E         [24] 1131 	call	_is_sprite_at
    000004E2 B7               [ 4] 1132 	or	a, a
    000004E3 C2rD3r06         [16] 1133 	jp	NZ, 00138$
                                   1134 ;main.c:395: last_direction = 1;
    000004E6 21r05r00         [12] 1135 	ld	hl, #_last_direction
    000004E9 36 01            [12] 1136 	ld	(hl), #0x01
                                   1137 ;main.c:396: moved = 1;
    000004EB F8 00            [12] 1138 	ldhl	sp,	#0
    000004ED 36 01            [12] 1139 	ld	(hl), #0x01
                                   1140 ;main.c:397: if (!check_enemy(1)) {
    000004EF 3E 01            [ 8] 1141 	ld	a, #0x01
    000004F1 F5               [16] 1142 	push	af
    000004F2 33               [ 8] 1143 	inc	sp
    000004F3 1Er00            [ 8] 1144 	ld	e, #b_check_enemy
    000004F5 21r00r00         [12] 1145 	ld	hl, #_check_enemy
    000004F8 CDr00r00         [24] 1146 	call	___sdcc_bcall_ehl
    000004FB 33               [ 8] 1147 	inc	sp
    000004FC B7               [ 4] 1148 	or	a, a
    000004FD 20 13            [12] 1149 	jr	NZ, 00108$
                                   1150 ;main.c:398: last_y = y;
    000004FF FAr04r00         [16] 1151 	ld	a, (#_y)
    00000502 EAr01r00         [16] 1152 	ld	(#_last_y),a
                                   1153 ;main.c:399: last_x = x;
    00000505 FAr03r00         [16] 1154 	ld	a, (#_x)
    00000508 EAr00r00         [16] 1155 	ld	(#_last_x),a
                                   1156 ;main.c:400: smooth_movement(1);
    0000050B 3E 01            [ 8] 1157 	ld	a, #0x01
    0000050D CDrF0r1A         [24] 1158 	call	_smooth_movement
    00000510 18 2F            [12] 1159 	jr	00109$
    00000512                       1160 00108$:
                                   1161 ;main.c:403: uint8_t enemy_idx = check_enemy(1);
    00000512 3E 01            [ 8] 1162 	ld	a, #0x01
    00000514 F5               [16] 1163 	push	af
    00000515 33               [ 8] 1164 	inc	sp
    00000516 1Er00            [ 8] 1165 	ld	e, #b_check_enemy
    00000518 21r00r00         [12] 1166 	ld	hl, #_check_enemy
    0000051B CDr00r00         [24] 1167 	call	___sdcc_bcall_ehl
    0000051E 33               [ 8] 1168 	inc	sp
    0000051F 5F               [ 4] 1169 	ld	e, a
                                   1170 ;main.c:404: play_attack_animation(1);
    00000520 D5               [16] 1171 	push	de
    00000521 3E 01            [ 8] 1172 	ld	a, #0x01
    00000523 F5               [16] 1173 	push	af
    00000524 33               [ 8] 1174 	inc	sp
    00000525 1Er00            [ 8] 1175 	ld	e, #b_play_attack_animation
    00000527 21r00r00         [12] 1176 	ld	hl, #_play_attack_animation
    0000052A CDr00r00         [24] 1177 	call	___sdcc_bcall_ehl
    0000052D 33               [ 8] 1178 	inc	sp
    0000052E D1               [12] 1179 	pop	de
                                   1180 ;main.c:405: player_attack(0, enemy_idx-1);
    0000052F 1D               [ 4] 1181 	dec	e
    00000530 AF               [ 4] 1182 	xor	a, a
    00000531 CDr59r16         [24] 1183 	call	_player_attack
                                   1184 ;main.c:406: set_character_sprite(1);
    00000534 3E 01            [ 8] 1185 	ld	a, #0x01
    00000536 F5               [16] 1186 	push	af
    00000537 33               [ 8] 1187 	inc	sp
    00000538 1Er00            [ 8] 1188 	ld	e, #b_set_character_sprite
    0000053A 21r00r00         [12] 1189 	ld	hl, #_set_character_sprite
    0000053D CDr00r00         [24] 1190 	call	___sdcc_bcall_ehl
    00000540 33               [ 8] 1191 	inc	sp
    00000541                       1192 00109$:
                                   1193 ;main.c:408: if (current_location == 0 && y <= 40) {
    00000541 FAr2Br00         [16] 1194 	ld	a, (#_current_location)
    00000544 B7               [ 4] 1195 	or	a, a
    00000545 C2rD3r06         [16] 1196 	jp	NZ, 00138$
    00000548 3E 28            [ 8] 1197 	ld	a, #0x28
    0000054A 21r04r00         [12] 1198 	ld	hl, #_y
    0000054D 96               [ 8] 1199 	sub	a, (hl)
    0000054E DArD3r06         [16] 1200 	jp	C, 00138$
                                   1201 ;main.c:409: current_location = 1;
    00000551 21r2Br00         [12] 1202 	ld	hl, #_current_location
    00000554 36 01            [12] 1203 	ld	(hl), #0x01
                                   1204 ;main.c:410: current_floor = 1;
    00000556 21r2Cr00         [12] 1205 	ld	hl, #_current_floor
    00000559 36 01            [12] 1206 	ld	(hl), #0x01
                                   1207 ;main.c:411: obt_mythril = 0;
                                   1208 ;main.c:412: obt_exp = 0;
    0000055B AF               [ 4] 1209 	xor	a, a
    0000055C EAr28r00         [16] 1210 	ld	(#_obt_mythril), a
    0000055F EAr29r00         [16] 1211 	ld	(#_obt_exp),a
                                   1212 ;main.c:413: boss.defeated = 1;
    00000562 21rABr01         [12] 1213 	ld	hl, #(_boss + 9)
    00000565 36 01            [12] 1214 	ld	(hl), #0x01
                                   1215 ;main.c:414: hide_camp_sprites();
    00000567 CDr1Dr0F         [24] 1216 	call	_hide_camp_sprites
                                   1217 ;main.c:415: save_game();
    0000056A CDr00r00         [24] 1218 	call	_save_game
                                   1219 ;main.c:416: go_into_dungeon();
    0000056D CDr06r14         [24] 1220 	call	_go_into_dungeon
                                   1221 ;main.c:417: current_song_bank = 4;
    00000570 21r36r00         [12] 1222 	ld	hl, #_current_song_bank
    00000573 36 04            [12] 1223 	ld	(hl), #0x04
                                   1224 ;main.c:418: SWITCH_ROM(current_song_bank);
    00000575 3E 04            [ 8] 1225 	ld	a, #0x04
    00000577 E0r00            [12] 1226 	ldh	(__current_bank + 0), a
    00000579 21r00r00         [12] 1227 	ld	hl, #_rROMB0
    0000057C 36 04            [12] 1228 	ld	(hl), #0x04
                                   1229 ;main.c:419: hUGE_init(&dungeon_theme);
    0000057E 11r00r00         [12] 1230 	ld	de, #_dungeon_theme
    00000581 CDr00r00         [24] 1231 	call	_hUGE_init
                                   1232 ;main.c:420: SWITCH_ROM(1);
    00000584 3E 01            [ 8] 1233 	ld	a, #0x01
    00000586 E0r00            [12] 1234 	ldh	(__current_bank + 0), a
    00000588 21r00r00         [12] 1235 	ld	hl, #_rROMB0
    0000058B 36 01            [12] 1236 	ld	(hl), #0x01
                                   1237 ;c:\users\utente\desktop\tirocinio\gbdk-win64\gbdk\include\gb\gb.h:1887: shadow_OAM[nb].tile=tile;
    0000058D 21r12r00         [12] 1238 	ld	hl, #(_shadow_OAM + 18)
    00000590 36 00            [12] 1239 	ld	(hl), #0x00
    00000592 21r16r00         [12] 1240 	ld	hl, #(_shadow_OAM + 22)
    00000595 36 01            [12] 1241 	ld	(hl), #0x01
    00000597 21r1Ar00         [12] 1242 	ld	hl, #(_shadow_OAM + 26)
    0000059A 36 02            [12] 1243 	ld	(hl), #0x02
    0000059C 21r1Er00         [12] 1244 	ld	hl, #(_shadow_OAM + 30)
    0000059F 36 03            [12] 1245 	ld	(hl), #0x03
                                   1246 ;main.c:425: x = 120;
    000005A1 21r03r00         [12] 1247 	ld	hl, #_x
    000005A4 36 78            [12] 1248 	ld	(hl), #0x78
                                   1249 ;main.c:426: y = 112;
    000005A6 21r04r00         [12] 1250 	ld	hl, #_y
    000005A9 36 70            [12] 1251 	ld	(hl), #0x70
                                   1252 ;main.c:427: return;
    000005AB C3rD7r07         [16] 1253 	jp	00155$
    000005AE                       1254 00134$:
                                   1255 ;main.c:431: else if (joypad() & J_LEFT) {
    000005AE CDr00r00         [24] 1256 	call	_joypad
    000005B1 CB 4F            [ 8] 1257 	bit	1, a
    000005B3 CAr44r06         [16] 1258 	jp	Z, 00131$
                                   1259 ;main.c:432: last_direction = 8;
    000005B6 21r05r00         [12] 1260 	ld	hl, #_last_direction
    000005B9 36 08            [12] 1261 	ld	(hl), #0x08
                                   1262 ;main.c:433: set_character_sprite(8);
    000005BB 3E 08            [ 8] 1263 	ld	a, #0x08
    000005BD F5               [16] 1264 	push	af
    000005BE 33               [ 8] 1265 	inc	sp
    000005BF 1Er00            [ 8] 1266 	ld	e, #b_set_character_sprite
    000005C1 21r00r00         [12] 1267 	ld	hl, #_set_character_sprite
    000005C4 CDr00r00         [24] 1268 	call	___sdcc_bcall_ehl
    000005C7 33               [ 8] 1269 	inc	sp
                                   1270 ;main.c:434: if (check_terrain(x - 8, y + 8) && !is_sprite_at(x - 16, y)) {
    000005C8 FAr04r00         [16] 1271 	ld	a, (_y)
    000005CB C6 08            [ 8] 1272 	add	a, #0x08
    000005CD 5F               [ 4] 1273 	ld	e, a
    000005CE FAr03r00         [16] 1274 	ld	a, (_x)
    000005D1 C6 F8            [ 8] 1275 	add	a, #0xf8
    000005D3 CDr33r0C         [24] 1276 	call	_check_terrain
    000005D6 B7               [ 4] 1277 	or	a, a
    000005D7 CArD3r06         [16] 1278 	jp	Z, 00138$
    000005DA FAr03r00         [16] 1279 	ld	a, (_x)
    000005DD C6 F0            [ 8] 1280 	add	a, #0xf0
    000005DF 21r04r00         [12] 1281 	ld	hl, #_y
    000005E2 5E               [ 8] 1282 	ld	e, (hl)
    000005E3 CDr1Er0E         [24] 1283 	call	_is_sprite_at
    000005E6 B7               [ 4] 1284 	or	a, a
    000005E7 C2rD3r06         [16] 1285 	jp	NZ, 00138$
                                   1286 ;main.c:435: moved = 1;
    000005EA F8 00            [12] 1287 	ldhl	sp,	#0
    000005EC 36 01            [12] 1288 	ld	(hl), #0x01
                                   1289 ;main.c:436: if (!check_enemy(8)) {
    000005EE 3E 08            [ 8] 1290 	ld	a, #0x08
    000005F0 F5               [16] 1291 	push	af
    000005F1 33               [ 8] 1292 	inc	sp
    000005F2 1Er00            [ 8] 1293 	ld	e, #b_check_enemy
    000005F4 21r00r00         [12] 1294 	ld	hl, #_check_enemy
    000005F7 CDr00r00         [24] 1295 	call	___sdcc_bcall_ehl
    000005FA 33               [ 8] 1296 	inc	sp
    000005FB B7               [ 4] 1297 	or	a, a
    000005FC 20 14            [12] 1298 	jr	NZ, 00117$
                                   1299 ;main.c:437: last_y = y;
    000005FE FAr04r00         [16] 1300 	ld	a, (#_y)
    00000601 EAr01r00         [16] 1301 	ld	(#_last_y),a
                                   1302 ;main.c:438: last_x = x;
    00000604 FAr03r00         [16] 1303 	ld	a, (#_x)
    00000607 EAr00r00         [16] 1304 	ld	(#_last_x),a
                                   1305 ;main.c:439: smooth_movement(8);
    0000060A 3E 08            [ 8] 1306 	ld	a, #0x08
    0000060C CDrF0r1A         [24] 1307 	call	_smooth_movement
    0000060F C3rD3r06         [16] 1308 	jp	00138$
    00000612                       1309 00117$:
                                   1310 ;main.c:442: uint8_t enemy_idx = check_enemy(8);
    00000612 3E 08            [ 8] 1311 	ld	a, #0x08
    00000614 F5               [16] 1312 	push	af
    00000615 33               [ 8] 1313 	inc	sp
    00000616 1Er00            [ 8] 1314 	ld	e, #b_check_enemy
    00000618 21r00r00         [12] 1315 	ld	hl, #_check_enemy
    0000061B CDr00r00         [24] 1316 	call	___sdcc_bcall_ehl
    0000061E 33               [ 8] 1317 	inc	sp
    0000061F 5F               [ 4] 1318 	ld	e, a
                                   1319 ;main.c:443: play_attack_animation(8);
    00000620 D5               [16] 1320 	push	de
    00000621 3E 08            [ 8] 1321 	ld	a, #0x08
    00000623 F5               [16] 1322 	push	af
    00000624 33               [ 8] 1323 	inc	sp
    00000625 1Er00            [ 8] 1324 	ld	e, #b_play_attack_animation
    00000627 21r00r00         [12] 1325 	ld	hl, #_play_attack_animation
    0000062A CDr00r00         [24] 1326 	call	___sdcc_bcall_ehl
    0000062D 33               [ 8] 1327 	inc	sp
    0000062E D1               [12] 1328 	pop	de
                                   1329 ;main.c:444: player_attack(0, enemy_idx-1);
    0000062F 1D               [ 4] 1330 	dec	e
    00000630 AF               [ 4] 1331 	xor	a, a
    00000631 CDr59r16         [24] 1332 	call	_player_attack
                                   1333 ;main.c:445: set_character_sprite(8);
    00000634 3E 08            [ 8] 1334 	ld	a, #0x08
    00000636 F5               [16] 1335 	push	af
    00000637 33               [ 8] 1336 	inc	sp
    00000638 1Er00            [ 8] 1337 	ld	e, #b_set_character_sprite
    0000063A 21r00r00         [12] 1338 	ld	hl, #_set_character_sprite
    0000063D CDr00r00         [24] 1339 	call	___sdcc_bcall_ehl
    00000640 33               [ 8] 1340 	inc	sp
    00000641 C3rD3r06         [16] 1341 	jp	00138$
    00000644                       1342 00131$:
                                   1343 ;main.c:449: else if (joypad() & J_RIGHT) {
    00000644 CDr00r00         [24] 1344 	call	_joypad
    00000647 0F               [ 4] 1345 	rrca
    00000648 D2rD3r06         [16] 1346 	jp	NC, 00138$
                                   1347 ;main.c:450: set_character_sprite(2);
    0000064B 3E 02            [ 8] 1348 	ld	a, #0x02
    0000064D F5               [16] 1349 	push	af
    0000064E 33               [ 8] 1350 	inc	sp
    0000064F 1Er00            [ 8] 1351 	ld	e, #b_set_character_sprite
    00000651 21r00r00         [12] 1352 	ld	hl, #_set_character_sprite
    00000654 CDr00r00         [24] 1353 	call	___sdcc_bcall_ehl
    00000657 33               [ 8] 1354 	inc	sp
                                   1355 ;main.c:451: last_direction = 2;
    00000658 21r05r00         [12] 1356 	ld	hl, #_last_direction
    0000065B 36 02            [12] 1357 	ld	(hl), #0x02
                                   1358 ;main.c:452: if (check_terrain(x + 24, y + 8) && !is_sprite_at(x + 16, y)) {
    0000065D FAr04r00         [16] 1359 	ld	a, (_y)
    00000660 C6 08            [ 8] 1360 	add	a, #0x08
    00000662 5F               [ 4] 1361 	ld	e, a
    00000663 FAr03r00         [16] 1362 	ld	a, (_x)
    00000666 C6 18            [ 8] 1363 	add	a, #0x18
    00000668 CDr33r0C         [24] 1364 	call	_check_terrain
    0000066B B7               [ 4] 1365 	or	a, a
    0000066C 28 65            [12] 1366 	jr	Z, 00138$
    0000066E FAr03r00         [16] 1367 	ld	a, (_x)
    00000671 C6 10            [ 8] 1368 	add	a, #0x10
    00000673 21r04r00         [12] 1369 	ld	hl, #_y
    00000676 5E               [ 8] 1370 	ld	e, (hl)
    00000677 CDr1Er0E         [24] 1371 	call	_is_sprite_at
    0000067A B7               [ 4] 1372 	or	a, a
    0000067B 20 56            [12] 1373 	jr	NZ, 00138$
                                   1374 ;main.c:453: moved = 1;
    0000067D F8 00            [12] 1375 	ldhl	sp,	#0
    0000067F 36 01            [12] 1376 	ld	(hl), #0x01
                                   1377 ;main.c:454: if (!check_enemy(2)) {
    00000681 3E 02            [ 8] 1378 	ld	a, #0x02
    00000683 F5               [16] 1379 	push	af
    00000684 33               [ 8] 1380 	inc	sp
    00000685 1Er00            [ 8] 1381 	ld	e, #b_check_enemy
    00000687 21r00r00         [12] 1382 	ld	hl, #_check_enemy
    0000068A CDr00r00         [24] 1383 	call	___sdcc_bcall_ehl
    0000068D 33               [ 8] 1384 	inc	sp
    0000068E B7               [ 4] 1385 	or	a, a
    0000068F 20 13            [12] 1386 	jr	NZ, 00123$
                                   1387 ;main.c:455: last_y = y;
    00000691 FAr04r00         [16] 1388 	ld	a, (#_y)
    00000694 EAr01r00         [16] 1389 	ld	(#_last_y),a
                                   1390 ;main.c:456: last_x = x;
    00000697 FAr03r00         [16] 1391 	ld	a, (#_x)
    0000069A EAr00r00         [16] 1392 	ld	(#_last_x),a
                                   1393 ;main.c:457: smooth_movement(2);
    0000069D 3E 02            [ 8] 1394 	ld	a, #0x02
    0000069F CDrF0r1A         [24] 1395 	call	_smooth_movement
    000006A2 18 2F            [12] 1396 	jr	00138$
    000006A4                       1397 00123$:
                                   1398 ;main.c:460: uint8_t enemy_idx = check_enemy(2);
    000006A4 3E 02            [ 8] 1399 	ld	a, #0x02
    000006A6 F5               [16] 1400 	push	af
    000006A7 33               [ 8] 1401 	inc	sp
    000006A8 1Er00            [ 8] 1402 	ld	e, #b_check_enemy
    000006AA 21r00r00         [12] 1403 	ld	hl, #_check_enemy
    000006AD CDr00r00         [24] 1404 	call	___sdcc_bcall_ehl
    000006B0 33               [ 8] 1405 	inc	sp
    000006B1 5F               [ 4] 1406 	ld	e, a
                                   1407 ;main.c:461: play_attack_animation(2);
    000006B2 D5               [16] 1408 	push	de
    000006B3 3E 02            [ 8] 1409 	ld	a, #0x02
    000006B5 F5               [16] 1410 	push	af
    000006B6 33               [ 8] 1411 	inc	sp
    000006B7 1Er00            [ 8] 1412 	ld	e, #b_play_attack_animation
    000006B9 21r00r00         [12] 1413 	ld	hl, #_play_attack_animation
    000006BC CDr00r00         [24] 1414 	call	___sdcc_bcall_ehl
    000006BF 33               [ 8] 1415 	inc	sp
    000006C0 D1               [12] 1416 	pop	de
                                   1417 ;main.c:462: player_attack(0, enemy_idx-1);
    000006C1 1D               [ 4] 1418 	dec	e
    000006C2 AF               [ 4] 1419 	xor	a, a
    000006C3 CDr59r16         [24] 1420 	call	_player_attack
                                   1421 ;main.c:463: set_character_sprite(2);
    000006C6 3E 02            [ 8] 1422 	ld	a, #0x02
    000006C8 F5               [16] 1423 	push	af
    000006C9 33               [ 8] 1424 	inc	sp
    000006CA 1Er00            [ 8] 1425 	ld	e, #b_set_character_sprite
    000006CC 21r00r00         [12] 1426 	ld	hl, #_set_character_sprite
    000006CF CDr00r00         [24] 1427 	call	___sdcc_bcall_ehl
    000006D2 33               [ 8] 1428 	inc	sp
    000006D3                       1429 00138$:
                                   1430 ;main.c:468: if (moved) {
    000006D3 F8 00            [12] 1431 	ldhl	sp,	#0
    000006D5 7E               [ 8] 1432 	ld	a, (hl)
    000006D6 B7               [ 4] 1433 	or	a, a
    000006D7 CArD7r07         [16] 1434 	jp	Z, 00155$
                                   1435 ;main.c:470: check_drops(x, y);
    000006DA FAr04r00         [16] 1436 	ld	a, (_y)
    000006DD 5F               [ 4] 1437 	ld	e, a
    000006DE FAr03r00         [16] 1438 	ld	a, (_x)
    000006E1 CDr00r00         [24] 1439 	call	_check_drops
                                   1440 ;main.c:471: delay(20);
    000006E4 11 14 00         [12] 1441 	ld	de, #0x0014
    000006E7 CDr00r00         [24] 1442 	call	_delay
                                   1443 ;main.c:472: if (current_location == 1) {
    000006EA FAr2Br00         [16] 1444 	ld	a, (#_current_location)
    000006ED 3D               [ 4] 1445 	dec	a
    000006EE C2rD7r07         [16] 1446 	jp	NZ, 00155$
                                   1447 ;main.c:473: move_enemy(&current_enemies[0]);
    000006F1 11r7Er01         [12] 1448 	ld	de, #_current_enemies
    000006F4 CDr00r00         [24] 1449 	call	_move_enemy
                                   1450 ;main.c:474: move_enemy(&current_enemies[1]);
    000006F7 11r8Ar01         [12] 1451 	ld	de, #(_current_enemies + 12)
    000006FA CDr00r00         [24] 1452 	call	_move_enemy
                                   1453 ;main.c:475: move_boss(&boss);
    000006FD 11rA2r01         [12] 1454 	ld	de, #_boss
    00000700 D5               [16] 1455 	push	de
    00000701 1Er00            [ 8] 1456 	ld	e, #b_move_boss
    00000703 21r00r00         [12] 1457 	ld	hl, #_move_boss
    00000706 CDr00r00         [24] 1458 	call	___sdcc_bcall_ehl
    00000709 E1               [12] 1459 	pop	hl
                                   1460 ;main.c:477: if (dungeon[player_coords.x][player_coords.y] == 'E' && x <= 32 && y <= 40 && !boss_battle) {
    0000070A 11r00r00         [12] 1461 	ld	de, #_dungeon+0
    0000070D 01r02r00         [12] 1462 	ld	bc, #_player_coords+0
    00000710 0A               [ 8] 1463 	ld	a, (bc)
    00000711 6F               [ 4] 1464 	ld	l, a
    00000712 07               [ 4] 1465 	rlca
    00000713 9F               [ 4] 1466 	sbc	a, a
    00000714 67               [ 4] 1467 	ld	h, a
    00000715 29               [ 8] 1468 	add	hl, hl
    00000716 29               [ 8] 1469 	add	hl, hl
    00000717 19               [ 8] 1470 	add	hl, de
    00000718 03               [ 8] 1471 	inc	bc
    00000719 0A               [ 8] 1472 	ld	a, (bc)
    0000071A 5F               [ 4] 1473 	ld	e, a
    0000071B 16 00            [ 8] 1474 	ld	d, #0x00
    0000071D 19               [ 8] 1475 	add	hl, de
    0000071E 7E               [ 8] 1476 	ld	a, (hl)
    0000071F D6 45            [ 8] 1477 	sub	a, #0x45
    00000721 20 21            [12] 1478 	jr	NZ, 00140$
    00000723 3E 20            [ 8] 1479 	ld	a, #0x20
    00000725 21r03r00         [12] 1480 	ld	hl, #_x
    00000728 96               [ 8] 1481 	sub	a, (hl)
    00000729 38 19            [12] 1482 	jr	C, 00140$
    0000072B 3E 28            [ 8] 1483 	ld	a, #0x28
    0000072D 21r04r00         [12] 1484 	ld	hl, #_y
    00000730 96               [ 8] 1485 	sub	a, (hl)
    00000731 38 11            [12] 1486 	jr	C, 00140$
    00000733 FAr33r00         [16] 1487 	ld	a, (#_boss_battle)
    00000736 B7               [ 4] 1488 	or	a, a
    00000737 20 0B            [12] 1489 	jr	NZ, 00140$
                                   1490 ;main.c:478: stairs_sfx();
    00000739 1Er00            [ 8] 1491 	ld	e, #b_stairs_sfx
    0000073B 21r00r00         [12] 1492 	ld	hl, #_stairs_sfx
    0000073E CDr00r00         [24] 1493 	call	___sdcc_bcall_ehl
                                   1494 ;main.c:479: go_next_floor();
    00000741 CDr93r14         [24] 1495 	call	_go_next_floor
    00000744                       1496 00140$:
                                   1497 ;main.c:482: if (current_hp == 0) {
    00000744 FAr15r00         [16] 1498 	ld	a, (#_current_hp)
    00000747 B7               [ 4] 1499 	or	a, a
    00000748 C2rD7r07         [16] 1500 	jp	NZ, 00155$
                                   1501 ;main.c:483: death_sfx();
    0000074B 1Er00            [ 8] 1502 	ld	e, #b_death_sfx
    0000074D 21r00r00         [12] 1503 	ld	hl, #_death_sfx
    00000750 CDr00r00         [24] 1504 	call	___sdcc_bcall_ehl
                                   1505 ;main.c:484: delay(100);
    00000753 11 64 00         [12] 1506 	ld	de, #0x0064
    00000756 CDr00r00         [24] 1507 	call	_delay
                                   1508 ;main.c:485: current_song_bank = 3;
    00000759 21r36r00         [12] 1509 	ld	hl, #_current_song_bank
    0000075C 36 03            [12] 1510 	ld	(hl), #0x03
                                   1511 ;main.c:486: SWITCH_ROM(current_song_bank);
    0000075E 3E 03            [ 8] 1512 	ld	a, #0x03
    00000760 E0r00            [12] 1513 	ldh	(__current_bank + 0), a
    00000762 21r00r00         [12] 1514 	ld	hl, #_rROMB0
    00000765 36 03            [12] 1515 	ld	(hl), #0x03
                                   1516 ;main.c:487: hUGE_init(&gameover_jingle);
    00000767 11r00r00         [12] 1517 	ld	de, #_gameover_jingle
    0000076A CDr00r00         [24] 1518 	call	_hUGE_init
                                   1519 ;main.c:488: SWITCH_ROM(1);
    0000076D 3E 01            [ 8] 1520 	ld	a, #0x01
    0000076F E0r00            [12] 1521 	ldh	(__current_bank + 0), a
    00000771 21r00r00         [12] 1522 	ld	hl, #_rROMB0
    00000774 36 01            [12] 1523 	ld	(hl), #0x01
                                   1524 ;main.c:489: game_over();
    00000776 1Er00            [ 8] 1525 	ld	e, #b_game_over
    00000778 21r00r00         [12] 1526 	ld	hl, #_game_over
    0000077B CDr00r00         [24] 1527 	call	___sdcc_bcall_ehl
                                   1528 ;main.c:490: enemy_death(&current_enemies[0]);
    0000077E 11r7Er01         [12] 1529 	ld	de, #_current_enemies
    00000781 CDr00r00         [24] 1530 	call	_enemy_death
                                   1531 ;main.c:491: enemy_death(&current_enemies[1]);
    00000784 11r8Ar01         [12] 1532 	ld	de, #(_current_enemies + 12)
    00000787 CDr00r00         [24] 1533 	call	_enemy_death
                                   1534 ;main.c:492: boss_death(&boss);
    0000078A 11rA2r01         [12] 1535 	ld	de, #_boss
    0000078D D5               [16] 1536 	push	de
    0000078E 1Er00            [ 8] 1537 	ld	e, #b_boss_death
    00000790 21r00r00         [12] 1538 	ld	hl, #_boss_death
    00000793 CDr00r00         [24] 1539 	call	___sdcc_bcall_ehl
    00000796 E1               [12] 1540 	pop	hl
                                   1541 ;main.c:493: clear_drops();
    00000797 CDr00r00         [24] 1542 	call	_clear_drops
                                   1543 ;main.c:494: boss_floor_defeated = 0;
                                   1544 ;main.c:495: key_obtained = 0;
    0000079A AF               [ 4] 1545 	xor	a, a
    0000079B EAr34r00         [16] 1546 	ld	(#_boss_floor_defeated), a
    0000079E EAr30r00         [16] 1547 	ld	(#_key_obtained),a
                                   1548 ;main.c:496: boss_battle = 0;
    000007A1 AF               [ 4] 1549 	xor	a, a
    000007A2 EAr33r00         [16] 1550 	ld	(#_boss_battle),a
                                   1551 ;c:\users\utente\desktop\tirocinio\gbdk-win64\gbdk\include\gb\gb.h:1739: WX_REG=x, WY_REG=y;
    000007A5 3E 07            [ 8] 1552 	ld	a, #0x07
    000007A7 E0r00            [12] 1553 	ldh	(_WX_REG + 0), a
    000007A9 3E 88            [ 8] 1554 	ld	a, #0x88
    000007AB E0r00            [12] 1555 	ldh	(_WY_REG + 0), a
                                   1556 ;main.c:498: set_mini_menu();
    000007AD 1Er00            [ 8] 1557 	ld	e, #b_set_mini_menu
    000007AF 21r00r00         [12] 1558 	ld	hl, #_set_mini_menu
    000007B2 CDr00r00         [24] 1559 	call	___sdcc_bcall_ehl
                                   1560 ;main.c:499: set_camp_map();
    000007B5 CDr32r0E         [24] 1561 	call	_set_camp_map
                                   1562 ;main.c:500: x = 120;
    000007B8 21r03r00         [12] 1563 	ld	hl, #_x
    000007BB 36 78            [12] 1564 	ld	(hl), #0x78
                                   1565 ;main.c:501: y = 112;
    000007BD 21r04r00         [12] 1566 	ld	hl, #_y
    000007C0 36 70            [12] 1567 	ld	(hl), #0x70
                                   1568 ;main.c:502: move_character();
    000007C2 CDrC3r03         [24] 1569 	call	_move_character
                                   1570 ;main.c:503: delay(100);
    000007C5 11 64 00         [12] 1571 	ld	de, #0x0064
    000007C8 CDr00r00         [24] 1572 	call	_delay
                                   1573 ;main.c:504: SHOW_WIN;
    000007CB F0r00            [12] 1574 	ldh	a, (_LCDC_REG + 0)
    000007CD F6 20            [ 8] 1575 	or	a, #0x20
    000007CF E0r00            [12] 1576 	ldh	(_LCDC_REG + 0), a
                                   1577 ;main.c:505: DISPLAY_ON;
    000007D1 F0r00            [12] 1578 	ldh	a, (_LCDC_REG + 0)
    000007D3 F6 80            [ 8] 1579 	or	a, #0x80
    000007D5 E0r00            [12] 1580 	ldh	(_LCDC_REG + 0), a
    000007D7                       1581 00155$:
                                   1582 ;main.c:510: }
    000007D7 33               [ 8] 1583 	inc	sp
    000007D8 C9               [16] 1584 	ret
                                   1585 ;main.c:512: void check_input_keys() {
                                   1586 ;	---------------------------------
                                   1587 ; Function check_input_keys
                                   1588 ; ---------------------------------
    000007D9                       1589 _check_input_keys::
    000007D9 E8 F7            [16] 1590 	add	sp, #-9
                                   1591 ;main.c:513: if (joypad() & J_A) {
    000007DB CDr00r00         [24] 1592 	call	_joypad
    000007DE CB 67            [ 8] 1593 	bit	4, a
    000007E0 CArEFr0B         [16] 1594 	jp	Z, 00178$
                                   1595 ;main.c:515: uint8_t gx = (x - 8) / 8;
    000007E3 FAr03r00         [16] 1596 	ld	a, (_x)
    000007E6 4F               [ 4] 1597 	ld	c, a
    000007E7 06 00            [ 8] 1598 	ld	b, #0x00
    000007E9 11 08 00         [12] 1599 	ld	de, #0x0008
    000007EC 79               [ 4] 1600 	ld	a, c
    000007ED 93               [ 4] 1601 	sub	a, e
    000007EE 5F               [ 4] 1602 	ld	e, a
    000007EF 78               [ 4] 1603 	ld	a, b
    000007F0 9A               [ 4] 1604 	sbc	a, d
    000007F1 F8 06            [12] 1605 	ldhl	sp,	#6
    000007F3 32               [ 8] 1606 	ld	(hl-), a
    000007F4 73               [ 8] 1607 	ld	(hl), e
    000007F5 2A               [ 8] 1608 	ld	a, (hl+)
    000007F6 23               [ 8] 1609 	inc	hl
    000007F7 32               [ 8] 1610 	ld	(hl-), a
    000007F8 2A               [ 8] 1611 	ld	a, (hl+)
    000007F9 23               [ 8] 1612 	inc	hl
    000007FA 32               [ 8] 1613 	ld	(hl-), a
    000007FB 2B               [ 8] 1614 	dec	hl
    000007FC CB 7E            [12] 1615 	bit	7, (hl)
    000007FE 28 0E            [12] 1616 	jr	Z, 00186$
    00000800 21 FF FF         [12] 1617 	ld	hl, #0xffff
    00000803 09               [ 8] 1618 	add	hl, bc
    00000804 E5               [16] 1619 	push	hl
    00000805 7D               [ 4] 1620 	ld	a, l
    00000806 F8 09            [12] 1621 	ldhl	sp,	#9
    00000808 77               [ 8] 1622 	ld	(hl), a
    00000809 E1               [12] 1623 	pop	hl
    0000080A 7C               [ 4] 1624 	ld	a, h
    0000080B F8 08            [12] 1625 	ldhl	sp,	#8
    0000080D 77               [ 8] 1626 	ld	(hl), a
    0000080E                       1627 00186$:
    0000080E F8 07            [12] 1628 	ldhl	sp,#7
    00000810 2A               [ 8] 1629 	ld	a, (hl+)
    00000811 4F               [ 4] 1630 	ld	c, a
    00000812 46               [ 8] 1631 	ld	b, (hl)
    00000813 CB 28            [ 8] 1632 	sra	b
    00000815 CB 19            [ 8] 1633 	rr	c
    00000817 CB 28            [ 8] 1634 	sra	b
    00000819 CB 19            [ 8] 1635 	rr	c
    0000081B CB 28            [ 8] 1636 	sra	b
    0000081D CB 19            [ 8] 1637 	rr	c
    0000081F F8 02            [12] 1638 	ldhl	sp,	#2
    00000821 71               [ 8] 1639 	ld	(hl), c
                                   1640 ;main.c:516: uint8_t gy = (y - 16) / 8;
    00000822 FAr04r00         [16] 1641 	ld	a, (#_y)
    00000825 F8 03            [12] 1642 	ldhl	sp,	#3
    00000827 22               [ 8] 1643 	ld	(hl+), a
    00000828 AF               [ 4] 1644 	xor	a, a
    00000829 32               [ 8] 1645 	ld	(hl-), a
    0000082A 2A               [ 8] 1646 	ld	a, (hl+)
    0000082B 5F               [ 4] 1647 	ld	e, a
    0000082C 56               [ 8] 1648 	ld	d, (hl)
    0000082D 21 10 00         [12] 1649 	ld	hl, #0x0010
    00000830 7B               [ 4] 1650 	ld	a, e
    00000831 95               [ 4] 1651 	sub	a, l
    00000832 5F               [ 4] 1652 	ld	e, a
    00000833 7A               [ 4] 1653 	ld	a, d
    00000834 9C               [ 4] 1654 	sbc	a, h
    00000835 F8 06            [12] 1655 	ldhl	sp,	#6
    00000837 32               [ 8] 1656 	ld	(hl-), a
    00000838 73               [ 8] 1657 	ld	(hl), e
    00000839 2A               [ 8] 1658 	ld	a, (hl+)
    0000083A 23               [ 8] 1659 	inc	hl
    0000083B 32               [ 8] 1660 	ld	(hl-), a
    0000083C 2A               [ 8] 1661 	ld	a, (hl+)
    0000083D 23               [ 8] 1662 	inc	hl
    0000083E 32               [ 8] 1663 	ld	(hl-), a
    0000083F 2B               [ 8] 1664 	dec	hl
    00000840 CB 7E            [12] 1665 	bit	7, (hl)
    00000842 28 14            [12] 1666 	jr	Z, 00187$
    00000844 2B               [ 8] 1667 	dec	hl
    00000845 2B               [ 8] 1668 	dec	hl
    00000846 2B               [ 8] 1669 	dec	hl
    00000847 2A               [ 8] 1670 	ld	a, (hl+)
    00000848 5F               [ 4] 1671 	ld	e, a
    00000849 56               [ 8] 1672 	ld	d, (hl)
    0000084A 21 F7 FF         [12] 1673 	ld	hl, #0xfff7
    0000084D 19               [ 8] 1674 	add	hl, de
    0000084E E5               [16] 1675 	push	hl
    0000084F 7D               [ 4] 1676 	ld	a, l
    00000850 F8 09            [12] 1677 	ldhl	sp,	#9
    00000852 77               [ 8] 1678 	ld	(hl), a
    00000853 E1               [12] 1679 	pop	hl
    00000854 7C               [ 4] 1680 	ld	a, h
    00000855 F8 08            [12] 1681 	ldhl	sp,	#8
    00000857 77               [ 8] 1682 	ld	(hl), a
    00000858                       1683 00187$:
    00000858 F8 07            [12] 1684 	ldhl	sp,#7
    0000085A 2A               [ 8] 1685 	ld	a, (hl+)
    0000085B 4F               [ 4] 1686 	ld	c, a
    0000085C 46               [ 8] 1687 	ld	b, (hl)
    0000085D CB 28            [ 8] 1688 	sra	b
    0000085F CB 19            [ 8] 1689 	rr	c
    00000861 CB 28            [ 8] 1690 	sra	b
    00000863 CB 19            [ 8] 1691 	rr	c
    00000865 CB 28            [ 8] 1692 	sra	b
    00000867 CB 19            [ 8] 1693 	rr	c
    00000869 F8 03            [12] 1694 	ldhl	sp,	#3
    0000086B 71               [ 8] 1695 	ld	(hl), c
                                   1696 ;main.c:518: if (dungeon[player_coords.x][player_coords.y] == 'T' && gx >= 8 && gx <= 11 && gy >= 8 && gy <= 9 && treasure_obtained == 0) {
    0000086C 2A               [ 8] 1697 	ld	a, (hl+)
    0000086D D6 08            [ 8] 1698 	sub	a, #0x08
    0000086F 3E 00            [ 8] 1699 	ld	a, #0x00
    00000871 17               [ 4] 1700 	rla
    00000872 32               [ 8] 1701 	ld	(hl-), a
    00000873 3E 09            [ 8] 1702 	ld	a, #0x09
    00000875 96               [ 8] 1703 	sub	a, (hl)
    00000876 23               [ 8] 1704 	inc	hl
    00000877 23               [ 8] 1705 	inc	hl
    00000878 3E 00            [ 8] 1706 	ld	a, #0x00
    0000087A 17               [ 4] 1707 	rla
    0000087B 77               [ 8] 1708 	ld	(hl), a
                                   1709 ;main.c:517: if (current_location == 1) {
    0000087C FAr2Br00         [16] 1710 	ld	a, (#_current_location)
    0000087F 3D               [ 4] 1711 	dec	a
    00000880 C2rE6r0A         [16] 1712 	jp	NZ, 00170$
                                   1713 ;main.c:518: if (dungeon[player_coords.x][player_coords.y] == 'T' && gx >= 8 && gx <= 11 && gy >= 8 && gy <= 9 && treasure_obtained == 0) {
    00000883 FAr02r00         [16] 1714 	ld	a, (#_player_coords + 0)
    00000886 F8 08            [12] 1715 	ldhl	sp,#8
    00000888 77               [ 8] 1716 	ld	(hl), a
    00000889 3A               [ 8] 1717 	ld	a, (hl-)
    0000088A 22               [ 8] 1718 	ld	(hl+), a
    0000088B 07               [ 4] 1719 	rlca
    0000088C 9F               [ 4] 1720 	sbc	a, a
    0000088D 32               [ 8] 1721 	ld	(hl-), a
    0000088E 7E               [ 8] 1722 	ld	a, (hl)
    0000088F F8 00            [12] 1723 	ldhl	sp,	#0
    00000891 77               [ 8] 1724 	ld	(hl), a
    00000892 F8 08            [12] 1725 	ldhl	sp,	#8
    00000894 7E               [ 8] 1726 	ld	a, (hl)
    00000895 F8 01            [12] 1727 	ldhl	sp,	#1
    00000897 77               [ 8] 1728 	ld	(hl), a
    00000898 3E 02            [ 8] 1729 	ld	a, #0x02
    0000089A                       1730 00562$:
    0000089A F8 00            [12] 1731 	ldhl	sp,	#0
    0000089C CB 26            [16] 1732 	sla	(hl)
    0000089E 23               [ 8] 1733 	inc	hl
    0000089F CB 16            [16] 1734 	rl	(hl)
    000008A1 3D               [ 4] 1735 	dec	a
    000008A2 20 F6            [12] 1736 	jr	NZ, 00562$
    000008A4 D1               [12] 1737 	pop	de
    000008A5 D5               [16] 1738 	push	de
    000008A6 21r00r00         [12] 1739 	ld	hl, #_dungeon
    000008A9 19               [ 8] 1740 	add	hl, de
    000008AA E5               [16] 1741 	push	hl
    000008AB 7D               [ 4] 1742 	ld	a, l
    000008AC F8 09            [12] 1743 	ldhl	sp,	#9
    000008AE 77               [ 8] 1744 	ld	(hl), a
    000008AF E1               [12] 1745 	pop	hl
    000008B0 7C               [ 4] 1746 	ld	a, h
    000008B1 F8 08            [12] 1747 	ldhl	sp,	#8
    000008B3 77               [ 8] 1748 	ld	(hl), a
    000008B4 FAr03r00         [16] 1749 	ld	a, (#(_player_coords + 1) + 0)
    000008B7 5F               [ 4] 1750 	ld	e, a
    000008B8 16 00            [ 8] 1751 	ld	d, #0x00
    000008BA 3A               [ 8] 1752 	ld	a, (hl-)
    000008BB 6E               [ 8] 1753 	ld	l, (hl)
    000008BC 67               [ 4] 1754 	ld	h, a
    000008BD 19               [ 8] 1755 	add	hl, de
    000008BE 4D               [ 4] 1756 	ld	c, l
    000008BF 44               [ 4] 1757 	ld	b, h
    000008C0 0A               [ 8] 1758 	ld	a, (bc)
    000008C1 F8 06            [12] 1759 	ldhl	sp,	#6
    000008C3 77               [ 8] 1760 	ld	(hl), a
    000008C4 F8 02            [12] 1761 	ldhl	sp,	#2
    000008C6 7E               [ 8] 1762 	ld	a, (hl)
    000008C7 D6 08            [ 8] 1763 	sub	a, #0x08
    000008C9 3E 00            [ 8] 1764 	ld	a, #0x00
    000008CB 17               [ 4] 1765 	rla
    000008CC F8 07            [12] 1766 	ldhl	sp,	#7
    000008CE 77               [ 8] 1767 	ld	(hl), a
    000008CF 3E 0B            [ 8] 1768 	ld	a, #0x0b
    000008D1 F8 02            [12] 1769 	ldhl	sp,	#2
    000008D3 96               [ 8] 1770 	sub	a, (hl)
    000008D4 3E 00            [ 8] 1771 	ld	a, #0x00
    000008D6 17               [ 4] 1772 	rla
    000008D7 F8 08            [12] 1773 	ldhl	sp,	#8
    000008D9 32               [ 8] 1774 	ld	(hl-), a
    000008DA 2B               [ 8] 1775 	dec	hl
    000008DB 7E               [ 8] 1776 	ld	a, (hl)
    000008DC D6 54            [ 8] 1777 	sub	a, #0x54
    000008DE C2r69r09         [16] 1778 	jp	NZ, 00137$
    000008E1 F8 07            [12] 1779 	ldhl	sp,	#7
    000008E3 CB 46            [12] 1780 	bit	0, (hl)
    000008E5 C2r69r09         [16] 1781 	jp	NZ, 00137$
    000008E8 23               [ 8] 1782 	inc	hl
    000008E9 CB 46            [12] 1783 	bit	0, (hl)
    000008EB 20 7C            [12] 1784 	jr	NZ, 00137$
    000008ED F8 04            [12] 1785 	ldhl	sp,	#4
    000008EF CB 46            [12] 1786 	bit	0, (hl)
    000008F1 20 76            [12] 1787 	jr	NZ, 00137$
    000008F3 23               [ 8] 1788 	inc	hl
    000008F4 CB 46            [12] 1789 	bit	0, (hl)
    000008F6 20 71            [12] 1790 	jr	NZ, 00137$
    000008F8 FAr31r00         [16] 1791 	ld	a, (#_treasure_obtained)
    000008FB B7               [ 4] 1792 	or	a, a
    000008FC 20 6B            [12] 1793 	jr	NZ, 00137$
                                   1794 ;main.c:519: current_song_bank = 1;
    000008FE 21r36r00         [12] 1795 	ld	hl, #_current_song_bank
    00000901 36 01            [12] 1796 	ld	(hl), #0x01
                                   1797 ;main.c:520: SWITCH_ROM(current_song_bank);
    00000903 3E 01            [ 8] 1798 	ld	a, #0x01
    00000905 E0r00            [12] 1799 	ldh	(__current_bank + 0), a
    00000907 21r00r00         [12] 1800 	ld	hl, #_rROMB0
    0000090A 36 01            [12] 1801 	ld	(hl), #0x01
                                   1802 ;main.c:521: hUGE_init(&item_found);
    0000090C 11r00r00         [12] 1803 	ld	de, #_item_found
    0000090F CDr00r00         [24] 1804 	call	_hUGE_init
                                   1805 ;main.c:522: SWITCH_ROM(1);
    00000912 3E 01            [ 8] 1806 	ld	a, #0x01
    00000914 E0r00            [12] 1807 	ldh	(__current_bank + 0), a
    00000916 21r00r00         [12] 1808 	ld	hl, #_rROMB0
    00000919 36 01            [12] 1809 	ld	(hl), #0x01
                                   1810 ;main.c:523: treasure_obtained = 1;
    0000091B 21r31r00         [12] 1811 	ld	hl, #_treasure_obtained
    0000091E 36 01            [12] 1812 	ld	(hl), #0x01
                                   1813 ;main.c:524: minerals++;
    00000920 21r27r00         [12] 1814 	ld	hl, #_minerals
    00000923 34               [12] 1815 	inc	(hl)
                                   1816 ;main.c:525: obt_mythril++;
    00000924 21r28r00         [12] 1817 	ld	hl, #_obt_mythril
    00000927 34               [12] 1818 	inc	(hl)
                                   1819 ;main.c:526: set_bkg_tiles(8, 6, 4, 2, chest_opened);
    00000928 11r37r03         [12] 1820 	ld	de, #_chest_opened
    0000092B D5               [16] 1821 	push	de
    0000092C 21 04 02         [12] 1822 	ld	hl, #0x204
    0000092F E5               [16] 1823 	push	hl
    00000930 21 08 06         [12] 1824 	ld	hl, #0x608
    00000933 E5               [16] 1825 	push	hl
    00000934 CDr00r00         [24] 1826 	call	_set_bkg_tiles
    00000937 E8 06            [16] 1827 	add	sp, #6
                                   1828 ;main.c:527: delay(150);
    00000939 11 96 00         [12] 1829 	ld	de, #0x0096
    0000093C CDr00r00         [24] 1830 	call	_delay
                                   1831 ;main.c:528: menu_opened = 4;
    0000093F 21r2Ar00         [12] 1832 	ld	hl, #_menu_opened
    00000942 36 04            [12] 1833 	ld	(hl), #0x04
                                   1834 ;main.c:529: set_textbox(2);
    00000944 3E 02            [ 8] 1835 	ld	a, #0x02
    00000946 CDr3Dr15         [24] 1836 	call	_set_textbox
                                   1837 ;main.c:530: current_song_bank = 4;
    00000949 21r36r00         [12] 1838 	ld	hl, #_current_song_bank
    0000094C 36 04            [12] 1839 	ld	(hl), #0x04
                                   1840 ;main.c:531: SWITCH_ROM(current_song_bank);
    0000094E 3E 04            [ 8] 1841 	ld	a, #0x04
    00000950 E0r00            [12] 1842 	ldh	(__current_bank + 0), a
    00000952 21r00r00         [12] 1843 	ld	hl, #_rROMB0
    00000955 36 04            [12] 1844 	ld	(hl), #0x04
                                   1845 ;main.c:532: hUGE_init(&dungeon_theme);
    00000957 11r00r00         [12] 1846 	ld	de, #_dungeon_theme
    0000095A CDr00r00         [24] 1847 	call	_hUGE_init
                                   1848 ;main.c:533: SWITCH_ROM(1);
    0000095D 3E 01            [ 8] 1849 	ld	a, #0x01
    0000095F E0r00            [12] 1850 	ldh	(__current_bank + 0), a
    00000961 21r00r00         [12] 1851 	ld	hl, #_rROMB0
    00000964 36 01            [12] 1852 	ld	(hl), #0x01
    00000966 C3r30r0C         [16] 1853 	jp	00184$
    00000969                       1854 00137$:
                                   1855 ;main.c:535: else if (dungeon[player_coords.x][player_coords.y] == 'K' && gx >= 8 && gx <= 11 && gy >= 8 && gy <= 9 && key_obtained == 0) {
    00000969 F8 06            [12] 1856 	ldhl	sp,	#6
    0000096B 7E               [ 8] 1857 	ld	a, (hl)
    0000096C D6 4B            [ 8] 1858 	sub	a, #0x4b
    0000096E C2rFCr09         [16] 1859 	jp	NZ, 00129$
    00000971 F8 07            [12] 1860 	ldhl	sp,	#7
    00000973 CB 46            [12] 1861 	bit	0, (hl)
    00000975 C2rFCr09         [16] 1862 	jp	NZ, 00129$
    00000978 23               [ 8] 1863 	inc	hl
    00000979 CB 46            [12] 1864 	bit	0, (hl)
    0000097B C2rFCr09         [16] 1865 	jp	NZ, 00129$
    0000097E F8 04            [12] 1866 	ldhl	sp,	#4
    00000980 CB 46            [12] 1867 	bit	0, (hl)
    00000982 20 78            [12] 1868 	jr	NZ, 00129$
    00000984 23               [ 8] 1869 	inc	hl
    00000985 CB 46            [12] 1870 	bit	0, (hl)
    00000987 20 73            [12] 1871 	jr	NZ, 00129$
    00000989 FAr30r00         [16] 1872 	ld	a, (#_key_obtained)
    0000098C B7               [ 4] 1873 	or	a, a
    0000098D 20 6D            [12] 1874 	jr	NZ, 00129$
                                   1875 ;main.c:536: current_song_bank = 1;
    0000098F 21r36r00         [12] 1876 	ld	hl, #_current_song_bank
    00000992 36 01            [12] 1877 	ld	(hl), #0x01
                                   1878 ;main.c:537: SWITCH_ROM(current_song_bank);
    00000994 3E 01            [ 8] 1879 	ld	a, #0x01
    00000996 E0r00            [12] 1880 	ldh	(__current_bank + 0), a
    00000998 21r00r00         [12] 1881 	ld	hl, #_rROMB0
    0000099B 36 01            [12] 1882 	ld	(hl), #0x01
                                   1883 ;main.c:538: hUGE_init(&item_found);
    0000099D 11r00r00         [12] 1884 	ld	de, #_item_found
    000009A0 CDr00r00         [24] 1885 	call	_hUGE_init
                                   1886 ;main.c:539: SWITCH_ROM(1);
    000009A3 3E 01            [ 8] 1887 	ld	a, #0x01
    000009A5 E0r00            [12] 1888 	ldh	(__current_bank + 0), a
    000009A7 21r00r00         [12] 1889 	ld	hl, #_rROMB0
    000009AA 36 01            [12] 1890 	ld	(hl), #0x01
                                   1891 ;c:\users\utente\desktop\tirocinio\gbdk-win64\gbdk\include\gb\gb.h:1887: shadow_OAM[nb].tile=tile;
    000009AC 21r86r00         [12] 1892 	ld	hl, #(_shadow_OAM + 134)
    000009AF 36 3B            [12] 1893 	ld	(hl), #0x3b
    000009B1 21r8Ar00         [12] 1894 	ld	hl, #(_shadow_OAM + 138)
    000009B4 36 3C            [12] 1895 	ld	(hl), #0x3c
                                   1896 ;main.c:542: key_obtained = 1;
    000009B6 21r30r00         [12] 1897 	ld	hl, #_key_obtained
    000009B9 36 01            [12] 1898 	ld	(hl), #0x01
                                   1899 ;main.c:543: set_bkg_tiles(8, 6, 4, 2, chest_opened);
    000009BB 11r37r03         [12] 1900 	ld	de, #_chest_opened
    000009BE D5               [16] 1901 	push	de
    000009BF 21 04 02         [12] 1902 	ld	hl, #0x204
    000009C2 E5               [16] 1903 	push	hl
    000009C3 21 08 06         [12] 1904 	ld	hl, #0x608
    000009C6 E5               [16] 1905 	push	hl
    000009C7 CDr00r00         [24] 1906 	call	_set_bkg_tiles
    000009CA E8 06            [16] 1907 	add	sp, #6
                                   1908 ;main.c:544: delay(150);
    000009CC 11 96 00         [12] 1909 	ld	de, #0x0096
    000009CF CDr00r00         [24] 1910 	call	_delay
                                   1911 ;main.c:545: menu_opened = 4;
    000009D2 21r2Ar00         [12] 1912 	ld	hl, #_menu_opened
    000009D5 36 04            [12] 1913 	ld	(hl), #0x04
                                   1914 ;main.c:546: set_textbox(1);
    000009D7 3E 01            [ 8] 1915 	ld	a, #0x01
    000009D9 CDr3Dr15         [24] 1916 	call	_set_textbox
                                   1917 ;main.c:547: current_song_bank = 4;
    000009DC 21r36r00         [12] 1918 	ld	hl, #_current_song_bank
    000009DF 36 04            [12] 1919 	ld	(hl), #0x04
                                   1920 ;main.c:548: SWITCH_ROM(current_song_bank);
    000009E1 3E 04            [ 8] 1921 	ld	a, #0x04
    000009E3 E0r00            [12] 1922 	ldh	(__current_bank + 0), a
    000009E5 21r00r00         [12] 1923 	ld	hl, #_rROMB0
    000009E8 36 04            [12] 1924 	ld	(hl), #0x04
                                   1925 ;main.c:549: hUGE_init(&dungeon_theme);
    000009EA 11r00r00         [12] 1926 	ld	de, #_dungeon_theme
    000009ED CDr00r00         [24] 1927 	call	_hUGE_init
                                   1928 ;main.c:550: SWITCH_ROM(1);
    000009F0 3E 01            [ 8] 1929 	ld	a, #0x01
    000009F2 E0r00            [12] 1930 	ldh	(__current_bank + 0), a
    000009F4 21r00r00         [12] 1931 	ld	hl, #_rROMB0
    000009F7 36 01            [12] 1932 	ld	(hl), #0x01
    000009F9 C3r30r0C         [16] 1933 	jp	00184$
    000009FC                       1934 00129$:
                                   1935 ;main.c:552: else if (dungeon[player_coords.x][player_coords.y] == 'L' && key_obtained == 1) {
    000009FC F8 06            [12] 1936 	ldhl	sp,	#6
    000009FE 7E               [ 8] 1937 	ld	a, (hl)
    000009FF D6 4C            [ 8] 1938 	sub	a, #0x4c
    00000A01 C2rB6r0A         [16] 1939 	jp	NZ, 00125$
    00000A04 FAr30r00         [16] 1940 	ld	a, (#_key_obtained)
    00000A07 3D               [ 4] 1941 	dec	a
    00000A08 C2rB6r0A         [16] 1942 	jp	NZ, 00125$
                                   1943 ;main.c:553: switch (locked_door) {
    00000A0B FAr00r00         [16] 1944 	ld	a, (#_locked_door)
    00000A0E 3D               [ 4] 1945 	dec	a
    00000A0F 28 18            [12] 1946 	jr	Z, 00101$
    00000A11 FAr00r00         [16] 1947 	ld	a, (#_locked_door)
    00000A14 D6 02            [ 8] 1948 	sub	a, #0x02
    00000A16 28 32            [12] 1949 	jr	Z, 00106$
    00000A18 FAr00r00         [16] 1950 	ld	a, (#_locked_door)
    00000A1B D6 04            [ 8] 1951 	sub	a, #0x04
    00000A1D 28 4C            [12] 1952 	jr	Z, 00111$
    00000A1F FAr00r00         [16] 1953 	ld	a, (#_locked_door)
    00000A22 D6 08            [ 8] 1954 	sub	a, #0x08
    00000A24 28 66            [12] 1955 	jr	Z, 00116$
    00000A26 C3rABr0A         [16] 1956 	jp	00121$
                                   1957 ;main.c:554: case 1:
    00000A29                       1958 00101$:
                                   1959 ;main.c:555: if (gx >= 8 && gx <= 11 && gy <= 3) {
    00000A29 F8 07            [12] 1960 	ldhl	sp,	#7
    00000A2B CB 46            [12] 1961 	bit	0, (hl)
    00000A2D 20 7C            [12] 1962 	jr	NZ, 00121$
    00000A2F 23               [ 8] 1963 	inc	hl
    00000A30 CB 46            [12] 1964 	bit	0, (hl)
    00000A32 20 77            [12] 1965 	jr	NZ, 00121$
    00000A34 3E 03            [ 8] 1966 	ld	a, #0x03
    00000A36 F8 03            [12] 1967 	ldhl	sp,	#3
    00000A38 96               [ 8] 1968 	sub	a, (hl)
    00000A39 38 70            [12] 1969 	jr	C, 00121$
                                   1970 ;main.c:556: lock_opened = 1;
    00000A3B 21r32r00         [12] 1971 	ld	hl, #_lock_opened
    00000A3E 36 01            [12] 1972 	ld	(hl), #0x01
                                   1973 ;main.c:557: hide_door();
    00000A40 1Er00            [ 8] 1974 	ld	e, #b_hide_door
    00000A42 21r00r00         [12] 1975 	ld	hl, #_hide_door
    00000A45 CDr00r00         [24] 1976 	call	___sdcc_bcall_ehl
                                   1977 ;main.c:559: break;
    00000A48 18 61            [12] 1978 	jr	00121$
                                   1979 ;main.c:560: case 2:
    00000A4A                       1980 00106$:
                                   1981 ;main.c:561: if (gy >= 8 && gy <= 9 && gx >= 16) {
    00000A4A F8 04            [12] 1982 	ldhl	sp,	#4
    00000A4C CB 46            [12] 1983 	bit	0, (hl)
    00000A4E 20 5B            [12] 1984 	jr	NZ, 00121$
    00000A50 23               [ 8] 1985 	inc	hl
    00000A51 CB 46            [12] 1986 	bit	0, (hl)
    00000A53 20 56            [12] 1987 	jr	NZ, 00121$
    00000A55 F8 02            [12] 1988 	ldhl	sp,	#2
    00000A57 7E               [ 8] 1989 	ld	a, (hl)
    00000A58 D6 10            [ 8] 1990 	sub	a, #0x10
    00000A5A 38 4F            [12] 1991 	jr	C, 00121$
                                   1992 ;main.c:562: lock_opened = 1;
    00000A5C 21r32r00         [12] 1993 	ld	hl, #_lock_opened
    00000A5F 36 01            [12] 1994 	ld	(hl), #0x01
                                   1995 ;main.c:563: hide_door();
    00000A61 1Er00            [ 8] 1996 	ld	e, #b_hide_door
    00000A63 21r00r00         [12] 1997 	ld	hl, #_hide_door
    00000A66 CDr00r00         [24] 1998 	call	___sdcc_bcall_ehl
                                   1999 ;main.c:565: break;
    00000A69 18 40            [12] 2000 	jr	00121$
                                   2001 ;main.c:566: case 4:
    00000A6B                       2002 00111$:
                                   2003 ;main.c:567: if (gy >= 14 && gx >= 8 && gx <= 11) {
    00000A6B F8 03            [12] 2004 	ldhl	sp,	#3
    00000A6D 7E               [ 8] 2005 	ld	a, (hl)
    00000A6E D6 0E            [ 8] 2006 	sub	a, #0x0e
    00000A70 38 39            [12] 2007 	jr	C, 00121$
    00000A72 F8 07            [12] 2008 	ldhl	sp,	#7
    00000A74 CB 46            [12] 2009 	bit	0, (hl)
    00000A76 20 33            [12] 2010 	jr	NZ, 00121$
    00000A78 23               [ 8] 2011 	inc	hl
    00000A79 CB 46            [12] 2012 	bit	0, (hl)
    00000A7B 20 2E            [12] 2013 	jr	NZ, 00121$
                                   2014 ;main.c:568: lock_opened = 1;
    00000A7D 21r32r00         [12] 2015 	ld	hl, #_lock_opened
    00000A80 36 01            [12] 2016 	ld	(hl), #0x01
                                   2017 ;main.c:569: hide_door();
    00000A82 1Er00            [ 8] 2018 	ld	e, #b_hide_door
    00000A84 21r00r00         [12] 2019 	ld	hl, #_hide_door
    00000A87 CDr00r00         [24] 2020 	call	___sdcc_bcall_ehl
                                   2021 ;main.c:571: break;
    00000A8A 18 1F            [12] 2022 	jr	00121$
                                   2023 ;main.c:572: case 8:
    00000A8C                       2024 00116$:
                                   2025 ;main.c:573: if (gx <= 3 && gy >= 8 && gy <= 9) {
    00000A8C 3E 03            [ 8] 2026 	ld	a, #0x03
    00000A8E F8 02            [12] 2027 	ldhl	sp,	#2
    00000A90 96               [ 8] 2028 	sub	a, (hl)
    00000A91 38 18            [12] 2029 	jr	C, 00121$
    00000A93 23               [ 8] 2030 	inc	hl
    00000A94 23               [ 8] 2031 	inc	hl
    00000A95 CB 46            [12] 2032 	bit	0, (hl)
    00000A97 20 12            [12] 2033 	jr	NZ, 00121$
    00000A99 23               [ 8] 2034 	inc	hl
    00000A9A CB 46            [12] 2035 	bit	0, (hl)
    00000A9C 20 0D            [12] 2036 	jr	NZ, 00121$
                                   2037 ;main.c:574: lock_opened = 1;
    00000A9E 21r32r00         [12] 2038 	ld	hl, #_lock_opened
    00000AA1 36 01            [12] 2039 	ld	(hl), #0x01
                                   2040 ;main.c:575: hide_door();
    00000AA3 1Er00            [ 8] 2041 	ld	e, #b_hide_door
    00000AA5 21r00r00         [12] 2042 	ld	hl, #_hide_door
    00000AA8 CDr00r00         [24] 2043 	call	___sdcc_bcall_ehl
                                   2044 ;main.c:578: }
    00000AAB                       2045 00121$:
                                   2046 ;main.c:579: unlock_sfx();
    00000AAB 1Er00            [ 8] 2047 	ld	e, #b_unlock_sfx
    00000AAD 21r00r00         [12] 2048 	ld	hl, #_unlock_sfx
    00000AB0 CDr00r00         [24] 2049 	call	___sdcc_bcall_ehl
    00000AB3 C3r30r0C         [16] 2050 	jp	00184$
    00000AB6                       2051 00125$:
                                   2052 ;main.c:582: if (num_arrows > 0) {
    00000AB6 FAr25r00         [16] 2053 	ld	a, (#_num_arrows)
    00000AB9 B7               [ 4] 2054 	or	a, a
    00000ABA CAr30r0C         [16] 2055 	jp	Z, 00184$
                                   2056 ;main.c:583: shoot_arrow();
    00000ABD CDr56r19         [24] 2057 	call	_shoot_arrow
                                   2058 ;main.c:584: num_arrows--;
    00000AC0 21r25r00         [12] 2059 	ld	hl, #_num_arrows
    00000AC3 35               [12] 2060 	dec	(hl)
                                   2061 ;main.c:585: delay(100);
    00000AC4 11 64 00         [12] 2062 	ld	de, #0x0064
    00000AC7 CDr00r00         [24] 2063 	call	_delay
                                   2064 ;main.c:586: move_enemy(&current_enemies[0]);
    00000ACA 11r7Er01         [12] 2065 	ld	de, #_current_enemies
    00000ACD CDr00r00         [24] 2066 	call	_move_enemy
                                   2067 ;main.c:587: move_enemy(&current_enemies[1]);
    00000AD0 11r8Ar01         [12] 2068 	ld	de, #(_current_enemies + 12)
    00000AD3 CDr00r00         [24] 2069 	call	_move_enemy
                                   2070 ;main.c:588: move_boss(&boss);
    00000AD6 11rA2r01         [12] 2071 	ld	de, #_boss
    00000AD9 D5               [16] 2072 	push	de
    00000ADA 1Er00            [ 8] 2073 	ld	e, #b_move_boss
    00000ADC 21r00r00         [12] 2074 	ld	hl, #_move_boss
    00000ADF CDr00r00         [24] 2075 	call	___sdcc_bcall_ehl
    00000AE2 E1               [12] 2076 	pop	hl
    00000AE3 C3r30r0C         [16] 2077 	jp	00184$
    00000AE6                       2078 00170$:
                                   2079 ;main.c:592: else if (current_location == 0) {
    00000AE6 FAr2Br00         [16] 2080 	ld	a, (#_current_location)
    00000AE9 B7               [ 4] 2081 	or	a, a
    00000AEA C2r30r0C         [16] 2082 	jp	NZ, 00184$
                                   2083 ;main.c:593: if (gx >= 4 && gx <= 5 && gy >= 10 && gy <= 11) {
    00000AED F8 03            [12] 2084 	ldhl	sp,	#3
    00000AEF 7E               [ 8] 2085 	ld	a, (hl)
    00000AF0 D6 0A            [ 8] 2086 	sub	a, #0x0a
    00000AF2 3E 00            [ 8] 2087 	ld	a, #0x00
    00000AF4 17               [ 4] 2088 	rla
    00000AF5 F8 07            [12] 2089 	ldhl	sp,	#7
    00000AF7 77               [ 8] 2090 	ld	(hl), a
    00000AF8 3E 0B            [ 8] 2091 	ld	a, #0x0b
    00000AFA F8 03            [12] 2092 	ldhl	sp,	#3
    00000AFC 96               [ 8] 2093 	sub	a, (hl)
    00000AFD 3E 00            [ 8] 2094 	ld	a, #0x00
    00000AFF 17               [ 4] 2095 	rla
    00000B00 F8 08            [12] 2096 	ldhl	sp,	#8
    00000B02 77               [ 8] 2097 	ld	(hl), a
    00000B03 F8 02            [12] 2098 	ldhl	sp,	#2
    00000B05 7E               [ 8] 2099 	ld	a, (hl)
    00000B06 D6 04            [ 8] 2100 	sub	a, #0x04
    00000B08 38 56            [12] 2101 	jr	C, 00162$
    00000B0A 3E 05            [ 8] 2102 	ld	a, #0x05
    00000B0C 96               [ 8] 2103 	sub	a, (hl)
    00000B0D 38 51            [12] 2104 	jr	C, 00162$
    00000B0F F8 07            [12] 2105 	ldhl	sp,	#7
    00000B11 CB 46            [12] 2106 	bit	0, (hl)
    00000B13 20 4B            [12] 2107 	jr	NZ, 00162$
    00000B15 23               [ 8] 2108 	inc	hl
    00000B16 CB 46            [12] 2109 	bit	0, (hl)
    00000B18 20 46            [12] 2110 	jr	NZ, 00162$
                                   2111 ;main.c:594: while(joypad() & J_A) { wait_vbl_done(); }
    00000B1A                       2112 00144$:
    00000B1A CDr00r00         [24] 2113 	call	_joypad
    00000B1D CB 67            [ 8] 2114 	bit	4, a
    00000B1F 28 05            [12] 2115 	jr	Z, 00146$
    00000B21 CDr00r00         [24] 2116 	call	_wait_vbl_done
    00000B24 18 F4            [12] 2117 	jr	00144$
    00000B26                       2118 00146$:
                                   2119 ;main.c:595: menu_opened = 2;
    00000B26 21r2Ar00         [12] 2120 	ld	hl, #_menu_opened
    00000B29 36 02            [12] 2121 	ld	(hl), #0x02
                                   2122 ;main.c:596: HIDE_SPRITES;
    00000B2B F0r00            [12] 2123 	ldh	a, (_LCDC_REG + 0)
    00000B2D E6 FD            [ 8] 2124 	and	a, #0xfd
    00000B2F E0r00            [12] 2125 	ldh	(_LCDC_REG + 0), a
                                   2126 ;c:\users\utente\desktop\tirocinio\gbdk-win64\gbdk\include\gb\gb.h:1739: WX_REG=x, WY_REG=y;
    00000B31 3E 07            [ 8] 2127 	ld	a, #0x07
    00000B33 E0r00            [12] 2128 	ldh	(_WX_REG + 0), a
    00000B35 3E 20            [ 8] 2129 	ld	a, #0x20
    00000B37 E0r00            [12] 2130 	ldh	(_WY_REG + 0), a
                                   2131 ;main.c:598: set_win_tiles(0, 0, 20, 14, hector_menu);
    00000B39 11r00r00         [12] 2132 	ld	de, #_hector_menu
    00000B3C D5               [16] 2133 	push	de
    00000B3D 21 14 0E         [12] 2134 	ld	hl, #0xe14
    00000B40 E5               [16] 2135 	push	hl
    00000B41 AF               [ 4] 2136 	xor	a, a
    00000B42 0F               [ 4] 2137 	rrca
    00000B43 F5               [16] 2138 	push	af
    00000B44 CDr00r00         [24] 2139 	call	_set_win_tiles
    00000B47 E8 06            [16] 2140 	add	sp, #6
                                   2141 ;main.c:599: set_win_tiles(1, 1, 1, 1, &arrow_tile);
    00000B49 11r44r03         [12] 2142 	ld	de, #_arrow_tile
    00000B4C D5               [16] 2143 	push	de
    00000B4D 21 01 01         [12] 2144 	ld	hl, #0x101
    00000B50 E5               [16] 2145 	push	hl
    00000B51 E5               [16] 2146 	push	hl
    00000B52 CDr00r00         [24] 2147 	call	_set_win_tiles
    00000B55 E8 06            [16] 2148 	add	sp, #6
                                   2149 ;main.c:600: delay(300);
    00000B57 11 2C 01         [12] 2150 	ld	de, #0x012c
    00000B5A CDr00r00         [24] 2151 	call	_delay
    00000B5D C3r30r0C         [16] 2152 	jp	00184$
    00000B60                       2153 00162$:
                                   2154 ;main.c:602: else if (gx >= 14 && gx <= 15 && gy >= 8 && gy <= 9) {
    00000B60 F8 02            [12] 2155 	ldhl	sp,	#2
    00000B62 7E               [ 8] 2156 	ld	a, (hl)
    00000B63 D6 0E            [ 8] 2157 	sub	a, #0x0e
    00000B65 38 55            [12] 2158 	jr	C, 00156$
    00000B67 3E 0F            [ 8] 2159 	ld	a, #0x0f
    00000B69 96               [ 8] 2160 	sub	a, (hl)
    00000B6A 38 50            [12] 2161 	jr	C, 00156$
    00000B6C 23               [ 8] 2162 	inc	hl
    00000B6D 23               [ 8] 2163 	inc	hl
    00000B6E CB 46            [12] 2164 	bit	0, (hl)
    00000B70 20 4A            [12] 2165 	jr	NZ, 00156$
    00000B72 23               [ 8] 2166 	inc	hl
    00000B73 CB 46            [12] 2167 	bit	0, (hl)
    00000B75 20 45            [12] 2168 	jr	NZ, 00156$
                                   2169 ;main.c:603: while(joypad() & J_A) { wait_vbl_done(); }
    00000B77                       2170 00147$:
    00000B77 CDr00r00         [24] 2171 	call	_joypad
    00000B7A CB 67            [ 8] 2172 	bit	4, a
    00000B7C 28 05            [12] 2173 	jr	Z, 00149$
    00000B7E CDr00r00         [24] 2174 	call	_wait_vbl_done
    00000B81 18 F4            [12] 2175 	jr	00147$
    00000B83                       2176 00149$:
                                   2177 ;main.c:604: menu_opened = 3;
    00000B83 21r2Ar00         [12] 2178 	ld	hl, #_menu_opened
    00000B86 36 03            [12] 2179 	ld	(hl), #0x03
                                   2180 ;main.c:605: HIDE_SPRITES;
    00000B88 F0r00            [12] 2181 	ldh	a, (_LCDC_REG + 0)
    00000B8A E6 FD            [ 8] 2182 	and	a, #0xfd
    00000B8C E0r00            [12] 2183 	ldh	(_LCDC_REG + 0), a
                                   2184 ;c:\users\utente\desktop\tirocinio\gbdk-win64\gbdk\include\gb\gb.h:1739: WX_REG=x, WY_REG=y;
    00000B8E 3E 07            [ 8] 2185 	ld	a, #0x07
    00000B90 E0r00            [12] 2186 	ldh	(_WX_REG + 0), a
    00000B92 3E 20            [ 8] 2187 	ld	a, #0x20
    00000B94 E0r00            [12] 2188 	ldh	(_WY_REG + 0), a
                                   2189 ;main.c:607: set_win_tiles(0, 0, 20, 14, safy_menu);
    00000B96 11r00r00         [12] 2190 	ld	de, #_safy_menu
    00000B99 D5               [16] 2191 	push	de
    00000B9A 21 14 0E         [12] 2192 	ld	hl, #0xe14
    00000B9D E5               [16] 2193 	push	hl
    00000B9E AF               [ 4] 2194 	xor	a, a
    00000B9F 0F               [ 4] 2195 	rrca
    00000BA0 F5               [16] 2196 	push	af
    00000BA1 CDr00r00         [24] 2197 	call	_set_win_tiles
    00000BA4 E8 06            [16] 2198 	add	sp, #6
                                   2199 ;main.c:608: set_win_tiles(1, 1, 1, 1, &arrow_tile);
    00000BA6 11r44r03         [12] 2200 	ld	de, #_arrow_tile
    00000BA9 D5               [16] 2201 	push	de
    00000BAA 21 01 01         [12] 2202 	ld	hl, #0x101
    00000BAD E5               [16] 2203 	push	hl
    00000BAE E5               [16] 2204 	push	hl
    00000BAF CDr00r00         [24] 2205 	call	_set_win_tiles
    00000BB2 E8 06            [16] 2206 	add	sp, #6
                                   2207 ;main.c:609: delay(300);
    00000BB4 11 2C 01         [12] 2208 	ld	de, #0x012c
    00000BB7 CDr00r00         [24] 2209 	call	_delay
    00000BBA 18 74            [12] 2210 	jr	00184$
    00000BBC                       2211 00156$:
                                   2212 ;main.c:611: else if (gx>=12 && gx <=13 && gy >= 10 && gy <= 11) {
    00000BBC F8 02            [12] 2213 	ldhl	sp,	#2
    00000BBE 7E               [ 8] 2214 	ld	a, (hl)
    00000BBF D6 0C            [ 8] 2215 	sub	a, #0x0c
    00000BC1 38 6D            [12] 2216 	jr	C, 00184$
    00000BC3 3E 0D            [ 8] 2217 	ld	a, #0x0d
    00000BC5 96               [ 8] 2218 	sub	a, (hl)
    00000BC6 38 68            [12] 2219 	jr	C, 00184$
    00000BC8 F8 07            [12] 2220 	ldhl	sp,	#7
    00000BCA CB 46            [12] 2221 	bit	0, (hl)
    00000BCC 20 62            [12] 2222 	jr	NZ, 00184$
    00000BCE 23               [ 8] 2223 	inc	hl
    00000BCF CB 46            [12] 2224 	bit	0, (hl)
    00000BD1 20 5D            [12] 2225 	jr	NZ, 00184$
                                   2226 ;main.c:612: save_game();
    00000BD3 CDr00r00         [24] 2227 	call	_save_game
                                   2228 ;main.c:613: delay(150);
    00000BD6 11 96 00         [12] 2229 	ld	de, #0x0096
    00000BD9 CDr00r00         [24] 2230 	call	_delay
                                   2231 ;main.c:614: heal_sfx();
    00000BDC 1Er00            [ 8] 2232 	ld	e, #b_heal_sfx
    00000BDE 21r00r00         [12] 2233 	ld	hl, #_heal_sfx
    00000BE1 CDr00r00         [24] 2234 	call	___sdcc_bcall_ehl
                                   2235 ;main.c:615: menu_opened = 4;
    00000BE4 21r2Ar00         [12] 2236 	ld	hl, #_menu_opened
    00000BE7 36 04            [12] 2237 	ld	(hl), #0x04
                                   2238 ;main.c:616: set_textbox(0);
    00000BE9 AF               [ 4] 2239 	xor	a, a
    00000BEA CDr3Dr15         [24] 2240 	call	_set_textbox
    00000BED 18 41            [12] 2241 	jr	00184$
    00000BEF                       2242 00178$:
                                   2243 ;main.c:621: else if (joypad() & J_B && current_location == 1) {
    00000BEF CDr00r00         [24] 2244 	call	_joypad
    00000BF2 CB 6F            [ 8] 2245 	bit	5, a
    00000BF4 28 3A            [12] 2246 	jr	Z, 00184$
    00000BF6 FAr2Br00         [16] 2247 	ld	a, (#_current_location)
    00000BF9 3D               [ 4] 2248 	dec	a
    00000BFA 20 34            [12] 2249 	jr	NZ, 00184$
                                   2250 ;main.c:622: if (heals > 0) {
    00000BFC FAr22r00         [16] 2251 	ld	a, (#_heals)
    00000BFF B7               [ 4] 2252 	or	a, a
    00000C00 28 2E            [12] 2253 	jr	Z, 00184$
                                   2254 ;main.c:623: heal_sfx();
    00000C02 1Er00            [ 8] 2255 	ld	e, #b_heal_sfx
    00000C04 21r00r00         [12] 2256 	ld	hl, #_heal_sfx
    00000C07 CDr00r00         [24] 2257 	call	___sdcc_bcall_ehl
                                   2258 ;main.c:624: heal_player();
    00000C0A CDrAEr1A         [24] 2259 	call	_heal_player
                                   2260 ;main.c:625: heals--;
    00000C0D 21r22r00         [12] 2261 	ld	hl, #_heals
    00000C10 35               [12] 2262 	dec	(hl)
                                   2263 ;main.c:626: delay(100);
    00000C11 11 64 00         [12] 2264 	ld	de, #0x0064
    00000C14 CDr00r00         [24] 2265 	call	_delay
                                   2266 ;main.c:627: move_enemy(&current_enemies[0]);
    00000C17 11r7Er01         [12] 2267 	ld	de, #_current_enemies
    00000C1A CDr00r00         [24] 2268 	call	_move_enemy
                                   2269 ;main.c:628: move_enemy(&current_enemies[1]);
    00000C1D 11r8Ar01         [12] 2270 	ld	de, #(_current_enemies + 12)
    00000C20 CDr00r00         [24] 2271 	call	_move_enemy
                                   2272 ;main.c:629: move_boss(&boss);
    00000C23 11rA2r01         [12] 2273 	ld	de, #_boss
    00000C26 D5               [16] 2274 	push	de
    00000C27 1Er00            [ 8] 2275 	ld	e, #b_move_boss
    00000C29 21r00r00         [12] 2276 	ld	hl, #_move_boss
    00000C2C CDr00r00         [24] 2277 	call	___sdcc_bcall_ehl
    00000C2F E1               [12] 2278 	pop	hl
    00000C30                       2279 00184$:
                                   2280 ;main.c:632: }
    00000C30 E8 09            [16] 2281 	add	sp, #9
    00000C32 C9               [16] 2282 	ret
                                   2283 ;main.c:635: uint8_t check_terrain(uint8_t new_x, uint8_t new_y) {
                                   2284 ;	---------------------------------
                                   2285 ; Function check_terrain
                                   2286 ; ---------------------------------
    00000C33                       2287 _check_terrain::
    00000C33 E8 F8            [16] 2288 	add	sp, #-8
    00000C35 4F               [ 4] 2289 	ld	c, a
    00000C36 F8 07            [12] 2290 	ldhl	sp,	#7
    00000C38 73               [ 8] 2291 	ld	(hl), e
                                   2292 ;main.c:637: if (current_location != 0) {
    00000C39 FAr2Br00         [16] 2293 	ld	a, (#_current_location)
    00000C3C B7               [ 4] 2294 	or	a, a
    00000C3D 28 1B            [12] 2295 	jr	Z, 00107$
                                   2296 ;main.c:638: if (new_x < 8 || new_x > 160 || new_y < 16 || new_y > 152) {
    00000C3F 79               [ 4] 2297 	ld	a, c
    00000C40 D6 08            [ 8] 2298 	sub	a, #0x08
    00000C42 38 11            [12] 2299 	jr	C, 00101$
    00000C44 3E A0            [ 8] 2300 	ld	a, #0xa0
    00000C46 91               [ 4] 2301 	sub	a, c
    00000C47 38 0C            [12] 2302 	jr	C, 00101$
    00000C49 F8 07            [12] 2303 	ldhl	sp,	#7
    00000C4B 7E               [ 8] 2304 	ld	a, (hl)
    00000C4C D6 10            [ 8] 2305 	sub	a, #0x10
    00000C4E 38 05            [12] 2306 	jr	C, 00101$
    00000C50 3E 98            [ 8] 2307 	ld	a, #0x98
    00000C52 96               [ 8] 2308 	sub	a, (hl)
    00000C53 30 05            [12] 2309 	jr	NC, 00107$
    00000C55                       2310 00101$:
                                   2311 ;main.c:639: return 1;
    00000C55 3E 01            [ 8] 2312 	ld	a, #0x01
    00000C57 C3r1Br0E         [16] 2313 	jp	00144$
    00000C5A                       2314 00107$:
                                   2315 ;main.c:644: int16_t gx = ((int16_t)new_x - 8) / 8;
    00000C5A 06 00            [ 8] 2316 	ld	b, #0x00
    00000C5C 11 08 00         [12] 2317 	ld	de, #0x0008
    00000C5F 79               [ 4] 2318 	ld	a, c
    00000C60 93               [ 4] 2319 	sub	a, e
    00000C61 5F               [ 4] 2320 	ld	e, a
    00000C62 78               [ 4] 2321 	ld	a, b
    00000C63 9A               [ 4] 2322 	sbc	a, d
    00000C64 F8 04            [12] 2323 	ldhl	sp,	#4
    00000C66 32               [ 8] 2324 	ld	(hl-), a
    00000C67 73               [ 8] 2325 	ld	(hl), e
    00000C68 2A               [ 8] 2326 	ld	a, (hl+)
    00000C69 23               [ 8] 2327 	inc	hl
    00000C6A 32               [ 8] 2328 	ld	(hl-), a
    00000C6B 2A               [ 8] 2329 	ld	a, (hl+)
    00000C6C 23               [ 8] 2330 	inc	hl
    00000C6D 32               [ 8] 2331 	ld	(hl-), a
    00000C6E 2B               [ 8] 2332 	dec	hl
    00000C6F CB 7E            [12] 2333 	bit	7, (hl)
    00000C71 28 0E            [12] 2334 	jr	Z, 00146$
    00000C73 21 FF FF         [12] 2335 	ld	hl, #0xffff
    00000C76 09               [ 8] 2336 	add	hl, bc
    00000C77 E5               [16] 2337 	push	hl
    00000C78 7D               [ 4] 2338 	ld	a, l
    00000C79 F8 07            [12] 2339 	ldhl	sp,	#7
    00000C7B 77               [ 8] 2340 	ld	(hl), a
    00000C7C E1               [12] 2341 	pop	hl
    00000C7D 7C               [ 4] 2342 	ld	a, h
    00000C7E F8 06            [12] 2343 	ldhl	sp,	#6
    00000C80 77               [ 8] 2344 	ld	(hl), a
    00000C81                       2345 00146$:
    00000C81 F8 05            [12] 2346 	ldhl	sp,#5
    00000C83 2A               [ 8] 2347 	ld	a, (hl+)
    00000C84 4F               [ 4] 2348 	ld	c, a
    00000C85 3A               [ 8] 2349 	ld	a, (hl-)
    00000C86 47               [ 4] 2350 	ld	b, a
    00000C87 CB 28            [ 8] 2351 	sra	b
    00000C89 CB 19            [ 8] 2352 	rr	c
    00000C8B CB 28            [ 8] 2353 	sra	b
    00000C8D CB 19            [ 8] 2354 	rr	c
    00000C8F CB 28            [ 8] 2355 	sra	b
    00000C91 CB 19            [ 8] 2356 	rr	c
    00000C93 79               [ 4] 2357 	ld	a, c
    00000C94 22               [ 8] 2358 	ld	(hl+), a
                                   2359 ;main.c:645: int16_t gy = ((int16_t)new_y - 16) / 8;
    00000C95 78               [ 4] 2360 	ld	a, b
    00000C96 22               [ 8] 2361 	ld	(hl+), a
    00000C97 7E               [ 8] 2362 	ld	a, (hl)
    00000C98 F8 01            [12] 2363 	ldhl	sp,	#1
    00000C9A 22               [ 8] 2364 	ld	(hl+), a
    00000C9B AF               [ 4] 2365 	xor	a, a
    00000C9C 32               [ 8] 2366 	ld	(hl-), a
    00000C9D 2A               [ 8] 2367 	ld	a, (hl+)
    00000C9E 5F               [ 4] 2368 	ld	e, a
    00000C9F 56               [ 8] 2369 	ld	d, (hl)
    00000CA0 21 10 00         [12] 2370 	ld	hl, #0x0010
    00000CA3 7B               [ 4] 2371 	ld	a, e
    00000CA4 95               [ 4] 2372 	sub	a, l
    00000CA5 5F               [ 4] 2373 	ld	e, a
    00000CA6 7A               [ 4] 2374 	ld	a, d
    00000CA7 9C               [ 4] 2375 	sbc	a, h
    00000CA8 F8 04            [12] 2376 	ldhl	sp,	#4
    00000CAA 32               [ 8] 2377 	ld	(hl-), a
    00000CAB 73               [ 8] 2378 	ld	(hl), e
    00000CAC 2A               [ 8] 2379 	ld	a, (hl+)
    00000CAD 4F               [ 4] 2380 	ld	c, a
    00000CAE 46               [ 8] 2381 	ld	b, (hl)
    00000CAF CB 7E            [12] 2382 	bit	7, (hl)
    00000CB1 28 0C            [12] 2383 	jr	Z, 00147$
    00000CB3 2B               [ 8] 2384 	dec	hl
    00000CB4 2B               [ 8] 2385 	dec	hl
    00000CB5 2B               [ 8] 2386 	dec	hl
    00000CB6 2A               [ 8] 2387 	ld	a, (hl+)
    00000CB7 5F               [ 4] 2388 	ld	e, a
    00000CB8 56               [ 8] 2389 	ld	d, (hl)
    00000CB9 21 F7 FF         [12] 2390 	ld	hl, #0xfff7
    00000CBC 19               [ 8] 2391 	add	hl, de
    00000CBD 4D               [ 4] 2392 	ld	c, l
    00000CBE 44               [ 4] 2393 	ld	b, h
    00000CBF                       2394 00147$:
    00000CBF CB 28            [ 8] 2395 	sra	b
    00000CC1 CB 19            [ 8] 2396 	rr	c
    00000CC3 CB 28            [ 8] 2397 	sra	b
    00000CC5 CB 19            [ 8] 2398 	rr	c
    00000CC7 CB 28            [ 8] 2399 	sra	b
    00000CC9 CB 19            [ 8] 2400 	rr	c
    00000CCB 33               [ 8] 2401 	inc	sp
    00000CCC 33               [ 8] 2402 	inc	sp
    00000CCD C5               [16] 2403 	push	bc
                                   2404 ;main.c:647: if (gx < 0 || gx >= 20 || gy < 0 || gy >= 18) {
    00000CCE F8 05            [12] 2405 	ldhl	sp,	#5
    00000CD0 2A               [ 8] 2406 	ld	a, (hl+)
    00000CD1 4F               [ 4] 2407 	ld	c, a
    00000CD2 46               [ 8] 2408 	ld	b, (hl)
    00000CD3 CB 78            [ 8] 2409 	bit	7, b
    00000CD5 20 1D            [12] 2410 	jr	NZ, 00108$
    00000CD7 79               [ 4] 2411 	ld	a, c
    00000CD8 D6 14            [ 8] 2412 	sub	a, #0x14
    00000CDA 78               [ 4] 2413 	ld	a, b
    00000CDB DE 00            [ 8] 2414 	sbc	a, #0x00
    00000CDD 30 15            [12] 2415 	jr	NC, 00108$
    00000CDF F8 00            [12] 2416 	ldhl	sp,	#0
    00000CE1 2A               [ 8] 2417 	ld	a, (hl+)
    00000CE2 23               [ 8] 2418 	inc	hl
    00000CE3 32               [ 8] 2419 	ld	(hl-), a
    00000CE4 2A               [ 8] 2420 	ld	a, (hl+)
    00000CE5 23               [ 8] 2421 	inc	hl
    00000CE6 77               [ 8] 2422 	ld	(hl), a
    00000CE7 CB 7E            [12] 2423 	bit	7, (hl)
    00000CE9 20 09            [12] 2424 	jr	NZ, 00108$
    00000CEB 2B               [ 8] 2425 	dec	hl
    00000CEC 2A               [ 8] 2426 	ld	a, (hl+)
    00000CED D6 12            [ 8] 2427 	sub	a, #0x12
    00000CEF 7E               [ 8] 2428 	ld	a, (hl)
    00000CF0 DE 00            [ 8] 2429 	sbc	a, #0x00
    00000CF2 38 04            [12] 2430 	jr	C, 00109$
    00000CF4                       2431 00108$:
                                   2432 ;main.c:648: return 0;
    00000CF4 AF               [ 4] 2433 	xor	a, a
    00000CF5 C3r1Br0E         [16] 2434 	jp	00144$
    00000CF8                       2435 00109$:
                                   2436 ;main.c:651: uint16_t tile_index = (uint16_t)gy * 20 + gx;
    00000CF8 F8 00            [12] 2437 	ldhl	sp,	#0
    00000CFA 2A               [ 8] 2438 	ld	a, (hl+)
    00000CFB 5E               [ 8] 2439 	ld	e, (hl)
    00000CFC 6F               [ 4] 2440 	ld	l, a
    00000CFD 63               [ 4] 2441 	ld	h, e
    00000CFE 5D               [ 4] 2442 	ld	e, l
    00000CFF 54               [ 4] 2443 	ld	d, h
    00000D00 29               [ 8] 2444 	add	hl, hl
    00000D01 29               [ 8] 2445 	add	hl, hl
    00000D02 19               [ 8] 2446 	add	hl, de
    00000D03 29               [ 8] 2447 	add	hl, hl
    00000D04 29               [ 8] 2448 	add	hl, hl
    00000D05 5D               [ 4] 2449 	ld	e, l
    00000D06 54               [ 4] 2450 	ld	d, h
    00000D07 F8 05            [12] 2451 	ldhl	sp,	#5
    00000D09 7E               [ 8] 2452 	ld	a, (hl)
    00000D0A F8 00            [12] 2453 	ldhl	sp,	#0
    00000D0C 77               [ 8] 2454 	ld	(hl), a
    00000D0D F8 06            [12] 2455 	ldhl	sp,	#6
    00000D0F 7E               [ 8] 2456 	ld	a, (hl)
    00000D10 F8 01            [12] 2457 	ldhl	sp,	#1
    00000D12 77               [ 8] 2458 	ld	(hl), a
    00000D13 E1               [12] 2459 	pop	hl
    00000D14 E5               [16] 2460 	push	hl
    00000D15 19               [ 8] 2461 	add	hl, de
    00000D16 E5               [16] 2462 	push	hl
    00000D17 7D               [ 4] 2463 	ld	a, l
    00000D18 F8 06            [12] 2464 	ldhl	sp,	#6
    00000D1A 77               [ 8] 2465 	ld	(hl), a
    00000D1B E1               [12] 2466 	pop	hl
    00000D1C 7C               [ 4] 2467 	ld	a, h
    00000D1D F8 05            [12] 2468 	ldhl	sp,	#5
    00000D1F 77               [ 8] 2469 	ld	(hl), a
                                   2470 ;main.c:653: if (current_location == 0) {
    00000D20 FAr2Br00         [16] 2471 	ld	a, (#_current_location)
    00000D23 B7               [ 4] 2472 	or	a, a
    00000D24 20 2E            [12] 2473 	jr	NZ, 00142$
                                   2474 ;main.c:654: SWITCH_ROM(2);
    00000D26 3E 02            [ 8] 2475 	ld	a, #0x02
    00000D28 E0r00            [12] 2476 	ldh	(__current_bank + 0), a
    00000D2A 21r00r00         [12] 2477 	ld	hl, #_rROMB0
    00000D2D 36 02            [12] 2478 	ld	(hl), #0x02
                                   2479 ;main.c:655: uint8_t tile_id = Camp[tile_index];             // collisioni campo
    00000D2F 11r00r00         [12] 2480 	ld	de, #_Camp
    00000D32 F8 04            [12] 2481 	ldhl	sp,	#4
    00000D34 2A               [ 8] 2482 	ld	a,	(hl+)
    00000D35 66               [ 8] 2483 	ld	h, (hl)
    00000D36 6F               [ 4] 2484 	ld	l, a
    00000D37 19               [ 8] 2485 	add	hl, de
    00000D38 4D               [ 4] 2486 	ld	c, l
    00000D39 44               [ 4] 2487 	ld	b, h
    00000D3A 0A               [ 8] 2488 	ld	a, (bc)
    00000D3B 4F               [ 4] 2489 	ld	c, a
                                   2490 ;main.c:656: uint8_t camp_colliding = camp_collisions[tile_id];
    00000D3C 21r00r00         [12] 2491 	ld	hl, #_camp_collisions
    00000D3F 06 00            [ 8] 2492 	ld	b, #0x00
    00000D41 09               [ 8] 2493 	add	hl, bc
    00000D42 4E               [ 8] 2494 	ld	c, (hl)
                                   2495 ;main.c:657: SWITCH_ROM(1);
    00000D43 3E 01            [ 8] 2496 	ld	a, #0x01
    00000D45 E0r00            [12] 2497 	ldh	(__current_bank + 0), a
    00000D47 21r00r00         [12] 2498 	ld	hl, #_rROMB0
    00000D4A 36 01            [12] 2499 	ld	(hl), #0x01
                                   2500 ;main.c:658: if (camp_colliding == 1) return 0;
    00000D4C 0D               [ 4] 2501 	dec	c
    00000D4D C2r19r0E         [16] 2502 	jp	NZ,00143$
    00000D50 79               [ 4] 2503 	ld	a, c
    00000D51 C3r1Br0E         [16] 2504 	jp	00144$
    00000D54                       2505 00142$:
                                   2506 ;main.c:660: if (dungeon[player_coords.x][player_coords.y] == 'T' || dungeon[player_coords.x][player_coords.y] == 'K') {
    00000D54 FAr02r00         [16] 2507 	ld	a, (#_player_coords + 0)
    00000D57 6F               [ 4] 2508 	ld	l, a
    00000D58 07               [ 4] 2509 	rlca
    00000D59 9F               [ 4] 2510 	sbc	a, a
    00000D5A 67               [ 4] 2511 	ld	h, a
    00000D5B 29               [ 8] 2512 	add	hl, hl
    00000D5C 29               [ 8] 2513 	add	hl, hl
    00000D5D 11r00r00         [12] 2514 	ld	de, #_dungeon
    00000D60 19               [ 8] 2515 	add	hl, de
    00000D61 11r03r00         [12] 2516 	ld	de, #_player_coords + 1
    00000D64 1A               [ 8] 2517 	ld	a, (de)
    00000D65 85               [ 4] 2518 	add	a, l
    00000D66 5F               [ 4] 2519 	ld	e, a
    00000D67 3E 00            [ 8] 2520 	ld	a, #0x00
    00000D69 8C               [ 4] 2521 	adc	a, h
    00000D6A 57               [ 4] 2522 	ld	d, a
    00000D6B 1A               [ 8] 2523 	ld	a, (de)
    00000D6C F8 06            [12] 2524 	ldhl	sp,	#6
    00000D6E 77               [ 8] 2525 	ld	(hl), a
    00000D6F 7E               [ 8] 2526 	ld	a, (hl)
    00000D70 D6 54            [ 8] 2527 	sub	a, #0x54
    00000D72 28 07            [12] 2528 	jr	Z, 00120$
    00000D74 F8 06            [12] 2529 	ldhl	sp,	#6
    00000D76 7E               [ 8] 2530 	ld	a, (hl)
    00000D77 D6 4B            [ 8] 2531 	sub	a, #0x4b
    00000D79 20 22            [12] 2532 	jr	NZ, 00121$
    00000D7B                       2533 00120$:
                                   2534 ;main.c:661: if (gx >= 8 && gx <= 11 && gy >= 6 && gy <= 7) {
    00000D7B 79               [ 4] 2535 	ld	a, c
    00000D7C D6 08            [ 8] 2536 	sub	a, #0x08
    00000D7E 38 1D            [12] 2537 	jr	C, 00121$
    00000D80 3E 0B            [ 8] 2538 	ld	a, #0x0b
    00000D82 B9               [ 4] 2539 	cp	a, c
    00000D83 38 18            [12] 2540 	jr	C, 00121$
    00000D85 F8 02            [12] 2541 	ldhl	sp,	#2
    00000D87 2A               [ 8] 2542 	ld	a, (hl+)
    00000D88 D6 06            [ 8] 2543 	sub	a, #0x06
    00000D8A 7E               [ 8] 2544 	ld	a, (hl)
    00000D8B DE 00            [ 8] 2545 	sbc	a, #0x00
    00000D8D 38 0E            [12] 2546 	jr	C, 00121$
    00000D8F 2B               [ 8] 2547 	dec	hl
    00000D90 3E 07            [ 8] 2548 	ld	a, #0x07
    00000D92 96               [ 8] 2549 	sub	a, (hl)
    00000D93 23               [ 8] 2550 	inc	hl
    00000D94 3E 00            [ 8] 2551 	ld	a, #0x00
    00000D96 9E               [ 8] 2552 	sbc	a, (hl)
    00000D97 38 04            [12] 2553 	jr	C, 00121$
                                   2554 ;main.c:662: return 0;
    00000D99 AF               [ 4] 2555 	xor	a, a
    00000D9A C3r1Br0E         [16] 2556 	jp	00144$
    00000D9D                       2557 00121$:
                                   2558 ;main.c:665: if (dungeon[player_coords.x][player_coords.y] == 'L' && lock_opened == 0) {
    00000D9D F8 06            [12] 2559 	ldhl	sp,	#6
    00000D9F 7E               [ 8] 2560 	ld	a, (hl)
    00000DA0 D6 4C            [ 8] 2561 	sub	a, #0x4c
    00000DA2 20 4E            [12] 2562 	jr	NZ, 00137$
    00000DA4 FAr32r00         [16] 2563 	ld	a, (#_lock_opened)
    00000DA7 B7               [ 4] 2564 	or	a, a
    00000DA8 20 48            [12] 2565 	jr	NZ, 00137$
                                   2566 ;main.c:666: switch (locked_door) {
    00000DAA FAr00r00         [16] 2567 	ld	a, (#_locked_door)
    00000DAD 3D               [ 4] 2568 	dec	a
    00000DAE 28 17            [12] 2569 	jr	Z, 00123$
    00000DB0 FAr00r00         [16] 2570 	ld	a, (#_locked_door)
    00000DB3 D6 02            [ 8] 2571 	sub	a, #0x02
    00000DB5 28 1E            [12] 2572 	jr	Z, 00126$
    00000DB7 FAr00r00         [16] 2573 	ld	a, (#_locked_door)
    00000DBA D6 04            [ 8] 2574 	sub	a, #0x04
    00000DBC 28 1F            [12] 2575 	jr	Z, 00129$
    00000DBE FAr00r00         [16] 2576 	ld	a, (#_locked_door)
    00000DC1 D6 08            [ 8] 2577 	sub	a, #0x08
    00000DC3 28 25            [12] 2578 	jr	Z, 00132$
    00000DC5 18 2B            [12] 2579 	jr	00137$
                                   2580 ;main.c:667: case 1:
    00000DC7                       2581 00123$:
                                   2582 ;main.c:668: if (gy <= 1) {
    00000DC7 F8 02            [12] 2583 	ldhl	sp,	#2
    00000DC9 3E 01            [ 8] 2584 	ld	a, #0x01
    00000DCB 96               [ 8] 2585 	sub	a, (hl)
    00000DCC 23               [ 8] 2586 	inc	hl
    00000DCD 3E 00            [ 8] 2587 	ld	a, #0x00
    00000DCF 9E               [ 8] 2588 	sbc	a, (hl)
    00000DD0 38 20            [12] 2589 	jr	C, 00137$
                                   2590 ;main.c:669: return 0;
    00000DD2 AF               [ 4] 2591 	xor	a, a
    00000DD3 18 46            [12] 2592 	jr	00144$
                                   2593 ;main.c:672: case 2:
    00000DD5                       2594 00126$:
                                   2595 ;main.c:673: if (gx >= 18) {
    00000DD5 79               [ 4] 2596 	ld	a, c
    00000DD6 D6 12            [ 8] 2597 	sub	a, #0x12
    00000DD8 38 18            [12] 2598 	jr	C, 00137$
                                   2599 ;main.c:674: return 0;
    00000DDA AF               [ 4] 2600 	xor	a, a
    00000DDB 18 3E            [12] 2601 	jr	00144$
                                   2602 ;main.c:677: case 4:
    00000DDD                       2603 00129$:
                                   2604 ;main.c:678: if (gy >= 16) {
    00000DDD F8 02            [12] 2605 	ldhl	sp,	#2
    00000DDF 2A               [ 8] 2606 	ld	a, (hl+)
    00000DE0 D6 10            [ 8] 2607 	sub	a, #0x10
    00000DE2 7E               [ 8] 2608 	ld	a, (hl)
    00000DE3 DE 00            [ 8] 2609 	sbc	a, #0x00
    00000DE5 38 0B            [12] 2610 	jr	C, 00137$
                                   2611 ;main.c:679: return 0;
    00000DE7 AF               [ 4] 2612 	xor	a, a
    00000DE8 18 31            [12] 2613 	jr	00144$
                                   2614 ;main.c:682: case 8:
    00000DEA                       2615 00132$:
                                   2616 ;main.c:683: if (gx <= 1) {
    00000DEA 3E 01            [ 8] 2617 	ld	a, #0x01
    00000DEC B9               [ 4] 2618 	cp	a, c
    00000DED 38 03            [12] 2619 	jr	C, 00137$
                                   2620 ;main.c:684: return 0;
    00000DEF AF               [ 4] 2621 	xor	a, a
    00000DF0 18 29            [12] 2622 	jr	00144$
                                   2623 ;main.c:687: }
    00000DF2                       2624 00137$:
                                   2625 ;main.c:689: SWITCH_ROM(2);
    00000DF2 3E 02            [ 8] 2626 	ld	a, #0x02
    00000DF4 E0r00            [12] 2627 	ldh	(__current_bank + 0), a
    00000DF6 21r00r00         [12] 2628 	ld	hl, #_rROMB0
    00000DF9 36 02            [12] 2629 	ld	(hl), #0x02
                                   2630 ;main.c:690: uint8_t tile_id = current_room[tile_index];     // collisioni dungeon
    00000DFB 11r04r00         [12] 2631 	ld	de, #_current_room
    00000DFE F8 04            [12] 2632 	ldhl	sp,	#4
    00000E00 2A               [ 8] 2633 	ld	a,	(hl+)
    00000E01 66               [ 8] 2634 	ld	h, (hl)
    00000E02 6F               [ 4] 2635 	ld	l, a
    00000E03 19               [ 8] 2636 	add	hl, de
    00000E04 4D               [ 4] 2637 	ld	c, l
    00000E05 44               [ 4] 2638 	ld	b, h
    00000E06 0A               [ 8] 2639 	ld	a, (bc)
    00000E07 4F               [ 4] 2640 	ld	c, a
                                   2641 ;main.c:691: SWITCH_ROM(1);
    00000E08 3E 01            [ 8] 2642 	ld	a, #0x01
    00000E0A E0r00            [12] 2643 	ldh	(__current_bank + 0), a
    00000E0C 21r00r00         [12] 2644 	ld	hl, #_rROMB0
    00000E0F 36 01            [12] 2645 	ld	(hl), #0x01
                                   2646 ;main.c:692: if (tile_id > 3) return 0;
    00000E11 3E 03            [ 8] 2647 	ld	a, #0x03
    00000E13 91               [ 4] 2648 	sub	a, c
    00000E14 30 03            [12] 2649 	jr	NC, 00143$
    00000E16 AF               [ 4] 2650 	xor	a, a
    00000E17 18 02            [12] 2651 	jr	00144$
    00000E19                       2652 00143$:
                                   2653 ;main.c:695: return 1;
    00000E19 3E 01            [ 8] 2654 	ld	a, #0x01
    00000E1B                       2655 00144$:
                                   2656 ;main.c:696: }
    00000E1B E8 08            [16] 2657 	add	sp, #8
    00000E1D C9               [16] 2658 	ret
                                   2659 ;main.c:698: uint8_t is_sprite_at(uint8_t target_x, uint8_t target_y) {
                                   2660 ;	---------------------------------
                                   2661 ; Function is_sprite_at
                                   2662 ; ---------------------------------
    00000E1E                       2663 _is_sprite_at::
    00000E1E 4F               [ 4] 2664 	ld	c, a
                                   2665 ;main.c:699: if (current_location == 0){
    00000E1F FAr2Br00         [16] 2666 	ld	a, (#_current_location)
    00000E22 B7               [ 4] 2667 	or	a, a
    00000E23 20 0B            [12] 2668 	jr	NZ, 00105$
                                   2669 ;main.c:700: if (target_x == 120 && target_y == 64) {
    00000E25 79               [ 4] 2670 	ld	a, c
    00000E26 D6 78            [ 8] 2671 	sub	a, #0x78
    00000E28 20 06            [12] 2672 	jr	NZ, 00105$
    00000E2A 7B               [ 4] 2673 	ld	a, e
    00000E2B D6 40            [ 8] 2674 	sub	a, #0x40
                                   2675 ;main.c:701: return 1;
                                   2676 ;main.c:704: return 0;
    00000E2D 3E 01            [ 8] 2677 	ld	a, #0x01
    00000E2F C8               [20] 2678 	ret	Z
    00000E30                       2679 00105$:
    00000E30 AF               [ 4] 2680 	xor	a, a
                                   2681 ;main.c:706: }
    00000E31 C9               [16] 2682 	ret
                                   2683 ;main.c:708: void set_camp_map(){
                                   2684 ;	---------------------------------
                                   2685 ; Function set_camp_map
                                   2686 ; ---------------------------------
    00000E32                       2687 _set_camp_map::
                                   2688 ;c:\users\utente\desktop\tirocinio\gbdk-win64\gbdk\include\gb\gb.h:1887: shadow_OAM[nb].tile=tile;
    00000E32 21r12r00         [12] 2689 	ld	hl, #(_shadow_OAM + 18)
    00000E35 36 04            [12] 2690 	ld	(hl), #0x04
    00000E37 21r16r00         [12] 2691 	ld	hl, #(_shadow_OAM + 22)
    00000E3A 36 05            [12] 2692 	ld	(hl), #0x05
    00000E3C 21r1Ar00         [12] 2693 	ld	hl, #(_shadow_OAM + 26)
    00000E3F 36 06            [12] 2694 	ld	(hl), #0x06
    00000E41 21r1Er00         [12] 2695 	ld	hl, #(_shadow_OAM + 30)
    00000E44 36 07            [12] 2696 	ld	(hl), #0x07
                                   2697 ;main.c:713: set_sprite_data(16, 4, Hector);
    00000E46 11r00r00         [12] 2698 	ld	de, #_Hector
    00000E49 D5               [16] 2699 	push	de
    00000E4A 21 10 04         [12] 2700 	ld	hl, #0x410
    00000E4D E5               [16] 2701 	push	hl
    00000E4E CDr00r00         [24] 2702 	call	_set_sprite_data
    00000E51 E8 04            [16] 2703 	add	sp, #4
                                   2704 ;main.c:714: set_sprite_data(20, 4, Safy);
    00000E53 11r00r00         [12] 2705 	ld	de, #_Safy
    00000E56 D5               [16] 2706 	push	de
    00000E57 21 14 04         [12] 2707 	ld	hl, #0x414
    00000E5A E5               [16] 2708 	push	hl
    00000E5B CDr00r00         [24] 2709 	call	_set_sprite_data
    00000E5E E8 04            [16] 2710 	add	sp, #4
                                   2711 ;main.c:715: SWITCH_ROM(2);
    00000E60 3E 02            [ 8] 2712 	ld	a, #0x02
    00000E62 E0r00            [12] 2713 	ldh	(__current_bank + 0), a
    00000E64 21r00r00         [12] 2714 	ld	hl, #_rROMB0
    00000E67 36 02            [12] 2715 	ld	(hl), #0x02
                                   2716 ;main.c:716: set_bkg_data(0, 108, CampTiles);
    00000E69 11r00r00         [12] 2717 	ld	de, #_CampTiles
    00000E6C D5               [16] 2718 	push	de
    00000E6D 21 00 6C         [12] 2719 	ld	hl, #0x6c00
    00000E70 E5               [16] 2720 	push	hl
    00000E71 CDr00r00         [24] 2721 	call	_set_bkg_data
    00000E74 E8 04            [16] 2722 	add	sp, #4
                                   2723 ;main.c:717: set_bkg_tiles(0, 0, 20, 18, Camp);
    00000E76 11r00r00         [12] 2724 	ld	de, #_Camp
    00000E79 D5               [16] 2725 	push	de
    00000E7A 21 14 12         [12] 2726 	ld	hl, #0x1214
    00000E7D E5               [16] 2727 	push	hl
    00000E7E AF               [ 4] 2728 	xor	a, a
    00000E7F 0F               [ 4] 2729 	rrca
    00000E80 F5               [16] 2730 	push	af
    00000E81 CDr00r00         [24] 2731 	call	_set_bkg_tiles
    00000E84 E8 06            [16] 2732 	add	sp, #6
                                   2733 ;main.c:718: SWITCH_ROM(1);
    00000E86 3E 01            [ 8] 2734 	ld	a, #0x01
    00000E88 E0r00            [12] 2735 	ldh	(__current_bank + 0), a
    00000E8A 21r00r00         [12] 2736 	ld	hl, #_rROMB0
    00000E8D 36 01            [12] 2737 	ld	(hl), #0x01
                                   2738 ;c:\users\utente\desktop\tirocinio\gbdk-win64\gbdk\include\gb\gb.h:1887: shadow_OAM[nb].tile=tile;
    00000E8F 21r22r00         [12] 2739 	ld	hl, #(_shadow_OAM + 34)
    00000E92 36 10            [12] 2740 	ld	(hl), #0x10
    00000E94 21r26r00         [12] 2741 	ld	hl, #(_shadow_OAM + 38)
    00000E97 36 11            [12] 2742 	ld	(hl), #0x11
    00000E99 21r2Ar00         [12] 2743 	ld	hl, #(_shadow_OAM + 42)
    00000E9C 36 12            [12] 2744 	ld	(hl), #0x12
    00000E9E 21r2Er00         [12] 2745 	ld	hl, #(_shadow_OAM + 46)
    00000EA1 36 13            [12] 2746 	ld	(hl), #0x13
    00000EA3 21r32r00         [12] 2747 	ld	hl, #(_shadow_OAM + 50)
    00000EA6 36 14            [12] 2748 	ld	(hl), #0x14
    00000EA8 21r36r00         [12] 2749 	ld	hl, #(_shadow_OAM + 54)
    00000EAB 36 15            [12] 2750 	ld	(hl), #0x15
    00000EAD 21r3Ar00         [12] 2751 	ld	hl, #(_shadow_OAM + 58)
    00000EB0 36 16            [12] 2752 	ld	(hl), #0x16
    00000EB2 21r3Er00         [12] 2753 	ld	hl, #(_shadow_OAM + 62)
    00000EB5 36 17            [12] 2754 	ld	(hl), #0x17
                                   2755 ;c:\users\utente\desktop\tirocinio\gbdk-win64\gbdk\include\gb\gb.h:1973: OAM_item_t * itm = &shadow_OAM[nb];
    00000EB7 21r20r00         [12] 2756 	ld	hl, #(_shadow_OAM + 32)
                                   2757 ;c:\users\utente\desktop\tirocinio\gbdk-win64\gbdk\include\gb\gb.h:1974: itm->y=y, itm->x=x;
    00000EBA 3E 40            [ 8] 2758 	ld	a, #0x40
    00000EBC 22               [ 8] 2759 	ld	(hl+), a
    00000EBD 36 28            [12] 2760 	ld	(hl), #0x28
                                   2761 ;c:\users\utente\desktop\tirocinio\gbdk-win64\gbdk\include\gb\gb.h:1973: OAM_item_t * itm = &shadow_OAM[nb];
    00000EBF 21r24r00         [12] 2762 	ld	hl, #(_shadow_OAM + 36)
                                   2763 ;c:\users\utente\desktop\tirocinio\gbdk-win64\gbdk\include\gb\gb.h:1974: itm->y=y, itm->x=x;
    00000EC2 3E 40            [ 8] 2764 	ld	a, #0x40
    00000EC4 22               [ 8] 2765 	ld	(hl+), a
    00000EC5 36 30            [12] 2766 	ld	(hl), #0x30
                                   2767 ;c:\users\utente\desktop\tirocinio\gbdk-win64\gbdk\include\gb\gb.h:1973: OAM_item_t * itm = &shadow_OAM[nb];
    00000EC7 21r28r00         [12] 2768 	ld	hl, #(_shadow_OAM + 40)
                                   2769 ;c:\users\utente\desktop\tirocinio\gbdk-win64\gbdk\include\gb\gb.h:1974: itm->y=y, itm->x=x;
    00000ECA 3E 48            [ 8] 2770 	ld	a, #0x48
    00000ECC 22               [ 8] 2771 	ld	(hl+), a
    00000ECD 36 28            [12] 2772 	ld	(hl), #0x28
                                   2773 ;c:\users\utente\desktop\tirocinio\gbdk-win64\gbdk\include\gb\gb.h:1973: OAM_item_t * itm = &shadow_OAM[nb];
    00000ECF 21r2Cr00         [12] 2774 	ld	hl, #(_shadow_OAM + 44)
                                   2775 ;c:\users\utente\desktop\tirocinio\gbdk-win64\gbdk\include\gb\gb.h:1974: itm->y=y, itm->x=x;
    00000ED2 3E 48            [ 8] 2776 	ld	a, #0x48
    00000ED4 22               [ 8] 2777 	ld	(hl+), a
    00000ED5 36 30            [12] 2778 	ld	(hl), #0x30
                                   2779 ;c:\users\utente\desktop\tirocinio\gbdk-win64\gbdk\include\gb\gb.h:1973: OAM_item_t * itm = &shadow_OAM[nb];
    00000ED7 21r30r00         [12] 2780 	ld	hl, #(_shadow_OAM + 48)
                                   2781 ;c:\users\utente\desktop\tirocinio\gbdk-win64\gbdk\include\gb\gb.h:1974: itm->y=y, itm->x=x;
    00000EDA 3E 40            [ 8] 2782 	ld	a, #0x40
    00000EDC 22               [ 8] 2783 	ld	(hl+), a
    00000EDD 36 78            [12] 2784 	ld	(hl), #0x78
                                   2785 ;c:\users\utente\desktop\tirocinio\gbdk-win64\gbdk\include\gb\gb.h:1973: OAM_item_t * itm = &shadow_OAM[nb];
    00000EDF 21r34r00         [12] 2786 	ld	hl, #(_shadow_OAM + 52)
                                   2787 ;c:\users\utente\desktop\tirocinio\gbdk-win64\gbdk\include\gb\gb.h:1974: itm->y=y, itm->x=x;
    00000EE2 3E 40            [ 8] 2788 	ld	a, #0x40
    00000EE4 22               [ 8] 2789 	ld	(hl+), a
    00000EE5 36 80            [12] 2790 	ld	(hl), #0x80
                                   2791 ;c:\users\utente\desktop\tirocinio\gbdk-win64\gbdk\include\gb\gb.h:1973: OAM_item_t * itm = &shadow_OAM[nb];
    00000EE7 21r38r00         [12] 2792 	ld	hl, #(_shadow_OAM + 56)
                                   2793 ;c:\users\utente\desktop\tirocinio\gbdk-win64\gbdk\include\gb\gb.h:1974: itm->y=y, itm->x=x;
    00000EEA 3E 48            [ 8] 2794 	ld	a, #0x48
    00000EEC 22               [ 8] 2795 	ld	(hl+), a
    00000EED 36 78            [12] 2796 	ld	(hl), #0x78
                                   2797 ;c:\users\utente\desktop\tirocinio\gbdk-win64\gbdk\include\gb\gb.h:1973: OAM_item_t * itm = &shadow_OAM[nb];
    00000EEF 21r3Cr00         [12] 2798 	ld	hl, #(_shadow_OAM + 60)
                                   2799 ;c:\users\utente\desktop\tirocinio\gbdk-win64\gbdk\include\gb\gb.h:1974: itm->y=y, itm->x=x;
    00000EF2 3E 48            [ 8] 2800 	ld	a, #0x48
    00000EF4 22               [ 8] 2801 	ld	(hl+), a
    00000EF5 36 80            [12] 2802 	ld	(hl), #0x80
                                   2803 ;main.c:741: empty_map_tiles();
    00000EF7 1Er00            [ 8] 2804 	ld	e, #b_empty_map_tiles
    00000EF9 21r00r00         [12] 2805 	ld	hl, #_empty_map_tiles
    00000EFC CDr00r00         [24] 2806 	call	___sdcc_bcall_ehl
                                   2807 ;main.c:742: current_song_bank = 5;
    00000EFF 21r36r00         [12] 2808 	ld	hl, #_current_song_bank
    00000F02 36 05            [12] 2809 	ld	(hl), #0x05
                                   2810 ;main.c:743: SWITCH_ROM(current_song_bank);
    00000F04 3E 05            [ 8] 2811 	ld	a, #0x05
    00000F06 E0r00            [12] 2812 	ldh	(__current_bank + 0), a
    00000F08 21r00r00         [12] 2813 	ld	hl, #_rROMB0
    00000F0B 36 05            [12] 2814 	ld	(hl), #0x05
                                   2815 ;main.c:744: hUGE_init(&camp_theme);
    00000F0D 11r00r00         [12] 2816 	ld	de, #_camp_theme
    00000F10 CDr00r00         [24] 2817 	call	_hUGE_init
                                   2818 ;main.c:745: SWITCH_ROM(1);
    00000F13 3E 01            [ 8] 2819 	ld	a, #0x01
    00000F15 E0r00            [12] 2820 	ldh	(__current_bank + 0), a
    00000F17 21r00r00         [12] 2821 	ld	hl, #_rROMB0
    00000F1A 36 01            [12] 2822 	ld	(hl), #0x01
                                   2823 ;main.c:746: }
    00000F1C C9               [16] 2824 	ret
                                   2825 ;main.c:749: void hide_camp_sprites() {
                                   2826 ;	---------------------------------
                                   2827 ; Function hide_camp_sprites
                                   2828 ; ---------------------------------
    00000F1D                       2829 _hide_camp_sprites::
                                   2830 ;c:\users\utente\desktop\tirocinio\gbdk-win64\gbdk\include\gb\gb.h:1887: shadow_OAM[nb].tile=tile;
    00000F1D 21r22r00         [12] 2831 	ld	hl, #(_shadow_OAM + 34)
    00000F20 36 32            [12] 2832 	ld	(hl), #0x32
    00000F22 21r26r00         [12] 2833 	ld	hl, #(_shadow_OAM + 38)
    00000F25 36 32            [12] 2834 	ld	(hl), #0x32
    00000F27 21r2Ar00         [12] 2835 	ld	hl, #(_shadow_OAM + 42)
    00000F2A 36 32            [12] 2836 	ld	(hl), #0x32
    00000F2C 21r2Er00         [12] 2837 	ld	hl, #(_shadow_OAM + 46)
    00000F2F 36 32            [12] 2838 	ld	(hl), #0x32
    00000F31 21r32r00         [12] 2839 	ld	hl, #(_shadow_OAM + 50)
    00000F34 36 32            [12] 2840 	ld	(hl), #0x32
    00000F36 21r36r00         [12] 2841 	ld	hl, #(_shadow_OAM + 54)
    00000F39 36 32            [12] 2842 	ld	(hl), #0x32
    00000F3B 21r3Ar00         [12] 2843 	ld	hl, #(_shadow_OAM + 58)
    00000F3E 36 32            [12] 2844 	ld	(hl), #0x32
    00000F40 21r3Er00         [12] 2845 	ld	hl, #(_shadow_OAM + 62)
    00000F43 36 32            [12] 2846 	ld	(hl), #0x32
                                   2847 ;c:\users\utente\desktop\tirocinio\gbdk-win64\gbdk\include\gb\gb.h:1973: OAM_item_t * itm = &shadow_OAM[nb];
    00000F45 21r20r00         [12] 2848 	ld	hl, #(_shadow_OAM + 32)
                                   2849 ;c:\users\utente\desktop\tirocinio\gbdk-win64\gbdk\include\gb\gb.h:1974: itm->y=y, itm->x=x;
    00000F48 AF               [ 4] 2850 	xor	a, a
    00000F49 22               [ 8] 2851 	ld	(hl+), a
    00000F4A 77               [ 8] 2852 	ld	(hl), a
                                   2853 ;c:\users\utente\desktop\tirocinio\gbdk-win64\gbdk\include\gb\gb.h:1973: OAM_item_t * itm = &shadow_OAM[nb];
    00000F4B 21r24r00         [12] 2854 	ld	hl, #(_shadow_OAM + 36)
                                   2855 ;c:\users\utente\desktop\tirocinio\gbdk-win64\gbdk\include\gb\gb.h:1974: itm->y=y, itm->x=x;
    00000F4E AF               [ 4] 2856 	xor	a, a
    00000F4F 22               [ 8] 2857 	ld	(hl+), a
    00000F50 77               [ 8] 2858 	ld	(hl), a
                                   2859 ;c:\users\utente\desktop\tirocinio\gbdk-win64\gbdk\include\gb\gb.h:1973: OAM_item_t * itm = &shadow_OAM[nb];
    00000F51 21r28r00         [12] 2860 	ld	hl, #(_shadow_OAM + 40)
                                   2861 ;c:\users\utente\desktop\tirocinio\gbdk-win64\gbdk\include\gb\gb.h:1974: itm->y=y, itm->x=x;
    00000F54 AF               [ 4] 2862 	xor	a, a
    00000F55 22               [ 8] 2863 	ld	(hl+), a
    00000F56 77               [ 8] 2864 	ld	(hl), a
                                   2865 ;c:\users\utente\desktop\tirocinio\gbdk-win64\gbdk\include\gb\gb.h:1973: OAM_item_t * itm = &shadow_OAM[nb];
    00000F57 21r2Cr00         [12] 2866 	ld	hl, #(_shadow_OAM + 44)
                                   2867 ;c:\users\utente\desktop\tirocinio\gbdk-win64\gbdk\include\gb\gb.h:1974: itm->y=y, itm->x=x;
    00000F5A AF               [ 4] 2868 	xor	a, a
    00000F5B 22               [ 8] 2869 	ld	(hl+), a
    00000F5C 77               [ 8] 2870 	ld	(hl), a
                                   2871 ;c:\users\utente\desktop\tirocinio\gbdk-win64\gbdk\include\gb\gb.h:1973: OAM_item_t * itm = &shadow_OAM[nb];
    00000F5D 21r30r00         [12] 2872 	ld	hl, #(_shadow_OAM + 48)
                                   2873 ;c:\users\utente\desktop\tirocinio\gbdk-win64\gbdk\include\gb\gb.h:1974: itm->y=y, itm->x=x;
    00000F60 AF               [ 4] 2874 	xor	a, a
    00000F61 22               [ 8] 2875 	ld	(hl+), a
    00000F62 77               [ 8] 2876 	ld	(hl), a
                                   2877 ;c:\users\utente\desktop\tirocinio\gbdk-win64\gbdk\include\gb\gb.h:1973: OAM_item_t * itm = &shadow_OAM[nb];
    00000F63 21r34r00         [12] 2878 	ld	hl, #(_shadow_OAM + 52)
                                   2879 ;c:\users\utente\desktop\tirocinio\gbdk-win64\gbdk\include\gb\gb.h:1974: itm->y=y, itm->x=x;
    00000F66 AF               [ 4] 2880 	xor	a, a
    00000F67 22               [ 8] 2881 	ld	(hl+), a
    00000F68 77               [ 8] 2882 	ld	(hl), a
                                   2883 ;c:\users\utente\desktop\tirocinio\gbdk-win64\gbdk\include\gb\gb.h:1973: OAM_item_t * itm = &shadow_OAM[nb];
    00000F69 21r38r00         [12] 2884 	ld	hl, #(_shadow_OAM + 56)
                                   2885 ;c:\users\utente\desktop\tirocinio\gbdk-win64\gbdk\include\gb\gb.h:1974: itm->y=y, itm->x=x;
    00000F6C AF               [ 4] 2886 	xor	a, a
    00000F6D 22               [ 8] 2887 	ld	(hl+), a
    00000F6E 77               [ 8] 2888 	ld	(hl), a
                                   2889 ;c:\users\utente\desktop\tirocinio\gbdk-win64\gbdk\include\gb\gb.h:1973: OAM_item_t * itm = &shadow_OAM[nb];
    00000F6F 21r3Cr00         [12] 2890 	ld	hl, #(_shadow_OAM + 60)
                                   2891 ;c:\users\utente\desktop\tirocinio\gbdk-win64\gbdk\include\gb\gb.h:1974: itm->y=y, itm->x=x;
    00000F72 AF               [ 4] 2892 	xor	a, a
    00000F73 22               [ 8] 2893 	ld	(hl+), a
    00000F74 77               [ 8] 2894 	ld	(hl), a
                                   2895 ;main.c:768: move_sprite(15, 00, 0);
                                   2896 ;main.c:769: }
    00000F75 C9               [16] 2897 	ret
                                   2898 ;main.c:771: void set_dungeon_map(){
                                   2899 ;	---------------------------------
                                   2900 ; Function set_dungeon_map
                                   2901 ; ---------------------------------
    00000F76                       2902 _set_dungeon_map::
                                   2903 ;main.c:772: if (current_floor <= 5) {
    00000F76 3E 05            [ 8] 2904 	ld	a, #0x05
    00000F78 21r2Cr00         [12] 2905 	ld	hl, #_current_floor
    00000F7B 96               [ 8] 2906 	sub	a, (hl)
    00000F7C 38 18            [12] 2907 	jr	C, 00111$
                                   2908 ;main.c:773: SWITCH_ROM(2);
    00000F7E 3E 02            [ 8] 2909 	ld	a, #0x02
    00000F80 E0r00            [12] 2910 	ldh	(__current_bank + 0), a
    00000F82 21r00r00         [12] 2911 	ld	hl, #_rROMB0
    00000F85 36 02            [12] 2912 	ld	(hl), #0x02
                                   2913 ;main.c:774: set_bkg_data(0, 53, (const unsigned char *)(uint16_t)DungeonTiles);
    00000F87 01r00r00         [12] 2914 	ld	bc, #_DungeonTiles+0
    00000F8A C5               [16] 2915 	push	bc
    00000F8B 21 00 35         [12] 2916 	ld	hl, #0x3500
    00000F8E E5               [16] 2917 	push	hl
    00000F8F CDr00r00         [24] 2918 	call	_set_bkg_data
    00000F92 E8 04            [16] 2919 	add	sp, #4
    00000F94 18 76            [12] 2920 	jr	00112$
    00000F96                       2921 00111$:
                                   2922 ;main.c:776: else if (current_floor <= 10) {
    00000F96 3E 0A            [ 8] 2923 	ld	a, #0x0a
    00000F98 21r2Cr00         [12] 2924 	ld	hl, #_current_floor
    00000F9B 96               [ 8] 2925 	sub	a, (hl)
    00000F9C 38 18            [12] 2926 	jr	C, 00108$
                                   2927 ;main.c:777: SWITCH_ROM(2);
    00000F9E 3E 02            [ 8] 2928 	ld	a, #0x02
    00000FA0 E0r00            [12] 2929 	ldh	(__current_bank + 0), a
    00000FA2 21r00r00         [12] 2930 	ld	hl, #_rROMB0
    00000FA5 36 02            [12] 2931 	ld	(hl), #0x02
                                   2932 ;main.c:778: set_bkg_data(0, 53, (const unsigned char *)(uint16_t)DungeonTiles2);
    00000FA7 01r00r00         [12] 2933 	ld	bc, #_DungeonTiles2+0
    00000FAA C5               [16] 2934 	push	bc
    00000FAB 21 00 35         [12] 2935 	ld	hl, #0x3500
    00000FAE E5               [16] 2936 	push	hl
    00000FAF CDr00r00         [24] 2937 	call	_set_bkg_data
    00000FB2 E8 04            [16] 2938 	add	sp, #4
    00000FB4 18 56            [12] 2939 	jr	00112$
    00000FB6                       2940 00108$:
                                   2941 ;main.c:780: else if (current_floor <= 15) {
    00000FB6 3E 0F            [ 8] 2942 	ld	a, #0x0f
    00000FB8 21r2Cr00         [12] 2943 	ld	hl, #_current_floor
    00000FBB 96               [ 8] 2944 	sub	a, (hl)
    00000FBC 38 18            [12] 2945 	jr	C, 00105$
                                   2946 ;main.c:781: SWITCH_ROM(5);
    00000FBE 3E 05            [ 8] 2947 	ld	a, #0x05
    00000FC0 E0r00            [12] 2948 	ldh	(__current_bank + 0), a
    00000FC2 21r00r00         [12] 2949 	ld	hl, #_rROMB0
    00000FC5 36 05            [12] 2950 	ld	(hl), #0x05
                                   2951 ;main.c:782: set_bkg_data(0, 53, (const unsigned char *)(uint16_t)DungeonTiles3);
    00000FC7 01r00r00         [12] 2952 	ld	bc, #_DungeonTiles3+0
    00000FCA C5               [16] 2953 	push	bc
    00000FCB 21 00 35         [12] 2954 	ld	hl, #0x3500
    00000FCE E5               [16] 2955 	push	hl
    00000FCF CDr00r00         [24] 2956 	call	_set_bkg_data
    00000FD2 E8 04            [16] 2957 	add	sp, #4
    00000FD4 18 36            [12] 2958 	jr	00112$
    00000FD6                       2959 00105$:
                                   2960 ;main.c:784: else if (current_floor <= 20) {
    00000FD6 3E 14            [ 8] 2961 	ld	a, #0x14
    00000FD8 21r2Cr00         [12] 2962 	ld	hl, #_current_floor
    00000FDB 96               [ 8] 2963 	sub	a, (hl)
    00000FDC 38 18            [12] 2964 	jr	C, 00102$
                                   2965 ;main.c:785: SWITCH_ROM(5);
    00000FDE 3E 05            [ 8] 2966 	ld	a, #0x05
    00000FE0 E0r00            [12] 2967 	ldh	(__current_bank + 0), a
    00000FE2 21r00r00         [12] 2968 	ld	hl, #_rROMB0
    00000FE5 36 05            [12] 2969 	ld	(hl), #0x05
                                   2970 ;main.c:786: set_bkg_data(0, 53, (const unsigned char *)(uint16_t)DungeonTiles4);
    00000FE7 01r00r00         [12] 2971 	ld	bc, #_DungeonTiles4+0
    00000FEA C5               [16] 2972 	push	bc
    00000FEB 21 00 35         [12] 2973 	ld	hl, #0x3500
    00000FEE E5               [16] 2974 	push	hl
    00000FEF CDr00r00         [24] 2975 	call	_set_bkg_data
    00000FF2 E8 04            [16] 2976 	add	sp, #4
    00000FF4 18 16            [12] 2977 	jr	00112$
    00000FF6                       2978 00102$:
                                   2979 ;main.c:789: SWITCH_ROM(5);
    00000FF6 3E 05            [ 8] 2980 	ld	a, #0x05
    00000FF8 E0r00            [12] 2981 	ldh	(__current_bank + 0), a
    00000FFA 21r00r00         [12] 2982 	ld	hl, #_rROMB0
    00000FFD 36 05            [12] 2983 	ld	(hl), #0x05
                                   2984 ;main.c:790: set_bkg_data(0, 53, (const unsigned char *)(uint16_t)DungeonTiles5);
    00000FFF 01r00r00         [12] 2985 	ld	bc, #_DungeonTiles5+0
    00001002 C5               [16] 2986 	push	bc
    00001003 21 00 35         [12] 2987 	ld	hl, #0x3500
    00001006 E5               [16] 2988 	push	hl
    00001007 CDr00r00         [24] 2989 	call	_set_bkg_data
    0000100A E8 04            [16] 2990 	add	sp, #4
    0000100C                       2991 00112$:
                                   2992 ;main.c:792: SWITCH_ROM(1);
    0000100C 3E 01            [ 8] 2993 	ld	a, #0x01
    0000100E E0r00            [12] 2994 	ldh	(__current_bank + 0), a
    00001010 21r00r00         [12] 2995 	ld	hl, #_rROMB0
    00001013 36 01            [12] 2996 	ld	(hl), #0x01
                                   2997 ;main.c:793: }
    00001015 C9               [16] 2998 	ret
                                   2999 ;main.c:795: void set_room(Coords coord){
                                   3000 ;	---------------------------------
                                   3001 ; Function set_room
                                   3002 ; ---------------------------------
    00001016                       3003 _set_room::
    00001016 E8 FC            [16] 3004 	add	sp, #-4
                                   3005 ;main.c:796: uint8_t door = doors[coord.x][coord.y];
    00001018 21 06 00         [12] 3006 	ld	hl, #6
    0000101B 39               [ 8] 3007 	add	hl, sp
    0000101C 4D               [ 4] 3008 	ld	c, l
    0000101D 44               [ 4] 3009 	ld	b, h
    0000101E 0A               [ 8] 3010 	ld	a, (bc)
    0000101F 6F               [ 4] 3011 	ld	l, a
    00001020 07               [ 4] 3012 	rlca
    00001021 9F               [ 4] 3013 	sbc	a, a
    00001022 67               [ 4] 3014 	ld	h, a
    00001023 29               [ 8] 3015 	add	hl, hl
    00001024 29               [ 8] 3016 	add	hl, hl
    00001025 5D               [ 4] 3017 	ld	e, l
    00001026 54               [ 4] 3018 	ld	d, h
    00001027 21r00r00         [12] 3019 	ld	hl, #_doors
    0000102A 19               [ 8] 3020 	add	hl, de
    0000102B E5               [16] 3021 	push	hl
    0000102C 7D               [ 4] 3022 	ld	a, l
    0000102D F8 04            [12] 3023 	ldhl	sp,	#4
    0000102F 77               [ 8] 3024 	ld	(hl), a
    00001030 E1               [12] 3025 	pop	hl
    00001031 7C               [ 4] 3026 	ld	a, h
    00001032 F8 03            [12] 3027 	ldhl	sp,	#3
    00001034 77               [ 8] 3028 	ld	(hl), a
    00001035 F8 07            [12] 3029 	ldhl	sp,	#7
    00001037 5E               [ 8] 3030 	ld	e, (hl)
    00001038 16 00            [ 8] 3031 	ld	d, #0x00
    0000103A F8 02            [12] 3032 	ldhl	sp,	#2
    0000103C 2A               [ 8] 3033 	ld	a,	(hl+)
    0000103D 66               [ 8] 3034 	ld	h, (hl)
    0000103E 6F               [ 4] 3035 	ld	l, a
    0000103F 19               [ 8] 3036 	add	hl, de
    00001040 5D               [ 4] 3037 	ld	e, l
    00001041 54               [ 4] 3038 	ld	d, h
    00001042 1A               [ 8] 3039 	ld	a, (de)
    00001043 57               [ 4] 3040 	ld	d, a
                                   3041 ;main.c:798: set_room_tiles(door, room_ptr, coord);
    00001044 C5               [16] 3042 	push	bc
    00001045 21 09 00         [12] 3043 	ld	hl,#0x9
    00001048 39               [ 8] 3044 	add	hl,sp
    00001049 3A               [ 8] 3045 	ld	a, (hl-)
    0000104A 47               [ 4] 3046 	ld	b, a
    0000104B 4E               [ 8] 3047 	ld	c, (hl)
    0000104C C5               [16] 3048 	push	bc
    0000104D F8 04            [12] 3049 	ldhl	sp,	#4
    0000104F 2A               [ 8] 3050 	ld	a, (hl+)
    00001050 66               [ 8] 3051 	ld	h, (hl)
    00001051 6F               [ 4] 3052 	ld	l, a
    00001052 E5               [16] 3053 	push	hl
    00001053 D5               [16] 3054 	push	de
    00001054 33               [ 8] 3055 	inc	sp
    00001055 1Er00            [ 8] 3056 	ld	e, #b_set_room_tiles
    00001057 21r00r00         [12] 3057 	ld	hl, #_set_room_tiles
    0000105A CDr00r00         [24] 3058 	call	___sdcc_bcall_ehl
    0000105D E8 05            [16] 3059 	add	sp, #5
                                   3060 ;main.c:799: hide_door();
    0000105F 1Er00            [ 8] 3061 	ld	e, #b_hide_door
    00001061 21r00r00         [12] 3062 	ld	hl, #_hide_door
    00001064 CDr00r00         [24] 3063 	call	___sdcc_bcall_ehl
    00001067 C1               [12] 3064 	pop	bc
                                   3065 ;main.c:800: if (dungeon[coord.x][coord.y] == 'K') {
    00001068 0A               [ 8] 3066 	ld	a, (bc)
    00001069 6F               [ 4] 3067 	ld	l, a
    0000106A 07               [ 4] 3068 	rlca
    0000106B 9F               [ 4] 3069 	sbc	a, a
    0000106C 67               [ 4] 3070 	ld	h, a
    0000106D 29               [ 8] 3071 	add	hl, hl
    0000106E 29               [ 8] 3072 	add	hl, hl
    0000106F 5D               [ 4] 3073 	ld	e, l
    00001070 54               [ 4] 3074 	ld	d, h
    00001071 21r00r00         [12] 3075 	ld	hl, #_dungeon
    00001074 19               [ 8] 3076 	add	hl, de
    00001075 E5               [16] 3077 	push	hl
    00001076 7D               [ 4] 3078 	ld	a, l
    00001077 F8 04            [12] 3079 	ldhl	sp,	#4
    00001079 77               [ 8] 3080 	ld	(hl), a
    0000107A E1               [12] 3081 	pop	hl
    0000107B 7C               [ 4] 3082 	ld	a, h
    0000107C F8 03            [12] 3083 	ldhl	sp,	#3
    0000107E 77               [ 8] 3084 	ld	(hl), a
    0000107F F8 07            [12] 3085 	ldhl	sp,	#7
    00001081 5E               [ 8] 3086 	ld	e, (hl)
    00001082 16 00            [ 8] 3087 	ld	d, #0x00
    00001084 F8 02            [12] 3088 	ldhl	sp,	#2
    00001086 2A               [ 8] 3089 	ld	a,	(hl+)
    00001087 66               [ 8] 3090 	ld	h, (hl)
    00001088 6F               [ 4] 3091 	ld	l, a
    00001089 19               [ 8] 3092 	add	hl, de
    0000108A 5D               [ 4] 3093 	ld	e, l
    0000108B 54               [ 4] 3094 	ld	d, h
    0000108C 1A               [ 8] 3095 	ld	a, (de)
    0000108D FE 4B            [ 8] 3096 	cp	a, #0x4b
    0000108F 20 2E            [12] 3097 	jr	NZ, 00124$
                                   3098 ;main.c:801: if (key_obtained == 0){
    00001091 FAr30r00         [16] 3099 	ld	a, (#_key_obtained)
    00001094 B7               [ 4] 3100 	or	a, a
    00001095 20 14            [12] 3101 	jr	NZ, 00102$
                                   3102 ;main.c:802: set_bkg_tiles(8, 6, 4, 2, chest_closed);
    00001097 11r2Fr03         [12] 3103 	ld	de, #_chest_closed
    0000109A D5               [16] 3104 	push	de
    0000109B 21 04 02         [12] 3105 	ld	hl, #0x204
    0000109E E5               [16] 3106 	push	hl
    0000109F 21 08 06         [12] 3107 	ld	hl, #0x608
    000010A2 E5               [16] 3108 	push	hl
    000010A3 CDr00r00         [24] 3109 	call	_set_bkg_tiles
    000010A6 E8 06            [16] 3110 	add	sp, #6
    000010A8 C3r8Dr11         [16] 3111 	jp	00125$
    000010AB                       3112 00102$:
                                   3113 ;main.c:805: set_bkg_tiles(8, 6, 4, 2, chest_opened);
    000010AB 11r37r03         [12] 3114 	ld	de, #_chest_opened
    000010AE D5               [16] 3115 	push	de
    000010AF 21 04 02         [12] 3116 	ld	hl, #0x204
    000010B2 E5               [16] 3117 	push	hl
    000010B3 21 08 06         [12] 3118 	ld	hl, #0x608
    000010B6 E5               [16] 3119 	push	hl
    000010B7 CDr00r00         [24] 3120 	call	_set_bkg_tiles
    000010BA E8 06            [16] 3121 	add	sp, #6
    000010BC C3r8Dr11         [16] 3122 	jp	00125$
    000010BF                       3123 00124$:
                                   3124 ;main.c:808: else if (dungeon[coord.x][coord.y] == 'L') {
    000010BF FE 4C            [ 8] 3125 	cp	a, #0x4c
    000010C1 20 7A            [12] 3126 	jr	NZ, 00121$
                                   3127 ;main.c:809: if (lock_opened == 0) {
    000010C3 FAr32r00         [16] 3128 	ld	a, (#_lock_opened)
    000010C6 B7               [ 4] 3129 	or	a, a
    000010C7 C2r8Dr11         [16] 3130 	jp	NZ, 00125$
                                   3131 ;main.c:810: switch (locked_door) {
    000010CA FAr00r00         [16] 3132 	ld	a, (#_locked_door)
    000010CD 3D               [ 4] 3133 	dec	a
    000010CE 28 18            [12] 3134 	jr	Z, 00104$
    000010D0 FAr00r00         [16] 3135 	ld	a, (#_locked_door)
    000010D3 D6 02            [ 8] 3136 	sub	a, #0x02
    000010D5 28 27            [12] 3137 	jr	Z, 00105$
    000010D7 FAr00r00         [16] 3138 	ld	a, (#_locked_door)
    000010DA D6 04            [ 8] 3139 	sub	a, #0x04
    000010DC 28 35            [12] 3140 	jr	Z, 00106$
    000010DE FAr00r00         [16] 3141 	ld	a, (#_locked_door)
    000010E1 D6 08            [ 8] 3142 	sub	a, #0x08
    000010E3 28 43            [12] 3143 	jr	Z, 00107$
    000010E5 C3r8Dr11         [16] 3144 	jp	00125$
                                   3145 ;main.c:811: case 1:
    000010E8                       3146 00104$:
                                   3147 ;main.c:812: draw_lock_v(72, 16);
    000010E8 C5               [16] 3148 	push	bc
    000010E9 3E 10            [ 8] 3149 	ld	a, #0x10
    000010EB F5               [16] 3150 	push	af
    000010EC 33               [ 8] 3151 	inc	sp
    000010ED 3E 48            [ 8] 3152 	ld	a, #0x48
    000010EF F5               [16] 3153 	push	af
    000010F0 33               [ 8] 3154 	inc	sp
    000010F1 1Er00            [ 8] 3155 	ld	e, #b_draw_lock_v
    000010F3 21r00r00         [12] 3156 	ld	hl, #_draw_lock_v
    000010F6 CDr00r00         [24] 3157 	call	___sdcc_bcall_ehl
    000010F9 E1               [12] 3158 	pop	hl
    000010FA C1               [12] 3159 	pop	bc
                                   3160 ;main.c:813: break;
    000010FB C3r8Dr11         [16] 3161 	jp	00125$
                                   3162 ;main.c:814: case 2:
    000010FE                       3163 00105$:
                                   3164 ;main.c:815: draw_lock_h(152, 80);
    000010FE C5               [16] 3165 	push	bc
    000010FF 3E 50            [ 8] 3166 	ld	a, #0x50
    00001101 F5               [16] 3167 	push	af
    00001102 33               [ 8] 3168 	inc	sp
    00001103 3E 98            [ 8] 3169 	ld	a, #0x98
    00001105 F5               [16] 3170 	push	af
    00001106 33               [ 8] 3171 	inc	sp
    00001107 1Er00            [ 8] 3172 	ld	e, #b_draw_lock_h
    00001109 21r00r00         [12] 3173 	ld	hl, #_draw_lock_h
    0000110C CDr00r00         [24] 3174 	call	___sdcc_bcall_ehl
    0000110F E1               [12] 3175 	pop	hl
    00001110 C1               [12] 3176 	pop	bc
                                   3177 ;main.c:816: break;
    00001111 18 7A            [12] 3178 	jr	00125$
                                   3179 ;main.c:817: case 4:
    00001113                       3180 00106$:
                                   3181 ;main.c:818: draw_flip_lock_v(72, 144);
    00001113 C5               [16] 3182 	push	bc
    00001114 3E 90            [ 8] 3183 	ld	a, #0x90
    00001116 F5               [16] 3184 	push	af
    00001117 33               [ 8] 3185 	inc	sp
    00001118 3E 48            [ 8] 3186 	ld	a, #0x48
    0000111A F5               [16] 3187 	push	af
    0000111B 33               [ 8] 3188 	inc	sp
    0000111C 1Er00            [ 8] 3189 	ld	e, #b_draw_flip_lock_v
    0000111E 21r00r00         [12] 3190 	ld	hl, #_draw_flip_lock_v
    00001121 CDr00r00         [24] 3191 	call	___sdcc_bcall_ehl
    00001124 E1               [12] 3192 	pop	hl
    00001125 C1               [12] 3193 	pop	bc
                                   3194 ;main.c:819: break;
    00001126 18 65            [12] 3195 	jr	00125$
                                   3196 ;main.c:820: case 8:
    00001128                       3197 00107$:
                                   3198 ;main.c:821: draw_flip_lock_h(8, 80);
    00001128 C5               [16] 3199 	push	bc
    00001129 3E 50            [ 8] 3200 	ld	a, #0x50
    0000112B F5               [16] 3201 	push	af
    0000112C 33               [ 8] 3202 	inc	sp
    0000112D 3E 08            [ 8] 3203 	ld	a, #0x08
    0000112F F5               [16] 3204 	push	af
    00001130 33               [ 8] 3205 	inc	sp
    00001131 1Er00            [ 8] 3206 	ld	e, #b_draw_flip_lock_h
    00001133 21r00r00         [12] 3207 	ld	hl, #_draw_flip_lock_h
    00001136 CDr00r00         [24] 3208 	call	___sdcc_bcall_ehl
    00001139 E1               [12] 3209 	pop	hl
    0000113A C1               [12] 3210 	pop	bc
                                   3211 ;main.c:823: }
    0000113B 18 50            [12] 3212 	jr	00125$
    0000113D                       3213 00121$:
                                   3214 ;main.c:826: else if (dungeon[coord.x][coord.y] == 'T') {
    0000113D FE 54            [ 8] 3215 	cp	a, #0x54
    0000113F 20 2C            [12] 3216 	jr	NZ, 00118$
                                   3217 ;main.c:827: if (treasure_obtained == 0){
    00001141 FAr31r00         [16] 3218 	ld	a, (#_treasure_obtained)
    00001144 B7               [ 4] 3219 	or	a, a
    00001145 20 13            [12] 3220 	jr	NZ, 00112$
                                   3221 ;main.c:828: set_bkg_tiles(8, 6, 4, 2, chest_closed);
    00001147 11r2Fr03         [12] 3222 	ld	de, #_chest_closed
    0000114A D5               [16] 3223 	push	de
    0000114B 21 04 02         [12] 3224 	ld	hl, #0x204
    0000114E E5               [16] 3225 	push	hl
    0000114F 21 08 06         [12] 3226 	ld	hl, #0x608
    00001152 E5               [16] 3227 	push	hl
    00001153 CDr00r00         [24] 3228 	call	_set_bkg_tiles
    00001156 E8 06            [16] 3229 	add	sp, #6
    00001158 18 33            [12] 3230 	jr	00125$
    0000115A                       3231 00112$:
                                   3232 ;main.c:831: set_bkg_tiles(8, 6, 4, 2, chest_opened);
    0000115A 11r37r03         [12] 3233 	ld	de, #_chest_opened
    0000115D D5               [16] 3234 	push	de
    0000115E 21 04 02         [12] 3235 	ld	hl, #0x204
    00001161 E5               [16] 3236 	push	hl
    00001162 21 08 06         [12] 3237 	ld	hl, #0x608
    00001165 E5               [16] 3238 	push	hl
    00001166 CDr00r00         [24] 3239 	call	_set_bkg_tiles
    00001169 E8 06            [16] 3240 	add	sp, #6
    0000116B 18 20            [12] 3241 	jr	00125$
    0000116D                       3242 00118$:
                                   3243 ;main.c:834: else if (dungeon[coord.x][coord.y] == 'E' && current_floor % 5 != 0) {
    0000116D D6 45            [ 8] 3244 	sub	a, #0x45
    0000116F 20 1C            [12] 3245 	jr	NZ, 00125$
    00001171 FAr2Cr00         [16] 3246 	ld	a, (_current_floor)
    00001174 C5               [16] 3247 	push	bc
    00001175 1E 05            [ 8] 3248 	ld	e, #0x05
    00001177 CDr00r00         [24] 3249 	call	__moduchar
    0000117A 79               [ 4] 3250 	ld	a, c
    0000117B C1               [12] 3251 	pop	bc
    0000117C B7               [ 4] 3252 	or	a, a
    0000117D 28 0E            [12] 3253 	jr	Z, 00125$
                                   3254 ;main.c:835: set_bkg_tiles(2, 2, 2, 2, stairs);
    0000117F 11r3Fr03         [12] 3255 	ld	de, #_stairs
    00001182 D5               [16] 3256 	push	de
    00001183 21 02 02         [12] 3257 	ld	hl, #0x202
    00001186 E5               [16] 3258 	push	hl
    00001187 E5               [16] 3259 	push	hl
    00001188 CDr00r00         [24] 3260 	call	_set_bkg_tiles
    0000118B E8 06            [16] 3261 	add	sp, #6
    0000118D                       3262 00125$:
                                   3263 ;main.c:838: spawn_enemies_in_room(coord.x, coord.y, current_enemies);
    0000118D F8 07            [12] 3264 	ldhl	sp,	#7
    0000118F 66               [ 8] 3265 	ld	h, (hl)
    00001190 0A               [ 8] 3266 	ld	a, (bc)
    00001191 6F               [ 4] 3267 	ld	l, a
    00001192 C5               [16] 3268 	push	bc
    00001193 11r7Er01         [12] 3269 	ld	de, #_current_enemies
    00001196 D5               [16] 3270 	push	de
    00001197 E5               [16] 3271 	push	hl
    00001198 7D               [ 4] 3272 	ld	a, l
    00001199 33               [ 8] 3273 	inc	sp
    0000119A F5               [16] 3274 	push	af
    0000119B 33               [ 8] 3275 	inc	sp
    0000119C 1Er00            [ 8] 3276 	ld	e, #b_spawn_enemies_in_room
    0000119E 21r00r00         [12] 3277 	ld	hl, #_spawn_enemies_in_room
    000011A1 CDr00r00         [24] 3278 	call	___sdcc_bcall_ehl
    000011A4 E8 04            [16] 3279 	add	sp, #4
    000011A6 C1               [12] 3280 	pop	bc
                                   3281 ;main.c:839: if (dungeon[coord.x][coord.y] != 'E') {
    000011A7 0A               [ 8] 3282 	ld	a, (bc)
    000011A8 6F               [ 4] 3283 	ld	l, a
    000011A9 07               [ 4] 3284 	rlca
    000011AA 9F               [ 4] 3285 	sbc	a, a
    000011AB 67               [ 4] 3286 	ld	h, a
    000011AC 29               [ 8] 3287 	add	hl, hl
    000011AD 29               [ 8] 3288 	add	hl, hl
    000011AE 7D               [ 4] 3289 	ld	a, l
    000011AF C6r00            [ 8] 3290 	add	a, #<(_dungeon)
    000011B1 4F               [ 4] 3291 	ld	c, a
    000011B2 7C               [ 4] 3292 	ld	a, h
    000011B3 CEs00            [ 8] 3293 	adc	a, #>(_dungeon)
    000011B5 47               [ 4] 3294 	ld	b, a
    000011B6 F8 07            [12] 3295 	ldhl	sp,	#7
    000011B8 6E               [ 8] 3296 	ld	l, (hl)
    000011B9 26 00            [ 8] 3297 	ld	h, #0x00
    000011BB 09               [ 8] 3298 	add	hl, bc
    000011BC 7E               [ 8] 3299 	ld	a, (hl)
    000011BD D6 45            [ 8] 3300 	sub	a, #0x45
    000011BF 28 0B            [12] 3301 	jr	Z, 00131$
                                   3302 ;main.c:840: set_enemy_sprite();
    000011C1 1Er00            [ 8] 3303 	ld	e, #b_set_enemy_sprite
    000011C3 21r00r00         [12] 3304 	ld	hl, #_set_enemy_sprite
    000011C6 CDr00r00         [24] 3305 	call	___sdcc_bcall_ehl
    000011C9 C3r51r12         [16] 3306 	jp	00132$
    000011CC                       3307 00131$:
                                   3308 ;main.c:842: else if (current_floor % 5 == 0 && boss_floor_defeated == 0) {
    000011CC FAr2Cr00         [16] 3309 	ld	a, (_current_floor)
    000011CF 1E 05            [ 8] 3310 	ld	e, #0x05
    000011D1 CDr00r00         [24] 3311 	call	__moduchar
    000011D4 79               [ 4] 3312 	ld	a, c
    000011D5 B7               [ 4] 3313 	or	a, a
    000011D6 20 79            [12] 3314 	jr	NZ, 00132$
    000011D8 FAr34r00         [16] 3315 	ld	a, (#_boss_floor_defeated)
    000011DB B7               [ 4] 3316 	or	a, a
    000011DC 20 73            [12] 3317 	jr	NZ, 00132$
                                   3318 ;main.c:843: boss_battle = 1;
    000011DE 21r33r00         [12] 3319 	ld	hl, #_boss_battle
    000011E1 36 01            [12] 3320 	ld	(hl), #0x01
                                   3321 ;main.c:844: spawn_boss(&boss);
    000011E3 11rA2r01         [12] 3322 	ld	de, #_boss
    000011E6 D5               [16] 3323 	push	de
    000011E7 1Er00            [ 8] 3324 	ld	e, #b_spawn_boss
    000011E9 21r00r00         [12] 3325 	ld	hl, #_spawn_boss
    000011EC CDr00r00         [24] 3326 	call	___sdcc_bcall_ehl
    000011EF E1               [12] 3327 	pop	hl
                                   3328 ;main.c:845: smooth_movement(last_direction);
    000011F0 FAr05r00         [16] 3329 	ld	a, (_last_direction)
    000011F3 CDrF0r1A         [24] 3330 	call	_smooth_movement
                                   3331 ;main.c:846: SWITCH_ROM(2);
    000011F6 3E 02            [ 8] 3332 	ld	a, #0x02
    000011F8 E0r00            [12] 3333 	ldh	(__current_bank + 0), a
    000011FA 21r00r00         [12] 3334 	ld	hl, #_rROMB0
    000011FD 36 02            [12] 3335 	ld	(hl), #0x02
    000011FF 11 00 00         [12] 3336 	ld	de, #0x0000
    00001202                       3337 00134$:
                                   3338 ;main.c:847: for (uint16_t i; i<360; i++) {
    00001202 4B               [ 4] 3339 	ld	c, e
    00001203 42               [ 4] 3340 	ld	b, d
    00001204 79               [ 4] 3341 	ld	a, c
    00001205 D6 68            [ 8] 3342 	sub	a, #0x68
    00001207 78               [ 4] 3343 	ld	a, b
    00001208 DE 01            [ 8] 3344 	sbc	a, #0x01
    0000120A 30 0F            [12] 3345 	jr	NC, 00126$
                                   3346 ;main.c:848: current_room[i] = NoExit[i];
    0000120C 21r04r00         [12] 3347 	ld	hl, #_current_room
    0000120F 19               [ 8] 3348 	add	hl, de
    00001210 4D               [ 4] 3349 	ld	c, l
    00001211 44               [ 4] 3350 	ld	b, h
    00001212 21r00r00         [12] 3351 	ld	hl, #_NoExit
    00001215 19               [ 8] 3352 	add	hl, de
    00001216 7E               [ 8] 3353 	ld	a, (hl)
    00001217 02               [ 8] 3354 	ld	(bc), a
                                   3355 ;main.c:847: for (uint16_t i; i<360; i++) {
    00001218 13               [ 8] 3356 	inc	de
    00001219 18 E7            [12] 3357 	jr	00134$
    0000121B                       3358 00126$:
                                   3359 ;main.c:850: set_bkg_tiles(0, 0, 20, 18, current_room);
    0000121B 11r04r00         [12] 3360 	ld	de, #_current_room
    0000121E D5               [16] 3361 	push	de
    0000121F 21 14 12         [12] 3362 	ld	hl, #0x1214
    00001222 E5               [16] 3363 	push	hl
    00001223 AF               [ 4] 3364 	xor	a, a
    00001224 0F               [ 4] 3365 	rrca
    00001225 F5               [16] 3366 	push	af
    00001226 CDr00r00         [24] 3367 	call	_set_bkg_tiles
    00001229 E8 06            [16] 3368 	add	sp, #6
                                   3369 ;main.c:851: SWITCH_ROM(1);
    0000122B 3E 01            [ 8] 3370 	ld	a, #0x01
    0000122D E0r00            [12] 3371 	ldh	(__current_bank + 0), a
    0000122F 21r00r00         [12] 3372 	ld	hl, #_rROMB0
    00001232 36 01            [12] 3373 	ld	(hl), #0x01
                                   3374 ;main.c:852: current_song_bank = 4;
    00001234 21r36r00         [12] 3375 	ld	hl, #_current_song_bank
    00001237 36 04            [12] 3376 	ld	(hl), #0x04
                                   3377 ;main.c:853: SWITCH_ROM(current_song_bank);
    00001239 3E 04            [ 8] 3378 	ld	a, #0x04
    0000123B E0r00            [12] 3379 	ldh	(__current_bank + 0), a
    0000123D 21r00r00         [12] 3380 	ld	hl, #_rROMB0
    00001240 36 04            [12] 3381 	ld	(hl), #0x04
                                   3382 ;main.c:854: hUGE_init(&boss_theme);
    00001242 11r00r00         [12] 3383 	ld	de, #_boss_theme
    00001245 CDr00r00         [24] 3384 	call	_hUGE_init
                                   3385 ;main.c:855: SWITCH_ROM(1);
    00001248 3E 01            [ 8] 3386 	ld	a, #0x01
    0000124A E0r00            [12] 3387 	ldh	(__current_bank + 0), a
    0000124C 21r00r00         [12] 3388 	ld	hl, #_rROMB0
    0000124F 36 01            [12] 3389 	ld	(hl), #0x01
    00001251                       3390 00132$:
                                   3391 ;main.c:857: clear_drops();
    00001251 CDr00r00         [24] 3392 	call	_clear_drops
                                   3393 ;main.c:858: DISPLAY_ON;
    00001254 F0r00            [12] 3394 	ldh	a, (_LCDC_REG + 0)
    00001256 F6 80            [ 8] 3395 	or	a, #0x80
    00001258 E0r00            [12] 3396 	ldh	(_LCDC_REG + 0), a
                                   3397 ;main.c:859: }
    0000125A E8 04            [16] 3398 	add	sp, #4
    0000125C E1               [12] 3399 	pop	hl
    0000125D F1               [12] 3400 	pop	af
    0000125E E9               [ 4] 3401 	jp	(hl)
                                   3402 ;main.c:861: void change_room() {
                                   3403 ;	---------------------------------
                                   3404 ; Function change_room
                                   3405 ; ---------------------------------
    0000125F                       3406 _change_room::
                                   3407 ;main.c:862: if (x > 160 && x < 240) {
    0000125F 3E A0            [ 8] 3408 	ld	a, #0xa0
    00001261 21r03r00         [12] 3409 	ld	hl, #_x
    00001264 96               [ 8] 3410 	sub	a, (hl)
    00001265 30 1D            [12] 3411 	jr	NC, 00110$
    00001267 7E               [ 8] 3412 	ld	a, (hl)
    00001268 D6 F0            [ 8] 3413 	sub	a, #0xf0
    0000126A 30 18            [12] 3414 	jr	NC, 00110$
                                   3415 ;main.c:863: player_coords.x++;
    0000126C 21r02r00         [12] 3416 	ld	hl, #_player_coords
    0000126F 34               [12] 3417 	inc	(hl)
    00001270 7E               [ 8] 3418 	ld	a, (hl)
                                   3419 ;main.c:864: x = 8;
    00001271 21r03r00         [12] 3420 	ld	hl, #_x
    00001274 36 08            [12] 3421 	ld	(hl), #0x08
                                   3422 ;main.c:865: set_room(player_coords);
    00001276 21r02r00         [12] 3423 	ld	hl, #_player_coords
    00001279 23               [ 8] 3424 	inc	hl
    0000127A 3A               [ 8] 3425 	ld	a, (hl-)
    0000127B 47               [ 4] 3426 	ld	b, a
    0000127C 4E               [ 8] 3427 	ld	c, (hl)
    0000127D C5               [16] 3428 	push	bc
    0000127E CDr16r10         [24] 3429 	call	_set_room
    00001281 C3rC3r03         [16] 3430 	jp	_move_character
    00001284                       3431 00110$:
                                   3432 ;main.c:867: else if (x > 240) {
    00001284 3E F0            [ 8] 3433 	ld	a, #0xf0
    00001286 21r03r00         [12] 3434 	ld	hl, #_x
    00001289 96               [ 8] 3435 	sub	a, (hl)
    0000128A 30 18            [12] 3436 	jr	NC, 00107$
                                   3437 ;main.c:868: player_coords.x--;
    0000128C 21r02r00         [12] 3438 	ld	hl, #_player_coords
    0000128F 35               [12] 3439 	dec	(hl)
    00001290 7E               [ 8] 3440 	ld	a, (hl)
                                   3441 ;main.c:869: x = 152;
    00001291 21r03r00         [12] 3442 	ld	hl, #_x
    00001294 36 98            [12] 3443 	ld	(hl), #0x98
                                   3444 ;main.c:870: set_room(player_coords);
    00001296 21r02r00         [12] 3445 	ld	hl, #_player_coords
    00001299 23               [ 8] 3446 	inc	hl
    0000129A 3A               [ 8] 3447 	ld	a, (hl-)
    0000129B 47               [ 4] 3448 	ld	b, a
    0000129C 4E               [ 8] 3449 	ld	c, (hl)
    0000129D C5               [16] 3450 	push	bc
    0000129E CDr16r10         [24] 3451 	call	_set_room
    000012A1 C3rC3r03         [16] 3452 	jp	_move_character
    000012A4                       3453 00107$:
                                   3454 ;main.c:872: else if (y > 144) {
    000012A4 3E 90            [ 8] 3455 	ld	a, #0x90
    000012A6 21r04r00         [12] 3456 	ld	hl, #_y
    000012A9 96               [ 8] 3457 	sub	a, (hl)
    000012AA 30 22            [12] 3458 	jr	NC, 00104$
                                   3459 ;main.c:873: player_coords.y++;
    000012AC 21r03r00         [12] 3460 	ld	hl, #_player_coords + 1
    000012AF 34               [12] 3461 	inc	(hl)
    000012B0 7E               [ 8] 3462 	ld	a, (hl)
                                   3463 ;main.c:874: y = 16;
    000012B1 21r04r00         [12] 3464 	ld	hl, #_y
    000012B4 36 10            [12] 3465 	ld	(hl), #0x10
                                   3466 ;c:\users\utente\desktop\tirocinio\gbdk-win64\gbdk\include\gb\gb.h:1887: shadow_OAM[nb].tile=tile;
    000012B6 21r1Ar00         [12] 3467 	ld	hl, #(_shadow_OAM + 26)
    000012B9 36 02            [12] 3468 	ld	(hl), #0x02
    000012BB 21r1Er00         [12] 3469 	ld	hl, #(_shadow_OAM + 30)
    000012BE 36 03            [12] 3470 	ld	(hl), #0x03
                                   3471 ;main.c:877: set_room(player_coords);
    000012C0 21r02r00         [12] 3472 	ld	hl, #_player_coords
    000012C3 23               [ 8] 3473 	inc	hl
    000012C4 3A               [ 8] 3474 	ld	a, (hl-)
    000012C5 47               [ 4] 3475 	ld	b, a
    000012C6 4E               [ 8] 3476 	ld	c, (hl)
    000012C7 C5               [16] 3477 	push	bc
    000012C8 CDr16r10         [24] 3478 	call	_set_room
    000012CB C3rC3r03         [16] 3479 	jp	_move_character
    000012CE                       3480 00104$:
                                   3481 ;main.c:879: else if (y < 8) {
    000012CE FAr04r00         [16] 3482 	ld	a, (#_y)
    000012D1 D6 08            [ 8] 3483 	sub	a, #0x08
    000012D3 D2rC3r03         [16] 3484 	jp	NC, _move_character
                                   3485 ;main.c:880: player_coords.y--;
    000012D6 21r03r00         [12] 3486 	ld	hl, #_player_coords + 1
    000012D9 35               [12] 3487 	dec	(hl)
    000012DA 7E               [ 8] 3488 	ld	a, (hl)
                                   3489 ;main.c:881: y = 144;
    000012DB 21r04r00         [12] 3490 	ld	hl, #_y
    000012DE 36 90            [12] 3491 	ld	(hl), #0x90
                                   3492 ;main.c:882: set_room(player_coords);
    000012E0 21r02r00         [12] 3493 	ld	hl, #_player_coords
    000012E3 23               [ 8] 3494 	inc	hl
    000012E4 3A               [ 8] 3495 	ld	a, (hl-)
    000012E5 47               [ 4] 3496 	ld	b, a
    000012E6 4E               [ 8] 3497 	ld	c, (hl)
    000012E7 C5               [16] 3498 	push	bc
    000012E8 CDr16r10         [24] 3499 	call	_set_room
                                   3500 ;main.c:884: move_character();
                                   3501 ;main.c:885: }
    000012EB C3rC3r03         [16] 3502 	jp	_move_character
                                   3503 ;main.c:888: void check_open_menu() {
                                   3504 ;	---------------------------------
                                   3505 ; Function check_open_menu
                                   3506 ; ---------------------------------
    000012EE                       3507 _check_open_menu::
                                   3508 ;main.c:889: current_joypad = joypad();
    000012EE CDr00r00         [24] 3509 	call	_joypad
    000012F1 21r0Er00         [12] 3510 	ld	hl, #_current_joypad
    000012F4 77               [ 8] 3511 	ld	(hl), a
                                   3512 ;main.c:890: if ((current_joypad & J_START) && !(last_joypad & J_START)) {
    000012F5 7E               [ 8] 3513 	ld	a, (hl)
    000012F6 07               [ 4] 3514 	rlca
    000012F7 30 6A            [12] 3515 	jr	NC, 00107$
    000012F9 FAr0Dr00         [16] 3516 	ld	a, (_last_joypad)
    000012FC 07               [ 4] 3517 	rlca
    000012FD 38 64            [12] 3518 	jr	C, 00107$
                                   3519 ;main.c:891: if (menu_opened == 0){
    000012FF FAr2Ar00         [16] 3520 	ld	a, (#_menu_opened)
    00001302 B7               [ 4] 3521 	or	a, a
    00001303 20 35            [12] 3522 	jr	NZ, 00104$
                                   3523 ;main.c:892: DISPLAY_OFF;
    00001305 CDr00r00         [24] 3524 	call	_display_off
                                   3525 ;c:\users\utente\desktop\tirocinio\gbdk-win64\gbdk\include\gb\gb.h:1739: WX_REG=x, WY_REG=y;
    00001308 3E 07            [ 8] 3526 	ld	a, #0x07
    0000130A E0r00            [12] 3527 	ldh	(_WX_REG + 0), a
    0000130C AF               [ 4] 3528 	xor	a, a
    0000130D E0r00            [12] 3529 	ldh	(_WY_REG + 0), a
                                   3530 ;main.c:894: set_win_tiles(0, 0, 20, 18, gui_map);
    0000130F 11r00r00         [12] 3531 	ld	de, #_gui_map
    00001312 D5               [16] 3532 	push	de
    00001313 21 14 12         [12] 3533 	ld	hl, #0x1214
    00001316 E5               [16] 3534 	push	hl
    00001317 AF               [ 4] 3535 	xor	a, a
    00001318 0F               [ 4] 3536 	rrca
    00001319 F5               [16] 3537 	push	af
    0000131A CDr00r00         [24] 3538 	call	_set_win_tiles
    0000131D E8 06            [16] 3539 	add	sp, #6
                                   3540 ;main.c:895: set_stats();
    0000131F 1Er00            [ 8] 3541 	ld	e, #b_set_stats
    00001321 21r00r00         [12] 3542 	ld	hl, #_set_stats
    00001324 CDr00r00         [24] 3543 	call	___sdcc_bcall_ehl
                                   3544 ;main.c:896: HIDE_SPRITES;
    00001327 F0r00            [12] 3545 	ldh	a, (_LCDC_REG + 0)
    00001329 E6 FD            [ 8] 3546 	and	a, #0xfd
    0000132B E0r00            [12] 3547 	ldh	(_LCDC_REG + 0), a
                                   3548 ;main.c:897: DISPLAY_ON;
    0000132D F0r00            [12] 3549 	ldh	a, (_LCDC_REG + 0)
    0000132F F6 80            [ 8] 3550 	or	a, #0x80
    00001331 E0r00            [12] 3551 	ldh	(_LCDC_REG + 0), a
                                   3552 ;main.c:898: menu_opened = 1;
    00001333 21r2Ar00         [12] 3553 	ld	hl, #_menu_opened
    00001336 36 01            [12] 3554 	ld	(hl), #0x01
    00001338 18 29            [12] 3555 	jr	00107$
    0000133A                       3556 00104$:
                                   3557 ;main.c:900: else if (menu_opened == 1) {
    0000133A FAr2Ar00         [16] 3558 	ld	a, (#_menu_opened)
    0000133D 3D               [ 4] 3559 	dec	a
    0000133E 20 23            [12] 3560 	jr	NZ, 00107$
                                   3561 ;main.c:901: DISPLAY_OFF;
    00001340 CDr00r00         [24] 3562 	call	_display_off
                                   3563 ;c:\users\utente\desktop\tirocinio\gbdk-win64\gbdk\include\gb\gb.h:1739: WX_REG=x, WY_REG=y;
    00001343 3E 07            [ 8] 3564 	ld	a, #0x07
    00001345 E0r00            [12] 3565 	ldh	(_WX_REG + 0), a
    00001347 3E 88            [ 8] 3566 	ld	a, #0x88
    00001349 E0r00            [12] 3567 	ldh	(_WY_REG + 0), a
                                   3568 ;main.c:903: set_mini_menu();
    0000134B 1Er00            [ 8] 3569 	ld	e, #b_set_mini_menu
    0000134D 21r00r00         [12] 3570 	ld	hl, #_set_mini_menu
    00001350 CDr00r00         [24] 3571 	call	___sdcc_bcall_ehl
                                   3572 ;main.c:905: SHOW_SPRITES;
    00001353 F0r00            [12] 3573 	ldh	a, (_LCDC_REG + 0)
    00001355 F6 02            [ 8] 3574 	or	a, #0x02
    00001357 E0r00            [12] 3575 	ldh	(_LCDC_REG + 0), a
                                   3576 ;main.c:906: menu_opened = 0;
    00001359 AF               [ 4] 3577 	xor	a, a
    0000135A EAr2Ar00         [16] 3578 	ld	(#_menu_opened),a
                                   3579 ;main.c:907: DISPLAY_ON;
    0000135D F0r00            [12] 3580 	ldh	a, (_LCDC_REG + 0)
    0000135F F6 80            [ 8] 3581 	or	a, #0x80
    00001361 E0r00            [12] 3582 	ldh	(_LCDC_REG + 0), a
    00001363                       3583 00107$:
                                   3584 ;main.c:910: if ((current_joypad & J_SELECT) && !(last_joypad & J_SELECT)) {
    00001363 FAr0Er00         [16] 3585 	ld	a, (_current_joypad)
    00001366 CB 77            [ 8] 3586 	bit	6, a
    00001368 CArFFr13         [16] 3587 	jp	Z, 00115$
    0000136B FAr0Dr00         [16] 3588 	ld	a, (_last_joypad)
    0000136E CB 77            [ 8] 3589 	bit	6, a
    00001370 C2rFFr13         [16] 3590 	jp	NZ, 00115$
                                   3591 ;main.c:911: if (menu_opened == 0){
    00001373 FAr2Ar00         [16] 3592 	ld	a, (#_menu_opened)
    00001376 B7               [ 4] 3593 	or	a, a
    00001377 20 5C            [12] 3594 	jr	NZ, 00112$
                                   3595 ;main.c:912: DISPLAY_OFF;
    00001379 CDr00r00         [24] 3596 	call	_display_off
                                   3597 ;c:\users\utente\desktop\tirocinio\gbdk-win64\gbdk\include\gb\gb.h:1739: WX_REG=x, WY_REG=y;
    0000137C 3E 07            [ 8] 3598 	ld	a, #0x07
    0000137E E0r00            [12] 3599 	ldh	(_WX_REG + 0), a
    00001380 AF               [ 4] 3600 	xor	a, a
    00001381 E0r00            [12] 3601 	ldh	(_WY_REG + 0), a
                                   3602 ;main.c:914: SWITCH_ROM(3);
    00001383 3E 03            [ 8] 3603 	ld	a, #0x03
    00001385 E0r00            [12] 3604 	ldh	(__current_bank + 0), a
    00001387 21r00r00         [12] 3605 	ld	hl, #_rROMB0
    0000138A 36 03            [12] 3606 	ld	(hl), #0x03
                                   3607 ;main.c:915: set_win_tiles(0, 0, 20, 18, map_menu);
    0000138C 11r00r00         [12] 3608 	ld	de, #_map_menu
    0000138F D5               [16] 3609 	push	de
    00001390 21 14 12         [12] 3610 	ld	hl, #0x1214
    00001393 E5               [16] 3611 	push	hl
    00001394 AF               [ 4] 3612 	xor	a, a
    00001395 0F               [ 4] 3613 	rrca
    00001396 F5               [16] 3614 	push	af
    00001397 CDr00r00         [24] 3615 	call	_set_win_tiles
    0000139A E8 06            [16] 3616 	add	sp, #6
                                   3617 ;main.c:916: SWITCH_ROM(1);
    0000139C 3E 01            [ 8] 3618 	ld	a, #0x01
    0000139E E0r00            [12] 3619 	ldh	(__current_bank + 0), a
    000013A0 21r00r00         [12] 3620 	ld	hl, #_rROMB0
    000013A3 36 01            [12] 3621 	ld	(hl), #0x01
                                   3622 ;main.c:917: set_map_menu();
    000013A5 1Er00            [ 8] 3623 	ld	e, #b_set_map_menu
    000013A7 21r00r00         [12] 3624 	ld	hl, #_set_map_menu
    000013AA CDr00r00         [24] 3625 	call	___sdcc_bcall_ehl
                                   3626 ;main.c:918: map_option = 0;
    000013AD AF               [ 4] 3627 	xor	a, a
    000013AE EAr2Fr00         [16] 3628 	ld	(#_map_option),a
                                   3629 ;main.c:919: set_win_tiles(2, 4, 1, 1, &arrow_tile);
    000013B1 11r44r03         [12] 3630 	ld	de, #_arrow_tile
    000013B4 D5               [16] 3631 	push	de
    000013B5 21 01 01         [12] 3632 	ld	hl, #0x101
    000013B8 E5               [16] 3633 	push	hl
    000013B9 21 02 04         [12] 3634 	ld	hl, #0x402
    000013BC E5               [16] 3635 	push	hl
    000013BD CDr00r00         [24] 3636 	call	_set_win_tiles
    000013C0 E8 06            [16] 3637 	add	sp, #6
                                   3638 ;main.c:920: HIDE_SPRITES;
    000013C2 F0r00            [12] 3639 	ldh	a, (_LCDC_REG + 0)
    000013C4 E6 FD            [ 8] 3640 	and	a, #0xfd
    000013C6 E0r00            [12] 3641 	ldh	(_LCDC_REG + 0), a
                                   3642 ;main.c:921: menu_opened = 5;
    000013C8 21r2Ar00         [12] 3643 	ld	hl, #_menu_opened
    000013CB 36 05            [12] 3644 	ld	(hl), #0x05
                                   3645 ;main.c:922: DISPLAY_ON;
    000013CD F0r00            [12] 3646 	ldh	a, (_LCDC_REG + 0)
    000013CF F6 80            [ 8] 3647 	or	a, #0x80
    000013D1 E0r00            [12] 3648 	ldh	(_LCDC_REG + 0), a
    000013D3 18 2A            [12] 3649 	jr	00115$
    000013D5                       3650 00112$:
                                   3651 ;main.c:924: else if (menu_opened == 5) {
    000013D5 FAr2Ar00         [16] 3652 	ld	a, (#_menu_opened)
    000013D8 D6 05            [ 8] 3653 	sub	a, #0x05
    000013DA 20 23            [12] 3654 	jr	NZ, 00115$
                                   3655 ;main.c:925: DISPLAY_OFF;
    000013DC CDr00r00         [24] 3656 	call	_display_off
                                   3657 ;c:\users\utente\desktop\tirocinio\gbdk-win64\gbdk\include\gb\gb.h:1739: WX_REG=x, WY_REG=y;
    000013DF 3E 07            [ 8] 3658 	ld	a, #0x07
    000013E1 E0r00            [12] 3659 	ldh	(_WX_REG + 0), a
    000013E3 3E 88            [ 8] 3660 	ld	a, #0x88
    000013E5 E0r00            [12] 3661 	ldh	(_WY_REG + 0), a
                                   3662 ;main.c:927: set_mini_menu();
    000013E7 1Er00            [ 8] 3663 	ld	e, #b_set_mini_menu
    000013E9 21r00r00         [12] 3664 	ld	hl, #_set_mini_menu
    000013EC CDr00r00         [24] 3665 	call	___sdcc_bcall_ehl
                                   3666 ;main.c:929: SHOW_SPRITES;
    000013EF F0r00            [12] 3667 	ldh	a, (_LCDC_REG + 0)
    000013F1 F6 02            [ 8] 3668 	or	a, #0x02
    000013F3 E0r00            [12] 3669 	ldh	(_LCDC_REG + 0), a
                                   3670 ;main.c:930: menu_opened = 0;
    000013F5 AF               [ 4] 3671 	xor	a, a
    000013F6 EAr2Ar00         [16] 3672 	ld	(#_menu_opened),a
                                   3673 ;main.c:931: DISPLAY_ON;
    000013F9 F0r00            [12] 3674 	ldh	a, (_LCDC_REG + 0)
    000013FB F6 80            [ 8] 3675 	or	a, #0x80
    000013FD E0r00            [12] 3676 	ldh	(_LCDC_REG + 0), a
    000013FF                       3677 00115$:
                                   3678 ;main.c:934: last_joypad = current_joypad;
    000013FF FAr0Er00         [16] 3679 	ld	a, (#_current_joypad)
    00001402 EAr0Dr00         [16] 3680 	ld	(#_last_joypad),a
                                   3681 ;main.c:935: }
    00001405 C9               [16] 3682 	ret
                                   3683 ;main.c:938: void go_into_dungeon() {
                                   3684 ;	---------------------------------
                                   3685 ; Function go_into_dungeon
                                   3686 ; ---------------------------------
    00001406                       3687 _go_into_dungeon::
    00001406 E8 FA            [16] 3688 	add	sp, #-6
                                   3689 ;main.c:939: wait_vbl_done();
    00001408 CDr00r00         [24] 3690 	call	_wait_vbl_done
                                   3691 ;main.c:940: DISPLAY_OFF;
    0000140B CDr00r00         [24] 3692 	call	_display_off
                                   3693 ;main.c:941: set_dungeon_map();
    0000140E CDr76r0F         [24] 3694 	call	_set_dungeon_map
                                   3695 ;main.c:942: generate_dungeon(current_floor);
    00001411 FAr2Cr00         [16] 3696 	ld	a, (_current_floor)
    00001414 F5               [16] 3697 	push	af
    00001415 33               [ 8] 3698 	inc	sp
    00001416 1Er00            [ 8] 3699 	ld	e, #b_generate_dungeon
    00001418 21r00r00         [12] 3700 	ld	hl, #_generate_dungeon
    0000141B CDr00r00         [24] 3701 	call	___sdcc_bcall_ehl
    0000141E 33               [ 8] 3702 	inc	sp
                                   3703 ;main.c:944: for (int i = 0; i < 4; i++) {
    0000141F 01 00 00         [12] 3704 	ld	bc, #0x0000
    00001422                       3705 00111$:
                                   3706 ;main.c:945: for (int j = 0; j < 4; j++) {
    00001422 79               [ 4] 3707 	ld	a,c
    00001423 FE 04            [ 8] 3708 	cp	a,#0x04
    00001425 30 55            [12] 3709 	jr	NC, 00104$
    00001427 50               [ 4] 3710 	ld	d, b
    00001428 87               [ 4] 3711 	add	a, a
    00001429 CB 12            [ 8] 3712 	rl	d
    0000142B 87               [ 4] 3713 	add	a, a
    0000142C CB 12            [ 8] 3714 	rl	d
    0000142E 5F               [ 4] 3715 	ld	e, a
    0000142F 21r00r00         [12] 3716 	ld	hl, #_dungeon
    00001432 19               [ 8] 3717 	add	hl, de
    00001433 E5               [16] 3718 	push	hl
    00001434 7D               [ 4] 3719 	ld	a, l
    00001435 F8 04            [12] 3720 	ldhl	sp,	#4
    00001437 77               [ 8] 3721 	ld	(hl), a
    00001438 E1               [12] 3722 	pop	hl
    00001439 7C               [ 4] 3723 	ld	a, h
    0000143A F8 03            [12] 3724 	ldhl	sp,	#3
    0000143C 22               [ 8] 3725 	ld	(hl+), a
    0000143D 23               [ 8] 3726 	inc	hl
    0000143E 36 00            [12] 3727 	ld	(hl), #0x00
    00001440                       3728 00108$:
    00001440 F8 05            [12] 3729 	ldhl	sp,	#5
    00001442 7E               [ 8] 3730 	ld	a, (hl)
    00001443 D6 04            [ 8] 3731 	sub	a, #0x04
    00001445 30 32            [12] 3732 	jr	NC, 00112$
                                   3733 ;main.c:946: if (dungeon[i][j] == 'S') {
    00001447 2B               [ 8] 3734 	dec	hl
    00001448 2B               [ 8] 3735 	dec	hl
    00001449 2B               [ 8] 3736 	dec	hl
    0000144A 2A               [ 8] 3737 	ld	a, (hl+)
    0000144B 5F               [ 4] 3738 	ld	e, a
    0000144C 2A               [ 8] 3739 	ld	a, (hl+)
    0000144D 23               [ 8] 3740 	inc	hl
    0000144E 57               [ 4] 3741 	ld	d, a
    0000144F 6E               [ 8] 3742 	ld	l, (hl)
    00001450 26 00            [ 8] 3743 	ld	h, #0x00
    00001452 19               [ 8] 3744 	add	hl, de
    00001453 5D               [ 4] 3745 	ld	e, l
    00001454 54               [ 4] 3746 	ld	d, h
    00001455 1A               [ 8] 3747 	ld	a, (de)
    00001456 D6 53            [ 8] 3748 	sub	a, #0x53
    00001458 20 1A            [12] 3749 	jr	NZ, 00109$
                                   3750 ;main.c:947: start.x = i;
    0000145A F8 04            [12] 3751 	ldhl	sp,	#4
    0000145C 71               [ 8] 3752 	ld	(hl), c
    0000145D 7E               [ 8] 3753 	ld	a, (hl)
    0000145E F8 00            [12] 3754 	ldhl	sp,	#0
    00001460 77               [ 8] 3755 	ld	(hl), a
                                   3756 ;main.c:948: start.y = j;
    00001461 F8 05            [12] 3757 	ldhl	sp,	#5
    00001463 7E               [ 8] 3758 	ld	a, (hl)
    00001464 F8 01            [12] 3759 	ldhl	sp,	#1
    00001466 77               [ 8] 3760 	ld	(hl), a
                                   3761 ;main.c:949: player_coords.x = i;
    00001467 11r02r00         [12] 3762 	ld	de, #_player_coords
    0000146A F5               [16] 3763 	push	af
    0000146B F8 06            [12] 3764 	ldhl	sp,	#6
    0000146D 7E               [ 8] 3765 	ld	a, (hl)
    0000146E 12               [ 8] 3766 	ld	(de), a
    0000146F F1               [12] 3767 	pop	af
                                   3768 ;main.c:950: player_coords.y = j;
    00001470 11r03r00         [12] 3769 	ld	de, #_player_coords + 1
    00001473 12               [ 8] 3770 	ld	(de), a
    00001474                       3771 00109$:
                                   3772 ;main.c:945: for (int j = 0; j < 4; j++) {
    00001474 F8 05            [12] 3773 	ldhl	sp,	#5
    00001476 34               [12] 3774 	inc	(hl)
    00001477 18 C7            [12] 3775 	jr	00108$
    00001479                       3776 00112$:
                                   3777 ;main.c:944: for (int i = 0; i < 4; i++) {
    00001479 03               [ 8] 3778 	inc	bc
    0000147A 18 A6            [12] 3779 	jr	00111$
    0000147C                       3780 00104$:
                                   3781 ;main.c:954: set_room(start);
    0000147C 21 01 00         [12] 3782 	ld	hl,#0x1
    0000147F 39               [ 8] 3783 	add	hl,sp
    00001480 3A               [ 8] 3784 	ld	a, (hl-)
    00001481 47               [ 4] 3785 	ld	b, a
    00001482 4E               [ 8] 3786 	ld	c, (hl)
    00001483 C5               [16] 3787 	push	bc
    00001484 CDr16r10         [24] 3788 	call	_set_room
                                   3789 ;main.c:955: if (max_floor == 0) {
    00001487 21r0Br00         [12] 3790 	ld	hl, #_max_floor
    0000148A 7E               [ 8] 3791 	ld	a, (hl)
    0000148B B7               [ 4] 3792 	or	a, a
    0000148C 20 02            [12] 3793 	jr	NZ, 00113$
                                   3794 ;main.c:956: max_floor = 1;
    0000148E 36 01            [12] 3795 	ld	(hl), #0x01
    00001490                       3796 00113$:
                                   3797 ;main.c:958: }
    00001490 E8 06            [16] 3798 	add	sp, #6
    00001492 C9               [16] 3799 	ret
                                   3800 ;main.c:960: void go_next_floor() {
                                   3801 ;	---------------------------------
                                   3802 ; Function go_next_floor
                                   3803 ; ---------------------------------
    00001493                       3804 _go_next_floor::
    00001493 E8 FA            [16] 3805 	add	sp, #-6
                                   3806 ;main.c:961: current_floor++;
    00001495 21r2Cr00         [12] 3807 	ld	hl, #_current_floor
    00001498 34               [12] 3808 	inc	(hl)
                                   3809 ;main.c:962: if (current_floor % 5 == 0) {
    00001499 7E               [ 8] 3810 	ld	a, (hl)
    0000149A 1E 05            [ 8] 3811 	ld	e, #0x05
    0000149C CDr00r00         [24] 3812 	call	__moduchar
    0000149F 79               [ 4] 3813 	ld	a, c
    000014A0 B7               [ 4] 3814 	or	a, a
    000014A1 20 09            [12] 3815 	jr	NZ, 00102$
                                   3816 ;main.c:963: boss.defeated = 1;
    000014A3 21rABr01         [12] 3817 	ld	hl, #(_boss + 9)
    000014A6 36 01            [12] 3818 	ld	(hl), #0x01
                                   3819 ;main.c:964: boss_floor_defeated = 0;
    000014A8 AF               [ 4] 3820 	xor	a, a
    000014A9 EAr34r00         [16] 3821 	ld	(#_boss_floor_defeated),a
    000014AC                       3822 00102$:
                                   3823 ;main.c:966: if (current_floor > max_floor) {
    000014AC FAr0Br00         [16] 3824 	ld	a, (#_max_floor)
    000014AF 21r2Cr00         [12] 3825 	ld	hl, #_current_floor
    000014B2 96               [ 8] 3826 	sub	a, (hl)
    000014B3 30 04            [12] 3827 	jr	NC, 00104$
                                   3828 ;main.c:967: max_floor = current_floor;
    000014B5 7E               [ 8] 3829 	ld	a, (hl)
    000014B6 EAr0Br00         [16] 3830 	ld	(#_max_floor),a
    000014B9                       3831 00104$:
                                   3832 ;main.c:969: key_obtained = 0;
                                   3833 ;main.c:970: treasure_obtained = 0;
    000014B9 AF               [ 4] 3834 	xor	a, a
    000014BA EAr30r00         [16] 3835 	ld	(#_key_obtained), a
    000014BD EAr31r00         [16] 3836 	ld	(#_treasure_obtained),a
                                   3837 ;main.c:971: lock_opened = 0;
    000014C0 AF               [ 4] 3838 	xor	a, a
    000014C1 EAr32r00         [16] 3839 	ld	(#_lock_opened),a
                                   3840 ;main.c:972: generate_dungeon(current_floor);
    000014C4 FAr2Cr00         [16] 3841 	ld	a, (_current_floor)
    000014C7 F5               [16] 3842 	push	af
    000014C8 33               [ 8] 3843 	inc	sp
    000014C9 1Er00            [ 8] 3844 	ld	e, #b_generate_dungeon
    000014CB 21r00r00         [12] 3845 	ld	hl, #_generate_dungeon
    000014CE CDr00r00         [24] 3846 	call	___sdcc_bcall_ehl
    000014D1 33               [ 8] 3847 	inc	sp
                                   3848 ;main.c:974: for (int i = 0; i < 4; i++) {
    000014D2 01 00 00         [12] 3849 	ld	bc, #0x0000
    000014D5                       3850 00113$:
                                   3851 ;main.c:975: for (int j = 0; j < 4; j++) {
    000014D5 79               [ 4] 3852 	ld	a,c
    000014D6 FE 04            [ 8] 3853 	cp	a,#0x04
    000014D8 30 55            [12] 3854 	jr	NC, 00108$
    000014DA 50               [ 4] 3855 	ld	d, b
    000014DB 87               [ 4] 3856 	add	a, a
    000014DC CB 12            [ 8] 3857 	rl	d
    000014DE 87               [ 4] 3858 	add	a, a
    000014DF CB 12            [ 8] 3859 	rl	d
    000014E1 5F               [ 4] 3860 	ld	e, a
    000014E2 21r00r00         [12] 3861 	ld	hl, #_dungeon
    000014E5 19               [ 8] 3862 	add	hl, de
    000014E6 E5               [16] 3863 	push	hl
    000014E7 7D               [ 4] 3864 	ld	a, l
    000014E8 F8 04            [12] 3865 	ldhl	sp,	#4
    000014EA 77               [ 8] 3866 	ld	(hl), a
    000014EB E1               [12] 3867 	pop	hl
    000014EC 7C               [ 4] 3868 	ld	a, h
    000014ED F8 03            [12] 3869 	ldhl	sp,	#3
    000014EF 22               [ 8] 3870 	ld	(hl+), a
    000014F0 23               [ 8] 3871 	inc	hl
    000014F1 36 00            [12] 3872 	ld	(hl), #0x00
    000014F3                       3873 00110$:
    000014F3 F8 05            [12] 3874 	ldhl	sp,	#5
    000014F5 7E               [ 8] 3875 	ld	a, (hl)
    000014F6 D6 04            [ 8] 3876 	sub	a, #0x04
    000014F8 30 32            [12] 3877 	jr	NC, 00114$
                                   3878 ;main.c:976: if (dungeon[i][j] == 'S') {
    000014FA 2B               [ 8] 3879 	dec	hl
    000014FB 2B               [ 8] 3880 	dec	hl
    000014FC 2B               [ 8] 3881 	dec	hl
    000014FD 2A               [ 8] 3882 	ld	a, (hl+)
    000014FE 5F               [ 4] 3883 	ld	e, a
    000014FF 2A               [ 8] 3884 	ld	a, (hl+)
    00001500 23               [ 8] 3885 	inc	hl
    00001501 57               [ 4] 3886 	ld	d, a
    00001502 6E               [ 8] 3887 	ld	l, (hl)
    00001503 26 00            [ 8] 3888 	ld	h, #0x00
    00001505 19               [ 8] 3889 	add	hl, de
    00001506 5D               [ 4] 3890 	ld	e, l
    00001507 54               [ 4] 3891 	ld	d, h
    00001508 1A               [ 8] 3892 	ld	a, (de)
    00001509 D6 53            [ 8] 3893 	sub	a, #0x53
    0000150B 20 1A            [12] 3894 	jr	NZ, 00111$
                                   3895 ;main.c:977: start.x = i;
    0000150D F8 04            [12] 3896 	ldhl	sp,	#4
    0000150F 71               [ 8] 3897 	ld	(hl), c
    00001510 7E               [ 8] 3898 	ld	a, (hl)
    00001511 F8 00            [12] 3899 	ldhl	sp,	#0
    00001513 77               [ 8] 3900 	ld	(hl), a
                                   3901 ;main.c:978: start.y = j;
    00001514 F8 05            [12] 3902 	ldhl	sp,	#5
    00001516 7E               [ 8] 3903 	ld	a, (hl)
    00001517 F8 01            [12] 3904 	ldhl	sp,	#1
    00001519 77               [ 8] 3905 	ld	(hl), a
                                   3906 ;main.c:979: player_coords.x = i;
    0000151A 11r02r00         [12] 3907 	ld	de, #_player_coords
    0000151D F5               [16] 3908 	push	af
    0000151E F8 06            [12] 3909 	ldhl	sp,	#6
    00001520 7E               [ 8] 3910 	ld	a, (hl)
    00001521 12               [ 8] 3911 	ld	(de), a
    00001522 F1               [12] 3912 	pop	af
                                   3913 ;main.c:980: player_coords.y = j;
    00001523 11r03r00         [12] 3914 	ld	de, #_player_coords + 1
    00001526 12               [ 8] 3915 	ld	(de), a
    00001527                       3916 00111$:
                                   3917 ;main.c:975: for (int j = 0; j < 4; j++) {
    00001527 F8 05            [12] 3918 	ldhl	sp,	#5
    00001529 34               [12] 3919 	inc	(hl)
    0000152A 18 C7            [12] 3920 	jr	00110$
    0000152C                       3921 00114$:
                                   3922 ;main.c:974: for (int i = 0; i < 4; i++) {
    0000152C 03               [ 8] 3923 	inc	bc
    0000152D 18 A6            [12] 3924 	jr	00113$
    0000152F                       3925 00108$:
                                   3926 ;main.c:984: set_room(start);
    0000152F 21 01 00         [12] 3927 	ld	hl,#0x1
    00001532 39               [ 8] 3928 	add	hl,sp
    00001533 3A               [ 8] 3929 	ld	a, (hl-)
    00001534 47               [ 4] 3930 	ld	b, a
    00001535 4E               [ 8] 3931 	ld	c, (hl)
    00001536 C5               [16] 3932 	push	bc
    00001537 CDr16r10         [24] 3933 	call	_set_room
                                   3934 ;main.c:985: }
    0000153A E8 06            [16] 3935 	add	sp, #6
    0000153C C9               [16] 3936 	ret
                                   3937 ;main.c:992: void set_textbox(uint8_t item) {
                                   3938 ;	---------------------------------
                                   3939 ; Function set_textbox
                                   3940 ; ---------------------------------
    0000153D                       3941 _set_textbox::
    0000153D 4F               [ 4] 3942 	ld	c, a
                                   3943 ;main.c:993: menu_opened = 4;
    0000153E 21r2Ar00         [12] 3944 	ld	hl, #_menu_opened
    00001541 36 04            [12] 3945 	ld	(hl), #0x04
                                   3946 ;c:\users\utente\desktop\tirocinio\gbdk-win64\gbdk\include\gb\gb.h:1739: WX_REG=x, WY_REG=y;
    00001543 3E 07            [ 8] 3947 	ld	a, #0x07
    00001545 E0r00            [12] 3948 	ldh	(_WX_REG + 0), a
    00001547 3E 68            [ 8] 3949 	ld	a, #0x68
    00001549 E0r00            [12] 3950 	ldh	(_WY_REG + 0), a
                                   3951 ;main.c:995: if (item == 0) {
    0000154B 79               [ 4] 3952 	ld	a, c
    0000154C B7               [ 4] 3953 	or	a, a
    0000154D 20 13            [12] 3954 	jr	NZ, 00110$
                                   3955 ;main.c:996: set_win_tiles(0, 0, 20, 5, game_saved);
    0000154F 11r00r00         [12] 3956 	ld	de, #_game_saved
    00001552 D5               [16] 3957 	push	de
    00001553 21 14 05         [12] 3958 	ld	hl, #0x514
    00001556 E5               [16] 3959 	push	hl
    00001557 AF               [ 4] 3960 	xor	a, a
    00001558 0F               [ 4] 3961 	rrca
    00001559 F5               [16] 3962 	push	af
    0000155A CDr00r00         [24] 3963 	call	_set_win_tiles
    0000155D E8 06            [16] 3964 	add	sp, #6
    0000155F C3r08r16         [16] 3965 	jp	00111$
    00001562                       3966 00110$:
                                   3967 ;main.c:999: move_sprite(33, x, y-32);
    00001562 FAr04r00         [16] 3968 	ld	a, (_y)
    00001565 21r03r00         [12] 3969 	ld	hl, #_x
    00001568 6E               [ 8] 3970 	ld	l, (hl)
    00001569 C6 E0            [ 8] 3971 	add	a, #0xe0
    0000156B 5F               [ 4] 3972 	ld	e, a
                                   3973 ;main.c:998: else if (item == 1) {
    0000156C 79               [ 4] 3974 	ld	a, c
    0000156D 3D               [ 4] 3975 	dec	a
    0000156E 20 2B            [12] 3976 	jr	NZ, 00107$
                                   3977 ;main.c:999: move_sprite(33, x, y-32);
    00001570 4D               [ 4] 3978 	ld	c, l
                                   3979 ;c:\users\utente\desktop\tirocinio\gbdk-win64\gbdk\include\gb\gb.h:1973: OAM_item_t * itm = &shadow_OAM[nb];
    00001571 21r84r00         [12] 3980 	ld	hl, #(_shadow_OAM + 132)
                                   3981 ;c:\users\utente\desktop\tirocinio\gbdk-win64\gbdk\include\gb\gb.h:1974: itm->y=y, itm->x=x;
    00001574 7B               [ 4] 3982 	ld	a, e
    00001575 22               [ 8] 3983 	ld	(hl+), a
    00001576 71               [ 8] 3984 	ld	(hl), c
                                   3985 ;main.c:1000: move_sprite(34, x+8, y-32);
    00001577 FAr04r00         [16] 3986 	ld	a, (_y)
    0000157A C6 E0            [ 8] 3987 	add	a, #0xe0
    0000157C 5F               [ 4] 3988 	ld	e, a
    0000157D FAr03r00         [16] 3989 	ld	a, (_x)
    00001580 C6 08            [ 8] 3990 	add	a, #0x08
    00001582 4F               [ 4] 3991 	ld	c, a
                                   3992 ;c:\users\utente\desktop\tirocinio\gbdk-win64\gbdk\include\gb\gb.h:1973: OAM_item_t * itm = &shadow_OAM[nb];
    00001583 21r88r00         [12] 3993 	ld	hl, #(_shadow_OAM + 136)
                                   3994 ;c:\users\utente\desktop\tirocinio\gbdk-win64\gbdk\include\gb\gb.h:1974: itm->y=y, itm->x=x;
    00001586 7B               [ 4] 3995 	ld	a, e
    00001587 22               [ 8] 3996 	ld	(hl+), a
    00001588 71               [ 8] 3997 	ld	(hl), c
                                   3998 ;main.c:1001: set_win_tiles(0, 0, 20, 5, obtained_key);
    00001589 11r00r00         [12] 3999 	ld	de, #_obtained_key
    0000158C D5               [16] 4000 	push	de
    0000158D 21 14 05         [12] 4001 	ld	hl, #0x514
    00001590 E5               [16] 4002 	push	hl
    00001591 AF               [ 4] 4003 	xor	a, a
    00001592 0F               [ 4] 4004 	rrca
    00001593 F5               [16] 4005 	push	af
    00001594 CDr00r00         [24] 4006 	call	_set_win_tiles
    00001597 E8 06            [16] 4007 	add	sp, #6
    00001599 18 6D            [12] 4008 	jr	00111$
    0000159B                       4009 00107$:
                                   4010 ;main.c:1003: else if (item == 2) {
    0000159B 79               [ 4] 4011 	ld	a, c
    0000159C D6 02            [ 8] 4012 	sub	a, #0x02
    0000159E 20 4D            [12] 4013 	jr	NZ, 00104$
                                   4014 ;main.c:1004: move_sprite(35, x, y-32);
    000015A0 4D               [ 4] 4015 	ld	c, l
                                   4016 ;c:\users\utente\desktop\tirocinio\gbdk-win64\gbdk\include\gb\gb.h:1973: OAM_item_t * itm = &shadow_OAM[nb];
    000015A1 21r8Cr00         [12] 4017 	ld	hl, #(_shadow_OAM + 140)
                                   4018 ;c:\users\utente\desktop\tirocinio\gbdk-win64\gbdk\include\gb\gb.h:1974: itm->y=y, itm->x=x;
    000015A4 7B               [ 4] 4019 	ld	a, e
    000015A5 22               [ 8] 4020 	ld	(hl+), a
    000015A6 71               [ 8] 4021 	ld	(hl), c
                                   4022 ;main.c:1005: move_sprite(36, x+8, y-32);
    000015A7 FAr04r00         [16] 4023 	ld	a, (_y)
    000015AA C6 E0            [ 8] 4024 	add	a, #0xe0
    000015AC 5F               [ 4] 4025 	ld	e, a
    000015AD FAr03r00         [16] 4026 	ld	a, (_x)
    000015B0 C6 08            [ 8] 4027 	add	a, #0x08
    000015B2 4F               [ 4] 4028 	ld	c, a
                                   4029 ;c:\users\utente\desktop\tirocinio\gbdk-win64\gbdk\include\gb\gb.h:1973: OAM_item_t * itm = &shadow_OAM[nb];
    000015B3 21r90r00         [12] 4030 	ld	hl, #(_shadow_OAM + 144)
                                   4031 ;c:\users\utente\desktop\tirocinio\gbdk-win64\gbdk\include\gb\gb.h:1974: itm->y=y, itm->x=x;
    000015B6 7B               [ 4] 4032 	ld	a, e
    000015B7 22               [ 8] 4033 	ld	(hl+), a
    000015B8 71               [ 8] 4034 	ld	(hl), c
                                   4035 ;main.c:1006: move_sprite(37, x, y-24);
    000015B9 FAr04r00         [16] 4036 	ld	a, (_y)
    000015BC C6 E8            [ 8] 4037 	add	a, #0xe8
    000015BE 47               [ 4] 4038 	ld	b, a
    000015BF FAr03r00         [16] 4039 	ld	a, (_x)
    000015C2 4F               [ 4] 4040 	ld	c, a
                                   4041 ;c:\users\utente\desktop\tirocinio\gbdk-win64\gbdk\include\gb\gb.h:1973: OAM_item_t * itm = &shadow_OAM[nb];
    000015C3 21r94r00         [12] 4042 	ld	hl, #(_shadow_OAM + 148)
                                   4043 ;c:\users\utente\desktop\tirocinio\gbdk-win64\gbdk\include\gb\gb.h:1974: itm->y=y, itm->x=x;
    000015C6 78               [ 4] 4044 	ld	a, b
    000015C7 22               [ 8] 4045 	ld	(hl+), a
    000015C8 71               [ 8] 4046 	ld	(hl), c
                                   4047 ;main.c:1007: move_sprite(38, x+8, y-24);
    000015C9 FAr04r00         [16] 4048 	ld	a, (_y)
    000015CC C6 E8            [ 8] 4049 	add	a, #0xe8
    000015CE 5F               [ 4] 4050 	ld	e, a
    000015CF FAr03r00         [16] 4051 	ld	a, (_x)
    000015D2 C6 08            [ 8] 4052 	add	a, #0x08
    000015D4 4F               [ 4] 4053 	ld	c, a
                                   4054 ;c:\users\utente\desktop\tirocinio\gbdk-win64\gbdk\include\gb\gb.h:1973: OAM_item_t * itm = &shadow_OAM[nb];
    000015D5 21r98r00         [12] 4055 	ld	hl, #(_shadow_OAM + 152)
                                   4056 ;c:\users\utente\desktop\tirocinio\gbdk-win64\gbdk\include\gb\gb.h:1974: itm->y=y, itm->x=x;
    000015D8 7B               [ 4] 4057 	ld	a, e
    000015D9 22               [ 8] 4058 	ld	(hl+), a
    000015DA 71               [ 8] 4059 	ld	(hl), c
                                   4060 ;main.c:1008: set_win_tiles(0, 0, 20, 5, obtained_mythril);
    000015DB 11r00r00         [12] 4061 	ld	de, #_obtained_mythril
    000015DE D5               [16] 4062 	push	de
    000015DF 21 14 05         [12] 4063 	ld	hl, #0x514
    000015E2 E5               [16] 4064 	push	hl
    000015E3 AF               [ 4] 4065 	xor	a, a
    000015E4 0F               [ 4] 4066 	rrca
    000015E5 F5               [16] 4067 	push	af
    000015E6 CDr00r00         [24] 4068 	call	_set_win_tiles
    000015E9 E8 06            [16] 4069 	add	sp, #6
    000015EB 18 1B            [12] 4070 	jr	00111$
    000015ED                       4071 00104$:
                                   4072 ;main.c:1010: else if (item == 3) {
    000015ED 79               [ 4] 4073 	ld	a, c
    000015EE D6 03            [ 8] 4074 	sub	a, #0x03
    000015F0 20 16            [12] 4075 	jr	NZ, 00111$
                                   4076 ;main.c:1011: HIDE_SPRITES;
    000015F2 F0r00            [12] 4077 	ldh	a, (_LCDC_REG + 0)
    000015F4 E6 FD            [ 8] 4078 	and	a, #0xfd
    000015F6 E0r00            [12] 4079 	ldh	(_LCDC_REG + 0), a
                                   4080 ;main.c:1012: set_win_tiles(0, 0, 20, 5, boss_defeated);
    000015F8 11r00r00         [12] 4081 	ld	de, #_boss_defeated
    000015FB D5               [16] 4082 	push	de
    000015FC 21 14 05         [12] 4083 	ld	hl, #0x514
    000015FF E5               [16] 4084 	push	hl
    00001600 AF               [ 4] 4085 	xor	a, a
    00001601 0F               [ 4] 4086 	rrca
    00001602 F5               [16] 4087 	push	af
    00001603 CDr00r00         [24] 4088 	call	_set_win_tiles
    00001606 E8 06            [16] 4089 	add	sp, #6
    00001608                       4090 00111$:
                                   4091 ;main.c:1015: wait_vbl_done();
    00001608 CDr00r00         [24] 4092 	call	_wait_vbl_done
                                   4093 ;main.c:1017: while(!(joypad() & (J_A))) {
    0000160B                       4094 00112$:
    0000160B CDr00r00         [24] 4095 	call	_joypad
    0000160E CB 67            [ 8] 4096 	bit	4, a
    00001610 20 05            [12] 4097 	jr	NZ, 00115$
                                   4098 ;main.c:1018: wait_vbl_done();
    00001612 CDr00r00         [24] 4099 	call	_wait_vbl_done
    00001615 18 F4            [12] 4100 	jr	00112$
                                   4101 ;main.c:1021: while(joypad() & (J_A)) {
    00001617                       4102 00115$:
    00001617 CDr00r00         [24] 4103 	call	_joypad
    0000161A CB 67            [ 8] 4104 	bit	4, a
    0000161C 28 05            [12] 4105 	jr	Z, 00117$
                                   4106 ;main.c:1022: wait_vbl_done();
    0000161E CDr00r00         [24] 4107 	call	_wait_vbl_done
    00001621 18 F4            [12] 4108 	jr	00115$
    00001623                       4109 00117$:
                                   4110 ;c:\users\utente\desktop\tirocinio\gbdk-win64\gbdk\include\gb\gb.h:1973: OAM_item_t * itm = &shadow_OAM[nb];
    00001623 21r84r00         [12] 4111 	ld	hl, #(_shadow_OAM + 132)
                                   4112 ;c:\users\utente\desktop\tirocinio\gbdk-win64\gbdk\include\gb\gb.h:1974: itm->y=y, itm->x=x;
    00001626 AF               [ 4] 4113 	xor	a, a
    00001627 22               [ 8] 4114 	ld	(hl+), a
    00001628 77               [ 8] 4115 	ld	(hl), a
                                   4116 ;c:\users\utente\desktop\tirocinio\gbdk-win64\gbdk\include\gb\gb.h:1973: OAM_item_t * itm = &shadow_OAM[nb];
    00001629 21r88r00         [12] 4117 	ld	hl, #(_shadow_OAM + 136)
                                   4118 ;c:\users\utente\desktop\tirocinio\gbdk-win64\gbdk\include\gb\gb.h:1974: itm->y=y, itm->x=x;
    0000162C AF               [ 4] 4119 	xor	a, a
    0000162D 22               [ 8] 4120 	ld	(hl+), a
    0000162E 77               [ 8] 4121 	ld	(hl), a
                                   4122 ;c:\users\utente\desktop\tirocinio\gbdk-win64\gbdk\include\gb\gb.h:1973: OAM_item_t * itm = &shadow_OAM[nb];
    0000162F 21r8Cr00         [12] 4123 	ld	hl, #(_shadow_OAM + 140)
                                   4124 ;c:\users\utente\desktop\tirocinio\gbdk-win64\gbdk\include\gb\gb.h:1974: itm->y=y, itm->x=x;
    00001632 AF               [ 4] 4125 	xor	a, a
    00001633 22               [ 8] 4126 	ld	(hl+), a
    00001634 77               [ 8] 4127 	ld	(hl), a
                                   4128 ;c:\users\utente\desktop\tirocinio\gbdk-win64\gbdk\include\gb\gb.h:1973: OAM_item_t * itm = &shadow_OAM[nb];
    00001635 21r90r00         [12] 4129 	ld	hl, #(_shadow_OAM + 144)
                                   4130 ;c:\users\utente\desktop\tirocinio\gbdk-win64\gbdk\include\gb\gb.h:1974: itm->y=y, itm->x=x;
    00001638 AF               [ 4] 4131 	xor	a, a
    00001639 22               [ 8] 4132 	ld	(hl+), a
    0000163A 77               [ 8] 4133 	ld	(hl), a
                                   4134 ;c:\users\utente\desktop\tirocinio\gbdk-win64\gbdk\include\gb\gb.h:1973: OAM_item_t * itm = &shadow_OAM[nb];
    0000163B 21r94r00         [12] 4135 	ld	hl, #(_shadow_OAM + 148)
                                   4136 ;c:\users\utente\desktop\tirocinio\gbdk-win64\gbdk\include\gb\gb.h:1974: itm->y=y, itm->x=x;
    0000163E AF               [ 4] 4137 	xor	a, a
    0000163F 22               [ 8] 4138 	ld	(hl+), a
    00001640 77               [ 8] 4139 	ld	(hl), a
                                   4140 ;c:\users\utente\desktop\tirocinio\gbdk-win64\gbdk\include\gb\gb.h:1973: OAM_item_t * itm = &shadow_OAM[nb];
    00001641 21r98r00         [12] 4141 	ld	hl, #(_shadow_OAM + 152)
                                   4142 ;c:\users\utente\desktop\tirocinio\gbdk-win64\gbdk\include\gb\gb.h:1974: itm->y=y, itm->x=x;
    00001644 AF               [ 4] 4143 	xor	a, a
    00001645 22               [ 8] 4144 	ld	(hl+), a
    00001646 77               [ 8] 4145 	ld	(hl), a
                                   4146 ;main.c:1031: menu_opened = 0;
    00001647 AF               [ 4] 4147 	xor	a, a
    00001648 EAr2Ar00         [16] 4148 	ld	(#_menu_opened),a
                                   4149 ;main.c:1032: SHOW_SPRITES;
    0000164B F0r00            [12] 4150 	ldh	a, (_LCDC_REG + 0)
    0000164D F6 02            [ 8] 4151 	or	a, #0x02
    0000164F E0r00            [12] 4152 	ldh	(_LCDC_REG + 0), a
                                   4153 ;main.c:1033: set_mini_menu();
    00001651 1Er00            [ 8] 4154 	ld	e, #b_set_mini_menu
    00001653 21r00r00         [12] 4155 	ld	hl, #_set_mini_menu
                                   4156 ;main.c:1034: }
    00001656 C3r00r00         [16] 4157 	jp  ___sdcc_bcall_ehl
                                   4158 ;main.c:1038: void player_attack(uint8_t wpn, uint8_t index) {
                                   4159 ;	---------------------------------
                                   4160 ; Function player_attack
                                   4161 ; ---------------------------------
    00001659                       4162 _player_attack::
    00001659 E8 F6            [16] 4163 	add	sp, #-10
    0000165B 4F               [ 4] 4164 	ld	c, a
    0000165C F8 09            [12] 4165 	ldhl	sp,	#9
    0000165E 73               [ 8] 4166 	ld	(hl), e
                                   4167 ;main.c:1039: hit_sfx();
    0000165F C5               [16] 4168 	push	bc
    00001660 1Er00            [ 8] 4169 	ld	e, #b_hit_sfx
    00001662 21r00r00         [12] 4170 	ld	hl, #_hit_sfx
    00001665 CDr00r00         [24] 4171 	call	___sdcc_bcall_ehl
    00001668 C1               [12] 4172 	pop	bc
                                   4173 ;main.c:1042: if (wpn == 0) { // spada
    00001669 79               [ 4] 4174 	ld	a, c
    0000166A B7               [ 4] 4175 	or	a, a
    0000166B 20 08            [12] 4176 	jr	NZ, 00102$
                                   4177 ;main.c:1043: atk_stat = attack;
    0000166D FAr16r00         [16] 4178 	ld	a, (#_attack)
    00001670 F8 08            [12] 4179 	ldhl	sp,	#8
    00001672 77               [ 8] 4180 	ld	(hl), a
    00001673 18 06            [12] 4181 	jr	00103$
    00001675                       4182 00102$:
                                   4183 ;main.c:1046: atk_stat = arrow_damage;
    00001675 FAr24r00         [16] 4184 	ld	a, (#_arrow_damage)
    00001678 F8 08            [12] 4185 	ldhl	sp,	#8
    0000167A 77               [ 8] 4186 	ld	(hl), a
    0000167B                       4187 00103$:
                                   4188 ;main.c:1048: if (index == 2) {
    0000167B F8 09            [12] 4189 	ldhl	sp,	#9
    0000167D 7E               [ 8] 4190 	ld	a, (hl)
    0000167E D6 02            [ 8] 4191 	sub	a, #0x02
    00001680 C2r1Ar18         [16] 4192 	jp	NZ, 00116$
                                   4193 ;main.c:1049: if (atk_stat > boss.def) {
    00001683 21rA8r01         [12] 4194 	ld	hl, #_boss + 6
    00001686 4E               [ 8] 4195 	ld	c, (hl)
    00001687 79               [ 4] 4196 	ld	a, c
    00001688 F8 08            [12] 4197 	ldhl	sp,	#8
    0000168A 96               [ 8] 4198 	sub	a, (hl)
    0000168B 30 05            [12] 4199 	jr	NC, 00105$
                                   4200 ;main.c:1050: damage = atk_stat - boss.def;
    0000168D 7E               [ 8] 4201 	ld	a, (hl)
    0000168E 91               [ 4] 4202 	sub	a, c
    0000168F 77               [ 8] 4203 	ld	(hl), a
    00001690 18 04            [12] 4204 	jr	00106$
    00001692                       4205 00105$:
                                   4206 ;main.c:1053: damage = 1;
    00001692 F8 08            [12] 4207 	ldhl	sp,	#8
    00001694 36 01            [12] 4208 	ld	(hl), #0x01
    00001696                       4209 00106$:
                                   4210 ;main.c:1055: show_number(damage, 0, 1, index);
    00001696 F8 09            [12] 4211 	ldhl	sp,	#9
    00001698 3A               [ 8] 4212 	ld	a, (hl-)
    00001699 47               [ 4] 4213 	ld	b, a
    0000169A 0E 01            [ 8] 4214 	ld	c, #0x01
    0000169C C5               [16] 4215 	push	bc
    0000169D AF               [ 4] 4216 	xor	a, a
    0000169E F5               [16] 4217 	push	af
    0000169F 33               [ 8] 4218 	inc	sp
    000016A0 7E               [ 8] 4219 	ld	a, (hl)
    000016A1 F5               [16] 4220 	push	af
    000016A2 33               [ 8] 4221 	inc	sp
    000016A3 1Er00            [ 8] 4222 	ld	e, #b_show_number
    000016A5 21r00r00         [12] 4223 	ld	hl, #_show_number
    000016A8 CDr00r00         [24] 4224 	call	___sdcc_bcall_ehl
    000016AB E8 04            [16] 4225 	add	sp, #4
                                   4226 ;main.c:1056: if (damage < boss.hp) {
    000016AD 11rA5r01         [12] 4227 	ld	de, #(_boss + 3)
    000016B0 1A               [ 8] 4228 	ld	a, (de)
    000016B1 F8 06            [12] 4229 	ldhl	sp,	#6
    000016B3 22               [ 8] 4230 	ld	(hl+), a
    000016B4 13               [ 8] 4231 	inc	de
    000016B5 1A               [ 8] 4232 	ld	a, (de)
    000016B6 22               [ 8] 4233 	ld	(hl+), a
    000016B7 3A               [ 8] 4234 	ld	a, (hl-)
    000016B8 2B               [ 8] 4235 	dec	hl
    000016B9 4F               [ 4] 4236 	ld	c, a
    000016BA 06 00            [ 8] 4237 	ld	b, #0x00
    000016BC 79               [ 4] 4238 	ld	a, c
    000016BD 96               [ 8] 4239 	sub	a, (hl)
    000016BE 23               [ 8] 4240 	inc	hl
    000016BF 78               [ 4] 4241 	ld	a, b
    000016C0 9E               [ 8] 4242 	sbc	a, (hl)
    000016C1 30 24            [12] 4243 	jr	NC, 00108$
                                   4244 ;main.c:1057: boss.hp -= damage;
    000016C3 F8 08            [12] 4245 	ldhl	sp,	#8
    000016C5 7E               [ 8] 4246 	ld	a, (hl)
    000016C6 F8 04            [12] 4247 	ldhl	sp,	#4
    000016C8 22               [ 8] 4248 	ld	(hl+), a
    000016C9 AF               [ 4] 4249 	xor	a, a
    000016CA 22               [ 8] 4250 	ld	(hl+), a
    000016CB 2A               [ 8] 4251 	ld	a, (hl+)
    000016CC 5F               [ 4] 4252 	ld	e, a
    000016CD 56               [ 8] 4253 	ld	d, (hl)
    000016CE F8 04            [12] 4254 	ldhl	sp,	#4
    000016D0 2A               [ 8] 4255 	ld	a,	(hl+)
    000016D1 66               [ 8] 4256 	ld	h, (hl)
    000016D2 6F               [ 4] 4257 	ld	l, a
    000016D3 7B               [ 4] 4258 	ld	a, e
    000016D4 95               [ 4] 4259 	sub	a, l
    000016D5 5F               [ 4] 4260 	ld	e, a
    000016D6 7A               [ 4] 4261 	ld	a, d
    000016D7 9C               [ 4] 4262 	sbc	a, h
    000016D8 F8 03            [12] 4263 	ldhl	sp,	#3
    000016DA 32               [ 8] 4264 	ld	(hl-), a
    000016DB 73               [ 8] 4265 	ld	(hl), e
    000016DC 2A               [ 8] 4266 	ld	a, (hl+)
    000016DD 4F               [ 4] 4267 	ld	c, a
    000016DE 46               [ 8] 4268 	ld	b, (hl)
    000016DF 21rA5r01         [12] 4269 	ld	hl, #(_boss + 3)
    000016E2 79               [ 4] 4270 	ld	a, c
    000016E3 22               [ 8] 4271 	ld	(hl+), a
    000016E4 70               [ 8] 4272 	ld	(hl), b
    000016E5 18 06            [12] 4273 	jr	00109$
    000016E7                       4274 00108$:
                                   4275 ;main.c:1060: boss.hp = 0;
    000016E7 21rA5r01         [12] 4276 	ld	hl, #(_boss + 3)
    000016EA AF               [ 4] 4277 	xor	a, a
    000016EB 22               [ 8] 4278 	ld	(hl+), a
    000016EC 77               [ 8] 4279 	ld	(hl), a
    000016ED                       4280 00109$:
                                   4281 ;main.c:1062: if (boss.hp == 0) {
    000016ED 21rA5r01         [12] 4282 	ld	hl, #(_boss + 3)
    000016F0 2A               [ 8] 4283 	ld	a, (hl+)
    000016F1 B6               [ 8] 4284 	or	a, (hl)
    000016F2 C2r53r19         [16] 4285 	jp	NZ, 00125$
                                   4286 ;main.c:1063: enemy_death_sfx();
    000016F5 1Er00            [ 8] 4287 	ld	e, #b_enemy_death_sfx
    000016F7 21r00r00         [12] 4288 	ld	hl, #_enemy_death_sfx
    000016FA CDr00r00         [24] 4289 	call	___sdcc_bcall_ehl
                                   4290 ;main.c:1064: uint8_t b_x = boss.x;
    000016FD 21rA3r01         [12] 4291 	ld	hl, #_boss + 1
    00001700 4E               [ 8] 4292 	ld	c, (hl)
                                   4293 ;main.c:1065: uint8_t b_y = boss.y;
    00001701 21rA4r01         [12] 4294 	ld	hl, #_boss + 2
    00001704 46               [ 8] 4295 	ld	b, (hl)
                                   4296 ;main.c:1066: boss_death(&boss);
    00001705 C5               [16] 4297 	push	bc
    00001706 11rA2r01         [12] 4298 	ld	de, #_boss
    00001709 D5               [16] 4299 	push	de
    0000170A 1Er00            [ 8] 4300 	ld	e, #b_boss_death
    0000170C 21r00r00         [12] 4301 	ld	hl, #_boss_death
    0000170F CDr00r00         [24] 4302 	call	___sdcc_bcall_ehl
    00001712 E1               [12] 4303 	pop	hl
                                   4304 ;main.c:1067: set_character_sprite(last_direction);
    00001713 FAr05r00         [16] 4305 	ld	a, (_last_direction)
    00001716 F5               [16] 4306 	push	af
    00001717 33               [ 8] 4307 	inc	sp
    00001718 1Er00            [ 8] 4308 	ld	e, #b_set_character_sprite
    0000171A 21r00r00         [12] 4309 	ld	hl, #_set_character_sprite
    0000171D CDr00r00         [24] 4310 	call	___sdcc_bcall_ehl
    00001720 33               [ 8] 4311 	inc	sp
    00001721 C1               [12] 4312 	pop	bc
                                   4313 ;main.c:1068: wait_vbl_done();
    00001722 CDr00r00         [24] 4314 	call	_wait_vbl_done
                                   4315 ;main.c:1069: play_explosion_animation(b_x, b_y);
    00001725 C5               [16] 4316 	push	bc
    00001726 33               [ 8] 4317 	inc	sp
    00001727 79               [ 4] 4318 	ld	a, c
    00001728 F5               [16] 4319 	push	af
    00001729 33               [ 8] 4320 	inc	sp
    0000172A 1Er00            [ 8] 4321 	ld	e, #b_play_explosion_animation
    0000172C 21r00r00         [12] 4322 	ld	hl, #_play_explosion_animation
    0000172F CDr00r00         [24] 4323 	call	___sdcc_bcall_ehl
    00001732 E1               [12] 4324 	pop	hl
                                   4325 ;main.c:1070: boss_floor_defeated = 1;
    00001733 21r34r00         [12] 4326 	ld	hl, #_boss_floor_defeated
    00001736 36 01            [12] 4327 	ld	(hl), #0x01
                                   4328 ;main.c:1071: boss_battle = 0;
    00001738 AF               [ 4] 4329 	xor	a, a
    00001739 EAr33r00         [16] 4330 	ld	(#_boss_battle),a
                                   4331 ;main.c:1072: enemies_defeated++;
    0000173C 21r0Ar00         [12] 4332 	ld	hl, #_enemies_defeated
    0000173F 34               [12] 4333 	inc	(hl)
                                   4334 ;main.c:1073: experience += boss.exp_reward;
    00001740 21rA9r01         [12] 4335 	ld	hl, #(_boss + 7)
    00001743 2A               [ 8] 4336 	ld	a, (hl+)
    00001744 4F               [ 4] 4337 	ld	c, a
    00001745 46               [ 8] 4338 	ld	b, (hl)
    00001746 21r19r00         [12] 4339 	ld	hl, #_experience
    00001749 7E               [ 8] 4340 	ld	a, (hl)
    0000174A 81               [ 4] 4341 	add	a, c
    0000174B 22               [ 8] 4342 	ld	(hl+), a
    0000174C 7E               [ 8] 4343 	ld	a, (hl)
    0000174D 88               [ 4] 4344 	adc	a, b
    0000174E 77               [ 8] 4345 	ld	(hl), a
                                   4346 ;main.c:1074: obt_exp += boss.exp_reward;
    0000174F FArA9r01         [16] 4347 	ld	a, (#(_boss + 7) + 0)
    00001752 21r29r00         [12] 4348 	ld	hl, #_obt_exp
    00001755 86               [ 8] 4349 	add	a, (hl)
    00001756 77               [ 8] 4350 	ld	(hl), a
                                   4351 ;main.c:1075: minerals+=2;
    00001757 FAr27r00         [16] 4352 	ld	a, (_minerals)
    0000175A C6 02            [ 8] 4353 	add	a, #0x02
    0000175C EAr27r00         [16] 4354 	ld	(#_minerals),a
                                   4355 ;main.c:1076: menu_opened = 4;
    0000175F 21r2Ar00         [12] 4356 	ld	hl, #_menu_opened
    00001762 36 04            [12] 4357 	ld	(hl), #0x04
                                   4358 ;main.c:1077: if (current_floor != 25) {
    00001764 FAr2Cr00         [16] 4359 	ld	a, (#_current_floor)
    00001767 D6 19            [ 8] 4360 	sub	a, #0x19
    00001769 CArECr17         [16] 4361 	jp	Z, 00111$
                                   4362 ;main.c:1078: current_song_bank = 3;
    0000176C 21r36r00         [12] 4363 	ld	hl, #_current_song_bank
    0000176F 36 03            [12] 4364 	ld	(hl), #0x03
                                   4365 ;main.c:1079: SWITCH_ROM(3);
    00001771 3E 03            [ 8] 4366 	ld	a, #0x03
    00001773 E0r00            [12] 4367 	ldh	(__current_bank + 0), a
    00001775 21r00r00         [12] 4368 	ld	hl, #_rROMB0
    00001778 36 03            [12] 4369 	ld	(hl), #0x03
                                   4370 ;main.c:1080: hUGE_init(&boss_defeated_jingle);
    0000177A 11r00r00         [12] 4371 	ld	de, #_boss_defeated_jingle
    0000177D CDr00r00         [24] 4372 	call	_hUGE_init
                                   4373 ;main.c:1081: SWITCH_ROM(1);
    00001780 3E 01            [ 8] 4374 	ld	a, #0x01
    00001782 E0r00            [12] 4375 	ldh	(__current_bank + 0), a
    00001784 21r00r00         [12] 4376 	ld	hl, #_rROMB0
    00001787 36 01            [12] 4377 	ld	(hl), #0x01
                                   4378 ;main.c:1082: set_textbox(3);
    00001789 3E 03            [ 8] 4379 	ld	a, #0x03
    0000178B CDr3Dr15         [24] 4380 	call	_set_textbox
                                   4381 ;main.c:1083: uint8_t door = doors[player_coords.x][player_coords.y];
    0000178E 01r00r00         [12] 4382 	ld	bc, #_doors+0
    00001791 FAr02r00         [16] 4383 	ld	a, (#_player_coords + 0)
    00001794 6F               [ 4] 4384 	ld	l, a
    00001795 07               [ 4] 4385 	rlca
    00001796 9F               [ 4] 4386 	sbc	a, a
    00001797 67               [ 4] 4387 	ld	h, a
    00001798 29               [ 8] 4388 	add	hl, hl
    00001799 29               [ 8] 4389 	add	hl, hl
    0000179A 09               [ 8] 4390 	add	hl, bc
    0000179B 01r03r00         [12] 4391 	ld	bc, #_player_coords + 1
    0000179E 0A               [ 8] 4392 	ld	a, (bc)
    0000179F 5F               [ 4] 4393 	ld	e, a
    000017A0 16 00            [ 8] 4394 	ld	d, #0x00
    000017A2 19               [ 8] 4395 	add	hl, de
    000017A3 56               [ 8] 4396 	ld	d, (hl)
                                   4397 ;main.c:1085: set_room_tiles(door, room_ptr, player_coords);
    000017A4 21r02r00         [12] 4398 	ld	hl, #_player_coords
    000017A7 23               [ 8] 4399 	inc	hl
    000017A8 46               [ 8] 4400 	ld	b, (hl)
    000017A9 2B               [ 8] 4401 	dec	hl
    000017AA 4E               [ 8] 4402 	ld	c, (hl)
    000017AB C5               [16] 4403 	push	bc
    000017AC F8 02            [12] 4404 	ldhl	sp,	#2
    000017AE 4E               [ 8] 4405 	ld	c, (hl)
    000017AF 23               [ 8] 4406 	inc	hl
    000017B0 46               [ 8] 4407 	ld	b, (hl)
    000017B1 C5               [16] 4408 	push	bc
    000017B2 D5               [16] 4409 	push	de
    000017B3 33               [ 8] 4410 	inc	sp
    000017B4 1Er00            [ 8] 4411 	ld	e, #b_set_room_tiles
    000017B6 21r00r00         [12] 4412 	ld	hl, #_set_room_tiles
    000017B9 CDr00r00         [24] 4413 	call	___sdcc_bcall_ehl
    000017BC E8 05            [16] 4414 	add	sp, #5
                                   4415 ;main.c:1086: set_bkg_tiles(2, 2, 2, 2, stairs);
    000017BE 11r3Fr03         [12] 4416 	ld	de, #_stairs
    000017C1 D5               [16] 4417 	push	de
    000017C2 21 02 02         [12] 4418 	ld	hl, #0x202
    000017C5 E5               [16] 4419 	push	hl
    000017C6 E5               [16] 4420 	push	hl
    000017C7 CDr00r00         [24] 4421 	call	_set_bkg_tiles
    000017CA E8 06            [16] 4422 	add	sp, #6
                                   4423 ;main.c:1087: current_song_bank = 4;
    000017CC 21r36r00         [12] 4424 	ld	hl, #_current_song_bank
    000017CF 36 04            [12] 4425 	ld	(hl), #0x04
                                   4426 ;main.c:1088: SWITCH_ROM(current_song_bank);
    000017D1 3E 04            [ 8] 4427 	ld	a, #0x04
    000017D3 E0r00            [12] 4428 	ldh	(__current_bank + 0), a
    000017D5 21r00r00         [12] 4429 	ld	hl, #_rROMB0
    000017D8 36 04            [12] 4430 	ld	(hl), #0x04
                                   4431 ;main.c:1089: hUGE_init(&dungeon_theme);
    000017DA 11r00r00         [12] 4432 	ld	de, #_dungeon_theme
    000017DD CDr00r00         [24] 4433 	call	_hUGE_init
                                   4434 ;main.c:1090: SWITCH_ROM(1);
    000017E0 3E 01            [ 8] 4435 	ld	a, #0x01
    000017E2 E0r00            [12] 4436 	ldh	(__current_bank + 0), a
    000017E4 21r00r00         [12] 4437 	ld	hl, #_rROMB0
    000017E7 36 01            [12] 4438 	ld	(hl), #0x01
    000017E9 C3r53r19         [16] 4439 	jp	00125$
    000017EC                       4440 00111$:
                                   4441 ;main.c:1093: current_song_bank = 5;
    000017EC 21r36r00         [12] 4442 	ld	hl, #_current_song_bank
    000017EF 36 05            [12] 4443 	ld	(hl), #0x05
                                   4444 ;main.c:1094: SWITCH_ROM(current_song_bank);
    000017F1 3E 05            [ 8] 4445 	ld	a, #0x05
    000017F3 E0r00            [12] 4446 	ldh	(__current_bank + 0), a
    000017F5 21r00r00         [12] 4447 	ld	hl, #_rROMB0
    000017F8 36 05            [12] 4448 	ld	(hl), #0x05
                                   4449 ;main.c:1095: hUGE_init(&ending_song);
    000017FA 11r00r00         [12] 4450 	ld	de, #_ending_song
    000017FD CDr00r00         [24] 4451 	call	_hUGE_init
                                   4452 ;main.c:1096: SWITCH_ROM(1);
    00001800 3E 01            [ 8] 4453 	ld	a, #0x01
    00001802 E0r00            [12] 4454 	ldh	(__current_bank + 0), a
    00001804 21r00r00         [12] 4455 	ld	hl, #_rROMB0
    00001807 36 01            [12] 4456 	ld	(hl), #0x01
                                   4457 ;main.c:1097: play_ending();
    00001809 1Er00            [ 8] 4458 	ld	e, #b_play_ending
    0000180B 21r00r00         [12] 4459 	ld	hl, #_play_ending
    0000180E CDr00r00         [24] 4460 	call	___sdcc_bcall_ehl
                                   4461 ;main.c:1098: save_game();
    00001811 CDr00r00         [24] 4462 	call	_save_game
                                   4463 ;main.c:1099: reset();
    00001814 CDr00r00         [24] 4464 	call	_reset
                                   4465 ;main.c:1102: return;
    00001817 C3r53r19         [16] 4466 	jp	00125$
    0000181A                       4467 00116$:
                                   4468 ;main.c:1106: if (atk_stat > current_enemies[index].def) {
    0000181A F8 09            [12] 4469 	ldhl	sp,	#9
    0000181C 4E               [ 8] 4470 	ld	c, (hl)
    0000181D 06 00            [ 8] 4471 	ld	b, #0x00
    0000181F 69               [ 4] 4472 	ld	l, c
    00001820 60               [ 4] 4473 	ld	h, b
    00001821 29               [ 8] 4474 	add	hl, hl
    00001822 09               [ 8] 4475 	add	hl, bc
    00001823 29               [ 8] 4476 	add	hl, hl
    00001824 29               [ 8] 4477 	add	hl, hl
    00001825 01r7Er01         [12] 4478 	ld	bc, #_current_enemies
    00001828 09               [ 8] 4479 	add	hl, bc
    00001829 E5               [16] 4480 	push	hl
    0000182A 7D               [ 4] 4481 	ld	a, l
    0000182B F8 04            [12] 4482 	ldhl	sp,	#4
    0000182D 77               [ 8] 4483 	ld	(hl), a
    0000182E E1               [12] 4484 	pop	hl
    0000182F 7C               [ 4] 4485 	ld	a, h
    00001830 F8 03            [12] 4486 	ldhl	sp,	#3
    00001832 32               [ 8] 4487 	ld	(hl-), a
    00001833 2A               [ 8] 4488 	ld	a, (hl+)
    00001834 5F               [ 4] 4489 	ld	e, a
    00001835 56               [ 8] 4490 	ld	d, (hl)
    00001836 21 05 00         [12] 4491 	ld	hl, #0x0005
    00001839 19               [ 8] 4492 	add	hl, de
    0000183A 4D               [ 4] 4493 	ld	c, l
    0000183B 44               [ 4] 4494 	ld	b, h
    0000183C 0A               [ 8] 4495 	ld	a, (bc)
    0000183D 4F               [ 4] 4496 	ld	c, a
    0000183E F8 08            [12] 4497 	ldhl	sp,	#8
    00001840 96               [ 8] 4498 	sub	a, (hl)
    00001841 30 07            [12] 4499 	jr	NC, 00118$
                                   4500 ;main.c:1107: damage = atk_stat - current_enemies[index].def;
    00001843 7E               [ 8] 4501 	ld	a, (hl)
    00001844 91               [ 4] 4502 	sub	a, c
    00001845 F8 04            [12] 4503 	ldhl	sp,	#4
    00001847 77               [ 8] 4504 	ld	(hl), a
    00001848 18 04            [12] 4505 	jr	00119$
    0000184A                       4506 00118$:
                                   4507 ;main.c:1110: damage = 1;
    0000184A F8 04            [12] 4508 	ldhl	sp,	#4
    0000184C 36 01            [12] 4509 	ld	(hl), #0x01
    0000184E                       4510 00119$:
                                   4511 ;main.c:1112: show_number(damage, 0, 1, index);
    0000184E F8 09            [12] 4512 	ldhl	sp,	#9
    00001850 66               [ 8] 4513 	ld	h, (hl)
    00001851 2E 01            [ 8] 4514 	ld	l, #0x01
    00001853 E5               [16] 4515 	push	hl
    00001854 AF               [ 4] 4516 	xor	a, a
    00001855 F5               [16] 4517 	push	af
    00001856 33               [ 8] 4518 	inc	sp
    00001857 F8 07            [12] 4519 	ldhl	sp,	#7
    00001859 7E               [ 8] 4520 	ld	a, (hl)
    0000185A F5               [16] 4521 	push	af
    0000185B 33               [ 8] 4522 	inc	sp
    0000185C 1Er00            [ 8] 4523 	ld	e, #b_show_number
    0000185E 21r00r00         [12] 4524 	ld	hl, #_show_number
    00001861 CDr00r00         [24] 4525 	call	___sdcc_bcall_ehl
    00001864 E8 04            [16] 4526 	add	sp, #4
                                   4527 ;main.c:1113: if (damage < current_enemies[index].hp) {
    00001866 F8 02            [12] 4528 	ldhl	sp,#2
    00001868 2A               [ 8] 4529 	ld	a, (hl+)
    00001869 5F               [ 4] 4530 	ld	e, a
    0000186A 56               [ 8] 4531 	ld	d, (hl)
    0000186B 21 02 00         [12] 4532 	ld	hl, #0x0002
    0000186E 19               [ 8] 4533 	add	hl, de
    0000186F E5               [16] 4534 	push	hl
    00001870 7D               [ 4] 4535 	ld	a, l
    00001871 F8 07            [12] 4536 	ldhl	sp,	#7
    00001873 77               [ 8] 4537 	ld	(hl), a
    00001874 E1               [12] 4538 	pop	hl
    00001875 7C               [ 4] 4539 	ld	a, h
    00001876 F8 06            [12] 4540 	ldhl	sp,	#6
    00001878 32               [ 8] 4541 	ld	(hl-), a
    00001879 2A               [ 8] 4542 	ld	a, (hl+)
    0000187A 5F               [ 4] 4543 	ld	e, a
    0000187B 2A               [ 8] 4544 	ld	a, (hl+)
    0000187C 57               [ 4] 4545 	ld	d, a
    0000187D 1A               [ 8] 4546 	ld	a, (de)
    0000187E 22               [ 8] 4547 	ld	(hl+), a
    0000187F 13               [ 8] 4548 	inc	de
    00001880 1A               [ 8] 4549 	ld	a, (de)
    00001881 77               [ 8] 4550 	ld	(hl), a
    00001882 F8 04            [12] 4551 	ldhl	sp,	#4
    00001884 4E               [ 8] 4552 	ld	c, (hl)
    00001885 06 00            [ 8] 4553 	ld	b, #0x00
    00001887 F8 07            [12] 4554 	ldhl	sp,	#7
    00001889 79               [ 4] 4555 	ld	a, c
    0000188A 96               [ 8] 4556 	sub	a, (hl)
    0000188B 23               [ 8] 4557 	inc	hl
    0000188C 78               [ 4] 4558 	ld	a, b
    0000188D 9E               [ 8] 4559 	sbc	a, (hl)
    0000188E 30 18            [12] 4560 	jr	NC, 00121$
                                   4561 ;main.c:1114: current_enemies[index].hp -= damage;
    00001890 F8 04            [12] 4562 	ldhl	sp,	#4
    00001892 4E               [ 8] 4563 	ld	c, (hl)
    00001893 F8 07            [12] 4564 	ldhl	sp,	#7
    00001895 2A               [ 8] 4565 	ld	a, (hl+)
    00001896 46               [ 8] 4566 	ld	b, (hl)
    00001897 1E 00            [ 8] 4567 	ld	e, #0x00
    00001899 91               [ 4] 4568 	sub	a, c
    0000189A 4F               [ 4] 4569 	ld	c, a
    0000189B 78               [ 4] 4570 	ld	a, b
    0000189C 9B               [ 4] 4571 	sbc	a, e
    0000189D 47               [ 4] 4572 	ld	b, a
    0000189E F8 05            [12] 4573 	ldhl	sp,	#5
    000018A0 2A               [ 8] 4574 	ld	a, (hl+)
    000018A1 66               [ 8] 4575 	ld	h, (hl)
    000018A2 6F               [ 4] 4576 	ld	l, a
    000018A3 79               [ 4] 4577 	ld	a, c
    000018A4 22               [ 8] 4578 	ld	(hl+), a
    000018A5 70               [ 8] 4579 	ld	(hl), b
    000018A6 18 15            [12] 4580 	jr	00122$
    000018A8                       4581 00121$:
                                   4582 ;main.c:1117: current_enemies[index].hp = 0;
    000018A8 F8 05            [12] 4583 	ldhl	sp,	#5
    000018AA 2A               [ 8] 4584 	ld	a, (hl+)
    000018AB 66               [ 8] 4585 	ld	h, (hl)
    000018AC 6F               [ 4] 4586 	ld	l, a
    000018AD AF               [ 4] 4587 	xor	a, a
    000018AE 22               [ 8] 4588 	ld	(hl+), a
    000018AF 77               [ 8] 4589 	ld	(hl), a
                                   4590 ;main.c:1118: current_enemies[index].alive = 0;
    000018B0 F8 02            [12] 4591 	ldhl	sp,#2
    000018B2 2A               [ 8] 4592 	ld	a, (hl+)
    000018B3 5F               [ 4] 4593 	ld	e, a
    000018B4 56               [ 8] 4594 	ld	d, (hl)
    000018B5 21 07 00         [12] 4595 	ld	hl, #0x0007
    000018B8 19               [ 8] 4596 	add	hl, de
    000018B9 4D               [ 4] 4597 	ld	c, l
    000018BA 44               [ 4] 4598 	ld	b, h
    000018BB AF               [ 4] 4599 	xor	a, a
    000018BC 02               [ 8] 4600 	ld	(bc), a
    000018BD                       4601 00122$:
                                   4602 ;main.c:1120: if (current_enemies[index].hp == 0) {
    000018BD F8 05            [12] 4603 	ldhl	sp,#5
    000018BF 2A               [ 8] 4604 	ld	a, (hl+)
    000018C0 5F               [ 4] 4605 	ld	e, a
    000018C1 2A               [ 8] 4606 	ld	a, (hl+)
    000018C2 57               [ 4] 4607 	ld	d, a
    000018C3 1A               [ 8] 4608 	ld	a, (de)
    000018C4 22               [ 8] 4609 	ld	(hl+), a
    000018C5 13               [ 8] 4610 	inc	de
    000018C6 1A               [ 8] 4611 	ld	a, (de)
    000018C7 77               [ 8] 4612 	ld	(hl), a
    000018C8 3A               [ 8] 4613 	ld	a, (hl-)
    000018C9 B6               [ 8] 4614 	or	a, (hl)
    000018CA C2r53r19         [16] 4615 	jp	NZ, 00125$
                                   4616 ;main.c:1121: uint8_t e_x = current_enemies[index].x;
    000018CD F8 02            [12] 4617 	ldhl	sp,#2
    000018CF 2A               [ 8] 4618 	ld	a, (hl+)
    000018D0 5F               [ 4] 4619 	ld	e, a
    000018D1 56               [ 8] 4620 	ld	d, (hl)
    000018D2 1A               [ 8] 4621 	ld	a, (de)
    000018D3 F8 07            [12] 4622 	ldhl	sp,	#7
    000018D5 77               [ 8] 4623 	ld	(hl), a
                                   4624 ;main.c:1122: uint8_t e_y = current_enemies[index].y;
    000018D6 F8 02            [12] 4625 	ldhl	sp,	#2
    000018D8 2A               [ 8] 4626 	ld	a, (hl+)
    000018D9 4F               [ 4] 4627 	ld	c, a
    000018DA 46               [ 8] 4628 	ld	b, (hl)
    000018DB 03               [ 8] 4629 	inc	bc
    000018DC 0A               [ 8] 4630 	ld	a, (bc)
    000018DD F8 08            [12] 4631 	ldhl	sp,	#8
    000018DF 77               [ 8] 4632 	ld	(hl), a
                                   4633 ;main.c:1123: set_character_sprite(last_direction);
    000018E0 FAr05r00         [16] 4634 	ld	a, (_last_direction)
    000018E3 F5               [16] 4635 	push	af
    000018E4 33               [ 8] 4636 	inc	sp
    000018E5 1Er00            [ 8] 4637 	ld	e, #b_set_character_sprite
    000018E7 21r00r00         [12] 4638 	ld	hl, #_set_character_sprite
    000018EA CDr00r00         [24] 4639 	call	___sdcc_bcall_ehl
    000018ED 33               [ 8] 4640 	inc	sp
                                   4641 ;main.c:1124: wait_vbl_done();
    000018EE CDr00r00         [24] 4642 	call	_wait_vbl_done
                                   4643 ;main.c:1125: enemy_death(&current_enemies[index]);
    000018F1 F8 02            [12] 4644 	ldhl	sp,	#2
    000018F3 2A               [ 8] 4645 	ld	a, (hl+)
    000018F4 5F               [ 4] 4646 	ld	e, a
    000018F5 56               [ 8] 4647 	ld	d, (hl)
    000018F6 CDr00r00         [24] 4648 	call	_enemy_death
                                   4649 ;main.c:1126: enemy_death_sfx();
    000018F9 1Er00            [ 8] 4650 	ld	e, #b_enemy_death_sfx
    000018FB 21r00r00         [12] 4651 	ld	hl, #_enemy_death_sfx
    000018FE CDr00r00         [24] 4652 	call	___sdcc_bcall_ehl
                                   4653 ;main.c:1127: play_explosion_animation(e_x, e_y);
    00001901 F8 08            [12] 4654 	ldhl	sp,	#8
    00001903 3A               [ 8] 4655 	ld	a, (hl-)
    00001904 47               [ 4] 4656 	ld	b, a
    00001905 7E               [ 8] 4657 	ld	a, (hl)
    00001906 4F               [ 4] 4658 	ld	c, a
    00001907 C5               [16] 4659 	push	bc
    00001908 1Er00            [ 8] 4660 	ld	e, #b_play_explosion_animation
    0000190A 21r00r00         [12] 4661 	ld	hl, #_play_explosion_animation
    0000190D CDr00r00         [24] 4662 	call	___sdcc_bcall_ehl
    00001910 E1               [12] 4663 	pop	hl
                                   4664 ;main.c:1128: enemies_defeated++;
    00001911 21r0Ar00         [12] 4665 	ld	hl, #_enemies_defeated
    00001914 34               [12] 4666 	inc	(hl)
                                   4667 ;main.c:1129: experience += current_enemies[index].exp_reward;
    00001915 F8 02            [12] 4668 	ldhl	sp,#2
    00001917 2A               [ 8] 4669 	ld	a, (hl+)
    00001918 5F               [ 4] 4670 	ld	e, a
    00001919 56               [ 8] 4671 	ld	d, (hl)
    0000191A 21 0A 00         [12] 4672 	ld	hl, #0x000a
    0000191D 19               [ 8] 4673 	add	hl, de
    0000191E E5               [16] 4674 	push	hl
    0000191F 7D               [ 4] 4675 	ld	a, l
    00001920 F8 09            [12] 4676 	ldhl	sp,	#9
    00001922 77               [ 8] 4677 	ld	(hl), a
    00001923 E1               [12] 4678 	pop	hl
    00001924 7C               [ 4] 4679 	ld	a, h
    00001925 F8 08            [12] 4680 	ldhl	sp,	#8
    00001927 32               [ 8] 4681 	ld	(hl-), a
    00001928 2A               [ 8] 4682 	ld	a, (hl+)
    00001929 5F               [ 4] 4683 	ld	e, a
    0000192A 56               [ 8] 4684 	ld	d, (hl)
    0000192B 1A               [ 8] 4685 	ld	a, (de)
    0000192C F8 05            [12] 4686 	ldhl	sp,	#5
    0000192E 22               [ 8] 4687 	ld	(hl+), a
    0000192F 13               [ 8] 4688 	inc	de
    00001930 1A               [ 8] 4689 	ld	a, (de)
    00001931 77               [ 8] 4690 	ld	(hl), a
    00001932 21r19r00         [12] 4691 	ld	hl, #_experience
    00001935 2A               [ 8] 4692 	ld	a, (hl+)
    00001936 5F               [ 4] 4693 	ld	e, a
    00001937 56               [ 8] 4694 	ld	d, (hl)
    00001938 F8 05            [12] 4695 	ldhl	sp,	#5
    0000193A 2A               [ 8] 4696 	ld	a,	(hl+)
    0000193B 66               [ 8] 4697 	ld	h, (hl)
    0000193C 6F               [ 4] 4698 	ld	l, a
    0000193D 19               [ 8] 4699 	add	hl, de
    0000193E 5D               [ 4] 4700 	ld	e, l
    0000193F 54               [ 4] 4701 	ld	d, h
    00001940 21r19r00         [12] 4702 	ld	hl, #_experience
    00001943 7B               [ 4] 4703 	ld	a, e
    00001944 22               [ 8] 4704 	ld	(hl+), a
    00001945 72               [ 8] 4705 	ld	(hl), d
                                   4706 ;main.c:1130: obt_exp += current_enemies[index].exp_reward;
    00001946 F8 07            [12] 4707 	ldhl	sp,#7
    00001948 2A               [ 8] 4708 	ld	a, (hl+)
    00001949 5F               [ 4] 4709 	ld	e, a
    0000194A 56               [ 8] 4710 	ld	d, (hl)
    0000194B 1A               [ 8] 4711 	ld	a, (de)
    0000194C 77               [ 8] 4712 	ld	(hl), a
    0000194D 7E               [ 8] 4713 	ld	a, (hl)
    0000194E 21r29r00         [12] 4714 	ld	hl, #_obt_exp
    00001951 86               [ 8] 4715 	add	a, (hl)
    00001952 77               [ 8] 4716 	ld	(hl), a
    00001953                       4717 00125$:
                                   4718 ;main.c:1132: }
    00001953 E8 0A            [16] 4719 	add	sp, #10
    00001955 C9               [16] 4720 	ret
                                   4721 ;main.c:1136: void shoot_arrow() {
                                   4722 ;	---------------------------------
                                   4723 ; Function shoot_arrow
                                   4724 ; ---------------------------------
    00001956                       4725 _shoot_arrow::
    00001956 E8 FD            [16] 4726 	add	sp, #-3
                                   4727 ;main.c:1137: arrow_sfx();
    00001958 1Er00            [ 8] 4728 	ld	e, #b_arrow_sfx
    0000195A 21r00r00         [12] 4729 	ld	hl, #_arrow_sfx
    0000195D CDr00r00         [24] 4730 	call	___sdcc_bcall_ehl
                                   4731 ;main.c:1138: uint8_t arrow_x = x;
    00001960 FAr03r00         [16] 4732 	ld	a, (_x)
    00001963 4F               [ 4] 4733 	ld	c, a
                                   4734 ;main.c:1139: uint8_t arrow_y = y;
    00001964 FAr04r00         [16] 4735 	ld	a, (_y)
    00001967 47               [ 4] 4736 	ld	b, a
                                   4737 ;main.c:1140: switch (last_direction) {
    00001968 FAr05r00         [16] 4738 	ld	a, (#_last_direction)
    0000196B 3D               [ 4] 4739 	dec	a
    0000196C 28 17            [12] 4740 	jr	Z, 00101$
    0000196E FAr05r00         [16] 4741 	ld	a, (#_last_direction)
    00001971 D6 02            [ 8] 4742 	sub	a, #0x02
    00001973 28 1A            [12] 4743 	jr	Z, 00102$
    00001975 FAr05r00         [16] 4744 	ld	a, (#_last_direction)
    00001978 D6 04            [ 8] 4745 	sub	a, #0x04
    0000197A 28 1D            [12] 4746 	jr	Z, 00103$
    0000197C FAr05r00         [16] 4747 	ld	a, (#_last_direction)
    0000197F D6 08            [ 8] 4748 	sub	a, #0x08
    00001981 28 20            [12] 4749 	jr	Z, 00104$
    00001983 18 26            [12] 4750 	jr	00127$
                                   4751 ;main.c:1141: case 1:
    00001985                       4752 00101$:
                                   4753 ;c:\users\utente\desktop\tirocinio\gbdk-win64\gbdk\include\gb\gb.h:1887: shadow_OAM[nb].tile=tile;
    00001985 21r9Er00         [12] 4754 	ld	hl, #(_shadow_OAM + 158)
                                   4755 ;c:\users\utente\desktop\tirocinio\gbdk-win64\gbdk\include\gb\gb.h:1946: shadow_OAM[nb].prop=prop;
    00001988 3E 50            [ 8] 4756 	ld	a, #0x50
    0000198A 22               [ 8] 4757 	ld	(hl+), a
    0000198B 36 00            [12] 4758 	ld	(hl), #0x00
                                   4759 ;main.c:1144: break;
    0000198D 18 1C            [12] 4760 	jr	00127$
                                   4761 ;main.c:1145: case 2:
    0000198F                       4762 00102$:
                                   4763 ;c:\users\utente\desktop\tirocinio\gbdk-win64\gbdk\include\gb\gb.h:1887: shadow_OAM[nb].tile=tile;
    0000198F 21r9Er00         [12] 4764 	ld	hl, #(_shadow_OAM + 158)
                                   4765 ;c:\users\utente\desktop\tirocinio\gbdk-win64\gbdk\include\gb\gb.h:1946: shadow_OAM[nb].prop=prop;
    00001992 3E 51            [ 8] 4766 	ld	a, #0x51
    00001994 22               [ 8] 4767 	ld	(hl+), a
    00001995 36 00            [12] 4768 	ld	(hl), #0x00
                                   4769 ;main.c:1148: break;
    00001997 18 12            [12] 4770 	jr	00127$
                                   4771 ;main.c:1149: case 4:
    00001999                       4772 00103$:
                                   4773 ;c:\users\utente\desktop\tirocinio\gbdk-win64\gbdk\include\gb\gb.h:1887: shadow_OAM[nb].tile=tile;
    00001999 21r9Er00         [12] 4774 	ld	hl, #(_shadow_OAM + 158)
                                   4775 ;c:\users\utente\desktop\tirocinio\gbdk-win64\gbdk\include\gb\gb.h:1946: shadow_OAM[nb].prop=prop;
    0000199C 3E 50            [ 8] 4776 	ld	a, #0x50
    0000199E 22               [ 8] 4777 	ld	(hl+), a
    0000199F 36 40            [12] 4778 	ld	(hl), #0x40
                                   4779 ;main.c:1152: break;
    000019A1 18 08            [12] 4780 	jr	00127$
                                   4781 ;main.c:1153: case 8:
    000019A3                       4782 00104$:
                                   4783 ;c:\users\utente\desktop\tirocinio\gbdk-win64\gbdk\include\gb\gb.h:1887: shadow_OAM[nb].tile=tile;
    000019A3 21r9Er00         [12] 4784 	ld	hl, #(_shadow_OAM + 158)
                                   4785 ;c:\users\utente\desktop\tirocinio\gbdk-win64\gbdk\include\gb\gb.h:1946: shadow_OAM[nb].prop=prop;
    000019A6 3E 51            [ 8] 4786 	ld	a, #0x51
    000019A8 22               [ 8] 4787 	ld	(hl+), a
    000019A9 36 20            [12] 4788 	ld	(hl), #0x20
                                   4789 ;main.c:1158: while (1) {
    000019AB                       4790 00127$:
                                   4791 ;main.c:1159: wait_vbl_done();
    000019AB CDr00r00         [24] 4792 	call	_wait_vbl_done
                                   4793 ;main.c:1162: arrow_y-=2;
    000019AE 58               [ 4] 4794 	ld	e, b
                                   4795 ;main.c:1160: switch (last_direction) {
    000019AF FAr05r00         [16] 4796 	ld	a, (#_last_direction)
    000019B2 3D               [ 4] 4797 	dec	a
    000019B3 28 18            [12] 4798 	jr	Z, 00106$
                                   4799 ;main.c:1165: arrow_x+=2;
    000019B5 51               [ 4] 4800 	ld	d, c
                                   4801 ;main.c:1160: switch (last_direction) {
    000019B6 FAr05r00         [16] 4802 	ld	a, (#_last_direction)
    000019B9 D6 02            [ 8] 4803 	sub	a, #0x02
    000019BB 28 15            [12] 4804 	jr	Z, 00107$
    000019BD FAr05r00         [16] 4805 	ld	a, (#_last_direction)
    000019C0 D6 04            [ 8] 4806 	sub	a, #0x04
    000019C2 28 13            [12] 4807 	jr	Z, 00108$
    000019C4 FAr05r00         [16] 4808 	ld	a, (#_last_direction)
    000019C7 D6 08            [ 8] 4809 	sub	a, #0x08
    000019C9 28 11            [12] 4810 	jr	Z, 00109$
    000019CB 18 12            [12] 4811 	jr	00110$
                                   4812 ;main.c:1161: case 1:
    000019CD                       4813 00106$:
                                   4814 ;main.c:1162: arrow_y-=2;
    000019CD 43               [ 4] 4815 	ld	b, e
    000019CE 05               [ 4] 4816 	dec	b
    000019CF 05               [ 4] 4817 	dec	b
                                   4818 ;main.c:1163: break;
    000019D0 18 0D            [12] 4819 	jr	00110$
                                   4820 ;main.c:1164: case 2:
    000019D2                       4821 00107$:
                                   4822 ;main.c:1165: arrow_x+=2;
    000019D2 4A               [ 4] 4823 	ld	c, d
    000019D3 0C               [ 4] 4824 	inc	c
    000019D4 0C               [ 4] 4825 	inc	c
                                   4826 ;main.c:1166: break;
    000019D5 18 08            [12] 4827 	jr	00110$
                                   4828 ;main.c:1167: case 4:
    000019D7                       4829 00108$:
                                   4830 ;main.c:1168: arrow_y+=2;
    000019D7 43               [ 4] 4831 	ld	b, e
    000019D8 04               [ 4] 4832 	inc	b
    000019D9 04               [ 4] 4833 	inc	b
                                   4834 ;main.c:1169: break;
    000019DA 18 03            [12] 4835 	jr	00110$
                                   4836 ;main.c:1170: case 8:
    000019DC                       4837 00109$:
                                   4838 ;main.c:1171: arrow_x-=2;
    000019DC 4A               [ 4] 4839 	ld	c, d
    000019DD 0D               [ 4] 4840 	dec	c
    000019DE 0D               [ 4] 4841 	dec	c
                                   4842 ;main.c:1173: }
    000019DF                       4843 00110$:
                                   4844 ;c:\users\utente\desktop\tirocinio\gbdk-win64\gbdk\include\gb\gb.h:1973: OAM_item_t * itm = &shadow_OAM[nb];
    000019DF 21r9Cr00         [12] 4845 	ld	hl, #(_shadow_OAM + 156)
                                   4846 ;c:\users\utente\desktop\tirocinio\gbdk-win64\gbdk\include\gb\gb.h:1974: itm->y=y, itm->x=x;
    000019E2 78               [ 4] 4847 	ld	a, b
    000019E3 22               [ 8] 4848 	ld	(hl+), a
    000019E4 71               [ 8] 4849 	ld	(hl), c
                                   4850 ;main.c:1175: if (arrow_x < 1 || arrow_x > 168 || arrow_y > 144 || arrow_y < 8 || !check_terrain(arrow_x, arrow_y)) { // pulu
    000019E5 79               [ 4] 4851 	ld	a, c
    000019E6 D6 01            [ 8] 4852 	sub	a, #0x01
    000019E8 38 19            [12] 4853 	jr	C, 00111$
    000019EA 3E A8            [ 8] 4854 	ld	a, #0xa8
    000019EC 91               [ 4] 4855 	sub	a, c
    000019ED 38 14            [12] 4856 	jr	C, 00111$
    000019EF 3E 90            [ 8] 4857 	ld	a, #0x90
    000019F1 90               [ 4] 4858 	sub	a, b
    000019F2 38 0F            [12] 4859 	jr	C, 00111$
    000019F4 78               [ 4] 4860 	ld	a, b
    000019F5 D6 08            [ 8] 4861 	sub	a, #0x08
    000019F7 38 0A            [12] 4862 	jr	C, 00111$
    000019F9 C5               [16] 4863 	push	bc
    000019FA 58               [ 4] 4864 	ld	e, b
    000019FB 79               [ 4] 4865 	ld	a, c
    000019FC CDr33r0C         [24] 4866 	call	_check_terrain
    000019FF C1               [12] 4867 	pop	bc
    00001A00 B7               [ 4] 4868 	or	a, a
    00001A01 20 0F            [12] 4869 	jr	NZ, 00112$
    00001A03                       4870 00111$:
                                   4871 ;c:\users\utente\desktop\tirocinio\gbdk-win64\gbdk\include\gb\gb.h:1887: shadow_OAM[nb].tile=tile;
    00001A03 21r9Er00         [12] 4872 	ld	hl, #(_shadow_OAM + 158)
    00001A06 36 32            [12] 4873 	ld	(hl), #0x32
                                   4874 ;c:\users\utente\desktop\tirocinio\gbdk-win64\gbdk\include\gb\gb.h:1973: OAM_item_t * itm = &shadow_OAM[nb];
    00001A08 2B               [ 8] 4875 	dec	hl
    00001A09 2B               [ 8] 4876 	dec	hl
                                   4877 ;c:\users\utente\desktop\tirocinio\gbdk-win64\gbdk\include\gb\gb.h:1974: itm->y=y, itm->x=x;
    00001A0A 36 00            [12] 4878 	ld	(hl), #0x00
    00001A0C 23               [ 8] 4879 	inc	hl
    00001A0D 36 00            [12] 4880 	ld	(hl), #0x00
                                   4881 ;main.c:1178: return;
    00001A0F C3rABr1A         [16] 4882 	jp	00147$
    00001A12                       4883 00112$:
                                   4884 ;main.c:1180: for (int i=0; i<2; i++) {
    00001A12 F8 00            [12] 4885 	ldhl	sp,	#0
    00001A14 AF               [ 4] 4886 	xor	a, a
    00001A15 22               [ 8] 4887 	ld	(hl+), a
    00001A16 22               [ 8] 4888 	ld	(hl+), a
    00001A17 77               [ 8] 4889 	ld	(hl), a
    00001A18                       4890 00145$:
    00001A18 F8 01            [12] 4891 	ldhl	sp,	#1
    00001A1A 2A               [ 8] 4892 	ld	a, (hl+)
    00001A1B D6 02            [ 8] 4893 	sub	a, #0x02
    00001A1D 7E               [ 8] 4894 	ld	a, (hl)
    00001A1E DE 00            [ 8] 4895 	sbc	a, #0x00
    00001A20 30 3C            [12] 4896 	jr	NC, 00120$
                                   4897 ;main.c:1181: uint8_t enemy_x = current_enemies[i].x;
    00001A22 2B               [ 8] 4898 	dec	hl
    00001A23 2A               [ 8] 4899 	ld	a, (hl+)
    00001A24 5F               [ 4] 4900 	ld	e, a
    00001A25 56               [ 8] 4901 	ld	d, (hl)
    00001A26 6B               [ 4] 4902 	ld	l, e
    00001A27 62               [ 4] 4903 	ld	h, d
    00001A28 29               [ 8] 4904 	add	hl, hl
    00001A29 19               [ 8] 4905 	add	hl, de
    00001A2A 29               [ 8] 4906 	add	hl, hl
    00001A2B 29               [ 8] 4907 	add	hl, hl
    00001A2C 11r7Er01         [12] 4908 	ld	de, #_current_enemies
    00001A2F 19               [ 8] 4909 	add	hl, de
                                   4910 ;main.c:1182: uint8_t enemy_y = current_enemies[i].y;
    00001A30 2A               [ 8] 4911 	ld	a, (hl+)
    00001A31 5E               [ 8] 4912 	ld	e, (hl)
                                   4913 ;main.c:1183: if (arrow_x == enemy_x && arrow_y == enemy_y) {
    00001A32 91               [ 4] 4914 	sub	a, c
    00001A33 20 20            [12] 4915 	jr	NZ, 00146$
    00001A35 78               [ 4] 4916 	ld	a, b
    00001A36 93               [ 4] 4917 	sub	a, e
    00001A37 20 1C            [12] 4918 	jr	NZ, 00146$
                                   4919 ;c:\users\utente\desktop\tirocinio\gbdk-win64\gbdk\include\gb\gb.h:1887: shadow_OAM[nb].tile=tile;
    00001A39 21r9Er00         [12] 4920 	ld	hl, #(_shadow_OAM + 158)
                                   4921 ;main.c:1185: move_sprite(39, x, y);
                                   4922 ;c:\users\utente\desktop\tirocinio\gbdk-win64\gbdk\include\gb\gb.h:1973: OAM_item_t * itm = &shadow_OAM[nb];
    00001A3C 3E 32            [ 8] 4923 	ld	a, #0x32
    00001A3E 32               [ 8] 4924 	ld	(hl-), a
    00001A3F 2B               [ 8] 4925 	dec	hl
    00001A40 FAr04r00         [16] 4926 	ld	a, (_y)
    00001A43 47               [ 4] 4927 	ld	b, a
    00001A44 FAr03r00         [16] 4928 	ld	a, (_x)
    00001A47 4F               [ 4] 4929 	ld	c, a
                                   4930 ;c:\users\utente\desktop\tirocinio\gbdk-win64\gbdk\include\gb\gb.h:1974: itm->y=y, itm->x=x;
    00001A48 78               [ 4] 4931 	ld	a, b
    00001A49 22               [ 8] 4932 	ld	(hl+), a
    00001A4A 71               [ 8] 4933 	ld	(hl), c
                                   4934 ;main.c:1186: player_attack(1, i); // arrow atk
    00001A4B F8 00            [12] 4935 	ldhl	sp,	#0
    00001A4D 5E               [ 8] 4936 	ld	e, (hl)
    00001A4E 3E 01            [ 8] 4937 	ld	a, #0x01
    00001A50 CDr59r16         [24] 4938 	call	_player_attack
                                   4939 ;main.c:1187: return;
    00001A53 18 56            [12] 4940 	jr	00147$
    00001A55                       4941 00146$:
                                   4942 ;main.c:1180: for (int i=0; i<2; i++) {
    00001A55 F8 01            [12] 4943 	ldhl	sp,	#1
    00001A57 34               [12] 4944 	inc	(hl)
    00001A58 F8 01            [12] 4945 	ldhl	sp,	#1
    00001A5A 3A               [ 8] 4946 	ld	a, (hl-)
    00001A5B 77               [ 8] 4947 	ld	(hl), a
    00001A5C 18 BA            [12] 4948 	jr	00145$
    00001A5E                       4949 00120$:
                                   4950 ;main.c:1190: if ((arrow_x == boss.x || arrow_x == boss.x+16) && (arrow_y == boss.y || arrow_y == boss.y + 16)) {
    00001A5E FArA3r01         [16] 4951 	ld	a, (#(_boss + 1) + 0)
    00001A61 B9               [ 4] 4952 	cp	a, c
    00001A62 28 14            [12] 4953 	jr	Z, 00125$
    00001A64 26 00            [ 8] 4954 	ld	h, #0x00
    00001A66 6F               [ 4] 4955 	ld	l, a
    00001A67 11 10 00         [12] 4956 	ld	de, #0x0010
    00001A6A 19               [ 8] 4957 	add	hl, de
    00001A6B 59               [ 4] 4958 	ld	e, c
    00001A6C 16 00            [ 8] 4959 	ld	d, #0x00
    00001A6E 7D               [ 4] 4960 	ld	a, l
    00001A6F 93               [ 4] 4961 	sub	a, e
    00001A70 C2rABr19         [16] 4962 	jp	NZ, 00127$
    00001A73 7C               [ 4] 4963 	ld	a, h
    00001A74 92               [ 4] 4964 	sub	a, d
    00001A75 C2rABr19         [16] 4965 	jp	NZ, 00127$
    00001A78                       4966 00125$:
    00001A78 FArA4r01         [16] 4967 	ld	a, (#(_boss + 2) + 0)
    00001A7B B8               [ 4] 4968 	cp	a, b
    00001A7C 28 14            [12] 4969 	jr	Z, 00121$
    00001A7E 26 00            [ 8] 4970 	ld	h, #0x00
    00001A80 6F               [ 4] 4971 	ld	l, a
    00001A81 11 10 00         [12] 4972 	ld	de, #0x0010
    00001A84 19               [ 8] 4973 	add	hl, de
    00001A85 58               [ 4] 4974 	ld	e, b
    00001A86 16 00            [ 8] 4975 	ld	d, #0x00
    00001A88 7D               [ 4] 4976 	ld	a, l
    00001A89 93               [ 4] 4977 	sub	a, e
    00001A8A C2rABr19         [16] 4978 	jp	NZ, 00127$
    00001A8D 7C               [ 4] 4979 	ld	a, h
    00001A8E 92               [ 4] 4980 	sub	a, d
    00001A8F C2rABr19         [16] 4981 	jp	NZ, 00127$
    00001A92                       4982 00121$:
                                   4983 ;c:\users\utente\desktop\tirocinio\gbdk-win64\gbdk\include\gb\gb.h:1887: shadow_OAM[nb].tile=tile;
    00001A92 21r9Er00         [12] 4984 	ld	hl, #(_shadow_OAM + 158)
                                   4985 ;main.c:1192: move_sprite(39, x, y);
                                   4986 ;c:\users\utente\desktop\tirocinio\gbdk-win64\gbdk\include\gb\gb.h:1973: OAM_item_t * itm = &shadow_OAM[nb];
    00001A95 3E 32            [ 8] 4987 	ld	a, #0x32
    00001A97 32               [ 8] 4988 	ld	(hl-), a
    00001A98 2B               [ 8] 4989 	dec	hl
    00001A99 FAr04r00         [16] 4990 	ld	a, (_y)
    00001A9C 4F               [ 4] 4991 	ld	c, a
    00001A9D FAr03r00         [16] 4992 	ld	a, (_x)
    00001AA0 47               [ 4] 4993 	ld	b, a
                                   4994 ;c:\users\utente\desktop\tirocinio\gbdk-win64\gbdk\include\gb\gb.h:1974: itm->y=y, itm->x=x;
    00001AA1 79               [ 4] 4995 	ld	a, c
    00001AA2 22               [ 8] 4996 	ld	(hl+), a
    00001AA3 70               [ 8] 4997 	ld	(hl), b
                                   4998 ;main.c:1193: player_attack(1, 2);
    00001AA4 1E 02            [ 8] 4999 	ld	e, #0x02
    00001AA6 3E 01            [ 8] 5000 	ld	a, #0x01
    00001AA8 CDr59r16         [24] 5001 	call	_player_attack
                                   5002 ;main.c:1194: return;
    00001AAB                       5003 00147$:
                                   5004 ;main.c:1197: }
    00001AAB E8 03            [16] 5005 	add	sp, #3
    00001AAD C9               [16] 5006 	ret
                                   5007 ;main.c:1199: void heal_player() {
                                   5008 ;	---------------------------------
                                   5009 ; Function heal_player
                                   5010 ; ---------------------------------
    00001AAE                       5011 _heal_player::
                                   5012 ;main.c:1200: uint8_t heal = heal_quantity;
    00001AAE FAr23r00         [16] 5013 	ld	a, (_heal_quantity)
    00001AB1 47               [ 4] 5014 	ld	b, a
                                   5015 ;main.c:1201: current_hp += heal;
    00001AB2 21r15r00         [12] 5016 	ld	hl, #_current_hp
    00001AB5 7E               [ 8] 5017 	ld	a, (hl)
    00001AB6 80               [ 4] 5018 	add	a, b
                                   5019 ;main.c:1202: if (current_hp >= max_hp) {
    00001AB7 77               [ 8] 5020 	ld	(hl), a
    00001AB8 21r14r00         [12] 5021 	ld	hl, #_max_hp
    00001ABB 96               [ 8] 5022 	sub	a, (hl)
    00001ABC 38 13            [12] 5023 	jr	C, 00102$
                                   5024 ;main.c:1203: heal = heal_quantity - (current_hp - max_hp);
    00001ABE FAr15r00         [16] 5025 	ld	a, (#_current_hp)
    00001AC1 21r14r00         [12] 5026 	ld	hl, #_max_hp
    00001AC4 96               [ 8] 5027 	sub	a, (hl)
    00001AC5 4F               [ 4] 5028 	ld	c, a
    00001AC6 FAr23r00         [16] 5029 	ld	a, (#_heal_quantity)
    00001AC9 91               [ 4] 5030 	sub	a, c
    00001ACA 47               [ 4] 5031 	ld	b, a
                                   5032 ;main.c:1204: current_hp = max_hp;
    00001ACB FAr14r00         [16] 5033 	ld	a, (#_max_hp)
    00001ACE EAr15r00         [16] 5034 	ld	(#_current_hp),a
    00001AD1                       5035 00102$:
                                   5036 ;main.c:1206: play_heal_animation();
    00001AD1 C5               [16] 5037 	push	bc
    00001AD2 1Er00            [ 8] 5038 	ld	e, #b_play_heal_animation
    00001AD4 21r00r00         [12] 5039 	ld	hl, #_play_heal_animation
    00001AD7 CDr00r00         [24] 5040 	call	___sdcc_bcall_ehl
    00001ADA C1               [12] 5041 	pop	bc
                                   5042 ;main.c:1207: show_number(heal, 1, 0, 0);
    00001ADB AF               [ 4] 5043 	xor	a, a
    00001ADC 0F               [ 4] 5044 	rrca
    00001ADD F5               [16] 5045 	push	af
    00001ADE AF               [ 4] 5046 	xor	a, a
    00001ADF 3E 01            [ 8] 5047 	ld	a, #0x01
    00001AE1 F5               [16] 5048 	push	af
    00001AE2 33               [ 8] 5049 	inc	sp
    00001AE3 C5               [16] 5050 	push	bc
    00001AE4 33               [ 8] 5051 	inc	sp
    00001AE5 1Er00            [ 8] 5052 	ld	e, #b_show_number
    00001AE7 21r00r00         [12] 5053 	ld	hl, #_show_number
    00001AEA CDr00r00         [24] 5054 	call	___sdcc_bcall_ehl
    00001AED E8 04            [16] 5055 	add	sp, #4
                                   5056 ;main.c:1208: }
    00001AEF C9               [16] 5057 	ret
                                   5058 ;main.c:1211: void smooth_movement(uint8_t dir) {
                                   5059 ;	---------------------------------
                                   5060 ; Function smooth_movement
                                   5061 ; ---------------------------------
    00001AF0                       5062 _smooth_movement::
    00001AF0 E8 F5            [16] 5063 	add	sp, #-11
    00001AF2 F8 09            [12] 5064 	ldhl	sp,	#9
    00001AF4 77               [ 8] 5065 	ld	(hl), a
                                   5066 ;main.c:1213: mov_x = x;
    00001AF5 FAr03r00         [16] 5067 	ld	a, (#_x)
    00001AF8 F8 00            [12] 5068 	ldhl	sp,	#0
    00001AFA 77               [ 8] 5069 	ld	(hl), a
                                   5070 ;main.c:1214: mov_y = y;
    00001AFB FAr04r00         [16] 5071 	ld	a, (#_y)
    00001AFE F8 01            [12] 5072 	ldhl	sp,	#1
    00001B00 77               [ 8] 5073 	ld	(hl), a
                                   5074 ;main.c:1216: switch (dir) {
    00001B01 F8 09            [12] 5075 	ldhl	sp,	#9
    00001B03 7E               [ 8] 5076 	ld	a, (hl)
    00001B04 3D               [ 4] 5077 	dec	a
    00001B05 3E 01            [ 8] 5078 	ld	a, #0x01
    00001B07 28 01            [12] 5079 	jr	Z, 00263$
    00001B09 AF               [ 4] 5080 	xor	a, a
    00001B0A                       5081 00263$:
    00001B0A F8 02            [12] 5082 	ldhl	sp,	#2
    00001B0C 77               [ 8] 5083 	ld	(hl), a
    00001B0D F8 09            [12] 5084 	ldhl	sp,	#9
    00001B0F 7E               [ 8] 5085 	ld	a, (hl)
    00001B10 D6 02            [ 8] 5086 	sub	a, #0x02
    00001B12 3E 01            [ 8] 5087 	ld	a, #0x01
    00001B14 28 01            [12] 5088 	jr	Z, 00265$
    00001B16 AF               [ 4] 5089 	xor	a, a
    00001B17                       5090 00265$:
    00001B17 5F               [ 4] 5091 	ld	e, a
    00001B18 F8 09            [12] 5092 	ldhl	sp,	#9
    00001B1A 7E               [ 8] 5093 	ld	a, (hl)
    00001B1B D6 04            [ 8] 5094 	sub	a, #0x04
    00001B1D 3E 01            [ 8] 5095 	ld	a, #0x01
    00001B1F 28 01            [12] 5096 	jr	Z, 00267$
    00001B21 AF               [ 4] 5097 	xor	a, a
    00001B22                       5098 00267$:
    00001B22 47               [ 4] 5099 	ld	b, a
    00001B23 F8 09            [12] 5100 	ldhl	sp,	#9
    00001B25 7E               [ 8] 5101 	ld	a, (hl)
    00001B26 D6 08            [ 8] 5102 	sub	a, #0x08
    00001B28 3E 01            [ 8] 5103 	ld	a, #0x01
    00001B2A 28 01            [12] 5104 	jr	Z, 00269$
    00001B2C AF               [ 4] 5105 	xor	a, a
    00001B2D                       5106 00269$:
    00001B2D 4F               [ 4] 5107 	ld	c, a
                                   5108 ;main.c:1218: y-=16;
    00001B2E FAr04r00         [16] 5109 	ld	a, (_y)
    00001B31 57               [ 4] 5110 	ld	d, a
                                   5111 ;main.c:1216: switch (dir) {
    00001B32 F8 02            [12] 5112 	ldhl	sp,	#2
    00001B34 7E               [ 8] 5113 	ld	a, (hl)
    00001B35 B7               [ 4] 5114 	or	a, a
    00001B36 20 11            [12] 5115 	jr	NZ, 00101$
                                   5116 ;main.c:1221: x+=16;
    00001B38 FAr03r00         [16] 5117 	ld	a, (_x)
                                   5118 ;main.c:1216: switch (dir) {
    00001B3B 1C               [ 4] 5119 	inc	e
    00001B3C 1D               [ 4] 5120 	dec	e
    00001B3D 20 12            [12] 5121 	jr	NZ, 00102$
    00001B3F 04               [ 4] 5122 	inc	b
    00001B40 05               [ 4] 5123 	dec	b
    00001B41 20 15            [12] 5124 	jr	NZ, 00103$
    00001B43 0C               [ 4] 5125 	inc	c
    00001B44 0D               [ 4] 5126 	dec	c
    00001B45 20 19            [12] 5127 	jr	NZ, 00104$
    00001B47 18 1C            [12] 5128 	jr	00105$
                                   5129 ;main.c:1217: case 1:
    00001B49                       5130 00101$:
                                   5131 ;main.c:1218: y-=16;
    00001B49 7A               [ 4] 5132 	ld	a, d
    00001B4A C6 F0            [ 8] 5133 	add	a, #0xf0
    00001B4C EAr04r00         [16] 5134 	ld	(#_y),a
                                   5135 ;main.c:1219: break;
    00001B4F 18 14            [12] 5136 	jr	00105$
                                   5137 ;main.c:1220: case 2:
    00001B51                       5138 00102$:
                                   5139 ;main.c:1221: x+=16;
    00001B51 C6 10            [ 8] 5140 	add	a, #0x10
    00001B53 EAr03r00         [16] 5141 	ld	(#_x),a
                                   5142 ;main.c:1222: break;
    00001B56 18 0D            [12] 5143 	jr	00105$
                                   5144 ;main.c:1223: case 4:
    00001B58                       5145 00103$:
                                   5146 ;main.c:1224: y+=16;
    00001B58 7A               [ 4] 5147 	ld	a, d
    00001B59 C6 10            [ 8] 5148 	add	a, #0x10
    00001B5B EAr04r00         [16] 5149 	ld	(#_y),a
                                   5150 ;main.c:1225: break;
    00001B5E 18 05            [12] 5151 	jr	00105$
                                   5152 ;main.c:1226: case 8:
    00001B60                       5153 00104$:
                                   5154 ;main.c:1227: x-=16;
    00001B60 C6 F0            [ 8] 5155 	add	a, #0xf0
    00001B62 EAr03r00         [16] 5156 	ld	(#_x),a
                                   5157 ;main.c:1229: }
    00001B65                       5158 00105$:
                                   5159 ;main.c:1231: play_walk_animation(dir);
    00001B65 C5               [16] 5160 	push	bc
    00001B66 D5               [16] 5161 	push	de
    00001B67 F8 0D            [12] 5162 	ldhl	sp,	#13
    00001B69 7E               [ 8] 5163 	ld	a, (hl)
    00001B6A F5               [16] 5164 	push	af
    00001B6B 33               [ 8] 5165 	inc	sp
    00001B6C 1Er00            [ 8] 5166 	ld	e, #b_play_walk_animation
    00001B6E 21r00r00         [12] 5167 	ld	hl, #_play_walk_animation
    00001B71 CDr00r00         [24] 5168 	call	___sdcc_bcall_ehl
    00001B74 33               [ 8] 5169 	inc	sp
    00001B75 D1               [12] 5170 	pop	de
    00001B76 C1               [12] 5171 	pop	bc
                                   5172 ;main.c:1233: while (frame < 16) {
    00001B77 F8 03            [12] 5173 	ldhl	sp,	#3
    00001B79 7B               [ 4] 5174 	ld	a, e
    00001B7A 22               [ 8] 5175 	ld	(hl+), a
    00001B7B 78               [ 4] 5176 	ld	a, b
    00001B7C 22               [ 8] 5177 	ld	(hl+), a
    00001B7D 79               [ 4] 5178 	ld	a, c
    00001B7E 22               [ 8] 5179 	ld	(hl+), a
    00001B7F 7B               [ 4] 5180 	ld	a, e
    00001B80 22               [ 8] 5181 	ld	(hl+), a
    00001B81 78               [ 4] 5182 	ld	a, b
    00001B82 22               [ 8] 5183 	ld	(hl+), a
    00001B83 79               [ 4] 5184 	ld	a, c
    00001B84 22               [ 8] 5185 	ld	(hl+), a
    00001B85 23               [ 8] 5186 	inc	hl
    00001B86 36 00            [12] 5187 	ld	(hl), #0x00
    00001B88                       5188 00123$:
    00001B88 F8 0A            [12] 5189 	ldhl	sp,	#10
    00001B8A 7E               [ 8] 5190 	ld	a, (hl)
    00001B8B D6 10            [ 8] 5191 	sub	a, #0x10
    00001B8D D2r6Er1C         [16] 5192 	jp	NC, 00140$
                                   5193 ;main.c:1234: if (frame > 7) {
    00001B90 3E 07            [ 8] 5194 	ld	a, #0x07
    00001B92 96               [ 8] 5195 	sub	a, (hl)
    00001B93 30 0D            [12] 5196 	jr	NC, 00107$
                                   5197 ;main.c:1235: set_character_sprite(dir);
    00001B95 2B               [ 8] 5198 	dec	hl
    00001B96 7E               [ 8] 5199 	ld	a, (hl)
    00001B97 F5               [16] 5200 	push	af
    00001B98 33               [ 8] 5201 	inc	sp
    00001B99 1Er00            [ 8] 5202 	ld	e, #b_set_character_sprite
    00001B9B 21r00r00         [12] 5203 	ld	hl, #_set_character_sprite
    00001B9E CDr00r00         [24] 5204 	call	___sdcc_bcall_ehl
    00001BA1 33               [ 8] 5205 	inc	sp
    00001BA2                       5206 00107$:
                                   5207 ;main.c:1237: if (mov_y >= 136) {
    00001BA2 F8 01            [12] 5208 	ldhl	sp,	#1
    00001BA4 7E               [ 8] 5209 	ld	a, (hl)
    00001BA5 D6 88            [ 8] 5210 	sub	a, #0x88
    00001BA7 38 0C            [12] 5211 	jr	C, 00116$
                                   5212 ;c:\users\utente\desktop\tirocinio\gbdk-win64\gbdk\include\gb\gb.h:1887: shadow_OAM[nb].tile=tile;
    00001BA9 21r1Ar00         [12] 5213 	ld	hl, #(_shadow_OAM + 26)
    00001BAC 36 32            [12] 5214 	ld	(hl), #0x32
    00001BAE 21r1Er00         [12] 5215 	ld	hl, #(_shadow_OAM + 30)
    00001BB1 36 32            [12] 5216 	ld	(hl), #0x32
                                   5217 ;main.c:1239: set_sprite_tile(7, 50);
    00001BB3 18 4C            [12] 5218 	jr	00117$
    00001BB5                       5219 00116$:
                                   5220 ;main.c:1241: else if (mov_y == 134){
    00001BB5 F8 01            [12] 5221 	ldhl	sp,	#1
    00001BB7 7E               [ 8] 5222 	ld	a, (hl)
    00001BB8 D6 86            [ 8] 5223 	sub	a, #0x86
    00001BBA 20 45            [12] 5224 	jr	NZ, 00117$
                                   5225 ;main.c:1242: switch (dir) {
    00001BBC F8 02            [12] 5226 	ldhl	sp,	#2
    00001BBE 7E               [ 8] 5227 	ld	a, (hl)
    00001BBF B7               [ 4] 5228 	or	a, a
    00001BC0 20 11            [12] 5229 	jr	NZ, 00108$
    00001BC2 23               [ 8] 5230 	inc	hl
    00001BC3 7E               [ 8] 5231 	ld	a, (hl)
    00001BC4 B7               [ 4] 5232 	or	a, a
    00001BC5 20 18            [12] 5233 	jr	NZ, 00109$
    00001BC7 23               [ 8] 5234 	inc	hl
    00001BC8 7E               [ 8] 5235 	ld	a, (hl)
    00001BC9 B7               [ 4] 5236 	or	a, a
    00001BCA 20 1F            [12] 5237 	jr	NZ, 00110$
    00001BCC 23               [ 8] 5238 	inc	hl
    00001BCD 7E               [ 8] 5239 	ld	a, (hl)
    00001BCE B7               [ 4] 5240 	or	a, a
    00001BCF 20 26            [12] 5241 	jr	NZ, 00111$
    00001BD1 18 2E            [12] 5242 	jr	00117$
                                   5243 ;main.c:1243: case 1:
    00001BD3                       5244 00108$:
                                   5245 ;c:\users\utente\desktop\tirocinio\gbdk-win64\gbdk\include\gb\gb.h:1887: shadow_OAM[nb].tile=tile;
    00001BD3 21r1Ar00         [12] 5246 	ld	hl, #(_shadow_OAM + 26)
    00001BD6 36 06            [12] 5247 	ld	(hl), #0x06
    00001BD8 21r1Er00         [12] 5248 	ld	hl, #(_shadow_OAM + 30)
    00001BDB 36 07            [12] 5249 	ld	(hl), #0x07
                                   5250 ;main.c:1246: break;
    00001BDD 18 22            [12] 5251 	jr	00117$
                                   5252 ;main.c:1247: case 2:
    00001BDF                       5253 00109$:
                                   5254 ;c:\users\utente\desktop\tirocinio\gbdk-win64\gbdk\include\gb\gb.h:1887: shadow_OAM[nb].tile=tile;
    00001BDF 21r1Ar00         [12] 5255 	ld	hl, #(_shadow_OAM + 26)
    00001BE2 36 0A            [12] 5256 	ld	(hl), #0x0a
    00001BE4 21r1Er00         [12] 5257 	ld	hl, #(_shadow_OAM + 30)
    00001BE7 36 0B            [12] 5258 	ld	(hl), #0x0b
                                   5259 ;main.c:1250: break;
    00001BE9 18 16            [12] 5260 	jr	00117$
                                   5261 ;main.c:1251: case 4:
    00001BEB                       5262 00110$:
                                   5263 ;c:\users\utente\desktop\tirocinio\gbdk-win64\gbdk\include\gb\gb.h:1887: shadow_OAM[nb].tile=tile;
    00001BEB 21r1Ar00         [12] 5264 	ld	hl, #(_shadow_OAM + 26)
    00001BEE 36 02            [12] 5265 	ld	(hl), #0x02
    00001BF0 21r1Er00         [12] 5266 	ld	hl, #(_shadow_OAM + 30)
    00001BF3 36 03            [12] 5267 	ld	(hl), #0x03
                                   5268 ;main.c:1254: break;
    00001BF5 18 0A            [12] 5269 	jr	00117$
                                   5270 ;main.c:1255: case 8:
    00001BF7                       5271 00111$:
                                   5272 ;c:\users\utente\desktop\tirocinio\gbdk-win64\gbdk\include\gb\gb.h:1887: shadow_OAM[nb].tile=tile;
    00001BF7 21r1Ar00         [12] 5273 	ld	hl, #(_shadow_OAM + 26)
    00001BFA 36 0E            [12] 5274 	ld	(hl), #0x0e
    00001BFC 21r1Er00         [12] 5275 	ld	hl, #(_shadow_OAM + 30)
    00001BFF 36 0F            [12] 5276 	ld	(hl), #0x0f
                                   5277 ;main.c:1259: }
    00001C01                       5278 00117$:
                                   5279 ;main.c:1261: wait_vbl_done();
    00001C01 CDr00r00         [24] 5280 	call	_wait_vbl_done
                                   5281 ;main.c:1264: mov_y-=1;
    00001C04 F8 01            [12] 5282 	ldhl	sp,	#1
                                   5283 ;main.c:1262: switch (dir) {
    00001C06 2A               [ 8] 5284 	ld	a, (hl+)
    00001C07 4F               [ 4] 5285 	ld	c, a
    00001C08 7E               [ 8] 5286 	ld	a, (hl)
    00001C09 B7               [ 4] 5287 	or	a, a
    00001C0A 20 15            [12] 5288 	jr	NZ, 00118$
                                   5289 ;main.c:1267: mov_x+=1;
    00001C0C 2B               [ 8] 5290 	dec	hl
    00001C0D 2B               [ 8] 5291 	dec	hl
    00001C0E 46               [ 8] 5292 	ld	b, (hl)
                                   5293 ;main.c:1262: switch (dir) {
    00001C0F F8 06            [12] 5294 	ldhl	sp,	#6
    00001C11 7E               [ 8] 5295 	ld	a, (hl)
    00001C12 B7               [ 4] 5296 	or	a, a
    00001C13 20 13            [12] 5297 	jr	NZ, 00119$
    00001C15 23               [ 8] 5298 	inc	hl
    00001C16 7E               [ 8] 5299 	ld	a, (hl)
    00001C17 B7               [ 4] 5300 	or	a, a
    00001C18 20 15            [12] 5301 	jr	NZ, 00120$
    00001C1A 23               [ 8] 5302 	inc	hl
    00001C1B 7E               [ 8] 5303 	ld	a, (hl)
    00001C1C B7               [ 4] 5304 	or	a, a
    00001C1D 20 17            [12] 5305 	jr	NZ, 00121$
    00001C1F 18 1A            [12] 5306 	jr	00122$
                                   5307 ;main.c:1263: case 1:
    00001C21                       5308 00118$:
                                   5309 ;main.c:1264: mov_y-=1;
    00001C21 79               [ 4] 5310 	ld	a, c
    00001C22 3D               [ 4] 5311 	dec	a
    00001C23 F8 01            [12] 5312 	ldhl	sp,	#1
    00001C25 77               [ 8] 5313 	ld	(hl), a
                                   5314 ;main.c:1265: break;
    00001C26 18 13            [12] 5315 	jr	00122$
                                   5316 ;main.c:1266: case 2:
    00001C28                       5317 00119$:
                                   5318 ;main.c:1267: mov_x+=1;
    00001C28 78               [ 4] 5319 	ld	a, b
    00001C29 3C               [ 4] 5320 	inc	a
    00001C2A F8 00            [12] 5321 	ldhl	sp,	#0
    00001C2C 77               [ 8] 5322 	ld	(hl), a
                                   5323 ;main.c:1268: break;
    00001C2D 18 0C            [12] 5324 	jr	00122$
                                   5325 ;main.c:1269: case 4:
    00001C2F                       5326 00120$:
                                   5327 ;main.c:1270: mov_y+=1;
    00001C2F 79               [ 4] 5328 	ld	a, c
    00001C30 3C               [ 4] 5329 	inc	a
    00001C31 F8 01            [12] 5330 	ldhl	sp,	#1
    00001C33 77               [ 8] 5331 	ld	(hl), a
                                   5332 ;main.c:1271: break;
    00001C34 18 05            [12] 5333 	jr	00122$
                                   5334 ;main.c:1272: case 8:
    00001C36                       5335 00121$:
                                   5336 ;main.c:1273: mov_x-=1;
    00001C36 78               [ 4] 5337 	ld	a, b
    00001C37 3D               [ 4] 5338 	dec	a
    00001C38 F8 00            [12] 5339 	ldhl	sp,	#0
    00001C3A 77               [ 8] 5340 	ld	(hl), a
                                   5341 ;main.c:1275: }
    00001C3B                       5342 00122$:
                                   5343 ;c:\users\utente\desktop\tirocinio\gbdk-win64\gbdk\include\gb\gb.h:1973: OAM_item_t * itm = &shadow_OAM[nb];
    00001C3B 01r10r00         [12] 5344 	ld	bc, #(_shadow_OAM + 16)
                                   5345 ;c:\users\utente\desktop\tirocinio\gbdk-win64\gbdk\include\gb\gb.h:1974: itm->y=y, itm->x=x;
    00001C3E F8 01            [12] 5346 	ldhl	sp,	#1
    00001C40 3A               [ 8] 5347 	ld	a, (hl-)
    00001C41 02               [ 8] 5348 	ld	(bc), a
    00001C42 03               [ 8] 5349 	inc	bc
    00001C43 7E               [ 8] 5350 	ld	a, (hl)
    00001C44 02               [ 8] 5351 	ld	(bc), a
                                   5352 ;main.c:1277: move_sprite(5, mov_x+8, mov_y);
                                   5353 ;c:\users\utente\desktop\tirocinio\gbdk-win64\gbdk\include\gb\gb.h:1973: OAM_item_t * itm = &shadow_OAM[nb];
                                   5354 ;c:\users\utente\desktop\tirocinio\gbdk-win64\gbdk\include\gb\gb.h:1974: itm->y=y, itm->x=x;
    00001C45 2A               [ 8] 5355 	ld	a, (hl+)
    00001C46 C6 08            [ 8] 5356 	add	a, #0x08
    00001C48 4F               [ 4] 5357 	ld	c, a
    00001C49 41               [ 4] 5358 	ld	b, c
    00001C4A 11r14r00         [12] 5359 	ld	de, #(_shadow_OAM + 20)
    00001C4D 7E               [ 8] 5360 	ld	a, (hl)
    00001C4E 12               [ 8] 5361 	ld	(de), a
    00001C4F 13               [ 8] 5362 	inc	de
    00001C50 78               [ 4] 5363 	ld	a, b
    00001C51 12               [ 8] 5364 	ld	(de), a
                                   5365 ;main.c:1278: move_sprite(6, mov_x, mov_y + 8);
    00001C52 7E               [ 8] 5366 	ld	a, (hl)
    00001C53 C6 08            [ 8] 5367 	add	a, #0x08
    00001C55 47               [ 4] 5368 	ld	b, a
    00001C56 58               [ 4] 5369 	ld	e, b
                                   5370 ;c:\users\utente\desktop\tirocinio\gbdk-win64\gbdk\include\gb\gb.h:1973: OAM_item_t * itm = &shadow_OAM[nb];
    00001C57 21r18r00         [12] 5371 	ld	hl, #(_shadow_OAM + 24)
                                   5372 ;c:\users\utente\desktop\tirocinio\gbdk-win64\gbdk\include\gb\gb.h:1974: itm->y=y, itm->x=x;
    00001C5A 73               [ 8] 5373 	ld	(hl), e
    00001C5B 11r19r00         [12] 5374 	ld	de, #(_shadow_OAM + 25)
    00001C5E F8 00            [12] 5375 	ldhl	sp,	#0
    00001C60 7E               [ 8] 5376 	ld	a, (hl)
    00001C61 12               [ 8] 5377 	ld	(de), a
                                   5378 ;c:\users\utente\desktop\tirocinio\gbdk-win64\gbdk\include\gb\gb.h:1973: OAM_item_t * itm = &shadow_OAM[nb];
    00001C62 21r1Cr00         [12] 5379 	ld	hl, #(_shadow_OAM + 28)
                                   5380 ;c:\users\utente\desktop\tirocinio\gbdk-win64\gbdk\include\gb\gb.h:1974: itm->y=y, itm->x=x;
    00001C65 78               [ 4] 5381 	ld	a, b
    00001C66 22               [ 8] 5382 	ld	(hl+), a
    00001C67 71               [ 8] 5383 	ld	(hl), c
                                   5384 ;main.c:1280: frame++;
    00001C68 F8 0A            [12] 5385 	ldhl	sp,	#10
    00001C6A 34               [12] 5386 	inc	(hl)
    00001C6B C3r88r1B         [16] 5387 	jp	00123$
    00001C6E                       5388 00140$:
                                   5389 ;main.c:1283: }
    00001C6E E8 0B            [16] 5390 	add	sp, #11
    00001C70 C9               [16] 5391 	ret
                                   5392 ;main.c:1291: void music_vbl_interrupt() {
                                   5393 ;	---------------------------------
                                   5394 ; Function music_vbl_interrupt
                                   5395 ; ---------------------------------
    00001C71                       5396 _music_vbl_interrupt::
                                   5397 ;main.c:1292: uint8_t bank_precedente = _current_bank;
    00001C71 F0r00            [12] 5398 	ldh	a, (__current_bank + 0)
    00001C73 4F               [ 4] 5399 	ld	c, a
                                   5400 ;main.c:1293: SWITCH_ROM(current_song_bank);
    00001C74 FAr36r00         [16] 5401 	ld	a, (_current_song_bank)
    00001C77 E0r00            [12] 5402 	ldh	(__current_bank + 0), a
    00001C79 EAr00r00         [16] 5403 	ld	(#_rROMB0),a
                                   5404 ;main.c:1294: hUGE_dosound();
    00001C7C C5               [16] 5405 	push	bc
    00001C7D CDr00r00         [24] 5406 	call	_hUGE_dosound
    00001C80 C1               [12] 5407 	pop	bc
                                   5408 ;main.c:1295: SWITCH_ROM(bank_precedente);
    00001C81 79               [ 4] 5409 	ld	a, c
    00001C82 E0r00            [12] 5410 	ldh	(__current_bank + 0), a
    00001C84 21r00r00         [12] 5411 	ld	hl, #_rROMB0
    00001C87 71               [ 8] 5412 	ld	(hl), c
                                   5413 ;main.c:1296: }
    00001C88 C9               [16] 5414 	ret
                                   5415 ;main.c:1298: void return_to_camp() {
                                   5416 ;	---------------------------------
                                   5417 ; Function return_to_camp
                                   5418 ; ---------------------------------
    00001C89                       5419 _return_to_camp::
                                   5420 ;main.c:1299: menu_opened = 0;
    00001C89 AF               [ 4] 5421 	xor	a, a
    00001C8A EAr2Ar00         [16] 5422 	ld	(#_menu_opened),a
                                   5423 ;main.c:1300: current_song_bank = 3;
    00001C8D 21r36r00         [12] 5424 	ld	hl, #_current_song_bank
    00001C90 36 03            [12] 5425 	ld	(hl), #0x03
                                   5426 ;main.c:1301: SWITCH_ROM(current_song_bank);
    00001C92 3E 03            [ 8] 5427 	ld	a, #0x03
    00001C94 E0r00            [12] 5428 	ldh	(__current_bank + 0), a
    00001C96 21r00r00         [12] 5429 	ld	hl, #_rROMB0
    00001C99 36 03            [12] 5430 	ld	(hl), #0x03
                                   5431 ;main.c:1302: hUGE_init(&gameover_jingle);
    00001C9B 11r00r00         [12] 5432 	ld	de, #_gameover_jingle
    00001C9E CDr00r00         [24] 5433 	call	_hUGE_init
                                   5434 ;main.c:1303: SWITCH_ROM(1);
    00001CA1 3E 01            [ 8] 5435 	ld	a, #0x01
    00001CA3 E0r00            [12] 5436 	ldh	(__current_bank + 0), a
    00001CA5 21r00r00         [12] 5437 	ld	hl, #_rROMB0
    00001CA8 36 01            [12] 5438 	ld	(hl), #0x01
                                   5439 ;main.c:1304: game_over();
    00001CAA 1Er00            [ 8] 5440 	ld	e, #b_game_over
    00001CAC 21r00r00         [12] 5441 	ld	hl, #_game_over
    00001CAF CDr00r00         [24] 5442 	call	___sdcc_bcall_ehl
                                   5443 ;c:\users\utente\desktop\tirocinio\gbdk-win64\gbdk\include\gb\gb.h:1739: WX_REG=x, WY_REG=y;
    00001CB2 3E 07            [ 8] 5444 	ld	a, #0x07
    00001CB4 E0r00            [12] 5445 	ldh	(_WX_REG + 0), a
    00001CB6 3E 88            [ 8] 5446 	ld	a, #0x88
    00001CB8 E0r00            [12] 5447 	ldh	(_WY_REG + 0), a
                                   5448 ;main.c:1306: set_mini_menu();
    00001CBA 1Er00            [ 8] 5449 	ld	e, #b_set_mini_menu
    00001CBC 21r00r00         [12] 5450 	ld	hl, #_set_mini_menu
    00001CBF CDr00r00         [24] 5451 	call	___sdcc_bcall_ehl
                                   5452 ;main.c:1307: set_camp_map();
    00001CC2 CDr32r0E         [24] 5453 	call	_set_camp_map
                                   5454 ;main.c:1308: x = 120;
    00001CC5 21r03r00         [12] 5455 	ld	hl, #_x
    00001CC8 36 78            [12] 5456 	ld	(hl), #0x78
                                   5457 ;main.c:1309: y = 112;
    00001CCA 21r04r00         [12] 5458 	ld	hl, #_y
    00001CCD 36 70            [12] 5459 	ld	(hl), #0x70
                                   5460 ;main.c:1310: move_character();
    00001CCF CDrC3r03         [24] 5461 	call	_move_character
                                   5462 ;main.c:1311: delay(100);
    00001CD2 11 64 00         [12] 5463 	ld	de, #0x0064
    00001CD5 CDr00r00         [24] 5464 	call	_delay
                                   5465 ;main.c:1312: SHOW_WIN;
    00001CD8 F0r00            [12] 5466 	ldh	a, (_LCDC_REG + 0)
    00001CDA F6 20            [ 8] 5467 	or	a, #0x20
    00001CDC E0r00            [12] 5468 	ldh	(_LCDC_REG + 0), a
                                   5469 ;main.c:1313: DISPLAY_ON;
    00001CDE F0r00            [12] 5470 	ldh	a, (_LCDC_REG + 0)
    00001CE0 F6 80            [ 8] 5471 	or	a, #0x80
    00001CE2 E0r00            [12] 5472 	ldh	(_LCDC_REG + 0), a
                                   5473 ;main.c:1314: return;
                                   5474 ;main.c:1315: }
    00001CE4 C9               [16] 5475 	ret
                                   5476 ;main.c:1317: void set_tutorial() {
                                   5477 ;	---------------------------------
                                   5478 ; Function set_tutorial
                                   5479 ; ---------------------------------
    00001CE5                       5480 _set_tutorial::
                                   5481 ;c:\users\utente\desktop\tirocinio\gbdk-win64\gbdk\include\gb\gb.h:1739: WX_REG=x, WY_REG=y;
    00001CE5 3E 07            [ 8] 5482 	ld	a, #0x07
    00001CE7 E0r00            [12] 5483 	ldh	(_WX_REG + 0), a
    00001CE9 AF               [ 4] 5484 	xor	a, a
    00001CEA E0r00            [12] 5485 	ldh	(_WY_REG + 0), a
                                   5486 ;c:\users\utente\desktop\tirocinio\gbdk-win64\gbdk\include\gb\gb.h:1973: OAM_item_t * itm = &shadow_OAM[nb];
    00001CEC 21r10r00         [12] 5487 	ld	hl, #(_shadow_OAM + 16)
                                   5488 ;c:\users\utente\desktop\tirocinio\gbdk-win64\gbdk\include\gb\gb.h:1974: itm->y=y, itm->x=x;
    00001CEF AF               [ 4] 5489 	xor	a, a
    00001CF0 22               [ 8] 5490 	ld	(hl+), a
    00001CF1 77               [ 8] 5491 	ld	(hl), a
                                   5492 ;c:\users\utente\desktop\tirocinio\gbdk-win64\gbdk\include\gb\gb.h:1973: OAM_item_t * itm = &shadow_OAM[nb];
    00001CF2 21r20r00         [12] 5493 	ld	hl, #(_shadow_OAM + 32)
                                   5494 ;c:\users\utente\desktop\tirocinio\gbdk-win64\gbdk\include\gb\gb.h:1974: itm->y=y, itm->x=x;
    00001CF5 3E 28            [ 8] 5495 	ld	a, #0x28
    00001CF7 22               [ 8] 5496 	ld	(hl+), a
    00001CF8 36 18            [12] 5497 	ld	(hl), #0x18
                                   5498 ;c:\users\utente\desktop\tirocinio\gbdk-win64\gbdk\include\gb\gb.h:1973: OAM_item_t * itm = &shadow_OAM[nb];
    00001CFA 21r24r00         [12] 5499 	ld	hl, #(_shadow_OAM + 36)
                                   5500 ;c:\users\utente\desktop\tirocinio\gbdk-win64\gbdk\include\gb\gb.h:1974: itm->y=y, itm->x=x;
    00001CFD 3E 28            [ 8] 5501 	ld	a, #0x28
    00001CFF 22               [ 8] 5502 	ld	(hl+), a
    00001D00 36 20            [12] 5503 	ld	(hl), #0x20
                                   5504 ;c:\users\utente\desktop\tirocinio\gbdk-win64\gbdk\include\gb\gb.h:1973: OAM_item_t * itm = &shadow_OAM[nb];
    00001D02 21r28r00         [12] 5505 	ld	hl, #(_shadow_OAM + 40)
                                   5506 ;c:\users\utente\desktop\tirocinio\gbdk-win64\gbdk\include\gb\gb.h:1974: itm->y=y, itm->x=x;
    00001D05 3E 30            [ 8] 5507 	ld	a, #0x30
    00001D07 22               [ 8] 5508 	ld	(hl+), a
    00001D08 36 18            [12] 5509 	ld	(hl), #0x18
                                   5510 ;c:\users\utente\desktop\tirocinio\gbdk-win64\gbdk\include\gb\gb.h:1973: OAM_item_t * itm = &shadow_OAM[nb];
    00001D0A 21r2Cr00         [12] 5511 	ld	hl, #(_shadow_OAM + 44)
                                   5512 ;c:\users\utente\desktop\tirocinio\gbdk-win64\gbdk\include\gb\gb.h:1974: itm->y=y, itm->x=x;
    00001D0D 3E 30            [ 8] 5513 	ld	a, #0x30
    00001D0F 22               [ 8] 5514 	ld	(hl+), a
    00001D10 36 20            [12] 5515 	ld	(hl), #0x20
                                   5516 ;c:\users\utente\desktop\tirocinio\gbdk-win64\gbdk\include\gb\gb.h:1973: OAM_item_t * itm = &shadow_OAM[nb];
    00001D12 21r30r00         [12] 5517 	ld	hl, #(_shadow_OAM + 48)
                                   5518 ;c:\users\utente\desktop\tirocinio\gbdk-win64\gbdk\include\gb\gb.h:1974: itm->y=y, itm->x=x;
    00001D15 3E 50            [ 8] 5519 	ld	a, #0x50
    00001D17 22               [ 8] 5520 	ld	(hl+), a
    00001D18 36 18            [12] 5521 	ld	(hl), #0x18
                                   5522 ;c:\users\utente\desktop\tirocinio\gbdk-win64\gbdk\include\gb\gb.h:1973: OAM_item_t * itm = &shadow_OAM[nb];
    00001D1A 21r34r00         [12] 5523 	ld	hl, #(_shadow_OAM + 52)
                                   5524 ;c:\users\utente\desktop\tirocinio\gbdk-win64\gbdk\include\gb\gb.h:1974: itm->y=y, itm->x=x;
    00001D1D 3E 50            [ 8] 5525 	ld	a, #0x50
    00001D1F 22               [ 8] 5526 	ld	(hl+), a
    00001D20 36 20            [12] 5527 	ld	(hl), #0x20
                                   5528 ;c:\users\utente\desktop\tirocinio\gbdk-win64\gbdk\include\gb\gb.h:1973: OAM_item_t * itm = &shadow_OAM[nb];
    00001D22 21r38r00         [12] 5529 	ld	hl, #(_shadow_OAM + 56)
                                   5530 ;c:\users\utente\desktop\tirocinio\gbdk-win64\gbdk\include\gb\gb.h:1974: itm->y=y, itm->x=x;
    00001D25 3E 58            [ 8] 5531 	ld	a, #0x58
    00001D27 22               [ 8] 5532 	ld	(hl+), a
    00001D28 36 18            [12] 5533 	ld	(hl), #0x18
                                   5534 ;c:\users\utente\desktop\tirocinio\gbdk-win64\gbdk\include\gb\gb.h:1973: OAM_item_t * itm = &shadow_OAM[nb];
    00001D2A 21r3Cr00         [12] 5535 	ld	hl, #(_shadow_OAM + 60)
                                   5536 ;c:\users\utente\desktop\tirocinio\gbdk-win64\gbdk\include\gb\gb.h:1974: itm->y=y, itm->x=x;
    00001D2D 3E 58            [ 8] 5537 	ld	a, #0x58
    00001D2F 22               [ 8] 5538 	ld	(hl+), a
    00001D30 36 20            [12] 5539 	ld	(hl), #0x20
                                   5540 ;main.c:1328: SWITCH_ROM(3);
    00001D32 3E 03            [ 8] 5541 	ld	a, #0x03
    00001D34 E0r00            [12] 5542 	ldh	(__current_bank + 0), a
    00001D36 21r00r00         [12] 5543 	ld	hl, #_rROMB0
    00001D39 36 03            [12] 5544 	ld	(hl), #0x03
                                   5545 ;main.c:1329: set_win_tiles(0, 0, 20, 18, TutorialMap);
    00001D3B 11r00r00         [12] 5546 	ld	de, #_TutorialMap
    00001D3E D5               [16] 5547 	push	de
    00001D3F 21 14 12         [12] 5548 	ld	hl, #0x1214
    00001D42 E5               [16] 5549 	push	hl
    00001D43 AF               [ 4] 5550 	xor	a, a
    00001D44 0F               [ 4] 5551 	rrca
    00001D45 F5               [16] 5552 	push	af
    00001D46 CDr00r00         [24] 5553 	call	_set_win_tiles
    00001D49 E8 06            [16] 5554 	add	sp, #6
                                   5555 ;main.c:1330: SHOW_SPRITES;
    00001D4B F0r00            [12] 5556 	ldh	a, (_LCDC_REG + 0)
    00001D4D F6 02            [ 8] 5557 	or	a, #0x02
    00001D4F E0r00            [12] 5558 	ldh	(_LCDC_REG + 0), a
                                   5559 ;main.c:1331: SHOW_WIN;
    00001D51 F0r00            [12] 5560 	ldh	a, (_LCDC_REG + 0)
    00001D53 F6 20            [ 8] 5561 	or	a, #0x20
    00001D55 E0r00            [12] 5562 	ldh	(_LCDC_REG + 0), a
                                   5563 ;main.c:1332: while (1) {
    00001D57                       5564 00104$:
                                   5565 ;main.c:1333: if (joypad() & J_A) {
    00001D57 CDr00r00         [24] 5566 	call	_joypad
    00001D5A CB 67            [ 8] 5567 	bit	4, a
    00001D5C 28 F9            [12] 5568 	jr	Z, 00104$
                                   5569 ;c:\users\utente\desktop\tirocinio\gbdk-win64\gbdk\include\gb\gb.h:1973: OAM_item_t * itm = &shadow_OAM[nb];
    00001D5E 21r20r00         [12] 5570 	ld	hl, #(_shadow_OAM + 32)
                                   5571 ;c:\users\utente\desktop\tirocinio\gbdk-win64\gbdk\include\gb\gb.h:1974: itm->y=y, itm->x=x;
    00001D61 3E 40            [ 8] 5572 	ld	a, #0x40
    00001D63 22               [ 8] 5573 	ld	(hl+), a
    00001D64 36 28            [12] 5574 	ld	(hl), #0x28
                                   5575 ;c:\users\utente\desktop\tirocinio\gbdk-win64\gbdk\include\gb\gb.h:1973: OAM_item_t * itm = &shadow_OAM[nb];
    00001D66 21r24r00         [12] 5576 	ld	hl, #(_shadow_OAM + 36)
                                   5577 ;c:\users\utente\desktop\tirocinio\gbdk-win64\gbdk\include\gb\gb.h:1974: itm->y=y, itm->x=x;
    00001D69 3E 40            [ 8] 5578 	ld	a, #0x40
    00001D6B 22               [ 8] 5579 	ld	(hl+), a
    00001D6C 36 30            [12] 5580 	ld	(hl), #0x30
                                   5581 ;c:\users\utente\desktop\tirocinio\gbdk-win64\gbdk\include\gb\gb.h:1973: OAM_item_t * itm = &shadow_OAM[nb];
    00001D6E 21r28r00         [12] 5582 	ld	hl, #(_shadow_OAM + 40)
                                   5583 ;c:\users\utente\desktop\tirocinio\gbdk-win64\gbdk\include\gb\gb.h:1974: itm->y=y, itm->x=x;
    00001D71 3E 48            [ 8] 5584 	ld	a, #0x48
    00001D73 22               [ 8] 5585 	ld	(hl+), a
    00001D74 36 28            [12] 5586 	ld	(hl), #0x28
                                   5587 ;c:\users\utente\desktop\tirocinio\gbdk-win64\gbdk\include\gb\gb.h:1973: OAM_item_t * itm = &shadow_OAM[nb];
    00001D76 21r2Cr00         [12] 5588 	ld	hl, #(_shadow_OAM + 44)
                                   5589 ;c:\users\utente\desktop\tirocinio\gbdk-win64\gbdk\include\gb\gb.h:1974: itm->y=y, itm->x=x;
    00001D79 3E 48            [ 8] 5590 	ld	a, #0x48
    00001D7B 22               [ 8] 5591 	ld	(hl+), a
    00001D7C 36 30            [12] 5592 	ld	(hl), #0x30
                                   5593 ;c:\users\utente\desktop\tirocinio\gbdk-win64\gbdk\include\gb\gb.h:1973: OAM_item_t * itm = &shadow_OAM[nb];
    00001D7E 21r30r00         [12] 5594 	ld	hl, #(_shadow_OAM + 48)
                                   5595 ;c:\users\utente\desktop\tirocinio\gbdk-win64\gbdk\include\gb\gb.h:1974: itm->y=y, itm->x=x;
    00001D81 3E 40            [ 8] 5596 	ld	a, #0x40
    00001D83 22               [ 8] 5597 	ld	(hl+), a
    00001D84 36 78            [12] 5598 	ld	(hl), #0x78
                                   5599 ;c:\users\utente\desktop\tirocinio\gbdk-win64\gbdk\include\gb\gb.h:1973: OAM_item_t * itm = &shadow_OAM[nb];
    00001D86 21r34r00         [12] 5600 	ld	hl, #(_shadow_OAM + 52)
                                   5601 ;c:\users\utente\desktop\tirocinio\gbdk-win64\gbdk\include\gb\gb.h:1974: itm->y=y, itm->x=x;
    00001D89 3E 40            [ 8] 5602 	ld	a, #0x40
    00001D8B 22               [ 8] 5603 	ld	(hl+), a
    00001D8C 36 80            [12] 5604 	ld	(hl), #0x80
                                   5605 ;c:\users\utente\desktop\tirocinio\gbdk-win64\gbdk\include\gb\gb.h:1973: OAM_item_t * itm = &shadow_OAM[nb];
    00001D8E 21r38r00         [12] 5606 	ld	hl, #(_shadow_OAM + 56)
                                   5607 ;c:\users\utente\desktop\tirocinio\gbdk-win64\gbdk\include\gb\gb.h:1974: itm->y=y, itm->x=x;
    00001D91 3E 48            [ 8] 5608 	ld	a, #0x48
    00001D93 22               [ 8] 5609 	ld	(hl+), a
    00001D94 36 78            [12] 5610 	ld	(hl), #0x78
                                   5611 ;c:\users\utente\desktop\tirocinio\gbdk-win64\gbdk\include\gb\gb.h:1973: OAM_item_t * itm = &shadow_OAM[nb];
    00001D96 21r3Cr00         [12] 5612 	ld	hl, #(_shadow_OAM + 60)
                                   5613 ;c:\users\utente\desktop\tirocinio\gbdk-win64\gbdk\include\gb\gb.h:1974: itm->y=y, itm->x=x;
    00001D99 3E 48            [ 8] 5614 	ld	a, #0x48
    00001D9B 22               [ 8] 5615 	ld	(hl+), a
    00001D9C 36 80            [12] 5616 	ld	(hl), #0x80
                                   5617 ;main.c:1342: return;
                                   5618 ;main.c:1345: }
    00001D9E C9               [16] 5619 	ret
                                   5620 ;main.c:1347: void debug_value(uint8_t value) {
                                   5621 ;	---------------------------------
                                   5622 ; Function debug_value
                                   5623 ; ---------------------------------
    00001D9F                       5624 _debug_value::
    00001D9F EAr00r00         [16] 5625 	ld	(#_debug),a
                                   5626 ;main.c:1348: debug = value;
                                   5627 ;main.c:1349: }
    00001DA2 C9               [16] 5628 	ret
                                   5629 	.area _CODE
                                   5630 	.area _INITIALIZER
    00000000                       5631 __xinit__debug:
    00000000 00                    5632 	.db #0x00	; 0
    00000001                       5633 __xinit__tile_id:
    00000001 00 00                 5634 	.dw #0x0000
    00000003                       5635 __xinit__x:
    00000003 78                    5636 	.db #0x78	; 120	'x'
    00000004                       5637 __xinit__y:
    00000004 70                    5638 	.db #0x70	; 112	'p'
    00000005                       5639 __xinit__last_direction:
    00000005 01                    5640 	.db #0x01	; 1
    00000006                       5641 __xinit__frames:
    00000006 00                    5642 	.db #0x00	; 0
    00000007                       5643 __xinit__seconds:
    00000007 00                    5644 	.db #0x00	; 0
    00000008                       5645 __xinit__minutes:
    00000008 00                    5646 	.db #0x00	; 0
    00000009                       5647 __xinit__hours:
    00000009 00                    5648 	.db #0x00	; 0
    0000000A                       5649 __xinit__enemies_defeated:
    0000000A 00                    5650 	.db #0x00	; 0
    0000000B                       5651 __xinit__max_floor:
    0000000B 00                    5652 	.db #0x00	; 0
    0000000C                       5653 __xinit__power_ups:
    0000000C 00                    5654 	.db #0x00	; 0
    0000000D                       5655 __xinit__last_joypad:
    0000000D 00                    5656 	.db #0x00	; 0
    0000000E                       5657 __xinit__current_joypad:
    0000000E 00                    5658 	.db #0x00	; 0
    0000000F                       5659 __xinit__player_name:
    0000000F A4                    5660 	.db #0xa4	; 164
    00000010 A4                    5661 	.db #0xa4	; 164
    00000011 A4                    5662 	.db #0xa4	; 164
    00000012 A4                    5663 	.db #0xa4	; 164
    00000013 A4                    5664 	.db #0xa4	; 164
    00000014                       5665 __xinit__max_hp:
    00000014 17                    5666 	.db #0x17	; 23
    00000015                       5667 __xinit__current_hp:
    00000015 17                    5668 	.db #0x17	; 23
    00000016                       5669 __xinit__attack:
    00000016 05                    5670 	.db #0x05	; 5
    00000017                       5671 __xinit__defense:
    00000017 03                    5672 	.db #0x03	; 3
    00000018                       5673 __xinit__level:
    00000018 01                    5674 	.db #0x01	; 1
    00000019                       5675 __xinit__experience:
    00000019 00 00                 5676 	.dw #0x0000
    0000001B                       5677 __xinit__sword_lvl:
    0000001B 01                    5678 	.db #0x01	; 1
    0000001C                       5679 __xinit__shield_lvl:
    0000001C 01                    5680 	.db #0x01	; 1
    0000001D                       5681 __xinit__arrow_lvl:
    0000001D 01                    5682 	.db #0x01	; 1
    0000001E                       5683 __xinit__quiver_lvl:
    0000001E 01                    5684 	.db #0x01	; 1
    0000001F                       5685 __xinit__potion_quant_lvl:
    0000001F 01                    5686 	.db #0x01	; 1
    00000020                       5687 __xinit__potion_heal_lvl:
    00000020 01                    5688 	.db #0x01	; 1
    00000021                       5689 __xinit__max_heals:
    00000021 05                    5690 	.db #0x05	; 5
    00000022                       5691 __xinit__heals:
    00000022 05                    5692 	.db #0x05	; 5
    00000023                       5693 __xinit__heal_quantity:
    00000023 0A                    5694 	.db #0x0a	; 10
    00000024                       5695 __xinit__arrow_damage:
    00000024 03                    5696 	.db #0x03	; 3
    00000025                       5697 __xinit__num_arrows:
    00000025 0A                    5698 	.db #0x0a	; 10
    00000026                       5699 __xinit__max_num_arrows:
    00000026 0A                    5700 	.db #0x0a	; 10
    00000027                       5701 __xinit__minerals:
    00000027 00                    5702 	.db #0x00	; 0
    00000028                       5703 __xinit__obt_mythril:
    00000028 00                    5704 	.db #0x00	; 0
    00000029                       5705 __xinit__obt_exp:
    00000029 00                    5706 	.db #0x00	; 0
    0000002A                       5707 __xinit__menu_opened:
    0000002A 00                    5708 	.db #0x00	; 0
    0000002B                       5709 __xinit__current_location:
    0000002B 00                    5710 	.db #0x00	; 0
    0000002C                       5711 __xinit__current_floor:
    0000002C 01                    5712 	.db #0x01	; 1
    0000002D                       5713 __xinit__hector_option:
    0000002D 01                    5714 	.db #0x01	; 1
    0000002E                       5715 __xinit__safy_option:
    0000002E 01                    5716 	.db #0x01	; 1
    0000002F                       5717 __xinit__map_option:
    0000002F 00                    5718 	.db #0x00	; 0
    00000030                       5719 __xinit__key_obtained:
    00000030 00                    5720 	.db #0x00	; 0
    00000031                       5721 __xinit__treasure_obtained:
    00000031 00                    5722 	.db #0x00	; 0
    00000032                       5723 __xinit__lock_opened:
    00000032 00                    5724 	.db #0x00	; 0
    00000033                       5725 __xinit__boss_battle:
    00000033 00                    5726 	.db #0x00	; 0
    00000034                       5727 __xinit__boss_floor_defeated:
    00000034 00                    5728 	.db #0x00	; 0
    00000035                       5729 __xinit__returning_to_camp:
    00000035 00                    5730 	.db #0x00	; 0
    00000036                       5731 __xinit__current_song_bank:
    00000036 03                    5732 	.db #0x03	; 3
    00000037                       5733 __xinit__ng:
    00000037 00                    5734 	.db #0x00	; 0
    00000038                       5735 __xinit__walk_step:
    00000038 00                    5736 	.db #0x00	; 0
                                   5737 	.area _CABS (ABS)
